regiao,uf,municipio,bioma,pontos,lon_min,lat_min,lon_max,lat_max
,,,,3,-49.8600,-29.5200,-40.1400,-19.9800
,,,Amazônia,5,-50.5800,-0.9000,-48.4200,2.1600
Centro-oeste,DF,Brasília,Cerrado,68,-48.2180,-15.9900,-47.3728,-15.5409
Centro-oeste,GO,Abadiânia,Cerrado,2,-48.7800,-16.2000,-48.6000,-16.2000
Centro-oeste,GO,Acreúna,Cerrado,2,-50.4000,-17.4600,-50.2200,-17.4600
Centro-oeste,GO,Adelândia,Cerrado,1,-50.2200,-16.3800,-50.2200,-16.3800
Centro-oeste,GO,Alexânia,Cerrado,3,-48.6000,-16.2000,-48.4200,-16.0200
Centro-oeste,GO,Alto Horizonte,Cerrado,2,-49.5000,-14.2200,-49.3200,-14.2200
Centro-oeste,GO,Alto Paraíso de Goiás,Cerrado,10,-47.8800,-14.4000,-47.1600,-14.0400
Centro-oeste,GO,Alvorada do Norte,Cerrado,4,-46.8000,-14.7600,-46.4400,-14.4000
Centro-oeste,GO,Amaralina,Cerrado,2,-49.8600,-13.8600,-49.5000,-13.8600
Centro-oeste,GO,Amorinópolis,Cerrado,1,-51.1200,-16.5600,-51.1200,-16.5600
Centro-oeste,GO,Anicuns,Cerrado,2,-50.0400,-16.3800,-49.8600,-16.3800
Centro-oeste,GO,Anápolis,Cerrado,4,-49.1400,-16.3800,-48.7800,-16.2000
Centro-oeste,GO,Aparecida do Rio Doce,Cerrado,1,-51.3000,-18.1800,-51.3000,-18.1800
Centro-oeste,GO,Aporé,Cerrado,7,-52.3800,-18.9000,-51.8400,-18.5400
Centro-oeste,GO,Aragarças,Cerrado,1,-52.2000,-16.0200,-52.2000,-16.0200
Centro-oeste,GO,Araguapaz,Cerrado,4,-50.5800,-15.3000,-50.2200,-15.1200
Centro-oeste,GO,Araçu,Cerrado,1,-49.6800,-16.3800,-49.6800,-16.3800
Centro-oeste,GO,Arenópolis,Cerrado,2,-51.6600,-16.3800,-51.4800,-16.2000
Centro-oeste,GO,Aruanã,Cerrado,8,-51.1200,-15.3000,-50.7600,-14.4000
Centro-oeste,GO,Aurilândia,Cerrado,2,-50.5800,-16.7400,-50.5800,-16.5600
Centro-oeste,GO,Baliza,Cerrado,3,-52.5600,-16.3800,-52.3800,-16.2000
Centro-oeste,GO,Barro Alto,Cerrado,3,-48.9600,-15.1200,-48.7800,-14.7600
Centro-oeste,GO,Bela Vista de Goiás,Cerrado,2,-48.9600,-17.1000,-48.7800,-16.9200
Centro-oeste,GO,Bom Jardim de Goiás,Cerrado,5,-52.2000,-16.3800,-51.8400,-16.0200
Centro-oeste,GO,Bom Jesus de Goiás,Cerrado,4,-50.0400,-18.3600,-49.6800,-18.1800
Centro-oeste,GO,Bonópolis,Cerrado,4,-50.0400,-13.6800,-49.6800,-13.5000
Centro-oeste,GO,Britânia,Cerrado,2,-51.3000,-15.3000,-51.1200,-15.1200
Centro-oeste,GO,Buriti Alegre,Cerrado,1,-49.1400,-18.0000,-49.1400,-18.0000
Centro-oeste,GO,Buriti Alegre,Mata Atlântica,2,-48.9600,-18.1800,-48.9600,-18.0000
Centro-oeste,GO,Buriti de Goiás,Cerrado,1,-50.4000,-16.2000,-50.4000,-16.2000
Centro-oeste,GO,Buritinópolis,Cerrado,1,-46.2600,-14.4000,-46.2600,-14.4000
Centro-oeste,GO,Cabeceiras,Cerrado,2,-46.9800,-15.8400,-46.9800,-15.6600
Centro-oeste,GO,Cachoeira Alta,Cerrado,4,-51.1200,-18.7200,-50.9400,-18.3600
Centro-oeste,GO,Cachoeira Dourada,Cerrado,1,-49.6800,-18.5400,-49.6800,-18.5400
Centro-oeste,GO,Cachoeira de Goiás,Cerrado,1,-50.7600,-16.7400,-50.7600,-16.7400
Centro-oeste,GO,Caiapônia,Cerrado,25,-52.3800,-17.4600,-51.1200,-16.5600
Centro-oeste,GO,Caldas Novas,Cerrado,4,-48.7800,-18.0000,-48.6000,-17.6400
Centro-oeste,GO,Caldazinha,Cerrado,1,-48.9600,-16.7400,-48.9600,-16.7400
Centro-oeste,GO,Campestre de Goiás,Cerrado,1,-49.6800,-16.7400,-49.6800,-16.7400
Centro-oeste,GO,Campinaçu,Cerrado,4,-48.6000,-14.0400,-48.4200,-13.6800
Centro-oeste,GO,Campinorte,Cerrado,4,-49.1400,-14.2200,-48.7800,-13.8600
Centro-oeste,GO,Campo Alegre de Goiás,Cerrado,7,-47.8800,-17.8200,-47.7000,-17.2800
Centro-oeste,GO,Campos Belos,Cerrado,1,-46.4400,-12.9600,-46.4400,-12.9600
Centro-oeste,GO,Campos Verdes,Cerrado,1,-49.6800,-14.2200,-49.6800,-14.2200
Centro-oeste,GO,Carmo do Rio Verde,Cerrado,1,-49.8600,-15.4800,-49.8600,-15.4800
Centro-oeste,GO,Catalão,Cerrado,10,-48.0600,-18.3600,-47.3400,-17.4600
Centro-oeste,GO,Cavalcante,Cerrado,49,-48.0600,-14.0569,-47.3400,-13.3200
Centro-oeste,GO,Caçu,Cerrado,6,-51.4800,-19.0800,-50.7600,-18.3600
Centro-oeste,GO,Ceres,Cerrado,1,-49.6800,-15.3000,-49.6800,-15.3000
Centro-oeste,GO,Chapadão do Céu,Cerrado,6,-52.7400,-18.5400,-52.3800,-18.1800
Centro-oeste,GO,Cocalzinho de Goiás,Cerrado,5,-48.7800,-15.8400,-48.4200,-15.4800
Centro-oeste,GO,Colinas do Sul,Cerrado,2,-48.0600,-14.0400,-48.0600,-13.8600
Centro-oeste,GO,Corumbaíba,Cerrado,2,-48.4200,-18.1800,-48.4200,-18.0000
Centro-oeste,GO,Corumbaíba,Mata Atlântica,1,-48.6000,-18.1800,-48.6000,-18.1800
Centro-oeste,GO,Corumbá de Goiás,Cerrado,3,-48.7800,-16.0200,-48.6000,-15.8400
Centro-oeste,GO,Cristalina,Cerrado,15,-47.8800,-17.2800,-47.3400,-16.2000
Centro-oeste,GO,Cristianópolis,Cerrado,1,-48.7800,-17.2800,-48.7800,-17.2800
Centro-oeste,GO,Crixás,Cerrado,14,-50.4000,-14.9400,-49.8600,-14.2200
Centro-oeste,GO,Cromínia,Cerrado,1,-49.3200,-17.2800,-49.3200,-17.2800
Centro-oeste,GO,Cumari,Cerrado,1,-48.0600,-18.3600,-48.0600,-18.3600
Centro-oeste,GO,Córrego do Ouro,Cerrado,1,-50.5800,-16.3800,-50.5800,-16.3800
Centro-oeste,GO,Damianópolis,Cerrado,1,-46.2600,-14.5800,-46.2600,-14.5800
Centro-oeste,GO,Davinópolis,Cerrado,1,-47.5200,-18.1800,-47.5200,-18.1800
Centro-oeste,GO,Diorama,Cerrado,2,-51.4800,-16.2000,-51.3000,-16.2000
Centro-oeste,GO,Divinópolis de Goiás,Cerrado,3,-46.6200,-13.3200,-46.4400,-13.1400
Centro-oeste,GO,Doverlândia,Cerrado,8,-52.7400,-16.9200,-52.2000,-16.5600
Centro-oeste,GO,Edealina,Cerrado,2,-49.6800,-17.4600,-49.6800,-17.2800
Centro-oeste,GO,Edéia,Cerrado,4,-50.0400,-17.6400,-49.8600,-17.2800
Centro-oeste,GO,Estrela do Norte,Cerrado,1,-49.1400,-13.8600,-49.1400,-13.8600
Centro-oeste,GO,Faina,Cerrado,4,-50.5800,-15.4800,-50.2200,-15.3000
Centro-oeste,GO,Fazenda Nova,Cerrado,2,-51.1200,-16.2000,-50.7600,-16.0200
Centro-oeste,GO,Flores de Goiás,Cerrado,9,-47.1600,-14.9400,-46.6200,-14.2200
Centro-oeste,GO,Formosa,Cerrado,15,-47.5200,-15.8400,-46.9800,-14.5800
Centro-oeste,GO,Formoso,Cerrado,3,-48.9600,-13.8600,-48.7800,-13.6800
Centro-oeste,GO,Gameleira de Goiás,Cerrado,1,-48.6000,-16.3800,-48.6000,-16.3800
Centro-oeste,GO,Goiandira,Cerrado,2,-48.2400,-18.1800,-48.0600,-18.1800
Centro-oeste,GO,Goianápolis,Cerrado,1,-49.1400,-16.5600,-49.1400,-16.5600
Centro-oeste,GO,Goianésia,Cerrado,2,-49.1400,-15.4800,-49.1400,-15.3000
Centro-oeste,GO,Goiatuba,Cerrado,6,-50.0400,-18.0000,-49.3200,-17.8200
Centro-oeste,GO,Goiás,Cerrado,10,-50.5800,-16.0200,-49.8600,-15.6600
Centro-oeste,GO,Goiânia,Cerrado,2,-49.3200,-16.7400,-49.3200,-16.5600
Centro-oeste,GO,Gouvelândia,Cerrado,2,-50.2200,-18.5400,-50.0400,-18.3600
Centro-oeste,GO,Gouvelândia,Mata Atlântica,1,-50.2200,-18.5400,-50.2200,-18.5400
Centro-oeste,GO,Guapó,Cerrado,2,-49.6800,-16.9200,-49.5000,-16.9200
Centro-oeste,GO,Guarani de Goiás,Cerrado,4,-46.6200,-14.0400,-46.2600,-13.8600
Centro-oeste,GO,Guaraíta,Cerrado,1,-50.0400,-15.6600,-50.0400,-15.6600
Centro-oeste,GO,Guarinos,Cerrado,2,-49.6800,-14.7600,-49.6800,-14.5800
Centro-oeste,GO,Hidrolina,Cerrado,2,-49.5000,-14.7600,-49.3200,-14.7600
Centro-oeste,GO,Hidrolândia,Cerrado,4,-49.3200,-17.1000,-49.1400,-16.9200
Centro-oeste,GO,Iaciara,Cerrado,5,-46.8000,-14.2200,-46.4400,-13.8600
Centro-oeste,GO,Inaciolândia,Cerrado,1,-49.8600,-18.5400,-49.8600,-18.5400
Centro-oeste,GO,Indiara,Cerrado,3,-50.0400,-17.2800,-49.8600,-17.1000
Centro-oeste,GO,Inhumas,Cerrado,2,-49.5000,-16.3800,-49.5000,-16.2000
Centro-oeste,GO,Ipameri,Cerrado,10,-48.4200,-17.8200,-47.7000,-16.9200
Centro-oeste,GO,Iporá,Cerrado,2,-51.3000,-16.3800,-51.1200,-16.3800
Centro-oeste,GO,Israelândia,Cerrado,2,-50.9400,-16.3800,-50.7600,-16.3800
Centro-oeste,GO,Itaberaí,Cerrado,3,-49.8600,-16.2000,-49.6800,-16.0200
Centro-oeste,GO,Itaguaru,Cerrado,1,-49.6800,-15.8400,-49.6800,-15.8400
Centro-oeste,GO,Itajá,Cerrado,7,-51.6600,-19.4400,-50.9400,-18.9000
Centro-oeste,GO,Itapaci,Cerrado,2,-49.6800,-14.9400,-49.5000,-14.9400
Centro-oeste,GO,Itapirapuã,Cerrado,6,-50.9400,-16.0200,-50.5800,-15.4800
Centro-oeste,GO,Itapuranga,Cerrado,2,-50.0400,-15.6600,-49.8600,-15.4800
Centro-oeste,GO,Itarumã,Cerrado,8,-51.6600,-19.0800,-50.9400,-18.5400
Centro-oeste,GO,Itauçu,Cerrado,1,-49.6800,-16.2000,-49.6800,-16.2000
Centro-oeste,GO,Itumbiara,Cerrado,6,-49.8600,-18.5400,-49.1400,-18.1800
Centro-oeste,GO,Itumbiara,Mata Atlântica,1,-49.1400,-18.3600,-49.1400,-18.3600
Centro-oeste,GO,Ivolândia,Cerrado,3,-51.1200,-16.7400,-50.9400,-16.5600
Centro-oeste,GO,Jandaia,Cerrado,3,-50.2200,-17.2800,-50.2200,-16.9200
Centro-oeste,GO,Jaraguá,Cerrado,3,-49.5000,-15.8400,-49.3200,-15.6600
Centro-oeste,GO,Jataí,Cerrado,19,-52.2000,-18.3600,-51.3000,-17.4600
Centro-oeste,GO,Jaupaci,Cerrado,2,-51.1200,-16.2000,-50.9400,-16.2000
Centro-oeste,GO,Joviânia,Cerrado,2,-49.6800,-17.8200,-49.5000,-17.8200
Centro-oeste,GO,Jussara,Cerrado,11,-51.6600,-16.0200,-50.9400,-15.1200
Centro-oeste,GO,Lagoa Santa,Cerrado,1,-51.1200,-19.2600,-51.1200,-19.2600
Centro-oeste,GO,Leopoldo de Bulhões,Cerrado,1,-48.9600,-16.5600,-48.9600,-16.5600
Centro-oeste,GO,Luziânia,Cerrado,12,-48.2400,-16.9200,-47.7000,-16.2000
Centro-oeste,GO,Mairipotaba,Cerrado,2,-49.5000,-17.4600,-49.3200,-17.2800
Centro-oeste,GO,Mambaí,Cerrado,2,-46.0800,-14.5800,-46.0800,-14.4000
Centro-oeste,GO,Mara Rosa,Cerrado,3,-49.6800,-14.0400,-49.3200,-13.8600
Centro-oeste,GO,Matrinchã,Cerrado,3,-50.7600,-15.4800,-50.5800,-15.3000
Centro-oeste,GO,Mimoso de Goiás,Cerrado,5,-48.6000,-15.1200,-48.0600,-14.9400
Centro-oeste,GO,Minaçu,Cerrado,6,-48.4200,-13.6800,-48.2400,-13.3200
Centro-oeste,GO,Mineiros,Cerrado,24,-53.1000,-18.5400,-52.3800,-17.1000
Centro-oeste,GO,Moiporá,Cerrado,1,-50.7600,-16.5600,-50.7600,-16.5600
Centro-oeste,GO,Monte Alegre de Goiás,Cerrado,9,-47.3400,-13.5000,-46.6200,-13.1400
Centro-oeste,GO,Montes Claros de Goiás,Cerrado,7,-51.8400,-16.0200,-51.3000,-15.6600
Centro-oeste,GO,Montividiu,Cerrado,3,-51.3000,-17.4600,-51.1200,-17.1000
Centro-oeste,GO,Montividiu do Norte,Cerrado,5,-48.7800,-13.3200,-48.6000,-12.9600
Centro-oeste,GO,Morrinhos,Cerrado,6,-49.3200,-17.8200,-48.9600,-17.6400
Centro-oeste,GO,Morro Agudo de Goiás,Cerrado,1,-50.0400,-15.3000,-50.0400,-15.3000
Centro-oeste,GO,Mossâmedes,Cerrado,2,-50.2200,-16.2000,-50.0400,-16.2000
Centro-oeste,GO,Mozarlândia,Cerrado,5,-50.7600,-14.9400,-50.4000,-14.7600
Centro-oeste,GO,Mundo Novo,Cerrado,4,-50.4000,-13.8600,-50.0400,-13.6800
Centro-oeste,GO,Mutunópolis,Cerrado,2,-49.3200,-13.8600,-49.1400,-13.6800
Centro-oeste,GO,Nazário,Cerrado,1,-49.8600,-16.5600,-49.8600,-16.5600
Centro-oeste,GO,Niquelândia,Cerrado,25,-48.9600,-14.9400,-47.8800,-14.0400
Centro-oeste,GO,Nova Aurora,Cerrado,1,-48.2400,-18.0000,-48.2400,-18.0000
Centro-oeste,GO,Nova Crixás,Cerrado,17,-50.7600,-14.5800,-50.4000,-13.6800
Centro-oeste,GO,Nova Glória,Cerrado,1,-49.5000,-15.1200,-49.5000,-15.1200
Centro-oeste,GO,Nova Iguaçu de Goiás,Cerrado,1,-49.3200,-14.4000,-49.3200,-14.4000
Centro-oeste,GO,Nova Roma,Cerrado,3,-47.1600,-14.0400,-46.9800,-13.6800
Centro-oeste,GO,Nova Veneza,Cerrado,1,-49.3200,-16.3800,-49.3200,-16.3800
Centro-oeste,GO,Novo Brasil,Cerrado,2,-50.7600,-16.2000,-50.5800,-16.0200
Centro-oeste,GO,Novo Planalto,Cerrado,2,-49.6800,-13.3200,-49.6800,-13.1400
Centro-oeste,GO,Orizona,Cerrado,4,-48.2400,-17.1000,-48.0600,-16.7400
Centro-oeste,GO,Ouvidor,Cerrado,1,-47.7000,-18.1800,-47.7000,-18.1800
Centro-oeste,GO,Padre Bernardo,Cerrado,7,-48.4200,-15.4800,-48.0600,-15.1200
Centro-oeste,GO,Palestina de Goiás,Cerrado,4,-51.4800,-16.7400,-51.3000,-16.5600
Centro-oeste,GO,Palmeiras de Goiás,Cerrado,4,-50.0400,-16.9200,-49.8600,-16.7400
Centro-oeste,GO,Palminópolis,Cerrado,1,-50.2200,-16.7400,-50.2200,-16.7400
Centro-oeste,GO,Panamá,Cerrado,2,-49.5000,-18.1800,-49.3200,-18.1800
Centro-oeste,GO,Paranaiguara,Cerrado,2,-50.7600,-18.9000,-50.7600,-18.7200
Centro-oeste,GO,Paranaiguara,Mata Atlântica,2,-50.5800,-18.9000,-50.5800,-18.7200
Centro-oeste,GO,Paraúna,Cerrado,8,-50.9400,-17.2800,-50.4000,-16.9200
Centro-oeste,GO,Perolândia,Cerrado,1,-52.2000,-17.4600,-52.2000,-17.4600
Centro-oeste,GO,Petrolina de Goiás,Cerrado,2,-49.3200,-16.2000,-49.3200,-16.0200
Centro-oeste,GO,Pilar de Goiás,Cerrado,1,-49.5000,-14.5800,-49.5000,-14.5800
Centro-oeste,GO,Piracanjuba,Cerrado,6,-49.1400,-17.4600,-48.7800,-17.1000
Centro-oeste,GO,Piranhas,Cerrado,5,-51.8400,-16.5600,-51.6600,-16.2000
Centro-oeste,GO,Pirenópolis,Cerrado,5,-49.1400,-16.0200,-48.9600,-15.6600
Centro-oeste,GO,Pires do Rio,Cerrado,3,-48.4200,-17.4600,-48.2400,-17.1000
Centro-oeste,GO,Planaltina,Cerrado,9,-47.8800,-15.4800,-47.5200,-15.1200
Centro-oeste,GO,Pontalina,Cerrado,3,-49.6800,-17.6400,-49.5000,-17.4600
Centro-oeste,GO,Porangatu,Cerrado,15,-49.6800,-13.6800,-48.9600,-12.9600
Centro-oeste,GO,Porteirão,Cerrado,1,-50.2200,-17.8200,-50.2200,-17.8200
Centro-oeste,GO,Portelândia,Cerrado,1,-52.7400,-17.2800,-52.7400,-17.2800
Centro-oeste,GO,Posse,Cerrado,4,-46.6200,-14.2200,-46.0800,-14.2200
Centro-oeste,GO,Quirinópolis,Cerrado,9,-50.9400,-18.5400,-50.2200,-18.1800
Centro-oeste,GO,Quirinópolis,Mata Atlântica,1,-50.4000,-18.7200,-50.4000,-18.7200
Centro-oeste,GO,Rialma,Cerrado,1,-49.5000,-15.3000,-49.5000,-15.3000
Centro-oeste,GO,Rianápolis,Cerrado,1,-49.5000,-15.4800,-49.5000,-15.4800
Centro-oeste,GO,Rio Quente,Cerrado,1,-48.7800,-17.8200,-48.7800,-17.8200
Centro-oeste,GO,Rio Verde,Cerrado,24,-51.6600,-18.1800,-50.4000,-17.1000
Centro-oeste,GO,Rubiataba,Cerrado,2,-49.8600,-15.3000,-49.8600,-15.1200
Centro-oeste,GO,Santa Bárbara de Goiás,Cerrado,1,-49.6800,-16.5600,-49.6800,-16.5600
Centro-oeste,GO,Santa Cruz de Goiás,Cerrado,3,-48.6000,-17.4600,-48.4200,-17.2800
Centro-oeste,GO,Santa Fé de Goiás,Cerrado,4,-51.3000,-15.8400,-51.1200,-15.4800
Centro-oeste,GO,Santa Helena de Goiás,Cerrado,1,-50.5800,-17.6400,-50.5800,-17.6400
Centro-oeste,GO,Santa Isabel,Cerrado,2,-49.3200,-15.4800,-49.3200,-15.1200
Centro-oeste,GO,Santa Rita do Araguaia,Cerrado,4,-53.1000,-17.6400,-52.9200,-16.9200
Centro-oeste,GO,Santa Rita do Novo Destino,Cerrado,3,-49.1400,-15.1200,-48.9600,-14.7600
Centro-oeste,GO,Santa Rosa de Goiás,Cerrado,1,-49.5000,-16.0200,-49.5000,-16.0200
Centro-oeste,GO,Santa Tereza de Goiás,Cerrado,1,-48.9600,-13.5000,-48.9600,-13.5000
Centro-oeste,GO,Santa Terezinha de Goiás,Cerrado,3,-49.8600,-14.4000,-49.5000,-14.0400
Centro-oeste,GO,Santo Antônio da Barra,Cerrado,1,-50.5800,-17.4600,-50.5800,-17.4600
Centro-oeste,GO,Santo Antônio do Descoberto,Cerrado,1,-48.2400,-16.2000,-48.2400,-16.2000
Centro-oeste,GO,Senador Canedo,Cerrado,1,-49.1400,-16.7400,-49.1400,-16.7400
Centro-oeste,GO,Serranópolis,Cerrado,14,-52.5600,-18.5400,-51.8400,-18.0000
Centro-oeste,GO,Silvânia,Cerrado,7,-48.7800,-16.9200,-48.4200,-16.3800
Centro-oeste,GO,Simolândia,Cerrado,2,-46.6200,-14.4000,-46.4400,-14.4000
Centro-oeste,GO,São Domingos,Cerrado,14,-46.8000,-13.6800,-46.1925,-13.3200
Centro-oeste,GO,São Francisco de Goiás,Cerrado,1,-49.3200,-15.8400,-49.3200,-15.8400
Centro-oeste,GO,São João d'Aliança,Cerrado,8,-47.7000,-14.7600,-47.1600,-14.2200
Centro-oeste,GO,São João da Paraúna,Cerrado,1,-50.4000,-16.7400,-50.4000,-16.7400
Centro-oeste,GO,São Luiz do Norte,Cerrado,2,-49.3200,-14.9400,-49.1400,-14.9400
Centro-oeste,GO,São Luís de Montes Belos,Cerrado,2,-50.4000,-16.5600,-50.4000,-16.3800
Centro-oeste,GO,São Miguel do Araguaia,Cerrado,17,-50.5800,-13.5000,-49.8600,-12.7800
Centro-oeste,GO,São Miguel do Passa Quatro,Cerrado,2,-48.7800,-17.1000,-48.6000,-16.9200
Centro-oeste,GO,São Simão,Mata Atlântica,1,-50.5800,-19.0800,-50.5800,-19.0800
Centro-oeste,GO,Sítio d'Abadia,Cerrado,2,-46.2600,-14.7600,-46.0800,-14.7600
Centro-oeste,GO,Teresina de Goiás,Cerrado,2,-47.1600,-13.6800,-47.1600,-13.5000
Centro-oeste,GO,Trindade,Cerrado,2,-49.5000,-16.7400,-49.5000,-16.5600
Centro-oeste,GO,Trombas,Cerrado,2,-48.7800,-13.5000,-48.6000,-13.5000
Centro-oeste,GO,Três Ranchos,Cerrado,1,-47.7000,-18.3600,-47.7000,-18.3600
Centro-oeste,GO,Turvelândia,Cerrado,4,-50.4000,-18.0000,-50.2200,-17.6400
Centro-oeste,GO,Turvânia,Cerrado,2,-50.2200,-16.5600,-50.0400,-16.5600
Centro-oeste,GO,Uirapuru,Cerrado,3,-50.0400,-14.2200,-49.8600,-14.0400
Centro-oeste,GO,Uruana,Cerrado,2,-49.6800,-15.6600,-49.6800,-15.4800
Centro-oeste,GO,Uruaçu,Cerrado,5,-49.3200,-14.5800,-48.7800,-14.0400
Centro-oeste,GO,Urutaí,Cerrado,1,-48.2400,-17.4600,-48.2400,-17.4600
Centro-oeste,GO,Varjão,Cerrado,2,-49.6800,-17.1000,-49.5000,-17.1000
Centro-oeste,GO,Vianópolis,Cerrado,2,-48.4200,-16.9200,-48.4200,-16.7400
Centro-oeste,GO,Vicentinópolis,Cerrado,2,-49.8600,-17.8200,-49.8600,-17.6400
Centro-oeste,GO,Vila Boa,Cerrado,4,-47.1600,-15.1200,-46.9800,-14.7600
Centro-oeste,GO,Vila Propício,Cerrado,7,-48.9600,-15.4800,-48.6000,-14.9400
Centro-oeste,GO,Água Fria de Goiás,Cerrado,4,-48.0600,-15.1200,-47.7000,-14.7600
Centro-oeste,GO,Água Limpa,Mata Atlântica,2,-48.7800,-18.1800,-48.7800,-18.0000
Centro-oeste,MS,Alcinópolis,Cerrado,12,-54.0000,-18.3600,-53.2800,-18.0000
Centro-oeste,MS,Amambai,Cerrado,3,-55.2600,-23.4000,-54.7200,-23.0400
Centro-oeste,MS,Amambai,Mata Atlântica,4,-54.9000,-23.0850,-54.5400,-23.0400
Centro-oeste,MS,Anastácio,Cerrado,8,-55.9800,-20.8800,-55.4400,-20.5200
Centro-oeste,MS,Anaurilândia,Cerrado,5,-53.1000,-22.1400,-52.5600,-21.9600
Centro-oeste,MS,Angélica,Mata Atlântica,6,-54.0000,-22.2300,-53.5950,-21.9150
Centro-oeste,MS,Antônio João,Cerrado,2,-55.9800,-22.3200,-55.8000,-22.1400
Centro-oeste,MS,Aparecida do Taboado,Cerrado,4,-51.4800,-20.1600,-51.3000,-19.9800
Centro-oeste,MS,Aparecida do Taboado,Mata Atlântica,1,-51.1200,-19.9800,-51.1200,-19.9800
Centro-oeste,MS,Aquidauana,Cerrado,6,-56.1600,-20.3400,-55.2600,-19.9800
Centro-oeste,MS,Aquidauana,Pantanal,35,-56.7450,-20.1600,-55.2600,-18.7200
Centro-oeste,MS,Aral Moreira,Cerrado,2,-55.6200,-22.8600,-55.4400,-22.8600
Centro-oeste,MS,Bandeirantes,Cerrado,9,-54.7200,-19.9800,-54.0000,-19.6200
Centro-oeste,MS,Bataguassu,Cerrado,4,-52.9200,-21.7800,-52.3800,-21.7800
Centro-oeste,MS,Batayporã,Mata Atlântica,5,-53.2800,-22.5900,-53.1000,-22.3200
Centro-oeste,MS,Bela Vista,Cerrado,12,-56.8800,-22.1400,-56.1600,-21.6000
Centro-oeste,MS,Bodoquena,Cerrado,10,-56.8800,-20.8800,-56.5200,-20.3400
Centro-oeste,MS,Bonito,Cerrado,26,-56.7450,-21.4200,-56.1600,-20.7000
Centro-oeste,MS,Brasilândia,Cerrado,12,-53.1000,-21.4200,-52.0200,-20.7000
Centro-oeste,MS,Brasilândia,Mata Atlântica,1,-52.0200,-21.4200,-52.0200,-21.4200
Centro-oeste,MS,Caarapó,Mata Atlântica,2,-54.7200,-22.6800,-54.5400,-22.5000
Centro-oeste,MS,Camapuã,Cerrado,17,-54.3600,-19.6200,-53.4600,-18.9000
Centro-oeste,MS,Campo Grande,Cerrado,20,-54.7200,-21.4200,-53.6400,-20.3400
Centro-oeste,MS,Caracol,Cerrado,9,-57.4200,-22.1400,-56.8800,-21.6000
Centro-oeste,MS,Cassilândia,Cerrado,9,-52.3800,-19.2600,-51.6600,-18.9000
Centro-oeste,MS,Chapadão do Sul,Cerrado,9,-52.9200,-19.4400,-52.5600,-18.7200
Centro-oeste,MS,Corguinho,Cerrado,7,-55.2600,-19.9800,-54.9000,-19.6200
Centro-oeste,MS,Coronel Sapucaia,Cerrado,3,-55.4400,-23.4000,-55.2600,-23.2200
Centro-oeste,MS,Corumbá,Cerrado,1,-57.2400,-19.9800,-57.2400,-19.9800
Centro-oeste,MS,Corumbá,Pantanal,165,-58.1400,-20.7000,-55.2600,-17.2800
Centro-oeste,MS,Costa Rica,Cerrado,8,-53.4600,-18.7200,-52.9200,-18.3600
Centro-oeste,MS,Coxim,Cerrado,14,-54.9000,-18.7200,-54.1800,-18.0000
Centro-oeste,MS,Coxim,Pantanal,5,-55.2600,-18.1800,-54.9000,-18.0000
Centro-oeste,MS,Deodápolis,Mata Atlântica,3,-54.2250,-22.3200,-54.1800,-21.9600
Centro-oeste,MS,Dois Irmãos do Buriti,Cerrado,7,-55.4400,-20.8800,-55.2600,-20.1600
Centro-oeste,MS,Douradina,Mata Atlântica,1,-54.5400,-21.9600,-54.5400,-21.9600
Centro-oeste,MS,Dourados,Cerrado,5,-55.4400,-22.3200,-54.7200,-21.9600
Centro-oeste,MS,Dourados,Mata Atlântica,3,-55.0800,-22.1400,-54.3600,-21.9600
Centro-oeste,MS,Eldorado,Mata Atlântica,1,-54.1800,-23.7600,-54.1800,-23.7600
Centro-oeste,MS,Figueirão,Cerrado,13,-54.1800,-19.0800,-53.4600,-18.5400
Centro-oeste,MS,Fátima do Sul,Mata Atlântica,1,-54.5400,-22.3200,-54.5400,-22.3200
Centro-oeste,MS,Glória de Dourados,Mata Atlântica,1,-54.1800,-22.5000,-54.1800,-22.5000
Centro-oeste,MS,Guia Lopes da Laguna,Cerrado,5,-56.1600,-21.7800,-55.8000,-21.4200
Centro-oeste,MS,Iguatemi,Cerrado,1,-54.5400,-23.5800,-54.5400,-23.5800
Centro-oeste,MS,Iguatemi,Mata Atlântica,3,-54.5400,-23.5800,-54.3600,-23.2200
Centro-oeste,MS,Inocência,Cerrado,17,-52.3800,-19.9800,-51.6600,-19.2600
Centro-oeste,MS,Itaporã,Mata Atlântica,2,-54.9000,-22.1400,-54.7200,-21.9600
Centro-oeste,MS,Itaquiraí,Mata Atlântica,5,-54.1800,-23.4000,-53.9100,-23.2200
Centro-oeste,MS,Ivinhema,Mata Atlântica,4,-54.0000,-22.5000,-53.6400,-22.2750
Centro-oeste,MS,Japorã,Mata Atlântica,1,-54.5400,-23.7600,-54.5400,-23.7600
Centro-oeste,MS,Jaraguari,Cerrado,7,-54.7200,-20.3400,-54.0000,-20.1600
Centro-oeste,MS,Jardim,Cerrado,5,-56.5200,-21.7800,-56.1600,-21.4200
Centro-oeste,MS,Jateí,Mata Atlântica,6,-54.0000,-22.8600,-53.5500,-22.6800
Centro-oeste,MS,Juti,Mata Atlântica,4,-54.7200,-22.8600,-54.3600,-22.6800
Centro-oeste,MS,Ladário,Pantanal,1,-57.6000,-19.0800,-57.6000,-19.0800
Centro-oeste,MS,Laguna Carapã,Cerrado,4,-55.2600,-22.6800,-55.0800,-22.5000
Centro-oeste,MS,Laguna Carapã,Mata Atlântica,4,-55.0800,-22.8600,-54.9000,-22.8600
Centro-oeste,MS,Maracaju,Cerrado,13,-55.6200,-21.7800,-54.9000,-21.0600
Centro-oeste,MS,Miranda,Cerrado,12,-57.0600,-20.5200,-56.1600,-19.9350
Centro-oeste,MS,Miranda,Pantanal,6,-56.8800,-20.1600,-56.3400,-19.8000
Centro-oeste,MS,Mundo Novo,Mata Atlântica,2,-54.3600,-23.9400,-54.1800,-23.9400
Centro-oeste,MS,Naviraí,Mata Atlântica,7,-54.3600,-23.0400,-53.7300,-22.8600
Centro-oeste,MS,Nioaque,Cerrado,10,-56.1600,-21.4200,-55.6200,-20.8800
Centro-oeste,MS,Nova Alvorada do Sul,Cerrado,10,-54.5400,-21.7800,-53.6400,-21.2400
Centro-oeste,MS,Nova Alvorada do Sul,Mata Atlântica,3,-54.1800,-21.7800,-54.0000,-21.7350
Centro-oeste,MS,Nova Andradina,Cerrado,11,-53.6400,-22.1400,-53.1000,-21.6000
Centro-oeste,MS,Nova Andradina,Mata Atlântica,4,-53.6850,-22.3200,-53.2800,-22.0500
Centro-oeste,MS,Novo Horizonte do Sul,Mata Atlântica,2,-53.8650,-22.6800,-53.6400,-22.5450
Centro-oeste,MS,Paranaíba,Cerrado,14,-51.8400,-19.8000,-51.1200,-19.2600
Centro-oeste,MS,Paranhos,Cerrado,3,-55.4400,-23.7600,-55.2600,-23.5800
Centro-oeste,MS,Paraíso das Águas,Cerrado,15,-53.4600,-19.4400,-52.7400,-18.9000
Centro-oeste,MS,Pedro Gomes,Cerrado,8,-54.7200,-18.1800,-54.0000,-17.8200
Centro-oeste,MS,Ponta Porã,Cerrado,9,-55.9800,-22.5000,-55.0800,-21.7800
Centro-oeste,MS,Porto Murtinho,Cerrado,17,-57.6000,-21.9600,-56.8800,-21.0600
Centro-oeste,MS,Porto Murtinho,Pantanal,13,-57.7800,-21.9600,-57.4200,-21.0600
Centro-oeste,MS,Ribas do Rio Pardo,Cerrado,47,-54.1800,-21.4200,-52.9200,-19.6200
Centro-oeste,MS,Rio Brilhante,Cerrado,8,-54.9000,-21.7800,-54.3600,-21.4200
Centro-oeste,MS,Rio Brilhante,Mata Atlântica,4,-54.3600,-21.9600,-53.9550,-21.7800
Centro-oeste,MS,Rio Negro,Cerrado,5,-55.0800,-19.6200,-54.9000,-19.2600
Centro-oeste,MS,Rio Verde de Mato Grosso,Cerrado,9,-55.0800,-19.2600,-54.5400,-18.5400
Centro-oeste,MS,Rio Verde de Mato Grosso,Pantanal,8,-55.4400,-19.0800,-55.0800,-18.3600
Centro-oeste,MS,Rochedo,Cerrado,4,-54.9000,-20.1600,-54.5400,-19.8000
Centro-oeste,MS,Santa Rita do Pardo,Cerrado,17,-53.1000,-21.6000,-52.2000,-20.8800
Centro-oeste,MS,Selvíria,Cerrado,7,-52.0200,-20.3400,-51.4800,-20.1600
Centro-oeste,MS,Selvíria,Mata Atlântica,1,-51.4800,-20.5200,-51.4800,-20.5200
Centro-oeste,MS,Sete Quedas,Mata Atlântica,2,-55.0800,-23.9400,-54.7200,-23.7600
Centro-oeste,MS,Sidrolândia,Cerrado,14,-55.2600,-21.4200,-54.5400,-20.7000
Centro-oeste,MS,Sonora,Cerrado,7,-54.9000,-17.8200,-53.8200,-17.4600
Centro-oeste,MS,Sonora,Pantanal,1,-55.0800,-17.6400,-55.0800,-17.6400
Centro-oeste,MS,São Gabriel do Oeste,Cerrado,10,-54.7200,-19.4400,-54.3600,-18.7200
Centro-oeste,MS,Tacuru,Cerrado,1,-55.0800,-23.5800,-55.0800,-23.5800
Centro-oeste,MS,Tacuru,Mata Atlântica,3,-55.0800,-23.7600,-54.9000,-23.5800
Centro-oeste,MS,Taquarussu,Mata Atlântica,4,-53.3700,-22.6800,-53.2800,-22.6350
Centro-oeste,MS,Terenos,Cerrado,7,-55.2600,-20.7000,-54.9000,-20.1600
Centro-oeste,MS,Três Lagoas,Cerrado,25,-52.5600,-21.0600,-51.6600,-19.8000
Centro-oeste,MS,Três Lagoas,Mata Atlântica,1,-51.6600,-20.7000,-51.6600,-20.7000
Centro-oeste,MS,Água Clara,Cerrado,22,-53.4600,-20.8800,-52.3800,-19.6200
Centro-oeste,MT,Acorizal,Cerrado,3,-56.3400,-15.3000,-56.1600,-15.1200
Centro-oeste,MT,Alta Floresta,Amazônia,22,-56.8800,-10.6200,-55.9800,-9.5400
Centro-oeste,MT,Alto Araguaia,Cerrado,14,-53.8200,-18.0000,-53.1000,-16.9200
Centro-oeste,MT,Alto Boa Vista,Amazônia,2,-52.2000,-11.8800,-52.0200,-11.8800
Centro-oeste,MT,Alto Boa Vista,Cerrado,1,-51.3000,-11.7000,-51.3000,-11.7000
Centro-oeste,MT,Alto Garças,Cerrado,12,-54.0000,-17.1000,-53.2800,-16.5600
Centro-oeste,MT,Alto Paraguai,Amazônia,1,-56.8800,-14.9400,-56.8800,-14.9400
Centro-oeste,MT,Alto Paraguai,Cerrado,4,-56.7000,-14.9400,-56.5200,-14.5800
Centro-oeste,MT,Alto Taquari,Cerrado,4,-53.4600,-18.0000,-53.1000,-17.6400
Centro-oeste,MT,Apiacás,Amazônia,14,-57.9600,-9.7200,-57.0600,-9.1800
Centro-oeste,MT,Araguaiana,Cerrado,17,-52.0200,-15.8400,-51.4800,-14.4000
Centro-oeste,MT,Araguainha,Cerrado,1,-53.1000,-16.7400,-53.1000,-16.7400
Centro-oeste,MT,Araputanga,Amazônia,4,-58.5000,-15.4800,-58.3200,-15.1200
Centro-oeste,MT,Araputanga,Cerrado,1,-58.6800,-15.1200,-58.6800,-15.1200
Centro-oeste,MT,Arenápolis,Amazônia,2,-56.8800,-14.5800,-56.8800,-14.4000
Centro-oeste,MT,Aripuanã,Amazônia,38,-60.6600,-10.6200,-58.8600,-9.3600
Centro-oeste,MT,Barra do Bugres,Amazônia,9,-57.9600,-15.4800,-57.2400,-14.9400
Centro-oeste,MT,Barra do Bugres,Cerrado,4,-58.6800,-15.1200,-56.8800,-14.7600
Centro-oeste,MT,Barra do Garças,Cerrado,15,-52.7400,-15.8400,-52.0200,-14.9400
Centro-oeste,MT,Barão de Melgaço,Pantanal,31,-56.7000,-17.2800,-55.6200,-16.3800
Centro-oeste,MT,Boa Esperança do Norte,Cerrado,11,-55.2600,-13.6800,-54.7200,-13.3200
Centro-oeste,MT,Bom Jesus do Araguaia,Amazônia,10,-52.0200,-12.4200,-51.4800,-12.0600
Centro-oeste,MT,Brasnorte,Amazônia,18,-58.3200,-12.9600,-57.4200,-11.5200
Centro-oeste,MT,Brasnorte,Cerrado,9,-58.3200,-13.1400,-57.7800,-12.6000
Centro-oeste,MT,Campinápolis,Cerrado,7,-53.2800,-14.7600,-52.7400,-13.8600
Centro-oeste,MT,Campo Novo do Parecis,Cerrado,14,-57.9600,-14.2200,-57.6000,-13.3200
Centro-oeste,MT,Campo Verde,Cerrado,12,-55.2600,-15.6600,-54.5400,-15.1200
Centro-oeste,MT,Campos de Júlio,Cerrado,15,-59.4000,-14.2200,-59.0400,-12.9600
Centro-oeste,MT,Canabrava do Norte,Amazônia,6,-52.2000,-11.3400,-51.6600,-10.9800
Centro-oeste,MT,Canabrava do Norte,Cerrado,2,-51.8400,-11.1600,-51.6600,-10.9800
Centro-oeste,MT,Canarana,Amazônia,7,-52.9200,-13.3200,-52.5600,-12.7800
Centro-oeste,MT,Canarana,Cerrado,10,-52.9200,-13.6800,-52.0200,-13.3200
Centro-oeste,MT,Carlinda,Amazônia,5,-55.9800,-10.2600,-55.6200,-9.9000
Centro-oeste,MT,Castanheira,Amazônia,7,-58.8600,-11.1600,-58.5000,-10.8000
Centro-oeste,MT,Chapada dos Guimarães,Cerrado,15,-55.9800,-15.4800,-55.2600,-14.7600
Centro-oeste,MT,Cláudia,Amazônia,9,-55.4400,-11.7000,-54.7200,-11.3400
Centro-oeste,MT,Cocalinho,Cerrado,37,-51.6600,-14.9400,-50.5800,-12.7800
Centro-oeste,MT,Colniza,Amazônia,48,-61.5600,-9.9000,-59.0400,-8.8200
Centro-oeste,MT,Colíder,Amazônia,10,-55.6200,-10.9800,-55.2600,-10.2600
Centro-oeste,MT,Comodoro,Amazônia,14,-60.6600,-14.0400,-59.9400,-12.9600
Centro-oeste,MT,Comodoro,Cerrado,4,-59.9400,-14.0400,-59.5800,-13.1400
Centro-oeste,MT,Confresa,Amazônia,13,-52.2000,-10.6200,-51.3000,-10.2600
Centro-oeste,MT,Conquista D'Oeste,Amazônia,2,-59.5800,-14.9400,-59.4000,-14.5800
Centro-oeste,MT,Conquista D'Oeste,Cerrado,2,-59.4000,-14.7600,-59.2200,-14.5800
Centro-oeste,MT,Cotriguaçu,Amazônia,17,-59.0400,-10.0800,-58.3200,-8.8200
Centro-oeste,MT,Cuiabá,Cerrado,12,-56.1600,-16.3800,-55.2600,-15.1200
Centro-oeste,MT,Cáceres,Amazônia,8,-58.6800,-16.3800,-57.6000,-15.6600
Centro-oeste,MT,Cáceres,Cerrado,9,-57.7800,-16.5600,-57.0600,-15.8400
Centro-oeste,MT,Cáceres,Pantanal,46,-58.6800,-17.4600,-57.2400,-15.8400
Centro-oeste,MT,Denise,Amazônia,2,-57.0600,-14.7600,-56.8800,-14.7600
Centro-oeste,MT,Diamantino,Amazônia,2,-56.7000,-14.0400,-56.7000,-13.6800
Centro-oeste,MT,Diamantino,Cerrado,18,-57.6000,-14.5800,-56.1600,-13.6800
Centro-oeste,MT,Dom Aquino,Cerrado,5,-54.9000,-15.8400,-54.7200,-15.4800
Centro-oeste,MT,Feliz Natal,Amazônia,15,-55.0800,-12.6000,-54.1800,-11.8800
Centro-oeste,MT,Figueirópolis D'Oeste,Amazônia,2,-58.6800,-15.6600,-58.6800,-15.4800
Centro-oeste,MT,Gaúcha do Norte,Amazônia,18,-54.0000,-13.6800,-52.9200,-13.1400
Centro-oeste,MT,Gaúcha do Norte,Cerrado,3,-53.6400,-13.6800,-53.2800,-13.5000
Centro-oeste,MT,General Carneiro,Cerrado,9,-53.8200,-15.8400,-52.7400,-15.3000
Centro-oeste,MT,Glória D'Oeste,Amazônia,1,-58.3200,-15.8400,-58.3200,-15.8400
Centro-oeste,MT,Guarantã do Norte,Amazônia,10,-54.9000,-9.9000,-54.3600,-9.5400
Centro-oeste,MT,Guiratinga,Cerrado,12,-54.0000,-16.7400,-53.1000,-16.0200
Centro-oeste,MT,Indiavaí,Amazônia,1,-58.5000,-15.4800,-58.5000,-15.4800
Centro-oeste,MT,Ipiranga do Norte,Amazônia,6,-56.3400,-12.2400,-55.8000,-11.7000
Centro-oeste,MT,Ipiranga do Norte,Cerrado,1,-56.1600,-12.2400,-56.1600,-12.2400
Centro-oeste,MT,Itanhangá,Amazônia,7,-57.0600,-12.2400,-56.5200,-12.0600
Centro-oeste,MT,Itaúba,Amazônia,10,-55.9800,-11.1600,-55.0800,-10.9800
Centro-oeste,MT,Itiquira,Cerrado,20,-55.0800,-17.6400,-53.8200,-17.1000
Centro-oeste,MT,Itiquira,Pantanal,3,-55.4400,-17.4600,-55.0800,-17.2800
Centro-oeste,MT,Jaciara,Cerrado,5,-55.4400,-16.2000,-55.0800,-15.8400
Centro-oeste,MT,Jangada,Cerrado,4,-56.8800,-15.4800,-56.5200,-15.3000
Centro-oeste,MT,Jauru,Amazônia,3,-59.0400,-15.4800,-58.8600,-15.3000
Centro-oeste,MT,Jauru,Cerrado,1,-58.8600,-15.1200,-58.8600,-15.1200
Centro-oeste,MT,Juara,Amazônia,48,-58.1400,-12.0600,-56.8800,-10.4400
Centro-oeste,MT,Juruena,Amazônia,8,-58.8600,-10.6200,-58.5000,-10.2600
Centro-oeste,MT,Juscimeira,Cerrado,4,-55.0800,-16.2000,-54.5400,-16.0200
Centro-oeste,MT,Juína,Amazônia,24,-59.4000,-11.8800,-58.5000,-10.8000
Centro-oeste,MT,Lambari D'Oeste,Amazônia,6,-57.9600,-15.6600,-57.6000,-15.3000
Centro-oeste,MT,Lucas do Rio Verde,Amazônia,1,-56.3400,-12.9600,-56.3400,-12.9600
Centro-oeste,MT,Lucas do Rio Verde,Cerrado,7,-56.1600,-13.3200,-55.9800,-12.7800
Centro-oeste,MT,Luciara,Cerrado,10,-51.4800,-11.1600,-50.7600,-10.8000
Centro-oeste,MT,Marcelândia,Amazônia,27,-54.7200,-11.3400,-53.6400,-10.4400
Centro-oeste,MT,Matupá,Amazônia,10,-55.0800,-10.2600,-54.0000,-9.9000
Centro-oeste,MT,Mirassol d'Oeste,Amazônia,4,-58.1400,-15.8400,-57.9600,-15.4800
Centro-oeste,MT,Nobres,Cerrado,10,-56.3400,-14.7600,-55.6200,-14.0400
Centro-oeste,MT,Nortelândia,Amazônia,4,-56.8800,-14.5800,-56.7000,-14.2200
Centro-oeste,MT,Nossa Senhora do Livramento,Cerrado,11,-57.0600,-16.2000,-56.1600,-15.4800
Centro-oeste,MT,Nossa Senhora do Livramento,Pantanal,3,-56.1600,-16.2000,-55.9800,-16.0200
Centro-oeste,MT,Nova Bandeirantes,Amazônia,23,-58.5000,-10.2600,-57.6000,-9.0000
Centro-oeste,MT,Nova Brasilândia,Cerrado,7,-55.4400,-14.9400,-54.7200,-14.5800
Centro-oeste,MT,Nova Canaã do Norte,Amazônia,15,-56.5200,-10.9800,-55.8000,-10.2600
Centro-oeste,MT,Nova Guarita,Amazônia,3,-55.4400,-10.4400,-55.2600,-10.2600
Centro-oeste,MT,Nova Lacerda,Amazônia,7,-60.1200,-14.5800,-59.5800,-14.0400
Centro-oeste,MT,Nova Lacerda,Cerrado,2,-59.4000,-14.4000,-59.4000,-14.0400
Centro-oeste,MT,Nova Marilândia,Amazônia,4,-57.2400,-14.4000,-57.0600,-14.2200
Centro-oeste,MT,Nova Marilândia,Cerrado,2,-57.6000,-14.2200,-57.4200,-14.2200
Centro-oeste,MT,Nova Maringá,Amazônia,29,-57.6000,-13.5000,-56.8800,-11.8800
Centro-oeste,MT,Nova Maringá,Cerrado,1,-57.2400,-13.6800,-57.2400,-13.6800
Centro-oeste,MT,Nova Monte Verde,Amazônia,12,-57.6000,-10.2600,-57.0600,-9.7200
Centro-oeste,MT,Nova Mutum,Amazônia,8,-56.5200,-13.6800,-56.1600,-13.1400
Centro-oeste,MT,Nova Mutum,Cerrado,11,-56.3400,-14.0400,-55.6200,-13.3200
Centro-oeste,MT,Nova Nazaré,Cerrado,5,-52.2000,-14.4000,-51.6600,-13.6800
Centro-oeste,MT,Nova Olímpia,Amazônia,3,-57.6000,-14.7600,-57.2400,-14.7600
Centro-oeste,MT,Nova Santa Helena,Amazônia,7,-55.0800,-11.1600,-54.7200,-10.6200
Centro-oeste,MT,Nova Ubiratã,Amazônia,21,-55.2600,-13.1400,-54.1800,-12.2400
Centro-oeste,MT,Nova Ubiratã,Cerrado,1,-55.2600,-13.1400,-55.2600,-13.1400
Centro-oeste,MT,Nova Xavantina,Cerrado,15,-52.7400,-14.9400,-51.8400,-14.2200
Centro-oeste,MT,Novo Horizonte do Norte,Amazônia,2,-57.4200,-11.3400,-57.2400,-11.3400
Centro-oeste,MT,Novo Mundo,Amazônia,15,-55.8000,-10.0800,-55.0800,-9.5400
Centro-oeste,MT,Novo Santo Antônio,Amazônia,1,-51.1200,-12.4200,-51.1200,-12.4200
Centro-oeste,MT,Novo Santo Antônio,Cerrado,9,-51.1200,-12.7800,-50.7600,-11.8800
Centro-oeste,MT,Novo São Joaquim,Cerrado,11,-53.6400,-15.3000,-52.9200,-14.7600
Centro-oeste,MT,Paranatinga,Amazônia,12,-54.5400,-13.5000,-53.6400,-12.6000
Centro-oeste,MT,Paranatinga,Cerrado,33,-54.9000,-14.5800,-53.2800,-13.5000
Centro-oeste,MT,Paranaíta,Amazônia,13,-57.0600,-9.9000,-56.3400,-9.3600
Centro-oeste,MT,Pedra Preta,Cerrado,8,-54.5400,-16.9200,-54.0000,-16.5600
Centro-oeste,MT,Peixoto de Azevedo,Amazônia,20,-55.0800,-10.4400,-53.4600,-9.7200
Centro-oeste,MT,Planalto da Serra,Cerrado,7,-54.9000,-14.7600,-54.5400,-14.4000
Centro-oeste,MT,Poconé,Cerrado,10,-57.0600,-16.3800,-56.5200,-15.8400
Centro-oeste,MT,Poconé,Pantanal,36,-57.6000,-17.8200,-56.3400,-16.2000
Centro-oeste,MT,Pontal do Araguaia,Cerrado,7,-52.9200,-16.0200,-52.3800,-15.8400
Centro-oeste,MT,Ponte Branca,Cerrado,2,-53.1000,-16.7400,-52.9200,-16.5600
Centro-oeste,MT,Pontes e Lacerda,Amazônia,21,-59.9400,-16.0200,-59.0400,-14.9400
Centro-oeste,MT,Pontes e Lacerda,Cerrado,2,-59.0400,-14.9400,-59.0400,-14.7600
Centro-oeste,MT,Porto Alegre do Norte,Amazônia,4,-52.0200,-10.9800,-51.6600,-10.6200
Centro-oeste,MT,Porto Alegre do Norte,Cerrado,4,-51.8400,-10.9800,-51.4800,-10.8000
Centro-oeste,MT,Porto Esperidião,Amazônia,11,-59.2200,-16.2000,-58.5000,-15.6600
Centro-oeste,MT,Porto Esperidião,Pantanal,2,-59.0400,-16.2000,-58.8600,-16.2000
Centro-oeste,MT,Porto Estrela,Amazônia,1,-57.2400,-15.3000,-57.2400,-15.3000
Centro-oeste,MT,Porto Estrela,Cerrado,5,-57.4200,-15.6600,-57.0600,-15.3000
Centro-oeste,MT,Porto dos Gaúchos,Amazônia,17,-57.2400,-12.0600,-56.1600,-11.5200
Centro-oeste,MT,Poxoréu,Cerrado,14,-54.5400,-16.2000,-53.8200,-15.4800
Centro-oeste,MT,Primavera do Leste,Cerrado,13,-54.5400,-15.6600,-54.0000,-14.7600
Centro-oeste,MT,Querência,Amazônia,24,-52.9200,-13.1400,-52.2000,-11.7000
Centro-oeste,MT,Querência,Cerrado,1,-52.2000,-13.1400,-52.2000,-13.1400
Centro-oeste,MT,Reserva do Cabaçal,Amazônia,1,-58.3200,-15.1200,-58.3200,-15.1200
Centro-oeste,MT,Reserva do Cabaçal,Cerrado,2,-58.5000,-14.9400,-58.5000,-14.7600
Centro-oeste,MT,Ribeirão Cascalheira,Amazônia,7,-52.0200,-12.9600,-51.6600,-12.4200
Centro-oeste,MT,Ribeirão Cascalheira,Cerrado,17,-52.0200,-13.1400,-51.1200,-12.4200
Centro-oeste,MT,Ribeirãozinho,Cerrado,3,-52.9200,-16.5600,-52.7400,-16.3800
Centro-oeste,MT,Rio Branco,Amazônia,1,-58.1400,-15.3000,-58.1400,-15.3000
Centro-oeste,MT,Rondolândia,Amazônia,15,-61.5600,-10.9800,-60.6600,-10.0800
Centro-oeste,MT,Rondonópolis,Cerrado,13,-54.9000,-16.9200,-54.3600,-16.2000
Centro-oeste,MT,Rosário Oeste,Cerrado,17,-56.8800,-15.3000,-55.0800,-14.2200
Centro-oeste,MT,Salto do Céu,Amazônia,4,-58.1400,-15.1200,-57.7800,-14.9400
Centro-oeste,MT,Salto do Céu,Cerrado,1,-58.3200,-14.9400,-58.3200,-14.9400
Centro-oeste,MT,Santa Carmem,Amazônia,11,-55.2600,-12.0600,-54.3600,-11.7000
Centro-oeste,MT,Santa Cruz do Xingu,Amazônia,12,-52.7400,-10.2600,-52.2000,-9.7200
Centro-oeste,MT,Santa Rita do Trivelato,Cerrado,10,-55.6200,-14.2200,-55.0800,-13.5000
Centro-oeste,MT,Santa Terezinha,Amazônia,10,-51.1200,-10.6200,-50.4000,-9.9000
Centro-oeste,MT,Santa Terezinha,Cerrado,2,-50.5800,-10.4400,-50.4000,-10.0800
Centro-oeste,MT,Santo Afonso,Amazônia,2,-57.6000,-14.4000,-57.4200,-14.4000
Centro-oeste,MT,Santo Antônio de Leverger,Cerrado,5,-55.8000,-16.5600,-55.2600,-15.8400
Centro-oeste,MT,Santo Antônio de Leverger,Pantanal,19,-55.9800,-17.2800,-55.0800,-15.8400
Centro-oeste,MT,Santo Antônio do Leste,Cerrado,5,-53.8200,-15.1200,-53.4600,-14.7600
Centro-oeste,MT,Sapezal,Cerrado,16,-58.8600,-13.8600,-58.5000,-12.6000
Centro-oeste,MT,Serra Nova Dourada,Amazônia,1,-51.4800,-12.0600,-51.4800,-12.0600
Centro-oeste,MT,Serra Nova Dourada,Cerrado,4,-51.3000,-12.2400,-51.1200,-11.8800
Centro-oeste,MT,Sinop,Amazônia,12,-55.8000,-12.0600,-55.0800,-11.3400
Centro-oeste,MT,Sorriso,Amazônia,6,-55.8000,-12.4200,-55.6200,-11.8800
Centro-oeste,MT,Sorriso,Cerrado,12,-55.9800,-13.3200,-55.4400,-12.6000
Centro-oeste,MT,São Félix do Araguaia,Amazônia,20,-52.9200,-11.7000,-51.3000,-11.1600
Centro-oeste,MT,São Félix do Araguaia,Cerrado,12,-51.4800,-12.0600,-50.7600,-11.3400
Centro-oeste,MT,São José do Povo,Cerrado,2,-54.1800,-16.5600,-54.1800,-16.3800
Centro-oeste,MT,São José do Rio Claro,Amazônia,3,-56.8800,-13.5000,-56.7000,-13.3200
Centro-oeste,MT,São José do Rio Claro,Cerrado,4,-57.2400,-13.8600,-56.5200,-13.6800
Centro-oeste,MT,São José do Xingu,Amazônia,14,-52.9200,-10.9800,-52.2000,-10.4400
Centro-oeste,MT,São José dos Quatro Marcos,Amazônia,3,-58.5000,-15.6600,-58.1400,-15.4800
Centro-oeste,MT,Tabaporã,Amazônia,18,-57.0600,-11.5200,-55.9800,-10.6200
Centro-oeste,MT,Tangará da Serra,Amazônia,9,-57.9600,-14.9400,-57.0600,-14.5800
Centro-oeste,MT,Tangará da Serra,Cerrado,6,-58.5000,-14.7600,-57.7800,-14.4000
Centro-oeste,MT,Tapurah,Amazônia,10,-56.8800,-12.7800,-56.1600,-12.4200
Centro-oeste,MT,Tapurah,Cerrado,2,-56.3400,-12.7800,-56.1600,-12.6000
Centro-oeste,MT,Terra Nova do Norte,Amazônia,5,-55.0800,-10.6200,-54.7200,-10.4400
Centro-oeste,MT,Tesouro,Cerrado,11,-53.8200,-16.2000,-53.1000,-15.6600
Centro-oeste,MT,Torixoréu,Cerrado,5,-53.1000,-16.3800,-52.7400,-16.2000
Centro-oeste,MT,União do Sul,Amazônia,11,-54.7200,-11.7000,-54.0000,-11.3400
Centro-oeste,MT,Vale de São Domingos,Amazônia,1,-59.0400,-15.3000,-59.0400,-15.3000
Centro-oeste,MT,Vale de São Domingos,Cerrado,2,-58.8600,-14.9400,-58.8600,-14.7600
Centro-oeste,MT,Vera,Amazônia,7,-55.4400,-12.7800,-55.2600,-12.2400
Centro-oeste,MT,Vila Bela da Santíssima Trindade,Amazônia,33,-60.4800,-16.2000,-59.5800,-14.2200
Centro-oeste,MT,Vila Rica,Amazônia,18,-52.2000,-10.2600,-50.7600,-9.7200
Centro-oeste,MT,Várzea Grande,Cerrado,1,-56.3400,-15.4800,-56.3400,-15.4800
Centro-oeste,MT,Água Boa,Cerrado,18,-53.1000,-14.2200,-51.8400,-13.6800
Nordeste,AL,Atalaia,Mata Atlântica,1,-36.1800,-9.5400,-36.1800,-9.5400
Nordeste,AL,Batalha,Caatinga,1,-37.0800,-9.7200,-37.0800,-9.7200
Nordeste,AL,Boca da Mata,Mata Atlântica,1,-36.1800,-9.7200,-36.1800,-9.7200
Nordeste,AL,Branquinha,Mata Atlântica,1,-35.9550,-9.1800,-35.9550,-9.1800
Nordeste,AL,Canapi,Caatinga,2,-37.6200,-9.1800,-37.4400,-9.1800
Nordeste,AL,Coruripe,Mata Atlântica,1,-36.3600,-10.0800,-36.3600,-10.0800
Nordeste,AL,Delmiro Gouveia,Caatinga,3,-38.1600,-9.5175,-37.9125,-9.3600
Nordeste,AL,Dois Riachos,Caatinga,1,-37.0800,-9.3600,-37.0800,-9.3600
Nordeste,AL,Feira Grande,Caatinga,1,-36.7200,-9.9000,-36.7200,-9.9000
Nordeste,AL,Feliz Deserto,Mata Atlântica,1,-36.3600,-10.2600,-36.3600,-10.2600
Nordeste,AL,Flexeiras,Mata Atlântica,1,-35.8200,-9.1800,-35.8200,-9.1800
Nordeste,AL,Girau do Ponciano,Caatinga,1,-36.9000,-9.7200,-36.9000,-9.7200
Nordeste,AL,Ibateguara,Mata Atlântica,2,-35.8650,-9.0450,-35.8650,-9.0000
Nordeste,AL,Igaci,Caatinga,1,-36.7200,-9.5400,-36.7200,-9.5400
Nordeste,AL,Igreja Nova,Caatinga,1,-36.5400,-10.0800,-36.5400,-10.0800
Nordeste,AL,Jequiá da Praia,Mata Atlântica,1,-36.1800,-9.9000,-36.1800,-9.9000
Nordeste,AL,Joaquim Gomes,Mata Atlântica,3,-35.8650,-9.0900,-35.8200,-9.0000
Nordeste,AL,Limoeiro de Anadia,Caatinga,1,-36.5400,-9.7200,-36.5400,-9.7200
Nordeste,AL,Limoeiro de Anadia,Mata Atlântica,1,-36.3600,-9.7200,-36.3600,-9.7200
Nordeste,AL,Maceió,Mata Atlântica,1,-35.6400,-9.5400,-35.6400,-9.5400
Nordeste,AL,Major Isidoro,Caatinga,2,-37.0800,-9.5400,-36.9000,-9.5400
Nordeste,AL,Maragogi,Mata Atlântica,1,-35.2800,-9.0000,-35.2800,-9.0000
Nordeste,AL,Maravilha,Caatinga,1,-37.2600,-9.1800,-37.2600,-9.1800
Nordeste,AL,Mata Grande,Caatinga,3,-37.8000,-9.1800,-37.6200,-9.0000
Nordeste,AL,Matriz de Camaragibe,Mata Atlântica,1,-35.4600,-9.1800,-35.4600,-9.1800
Nordeste,AL,Minador do Negrão,Caatinga,1,-36.9000,-9.3600,-36.9000,-9.3600
Nordeste,AL,Murici,Mata Atlântica,2,-36.0000,-9.3600,-35.9100,-9.1800
Nordeste,AL,Novo Lino,Mata Atlântica,1,-35.6400,-9.0000,-35.6400,-9.0000
Nordeste,AL,Olho d'Água das Flores,Caatinga,1,-37.2600,-9.5400,-37.2600,-9.5400
Nordeste,AL,Olho d'Água do Casado,Caatinga,3,-37.8450,-9.5400,-37.8000,-9.3600
Nordeste,AL,Palestina,Caatinga,1,-37.2600,-9.7200,-37.2600,-9.7200
Nordeste,AL,Palmeira dos Índios,Caatinga,1,-36.7200,-9.3600,-36.7200,-9.3600
Nordeste,AL,Palmeira dos Índios,Mata Atlântica,1,-36.5400,-9.3600,-36.5400,-9.3600
Nordeste,AL,Pariconha,Caatinga,1,-38.0025,-9.2025,-38.0025,-9.2025
Nordeste,AL,Penedo,Mata Atlântica,1,-36.5400,-10.2600,-36.5400,-10.2600
Nordeste,AL,Piranhas,Caatinga,1,-37.7100,-9.5400,-37.7100,-9.5400
Nordeste,AL,Porto Calvo,Mata Atlântica,1,-35.4600,-9.0000,-35.4600,-9.0000
Nordeste,AL,Porto Real do Colégio,Caatinga,1,-36.7200,-10.0800,-36.7200,-10.0800
Nordeste,AL,Pão de Açúcar,Caatinga,3,-37.6200,-9.7200,-37.4400,-9.5400
Nordeste,AL,Quebrangulo,Mata Atlântica,3,-36.4275,-9.2475,-36.3825,-9.2250
Nordeste,AL,Rio Largo,Mata Atlântica,1,-35.8200,-9.5400,-35.8200,-9.5400
Nordeste,AL,Roteiro,Mata Atlântica,1,-36.0000,-9.9000,-36.0000,-9.9000
Nordeste,AL,Santana do Ipanema,Caatinga,2,-37.4400,-9.3600,-37.2600,-9.3600
Nordeste,AL,Santana do Mundaú,Mata Atlântica,1,-36.1800,-9.1800,-36.1800,-9.1800
Nordeste,AL,Senador Rui Palmeira,Caatinga,1,-37.6200,-9.3600,-37.6200,-9.3600
Nordeste,AL,São Brás,Caatinga,1,-36.9000,-10.0800,-36.9000,-10.0800
Nordeste,AL,São José da Tapera,Caatinga,1,-37.4400,-9.5400,-37.4400,-9.5400
Nordeste,AL,São Luís do Quitunde,Mata Atlântica,2,-35.6400,-9.3600,-35.6400,-9.1800
Nordeste,AL,São Sebastião,Mata Atlântica,1,-36.5400,-9.9000,-36.5400,-9.9000
Nordeste,AL,Taquarana,Caatinga,1,-36.5400,-9.5400,-36.5400,-9.5400
Nordeste,AL,Traipu,Caatinga,3,-37.0800,-9.9000,-36.9000,-9.7200
Nordeste,AL,União dos Palmares,Mata Atlântica,1,-36.0000,-9.1800,-36.0000,-9.1800
Nordeste,AL,Viçosa,Mata Atlântica,2,-36.3600,-9.3600,-36.1800,-9.3600
Nordeste,AL,Água Branca,Caatinga,4,-37.9800,-9.2700,-37.8900,-9.1800
Nordeste,BA,Abaré,Caatinga,3,-39.4200,-9.0000,-39.2400,-8.8200
Nordeste,BA,Abaíra,Caatinga,1,-41.7600,-13.3200,-41.7600,-13.3200
Nordeste,BA,Acajutiba,Mata Atlântica,1,-37.9800,-11.7000,-37.9800,-11.7000
Nordeste,BA,Adustina,Caatinga,2,-37.9800,-10.6200,-37.9800,-10.4400
Nordeste,BA,Alagoinhas,Mata Atlântica,2,-38.5200,-12.2400,-38.3400,-12.0600
Nordeste,BA,Alcobaça,Mata Atlântica,5,-39.6000,-17.6400,-39.2400,-17.4600
Nordeste,BA,Almadina,Mata Atlântica,1,-39.6000,-14.7600,-39.6000,-14.7600
Nordeste,BA,Amargosa,Mata Atlântica,1,-39.6000,-12.9600,-39.6000,-12.9600
Nordeste,BA,Amélia Rodrigues,Mata Atlântica,1,-38.7000,-12.4200,-38.7000,-12.4200
Nordeste,BA,América Dourada,Caatinga,2,-41.5800,-11.5200,-41.4000,-11.3400
Nordeste,BA,Anagé,Caatinga,5,-41.0400,-14.7600,-40.6800,-14.4000
Nordeste,BA,Andaraí,Caatinga,5,-41.4000,-12.9600,-41.0400,-12.6000
Nordeste,BA,Andorinha,Caatinga,4,-39.9600,-10.4400,-39.7800,-10.0800
Nordeste,BA,Angical,Caatinga,4,-44.8200,-12.0600,-44.4600,-11.8800
Nordeste,BA,Antas,Caatinga,1,-38.3400,-10.4400,-38.3400,-10.4400
Nordeste,BA,Antônio Gonçalves,Caatinga,1,-40.5000,-10.6200,-40.5000,-10.6200
Nordeste,BA,Aporá,Mata Atlântica,1,-38.1600,-11.7000,-38.1600,-11.7000
Nordeste,BA,Aracatu,Caatinga,3,-41.4000,-14.4000,-41.2200,-14.2200
Nordeste,BA,Araci,Caatinga,4,-39.2400,-11.3400,-38.8800,-11.1600
Nordeste,BA,Aramari,Mata Atlântica,1,-38.5200,-12.0600,-38.5200,-12.0600
Nordeste,BA,Arataca,Mata Atlântica,1,-39.4200,-15.3000,-39.4200,-15.3000
Nordeste,BA,Araçás,Mata Atlântica,2,-38.3400,-12.2400,-38.1600,-12.2400
Nordeste,BA,Aurelino Leal,Mata Atlântica,1,-39.4200,-14.4000,-39.4200,-14.4000
Nordeste,BA,Baianópolis,Cerrado,8,-44.6400,-12.9600,-44.2800,-12.4200
Nordeste,BA,Baixa Grande,Caatinga,3,-40.3200,-12.0600,-40.1400,-11.8800
Nordeste,BA,Banzaê,Caatinga,1,-38.7000,-10.6200,-38.7000,-10.6200
Nordeste,BA,Barra,Caatinga,28,-43.9200,-11.8800,-42.8400,-10.4400
Nordeste,BA,Barra da Estiva,Caatinga,2,-41.2200,-13.6800,-40.8600,-13.6800
Nordeste,BA,Barra do Choça,Mata Atlântica,2,-40.6800,-14.9400,-40.5000,-14.9400
Nordeste,BA,Barra do Mendes,Caatinga,2,-42.1200,-12.0600,-42.1200,-11.8800
Nordeste,BA,Barreiras,Cerrado,13,-46.2600,-12.2400,-45.0000,-11.7000
Nordeste,BA,Barro Alto,Caatinga,1,-41.7600,-11.8800,-41.7600,-11.8800
Nordeste,BA,Barro Preto,Mata Atlântica,1,-39.4200,-14.7600,-39.4200,-14.7600
Nordeste,BA,Barrocas,Caatinga,1,-39.0600,-11.5200,-39.0600,-11.5200
Nordeste,BA,Belmonte,Mata Atlântica,6,-39.4200,-16.0200,-38.8800,-15.8400
Nordeste,BA,Belo Campo,Caatinga,2,-41.2200,-14.9400,-41.2200,-14.7600
Nordeste,BA,Belo Campo,Mata Atlântica,1,-41.2200,-15.1200,-41.2200,-15.1200
Nordeste,BA,Boa Nova,Caatinga,1,-40.3200,-14.4000,-40.3200,-14.4000
Nordeste,BA,Boa Nova,Mata Atlântica,1,-40.1400,-14.4000,-40.1400,-14.4000
Nordeste,BA,Boa Vista do Tupim,Caatinga,7,-40.8600,-12.9600,-40.5000,-12.6000
Nordeste,BA,Bom Jesus da Lapa,Caatinga,11,-43.3800,-13.6800,-43.0200,-12.9600
Nordeste,BA,Bom Jesus da Serra,Caatinga,2,-40.6800,-14.4000,-40.5000,-14.4000
Nordeste,BA,Boninal,Caatinga,2,-41.9400,-12.7800,-41.7600,-12.7800
Nordeste,BA,Bonito,Caatinga,2,-41.4000,-12.0600,-41.4000,-11.8800
Nordeste,BA,Boquira,Caatinga,4,-42.8400,-12.7800,-42.6600,-12.6000
Nordeste,BA,Botuporã,Caatinga,2,-42.6600,-13.3200,-42.4800,-13.3200
Nordeste,BA,Brejolândia,Caatinga,5,-43.9200,-12.6000,-43.5600,-12.4200
Nordeste,BA,Brejões,Mata Atlântica,1,-39.7800,-13.1400,-39.7800,-13.1400
Nordeste,BA,Brotas de Macaúbas,Caatinga,7,-42.6600,-12.2400,-42.1200,-11.8800
Nordeste,BA,Brumado,Caatinga,6,-41.9400,-14.4000,-41.5800,-14.0400
Nordeste,BA,Buerarema,Mata Atlântica,1,-39.2400,-14.9400,-39.2400,-14.9400
Nordeste,BA,Buritirama,Caatinga,11,-43.9200,-10.8000,-43.3800,-10.2600
Nordeste,BA,Caatiba,Mata Atlântica,1,-40.3200,-14.9400,-40.3200,-14.9400
Nordeste,BA,Cabaceiras do Paraguaçu,Mata Atlântica,1,-39.2400,-12.6000,-39.2400,-12.6000
Nordeste,BA,Cachoeira,Mata Atlântica,1,-38.8800,-12.6000,-38.8800,-12.6000
Nordeste,BA,Caculé,Caatinga,3,-42.4800,-14.5800,-42.3000,-14.4000
Nordeste,BA,Caetanos,Caatinga,1,-41.0400,-14.4000,-41.0400,-14.4000
Nordeste,BA,Caetité,Caatinga,4,-42.4800,-14.2200,-42.3000,-13.6800
Nordeste,BA,Caetité,Cerrado,4,-42.6600,-14.0400,-42.3000,-13.6800
Nordeste,BA,Cafarnaum,Caatinga,2,-41.5800,-11.7000,-41.4000,-11.7000
Nordeste,BA,Cairu,Mata Atlântica,1,-39.0600,-13.5000,-39.0600,-13.5000
Nordeste,BA,Caldeirão Grande,Caatinga,1,-40.3200,-10.9800,-40.3200,-10.9800
Nordeste,BA,Camacan,Mata Atlântica,2,-39.6000,-15.4800,-39.6000,-15.3000
Nordeste,BA,Camamu,Mata Atlântica,2,-39.2400,-14.0400,-39.0600,-14.0400
Nordeste,BA,Camaçari,Mata Atlântica,1,-38.1600,-12.6000,-38.1600,-12.6000
Nordeste,BA,Campo Alegre de Lourdes,Caatinga,9,-43.5600,-9.7200,-42.8400,-9.3600
Nordeste,BA,Campo Formoso,Caatinga,18,-41.2200,-10.6200,-40.3200,-9.9000
Nordeste,BA,Canarana,Caatinga,1,-41.7600,-11.7000,-41.7600,-11.7000
Nordeste,BA,Canavieiras,Mata Atlântica,3,-39.2400,-15.6600,-39.0600,-15.4800
Nordeste,BA,Candeal,Caatinga,1,-39.2400,-11.8800,-39.2400,-11.8800
Nordeste,BA,Candiba,Caatinga,1,-42.8400,-14.4000,-42.8400,-14.4000
Nordeste,BA,Cansanção,Caatinga,2,-39.6000,-10.9800,-39.2400,-10.6200
Nordeste,BA,Canudos,Caatinga,9,-39.2400,-10.2600,-38.7000,-9.7200
Nordeste,BA,Capela do Alto Alegre,Caatinga,2,-39.9600,-11.7000,-39.7800,-11.5200
Nordeste,BA,Capim Grosso,Caatinga,2,-39.9600,-11.3400,-39.9600,-11.1600
Nordeste,BA,Caravelas,Mata Atlântica,5,-40.1400,-17.8200,-39.4200,-17.4600
Nordeste,BA,Caraíbas,Caatinga,2,-41.4000,-14.5800,-41.2200,-14.5800
Nordeste,BA,Cardeal da Silva,Mata Atlântica,1,-37.9800,-12.0600,-37.9800,-12.0600
Nordeste,BA,Carinhanha,Caatinga,6,-43.9200,-14.2200,-43.7400,-13.8600
Nordeste,BA,Casa Nova,Caatinga,26,-41.7600,-9.7200,-40.6800,-8.8200
Nordeste,BA,Castro Alves,Mata Atlântica,1,-39.4200,-12.7800,-39.4200,-12.7800
Nordeste,BA,Catolândia,Cerrado,2,-44.8200,-12.2400,-44.6400,-12.2400
Nordeste,BA,Caturama,Caatinga,2,-42.3000,-13.3200,-42.3000,-13.1400
Nordeste,BA,Caém,Caatinga,2,-40.3200,-11.1600,-40.1400,-11.1600
Nordeste,BA,Central,Caatinga,1,-42.1200,-11.1600,-42.1200,-11.1600
Nordeste,BA,Chorrochó,Caatinga,7,-39.2400,-9.5400,-39.0600,-8.8200
Nordeste,BA,Cipó,Caatinga,1,-38.5200,-11.1600,-38.5200,-11.1600
Nordeste,BA,Coaraci,Mata Atlântica,1,-39.6000,-14.5800,-39.6000,-14.5800
Nordeste,BA,Cocos,Caatinga,2,-44.6400,-14.2200,-44.4600,-14.0400
Nordeste,BA,Cocos,Cerrado,23,-45.9000,-15.1200,-44.6400,-13.8600
Nordeste,BA,Conceição do Coité,Caatinga,3,-39.2400,-11.7000,-39.2400,-11.3400
Nordeste,BA,Conde,Mata Atlântica,3,-37.6200,-11.7225,-37.5525,-11.7000
Nordeste,BA,Condeúba,Caatinga,4,-42.1200,-15.1200,-41.9400,-14.7600
Nordeste,BA,Contendas do Sincorá,Caatinga,3,-41.0400,-14.0400,-41.0400,-13.6800
Nordeste,BA,Coração de Maria,Mata Atlântica,1,-38.7000,-12.2400,-38.7000,-12.2400
Nordeste,BA,Cordeiros,Cerrado,1,-41.9400,-15.1200,-41.9400,-15.1200
Nordeste,BA,Coribe,Caatinga,3,-44.4600,-13.8600,-44.1000,-13.6800
Nordeste,BA,Coribe,Cerrado,3,-44.6400,-13.8600,-44.2800,-13.8600
Nordeste,BA,Coronel João Sá,Caatinga,2,-37.9800,-10.2600,-37.8000,-10.2600
Nordeste,BA,Correntina,Caatinga,1,-44.6400,-13.5000,-44.6400,-13.5000
Nordeste,BA,Correntina,Cerrado,19,-46.0800,-13.8600,-44.6400,-13.1400
Nordeste,BA,Cotegipe,Caatinga,4,-44.4600,-12.0600,-44.1000,-11.8800
Nordeste,BA,Cotegipe,Cerrado,7,-44.6400,-11.7000,-44.1000,-11.5200
Nordeste,BA,Cristópolis,Cerrado,3,-44.4600,-12.2400,-44.1000,-12.2400
Nordeste,BA,Crisópolis,Caatinga,1,-38.1600,-11.5200,-38.1600,-11.5200
Nordeste,BA,Curaçá,Caatinga,15,-39.7800,-9.7200,-39.4200,-8.6400
Nordeste,BA,Cândido Sales,Mata Atlântica,4,-41.4000,-15.4800,-41.0400,-15.3000
Nordeste,BA,Cícero Dantas,Caatinga,2,-38.5200,-10.6200,-38.3400,-10.4400
Nordeste,BA,Dom Basílio,Caatinga,1,-41.7600,-13.8600,-41.7600,-13.8600
Nordeste,BA,Dário Meira,Mata Atlântica,1,-39.9600,-14.4000,-39.9600,-14.4000
Nordeste,BA,Encruzilhada,Mata Atlântica,5,-41.2200,-15.6600,-40.6800,-15.4800
Nordeste,BA,Entre Rios,Mata Atlântica,3,-38.1600,-12.2400,-37.8000,-11.8800
Nordeste,BA,Esplanada,Mata Atlântica,3,-37.9800,-12.0600,-37.8000,-11.8800
Nordeste,BA,Euclides da Cunha,Caatinga,4,-39.0600,-10.6200,-38.7000,-10.4400
Nordeste,BA,Eunápolis,Mata Atlântica,3,-39.6000,-16.3800,-39.4200,-16.2000
Nordeste,BA,Feira da Mata,Caatinga,5,-44.4600,-14.2200,-44.1000,-14.0400
Nordeste,BA,Feira de Santana,Caatinga,1,-38.8800,-12.2400,-38.8800,-12.2400
Nordeste,BA,Feira de Santana,Mata Atlântica,4,-39.2400,-12.2400,-39.0600,-12.0600
Nordeste,BA,Filadélfia,Caatinga,1,-40.1400,-10.8000,-40.1400,-10.8000
Nordeste,BA,Firmino Alves,Mata Atlântica,1,-39.9600,-14.9400,-39.9600,-14.9400
Nordeste,BA,Floresta Azul,Mata Atlântica,1,-39.7800,-14.7600,-39.7800,-14.7600
Nordeste,BA,Formosa do Rio Preto,Cerrado,33,-46.4400,-11.5200,-45.0000,-10.2600
Nordeste,BA,Fátima,Caatinga,1,-38.1600,-10.6200,-38.1600,-10.6200
Nordeste,BA,Gavião,Caatinga,1,-39.7800,-11.5200,-39.7800,-11.5200
Nordeste,BA,Gentio do Ouro,Caatinga,8,-42.8400,-11.7000,-42.4800,-11.1600
Nordeste,BA,Glória,Caatinga,6,-38.5200,-9.3600,-38.3400,-9.0000
Nordeste,BA,Gongogi,Mata Atlântica,1,-39.6000,-14.2200,-39.6000,-14.2200
Nordeste,BA,Governador Mangabeira,Mata Atlântica,1,-39.0600,-12.6000,-39.0600,-12.6000
Nordeste,BA,Guajeru,Caatinga,2,-42.1200,-14.5800,-41.9400,-14.5800
Nordeste,BA,Guanambi,Caatinga,3,-42.8400,-14.2200,-42.6600,-14.0400
Nordeste,BA,Guaratinga,Mata Atlântica,6,-40.1400,-16.7400,-39.7800,-16.3800
Nordeste,BA,Heliópolis,Caatinga,1,-38.3400,-10.8000,-38.3400,-10.8000
Nordeste,BA,Iaçu,Caatinga,6,-40.3200,-12.9600,-39.9600,-12.6000
Nordeste,BA,Ibiassucê,Caatinga,1,-42.3000,-14.2200,-42.3000,-14.2200
Nordeste,BA,Ibicoara,Caatinga,3,-41.4000,-13.5000,-41.2200,-13.3200
Nordeste,BA,Ibicuí,Mata Atlântica,3,-39.9600,-14.7600,-39.7800,-14.4000
Nordeste,BA,Ibipeba,Caatinga,6,-42.3000,-11.7000,-41.9400,-11.3400
Nordeste,BA,Ibipitanga,Caatinga,3,-42.4800,-12.9600,-42.3000,-12.7800
Nordeste,BA,Ibiquera,Caatinga,1,-40.8600,-12.6000,-40.8600,-12.6000
Nordeste,BA,Ibirapitanga,Mata Atlântica,1,-39.4200,-14.0400,-39.4200,-14.0400
Nordeste,BA,Ibirapuã,Mata Atlântica,2,-40.1400,-17.8200,-39.9600,-17.6400
Nordeste,BA,Ibirataia,Mata Atlântica,1,-39.6000,-14.0400,-39.6000,-14.0400
Nordeste,BA,Ibitiara,Caatinga,5,-42.4800,-12.6000,-42.1200,-12.4200
Nordeste,BA,Ibititá,Caatinga,1,-41.9400,-11.5200,-41.9400,-11.5200
Nordeste,BA,Ibotirama,Caatinga,4,-43.2000,-12.2400,-43.0200,-11.8800
Nordeste,BA,Igaporã,Cerrado,1,-42.6600,-13.8600,-42.6600,-13.8600
Nordeste,BA,Igrapiúna,Mata Atlântica,2,-39.2400,-13.8600,-39.0600,-13.8600
Nordeste,BA,Iguaí,Mata Atlântica,2,-40.1400,-14.5800,-39.9600,-14.5800
Nordeste,BA,Ilhéus,Mata Atlântica,4,-39.4200,-14.7600,-39.0600,-14.5800
Nordeste,BA,Inhambupe,Caatinga,1,-38.3400,-11.7000,-38.3400,-11.7000
Nordeste,BA,Inhambupe,Mata Atlântica,2,-38.5200,-11.8800,-38.3400,-11.8800
Nordeste,BA,Ipecaetá,Mata Atlântica,1,-39.3075,-12.1950,-39.3075,-12.1950
Nordeste,BA,Ipiaú,Mata Atlântica,1,-39.7800,-14.0400,-39.7800,-14.0400
Nordeste,BA,Ipirá,Caatinga,8,-39.9600,-12.4200,-39.6000,-12.0600
Nordeste,BA,Ipupiara,Caatinga,2,-42.4800,-11.8800,-42.3000,-11.8800
Nordeste,BA,Irajuba,Caatinga,1,-40.1400,-13.1400,-40.1400,-13.1400
Nordeste,BA,Irajuba,Mata Atlântica,1,-40.1400,-13.3200,-40.1400,-13.3200
Nordeste,BA,Iramaia,Caatinga,5,-41.2200,-13.5000,-40.8600,-13.3200
Nordeste,BA,Iraquara,Caatinga,1,-41.5800,-12.2400,-41.5800,-12.2400
Nordeste,BA,Irará,Mata Atlântica,1,-38.7000,-12.0600,-38.7000,-12.0600
Nordeste,BA,Irecê,Caatinga,2,-41.9400,-11.3400,-41.7600,-11.3400
Nordeste,BA,Itabela,Mata Atlântica,3,-39.6000,-16.7400,-39.4200,-16.5600
Nordeste,BA,Itaberaba,Caatinga,5,-40.5000,-12.6000,-40.1400,-12.4200
Nordeste,BA,Itacaré,Mata Atlântica,2,-39.2400,-14.4000,-39.0600,-14.4000
Nordeste,BA,Itaeté,Caatinga,4,-41.2200,-13.1400,-40.8600,-12.9600
Nordeste,BA,Itagibá,Mata Atlântica,2,-39.9600,-14.2200,-39.7800,-14.2200
Nordeste,BA,Itagimirim,Mata Atlântica,2,-39.7800,-16.2000,-39.7800,-16.0200
Nordeste,BA,Itaguaçu da Bahia,Caatinga,13,-42.4800,-11.1600,-41.9400,-10.2600
Nordeste,BA,Itaju do Colônia,Mata Atlântica,3,-39.7800,-15.3000,-39.6000,-15.1200
Nordeste,BA,Itamaraju,Mata Atlântica,6,-39.9600,-17.1000,-39.6000,-16.9200
Nordeste,BA,Itambé,Mata Atlântica,4,-40.6800,-15.1200,-40.1400,-15.1200
Nordeste,BA,Itanagra,Mata Atlântica,2,-38.0250,-12.4200,-37.9800,-12.2400
Nordeste,BA,Itanhém,Mata Atlântica,3,-40.5000,-17.1000,-40.1400,-17.1000
Nordeste,BA,Itapebi,Mata Atlântica,4,-39.7800,-16.0200,-39.4200,-15.8400
Nordeste,BA,Itapetinga,Mata Atlântica,3,-40.3200,-15.3000,-39.9600,-15.3000
Nordeste,BA,Itapicuru,Caatinga,3,-38.3400,-11.3400,-38.1600,-11.1600
Nordeste,BA,Itapitanga,Mata Atlântica,1,-39.6000,-14.4000,-39.6000,-14.4000
Nordeste,BA,Itapé,Mata Atlântica,2,-39.6000,-14.9400,-39.4200,-14.9400
Nordeste,BA,Itaquara,Mata Atlântica,2,-39.9600,-13.5000,-39.7800,-13.3200
Nordeste,BA,Itarantim,Mata Atlântica,6,-40.1400,-15.8400,-39.9600,-15.4800
Nordeste,BA,Itatim,Caatinga,2,-39.7800,-12.7800,-39.7800,-12.6000
Nordeste,BA,Itiruçu,Mata Atlântica,1,-40.1400,-13.5000,-40.1400,-13.5000
Nordeste,BA,Itiúba,Caatinga,5,-39.9600,-10.8000,-39.7800,-10.4400
Nordeste,BA,Itororó,Mata Atlântica,1,-39.9600,-15.1200,-39.9600,-15.1200
Nordeste,BA,Ituaçu,Caatinga,5,-41.5800,-14.0400,-41.2200,-13.6800
Nordeste,BA,Iuiu,Caatinga,4,-43.5600,-14.7600,-43.5600,-14.2200
Nordeste,BA,Jaborandi,Caatinga,2,-44.4600,-13.5000,-44.2800,-13.5000
Nordeste,BA,Jaborandi,Cerrado,17,-45.9000,-14.5800,-44.6400,-13.6800
Nordeste,BA,Jacaraci,Caatinga,4,-42.4800,-14.9400,-42.1200,-14.7600
Nordeste,BA,Jacobina,Caatinga,7,-40.8600,-11.3400,-40.3200,-10.8000
Nordeste,BA,Jaguaquara,Mata Atlântica,2,-39.9600,-13.6800,-39.7800,-13.5000
Nordeste,BA,Jaguarari,Caatinga,7,-40.3200,-10.2600,-39.7800,-9.9000
Nordeste,BA,Jaguaripe,Mata Atlântica,3,-39.2400,-13.1400,-38.8800,-12.9600
Nordeste,BA,Jequié,Caatinga,3,-40.3200,-14.0400,-40.1400,-13.8600
Nordeste,BA,Jequié,Mata Atlântica,5,-40.1400,-14.2200,-39.7800,-13.6800
Nordeste,BA,Jeremoabo,Caatinga,12,-38.8800,-10.2600,-38.1600,-9.7200
Nordeste,BA,Jiquiriçá,Mata Atlântica,1,-39.6000,-13.3200,-39.6000,-13.3200
Nordeste,BA,João Dourado,Caatinga,3,-41.5800,-11.3400,-41.4000,-11.1600
Nordeste,BA,Juazeiro,Caatinga,17,-40.6800,-9.9000,-39.9600,-9.1800
Nordeste,BA,Jucuruçu,Mata Atlântica,4,-40.3200,-16.9200,-39.9600,-16.7400
Nordeste,BA,Jussara,Caatinga,3,-41.9400,-11.1600,-41.7600,-10.8000
Nordeste,BA,Jussari,Mata Atlântica,1,-39.4200,-15.1200,-39.4200,-15.1200
Nordeste,BA,Jussiape,Caatinga,1,-41.5800,-13.5000,-41.5800,-13.5000
Nordeste,BA,Lafaiete Coutinho,Mata Atlântica,2,-40.3200,-13.6800,-40.1400,-13.6800
Nordeste,BA,Lagoa Real,Caatinga,2,-42.3000,-14.0400,-42.1200,-14.0400
Nordeste,BA,Laje,Mata Atlântica,1,-39.4200,-13.1400,-39.4200,-13.1400
Nordeste,BA,Lajedinho,Caatinga,2,-41.0400,-12.4200,-40.8600,-12.4200
Nordeste,BA,Lajedo do Tabocal,Mata Atlântica,1,-40.3200,-13.5000,-40.3200,-13.5000
Nordeste,BA,Lajedão,Mata Atlântica,2,-40.3200,-17.6400,-40.3200,-17.4600
Nordeste,BA,Lamarão,Caatinga,1,-38.8800,-11.7000,-38.8800,-11.7000
Nordeste,BA,Lapão,Caatinga,1,-41.7600,-11.5200,-41.7600,-11.5200
Nordeste,BA,Lençóis,Caatinga,4,-41.4000,-12.6000,-41.2200,-12.2400
Nordeste,BA,Licínio de Almeida,Caatinga,1,-42.4800,-14.5800,-42.4800,-14.5800
Nordeste,BA,Livramento de Nossa Senhora,Caatinga,5,-42.1200,-14.0400,-41.7600,-13.6800
Nordeste,BA,Luís Eduardo Magalhães,Cerrado,6,-46.2600,-12.4200,-45.7200,-11.8800
Nordeste,BA,Macajuba,Caatinga,2,-40.3200,-12.2400,-40.1400,-12.0600
Nordeste,BA,Macarani,Mata Atlântica,1,-40.3200,-15.4800,-40.3200,-15.4800
Nordeste,BA,Macaúbas,Caatinga,5,-42.8400,-13.1400,-42.4800,-12.9600
Nordeste,BA,Macaúbas,Cerrado,2,-42.8400,-13.3200,-42.8400,-12.9600
Nordeste,BA,Macururé,Caatinga,7,-39.0600,-9.5400,-38.7000,-9.0000
Nordeste,BA,Maetinga,Caatinga,2,-41.5800,-14.7600,-41.4000,-14.5800
Nordeste,BA,Maiquinique,Mata Atlântica,1,-40.3200,-15.6600,-40.3200,-15.6600
Nordeste,BA,Mairi,Caatinga,3,-40.3200,-11.7000,-39.9600,-11.7000
Nordeste,BA,Malhada,Caatinga,3,-43.7400,-14.5800,-43.5600,-13.8600
Nordeste,BA,Malhada de Pedras,Caatinga,2,-41.9400,-14.4000,-41.7600,-14.4000
Nordeste,BA,Manoel Vitorino,Caatinga,6,-40.8600,-14.2200,-40.3200,-13.8600
Nordeste,BA,Mansidão,Caatinga,4,-44.1000,-11.1600,-43.9200,-10.6200
Nordeste,BA,Mansidão,Cerrado,5,-44.2800,-11.3400,-43.9200,-10.9800
Nordeste,BA,Maracás,Caatinga,7,-40.6800,-13.8600,-40.5000,-13.3200
Nordeste,BA,Maraú,Mata Atlântica,3,-39.4200,-14.2200,-39.0600,-14.2200
Nordeste,BA,Marcionílio Souza,Caatinga,3,-40.6800,-13.1400,-40.5000,-12.9600
Nordeste,BA,Mascote,Mata Atlântica,2,-39.4200,-15.6600,-39.4200,-15.4800
Nordeste,BA,Mata de São João,Mata Atlântica,3,-38.1600,-12.4650,-37.9800,-12.4200
Nordeste,BA,Matina,Caatinga,2,-43.0200,-13.8600,-42.8400,-13.8600
Nordeste,BA,Medeiros Neto,Mata Atlântica,5,-40.5000,-17.4600,-39.9600,-17.2800
Nordeste,BA,Miguel Calmon,Caatinga,4,-40.8600,-11.5200,-40.5000,-11.3400
Nordeste,BA,Milagres,Caatinga,1,-39.7800,-12.9600,-39.7800,-12.9600
Nordeste,BA,Mirangaba,Caatinga,4,-40.8600,-10.9800,-40.5000,-10.6200
Nordeste,BA,Mirante,Caatinga,4,-40.8600,-14.2200,-40.5000,-14.0400
Nordeste,BA,Monte Santo,Caatinga,8,-39.6000,-10.6200,-39.2400,-10.2600
Nordeste,BA,Morpará,Caatinga,6,-43.2000,-11.8800,-42.8400,-11.5200
Nordeste,BA,Morro do Chapéu,Caatinga,14,-41.5800,-11.8800,-40.8600,-10.8000
Nordeste,BA,Mortugaba,Caatinga,1,-42.3000,-14.9400,-42.3000,-14.9400
Nordeste,BA,Mucugê,Caatinga,6,-41.5800,-13.3200,-41.4000,-12.7800
Nordeste,BA,Mucuri,Mata Atlântica,6,-40.1400,-18.1800,-39.6000,-17.8200
Nordeste,BA,Mulungu do Morro,Caatinga,1,-41.5800,-11.8800,-41.5800,-11.8800
Nordeste,BA,Mundo Novo,Caatinga,4,-40.8600,-12.0600,-40.5000,-11.8800
Nordeste,BA,Muniz Ferreira,Mata Atlântica,1,-39.0600,-12.9600,-39.0600,-12.9600
Nordeste,BA,Muquém do São Francisco,Caatinga,9,-43.7400,-12.4200,-43.3800,-11.8800
Nordeste,BA,Muquém do São Francisco,Cerrado,1,-43.9200,-12.2400,-43.9200,-12.2400
Nordeste,BA,Nilo Peçanha,Mata Atlântica,3,-39.4200,-13.6800,-39.0600,-13.6800
Nordeste,BA,Nordestina,Caatinga,2,-39.4200,-10.9800,-39.4200,-10.8000
Nordeste,BA,Nova Canaã,Mata Atlântica,2,-40.1400,-14.9400,-40.1400,-14.7600
Nordeste,BA,Nova Fátima,Caatinga,1,-39.6000,-11.7000,-39.6000,-11.7000
Nordeste,BA,Nova Ibiá,Mata Atlântica,1,-39.6000,-13.8600,-39.6000,-13.8600
Nordeste,BA,Nova Itarana,Caatinga,1,-39.9600,-12.9600,-39.9600,-12.9600
Nordeste,BA,Nova Itarana,Mata Atlântica,1,-39.9600,-13.1400,-39.9600,-13.1400
Nordeste,BA,Nova Redenção,Caatinga,1,-41.0400,-12.7800,-41.0400,-12.7800
Nordeste,BA,Nova Soure,Caatinga,2,-38.7000,-11.3400,-38.5200,-11.3400
Nordeste,BA,Nova Viçosa,Mata Atlântica,2,-39.7800,-17.8200,-39.6000,-17.8200
Nordeste,BA,Novo Horizonte,Caatinga,2,-42.1200,-12.9600,-42.1200,-12.7800
Nordeste,BA,Olindina,Caatinga,2,-38.3400,-11.5200,-38.3400,-11.3400
Nordeste,BA,Oliveira dos Brejinhos,Caatinga,7,-43.0200,-12.4200,-42.4800,-12.0600
Nordeste,BA,Ourolândia,Caatinga,4,-41.4000,-10.9800,-41.0400,-10.8000
Nordeste,BA,Palmas de Monte Alto,Caatinga,8,-43.3800,-14.4000,-43.0200,-14.0400
Nordeste,BA,Palmeiras,Caatinga,2,-41.5800,-12.6000,-41.5800,-12.4200
Nordeste,BA,Paramirim,Caatinga,2,-42.3000,-13.6800,-42.1200,-13.5000
Nordeste,BA,Paratinga,Caatinga,6,-43.2000,-12.9600,-43.0200,-12.4200
Nordeste,BA,Pau Brasil,Mata Atlântica,1,-39.7800,-15.4800,-39.7800,-15.4800
Nordeste,BA,Paulo Afonso,Caatinga,2,-38.3400,-9.5400,-38.1600,-9.5400
Nordeste,BA,Pedro Alexandre,Caatinga,2,-37.9800,-10.0800,-37.8000,-10.0800
Nordeste,BA,Piatã,Caatinga,4,-41.9400,-13.1400,-41.7600,-12.9600
Nordeste,BA,Pilão Arcado,Caatinga,27,-43.7400,-10.4400,-42.4800,-9.5400
Nordeste,BA,Pindaí,Caatinga,2,-42.6600,-14.5800,-42.6600,-14.4000
Nordeste,BA,Pindobaçu,Caatinga,2,-40.3200,-10.8000,-40.3200,-10.6200
Nordeste,BA,Pintadas,Caatinga,2,-39.9600,-11.8800,-39.7800,-11.8800
Nordeste,BA,Piraí do Norte,Mata Atlântica,1,-39.4200,-13.8600,-39.4200,-13.8600
Nordeste,BA,Piripá,Caatinga,1,-41.7600,-14.9400,-41.7600,-14.9400
Nordeste,BA,Piripá,Mata Atlântica,1,-41.7600,-15.1200,-41.7600,-15.1200
Nordeste,BA,Piritiba,Caatinga,2,-40.6800,-11.7000,-40.5000,-11.7000
Nordeste,BA,Planaltino,Caatinga,1,-40.3200,-13.1400,-40.3200,-13.1400
Nordeste,BA,Planaltino,Mata Atlântica,1,-40.3200,-13.3200,-40.3200,-13.3200
Nordeste,BA,Planalto,Caatinga,1,-40.5000,-14.5800,-40.5000,-14.5800
Nordeste,BA,Planalto,Mata Atlântica,2,-40.5000,-14.7600,-40.3200,-14.7600
Nordeste,BA,Pojuca,Mata Atlântica,1,-38.3400,-12.4200,-38.3400,-12.4200
Nordeste,BA,Ponto Novo,Caatinga,1,-40.1400,-10.9800,-40.1400,-10.9800
Nordeste,BA,Porto Seguro,Mata Atlântica,5,-39.4200,-16.7400,-39.0600,-16.3800
Nordeste,BA,Potiraguá,Mata Atlântica,2,-39.7800,-15.6600,-39.6000,-15.6600
Nordeste,BA,Poções,Mata Atlântica,1,-40.3200,-14.5800,-40.3200,-14.5800
Nordeste,BA,Prado,Mata Atlântica,5,-39.6000,-17.2800,-39.2400,-17.1000
Nordeste,BA,Presidente Jânio Quadros,Caatinga,3,-41.7600,-14.7600,-41.5800,-14.5800
Nordeste,BA,Presidente Tancredo Neves,Mata Atlântica,1,-39.4200,-13.5000,-39.4200,-13.5000
Nordeste,BA,Pé de Serra,Caatinga,1,-39.6000,-11.8800,-39.6000,-11.8800
Nordeste,BA,Queimadas,Caatinga,5,-39.9600,-11.1600,-39.6000,-10.8000
Nordeste,BA,Quijingue,Caatinga,3,-39.2400,-10.8000,-38.8800,-10.6200
Nordeste,BA,Quixabeira,Caatinga,2,-40.1400,-11.5200,-40.1400,-11.3400
Nordeste,BA,Rafael Jambeiro,Caatinga,3,-39.6000,-12.6000,-39.4200,-12.4200
Nordeste,BA,Remanso,Caatinga,12,-42.6600,-9.9000,-41.9400,-9.3600
Nordeste,BA,Retirolândia,Caatinga,1,-39.4200,-11.5200,-39.4200,-11.5200
Nordeste,BA,Riacho de Santana,Caatinga,5,-43.3800,-13.8600,-43.0200,-13.5000
Nordeste,BA,Riacho de Santana,Cerrado,2,-42.8400,-13.6800,-42.8400,-13.5000
Nordeste,BA,Riachão das Neves,Cerrado,14,-45.7200,-11.8800,-44.8200,-11.5200
Nordeste,BA,Riachão do Jacuípe,Caatinga,2,-39.4200,-11.8800,-39.4200,-11.7000
Nordeste,BA,Ribeira do Amparo,Caatinga,2,-38.5200,-10.9800,-38.3400,-10.9800
Nordeste,BA,Ribeira do Pombal,Caatinga,3,-38.7000,-10.8000,-38.5200,-10.6200
Nordeste,BA,Ribeirão do Largo,Mata Atlântica,6,-40.8600,-15.6600,-40.5000,-15.3000
Nordeste,BA,Rio Real,Mata Atlântica,2,-37.9800,-11.7000,-37.8000,-11.5200
Nordeste,BA,Rio de Contas,Caatinga,3,-41.9400,-13.8600,-41.5800,-13.5000
Nordeste,BA,Rio do Antônio,Caatinga,2,-42.1200,-14.4000,-42.1200,-14.2200
Nordeste,BA,Rio do Pires,Caatinga,1,-42.1200,-13.1400,-42.1200,-13.1400
Nordeste,BA,Rodelas,Caatinga,5,-38.8800,-9.5400,-38.5200,-8.8200
Nordeste,BA,Ruy Barbosa,Caatinga,5,-40.8600,-12.4200,-40.3200,-12.2400
Nordeste,BA,Santa Brígida,Caatinga,3,-38.3400,-9.9000,-38.1600,-9.7200
Nordeste,BA,Santa Cruz Cabrália,Mata Atlântica,3,-39.4200,-16.3800,-39.0600,-16.2000
Nordeste,BA,Santa Cruz da Vitória,Mata Atlântica,1,-39.7800,-14.9400,-39.7800,-14.9400
Nordeste,BA,Santa Inês,Mata Atlântica,1,-39.7800,-13.3200,-39.7800,-13.3200
Nordeste,BA,Santa Luzia,Mata Atlântica,1,-39.2400,-15.4800,-39.2400,-15.4800
Nordeste,BA,Santa Maria da Vitória,Caatinga,3,-44.4600,-13.3200,-44.1000,-13.3200
Nordeste,BA,Santa Maria da Vitória,Cerrado,3,-44.6400,-13.1400,-44.2800,-13.1400
Nordeste,BA,Santa Rita de Cássia,Caatinga,4,-44.6400,-10.9800,-44.2800,-10.8000
Nordeste,BA,Santa Rita de Cássia,Cerrado,12,-44.8200,-11.3400,-44.2800,-10.6200
Nordeste,BA,Santa Terezinha,Caatinga,2,-39.6000,-12.7800,-39.6000,-12.6000
Nordeste,BA,Santa Terezinha,Mata Atlântica,4,-39.6675,-12.9150,-39.5325,-12.8025
Nordeste,BA,Santaluz,Caatinga,4,-39.7800,-11.3400,-39.4200,-11.1600
Nordeste,BA,Santana,Caatinga,6,-44.1000,-13.1400,-43.7400,-12.9600
Nordeste,BA,Santanópolis,Caatinga,2,-38.8800,-12.0600,-38.8800,-11.8800
Nordeste,BA,Santo Antônio de Jesus,Mata Atlântica,1,-39.2400,-12.9600,-39.2400,-12.9600
Nordeste,BA,Santo Estêvão,Caatinga,1,-39.2400,-12.4200,-39.2400,-12.4200
Nordeste,BA,Sapeaçu,Mata Atlântica,1,-39.2400,-12.7800,-39.2400,-12.7800
Nordeste,BA,Seabra,Caatinga,6,-41.9400,-12.6000,-41.7600,-12.2400
Nordeste,BA,Sebastião Laranjeiras,Caatinga,5,-43.3800,-14.5800,-42.8400,-14.4000
Nordeste,BA,Senhor do Bonfim,Caatinga,2,-40.1400,-10.6200,-40.1400,-10.4400
Nordeste,BA,Sento Sé,Caatinga,31,-42.3000,-10.6200,-41.0400,-9.5400
Nordeste,BA,Serra Dourada,Caatinga,4,-44.1000,-12.7800,-43.5600,-12.7800
Nordeste,BA,Serra Preta,Caatinga,2,-39.4200,-12.2400,-39.4200,-12.0600
Nordeste,BA,Serra Preta,Mata Atlântica,2,-39.3300,-12.1725,-39.3300,-12.1050
Nordeste,BA,Serra do Ramalho,Caatinga,5,-43.7400,-13.6800,-43.5600,-13.3200
Nordeste,BA,Serrinha,Caatinga,1,-39.0600,-11.7000,-39.0600,-11.7000
Nordeste,BA,Sobradinho,Caatinga,3,-41.0400,-9.9000,-40.8600,-9.5400
Nordeste,BA,Souto Soares,Caatinga,4,-41.9400,-12.0600,-41.5800,-11.8800
Nordeste,BA,Sátiro Dias,Caatinga,3,-38.7000,-11.7000,-38.5200,-11.5200
Nordeste,BA,São Desidério,Cerrado,29,-46.0800,-13.3200,-44.6400,-12.4200
Nordeste,BA,São Domingos,Caatinga,1,-39.6000,-11.5200,-39.6000,-11.5200
Nordeste,BA,São Felipe,Mata Atlântica,1,-39.0600,-12.7800,-39.0600,-12.7800
Nordeste,BA,São Félix do Coribe,Caatinga,4,-44.1000,-13.6800,-43.9200,-13.5000
Nordeste,BA,São Gabriel,Caatinga,3,-41.7600,-11.1600,-41.5800,-10.9800
Nordeste,BA,São Gonçalo dos Campos,Mata Atlântica,1,-38.8800,-12.4200,-38.8800,-12.4200
Nordeste,BA,São Sebastião do Passé,Mata Atlântica,2,-38.5200,-12.6000,-38.5200,-12.4200
Nordeste,BA,Sítio do Mato,Caatinga,4,-43.5600,-13.1400,-43.3800,-12.6000
Nordeste,BA,Sítio do Quinto,Caatinga,2,-38.1600,-10.4400,-38.1600,-10.2600
Nordeste,BA,Tabocas do Brejo Velho,Cerrado,3,-44.2800,-12.6000,-44.1000,-12.4200
Nordeste,BA,Tanhaçu,Caatinga,3,-41.2200,-14.2200,-41.0400,-14.0400
Nordeste,BA,Tanque Novo,Caatinga,1,-42.4800,-13.5000,-42.4800,-13.5000
Nordeste,BA,Tanque Novo,Cerrado,1,-42.6600,-13.5000,-42.6600,-13.5000
Nordeste,BA,Tanquinho,Caatinga,1,-39.0600,-11.8800,-39.0600,-11.8800
Nordeste,BA,Tanquinho,Mata Atlântica,1,-39.0600,-12.0600,-39.0600,-12.0600
Nordeste,BA,Tapiramutá,Caatinga,2,-40.8600,-11.8800,-40.6800,-11.8800
Nordeste,BA,Teixeira de Freitas,Mata Atlântica,3,-39.9600,-17.4600,-39.7800,-17.2800
Nordeste,BA,Teofilândia,Caatinga,1,-38.8800,-11.5200,-38.8800,-11.5200
Nordeste,BA,Teolândia,Mata Atlântica,1,-39.6000,-13.5000,-39.6000,-13.5000
Nordeste,BA,Tremedal,Caatinga,3,-41.5800,-15.1200,-41.4000,-14.9400
Nordeste,BA,Tremedal,Mata Atlântica,1,-41.5800,-15.1200,-41.5800,-15.1200
Nordeste,BA,Tucano,Caatinga,6,-39.0600,-11.1600,-38.7000,-10.8000
Nordeste,BA,Uauá,Caatinga,8,-39.6000,-10.0800,-39.2400,-9.7200
Nordeste,BA,Ubaíra,Mata Atlântica,1,-39.6000,-13.1400,-39.6000,-13.1400
Nordeste,BA,Uibaí,Caatinga,1,-42.1200,-11.3400,-42.1200,-11.3400
Nordeste,BA,Umburanas,Caatinga,4,-41.4000,-10.6200,-41.0400,-10.4400
Nordeste,BA,Una,Mata Atlântica,4,-39.2400,-15.3000,-39.0600,-15.1200
Nordeste,BA,Urandi,Caatinga,2,-42.8400,-14.7600,-42.6600,-14.7600
Nordeste,BA,Uruçuca,Mata Atlântica,1,-39.2400,-14.5800,-39.2400,-14.5800
Nordeste,BA,Utinga,Caatinga,2,-41.2200,-12.0600,-41.0400,-12.0600
Nordeste,BA,Valente,Caatinga,1,-39.4200,-11.3400,-39.4200,-11.3400
Nordeste,BA,Valença,Mata Atlântica,4,-39.4200,-13.5000,-39.0600,-13.3200
Nordeste,BA,Varzedo,Mata Atlântica,1,-39.4200,-12.9600,-39.4200,-12.9600
Nordeste,BA,Vitória da Conquista,Caatinga,1,-41.0400,-14.9400,-41.0400,-14.9400
Nordeste,BA,Vitória da Conquista,Mata Atlântica,6,-41.0400,-15.3000,-40.6800,-14.7600
Nordeste,BA,Várzea Nova,Caatinga,3,-41.2200,-11.1600,-40.8600,-10.9800
Nordeste,BA,Várzea do Poço,Caatinga,1,-40.3200,-11.5200,-40.3200,-11.5200
Nordeste,BA,Wagner,Caatinga,2,-41.2200,-12.2400,-41.0400,-12.2400
Nordeste,BA,Wanderley,Caatinga,7,-44.1000,-12.0600,-43.7400,-11.5200
Nordeste,BA,Wanderley,Cerrado,1,-44.1000,-12.0600,-44.1000,-12.0600
Nordeste,BA,Wenceslau Guimarães,Mata Atlântica,1,-39.6000,-13.6800,-39.6000,-13.6800
Nordeste,BA,Xique-Xique,Caatinga,14,-43.2000,-11.5200,-42.4800,-10.4400
Nordeste,BA,Água Fria,Caatinga,1,-38.7000,-11.7000,-38.7000,-11.7000
Nordeste,BA,Água Fria,Mata Atlântica,1,-38.7000,-11.8800,-38.7000,-11.8800
Nordeste,BA,Érico Cardoso,Caatinga,3,-42.1200,-13.5000,-41.9400,-13.3200
Nordeste,CE,Abaiara,Caatinga,1,-39.0600,-7.3800,-39.0600,-7.3800
Nordeste,CE,Acarape,Caatinga,4,-38.6550,-4.2075,-38.6325,-4.1625
Nordeste,CE,Acaraú,Caatinga,3,-40.1400,-3.2400,-39.9600,-2.8800
Nordeste,CE,Acopiara,Caatinga,5,-39.7800,-6.3000,-39.2400,-6.1200
Nordeste,CE,Aiuaba,Caatinga,6,-40.6800,-6.6600,-40.1400,-6.4800
Nordeste,CE,Alcântaras,Caatinga,1,-40.5000,-3.6000,-40.5000,-3.6000
Nordeste,CE,Alto Santo,Caatinga,3,-38.3400,-5.5800,-38.1600,-5.4000
Nordeste,CE,Amontada,Caatinga,3,-39.9600,-3.4200,-39.7800,-3.2400
Nordeste,CE,Apuiarés,Caatinga,2,-39.4200,-3.9600,-39.2400,-3.9600
Nordeste,CE,Aquiraz,Caatinga,4,-38.4750,-3.9825,-38.3400,-3.9150
Nordeste,CE,Aracati,Caatinga,3,-37.8000,-4.8600,-37.4400,-4.6800
Nordeste,CE,Aracoiaba,Caatinga,1,-38.7000,-4.5000,-38.7000,-4.5000
Nordeste,CE,Araripe,Caatinga,2,-40.1400,-7.2000,-39.9600,-7.2000
Nordeste,CE,Aratuba,Caatinga,2,-39.0600,-4.4100,-39.0150,-4.4100
Nordeste,CE,Arneiroz,Caatinga,4,-40.3200,-6.3000,-39.9600,-6.1200
Nordeste,CE,Assaré,Caatinga,3,-39.9600,-7.0200,-39.7800,-6.8400
Nordeste,CE,Aurora,Caatinga,2,-39.0600,-7.0200,-38.8800,-7.0200
Nordeste,CE,Banabuiú,Caatinga,2,-39.0600,-5.4000,-38.8800,-5.2200
Nordeste,CE,Barbalha,Caatinga,3,-39.4200,-7.5600,-39.2400,-7.3800
Nordeste,CE,Barro,Caatinga,2,-38.8800,-7.2000,-38.7000,-7.2000
Nordeste,CE,Baturité,Caatinga,2,-38.9250,-4.3200,-38.8800,-4.3200
Nordeste,CE,Beberibe,Caatinga,6,-38.3400,-4.5000,-37.9800,-4.1400
Nordeste,CE,Bela Cruz,Caatinga,2,-40.3200,-3.0600,-40.1400,-3.0600
Nordeste,CE,Boa Viagem,Caatinga,5,-39.9600,-5.2200,-39.7800,-4.8600
Nordeste,CE,Brejo Santo,Caatinga,1,-38.8800,-7.5600,-38.8800,-7.5600
Nordeste,CE,Camocim,Caatinga,2,-40.8600,-2.8800,-40.6800,-2.8800
Nordeste,CE,Campos Sales,Caatinga,3,-40.3200,-7.0200,-40.1400,-6.8400
Nordeste,CE,Canindé,Caatinga,7,-39.6000,-4.6800,-39.2400,-4.1400
Nordeste,CE,Capistrano,Caatinga,1,-38.8800,-4.5000,-38.8800,-4.5000
Nordeste,CE,Caridade,Caatinga,2,-39.0600,-4.3200,-39.0600,-4.1400
Nordeste,CE,Caririaçu,Caatinga,2,-39.4200,-7.0200,-39.2400,-7.0200
Nordeste,CE,Cariré,Caatinga,1,-40.5000,-3.9600,-40.5000,-3.9600
Nordeste,CE,Cariús,Caatinga,3,-39.6000,-6.6600,-39.4200,-6.4800
Nordeste,CE,Carnaubal,Caatinga,1,-41.0400,-4.1400,-41.0400,-4.1400
Nordeste,CE,Cascavel,Caatinga,2,-38.3400,-4.3200,-38.3400,-4.1400
Nordeste,CE,Catarina,Caatinga,1,-39.9600,-6.3000,-39.9600,-6.3000
Nordeste,CE,Catunda,Caatinga,2,-40.3200,-4.6800,-40.1400,-4.6800
Nordeste,CE,Caucaia,Caatinga,3,-38.8800,-3.9600,-38.7000,-3.7800
Nordeste,CE,Cedro,Caatinga,2,-39.0600,-6.6600,-39.0600,-6.4800
Nordeste,CE,Chaval,Caatinga,1,-41.2200,-3.0600,-41.2200,-3.0600
Nordeste,CE,Chorozinho,Caatinga,1,-38.5200,-4.3200,-38.5200,-4.3200
Nordeste,CE,Choró,Caatinga,3,-39.2400,-4.8600,-39.0600,-4.6800
Nordeste,CE,Coreaú,Caatinga,3,-40.8600,-3.7800,-40.6800,-3.6000
Nordeste,CE,Crateús,Caatinga,9,-41.0400,-5.4000,-40.5000,-5.0400
Nordeste,CE,Crato,Caatinga,2,-39.6000,-7.3800,-39.4200,-7.2000
Nordeste,CE,Croatá,Caatinga,2,-41.0400,-4.3200,-40.8600,-4.3200
Nordeste,CE,Cruz,Caatinga,1,-40.3200,-2.8800,-40.3200,-2.8800
Nordeste,CE,Deputado Irapuan Pinheiro,Caatinga,1,-39.2400,-5.9400,-39.2400,-5.9400
Nordeste,CE,Ereré,Caatinga,1,-38.3400,-5.9400,-38.3400,-5.9400
Nordeste,CE,Farias Brito,Caatinga,2,-39.6000,-7.0200,-39.6000,-6.8400
Nordeste,CE,Forquilha,Caatinga,1,-40.1400,-3.7800,-40.1400,-3.7800
Nordeste,CE,Fortaleza,Caatinga,11,-38.5200,-3.7912,-38.4413,-3.7463
Nordeste,CE,Fortim,Caatinga,1,-37.8000,-4.5000,-37.8000,-4.5000
Nordeste,CE,Frecheirinha,Caatinga,1,-40.8600,-3.7800,-40.8600,-3.7800
Nordeste,CE,Granja,Caatinga,17,-41.2200,-3.4200,-40.5000,-3.0600
Nordeste,CE,Guaiúba,Caatinga,15,-38.7225,-4.1625,-38.5875,-4.0275
Nordeste,CE,Guaramiranga,Caatinga,3,-38.9700,-4.2750,-38.9250,-4.2300
Nordeste,CE,Hidrolândia,Caatinga,2,-40.5000,-4.5000,-40.3200,-4.5000
Nordeste,CE,Horizonte,Caatinga,3,-38.5425,-4.1175,-38.5200,-4.0725
Nordeste,CE,Ibaretama,Caatinga,3,-38.8800,-4.8600,-38.7000,-4.6800
Nordeste,CE,Ibiapina,Caatinga,2,-41.0400,-3.9600,-40.8600,-3.9600
Nordeste,CE,Ibicuitinga,Caatinga,1,-38.5200,-5.0400,-38.5200,-5.0400
Nordeste,CE,Icapuí,Caatinga,1,-37.4400,-4.6800,-37.4400,-4.6800
Nordeste,CE,Icó,Caatinga,3,-38.8800,-6.4800,-38.7000,-6.3000
Nordeste,CE,Iguatu,Caatinga,4,-39.4200,-6.4800,-39.0600,-6.3000
Nordeste,CE,Independência,Caatinga,8,-40.5000,-5.7600,-40.1400,-5.2200
Nordeste,CE,Ipaporanga,Caatinga,2,-40.8600,-4.8600,-40.6800,-4.8600
Nordeste,CE,Ipaumirim,Caatinga,1,-38.7000,-6.8400,-38.7000,-6.8400
Nordeste,CE,Ipu,Caatinga,2,-40.6800,-4.3200,-40.5000,-4.3200
Nordeste,CE,Ipueiras,Caatinga,4,-41.0400,-4.6800,-40.6800,-4.5000
Nordeste,CE,Iracema,Caatinga,1,-38.3400,-5.7600,-38.3400,-5.7600
Nordeste,CE,Irauçuba,Caatinga,4,-39.9600,-4.1400,-39.7800,-3.7800
Nordeste,CE,Itaitinga,Caatinga,11,-38.5875,-4.1175,-38.5200,-3.9600
Nordeste,CE,Itapajé,Caatinga,1,-39.6000,-3.7800,-39.6000,-3.7800
Nordeste,CE,Itapipoca,Caatinga,3,-39.6000,-3.6000,-39.6000,-3.2400
Nordeste,CE,Itapiúna,Caatinga,2,-39.0600,-4.6800,-38.8800,-4.5000
Nordeste,CE,Itarema,Caatinga,2,-39.9600,-3.0600,-39.7800,-3.0600
Nordeste,CE,Itatira,Caatinga,2,-39.6000,-4.6800,-39.6000,-4.5000
Nordeste,CE,Jaguaretama,Caatinga,6,-38.8800,-5.7600,-38.7000,-5.2200
Nordeste,CE,Jaguaribara,Caatinga,2,-38.5200,-5.7600,-38.5200,-5.5800
Nordeste,CE,Jaguaribe,Caatinga,5,-38.8800,-6.1200,-38.5200,-5.9400
Nordeste,CE,Jaguaruana,Caatinga,2,-37.8000,-4.8600,-37.6200,-4.8600
Nordeste,CE,Jardim,Caatinga,1,-39.2400,-7.5600,-39.2400,-7.5600
Nordeste,CE,Jati,Caatinga,1,-39.0600,-7.7400,-39.0600,-7.7400
Nordeste,CE,Jijoca de Jericoacoara,Caatinga,1,-40.5000,-2.8800,-40.5000,-2.8800
Nordeste,CE,Juazeiro do Norte,Caatinga,1,-39.2400,-7.2000,-39.2400,-7.2000
Nordeste,CE,Jucás,Caatinga,1,-39.6000,-6.4800,-39.6000,-6.4800
Nordeste,CE,Lavras da Mangabeira,Caatinga,3,-39.0600,-6.8400,-38.8800,-6.6600
Nordeste,CE,Limoeiro do Norte,Caatinga,2,-38.1600,-5.2200,-37.9800,-5.0400
Nordeste,CE,Madalena,Caatinga,3,-39.6000,-5.0400,-39.4200,-4.8600
Nordeste,CE,Maranguape,Caatinga,7,-38.7000,-4.0500,-38.6550,-3.9600
Nordeste,CE,Marco,Caatinga,1,-40.3200,-3.2400,-40.3200,-3.2400
Nordeste,CE,Martinópole,Caatinga,1,-40.6800,-3.2400,-40.6800,-3.2400
Nordeste,CE,Massapê,Caatinga,3,-40.5000,-3.6000,-40.3200,-3.4200
Nordeste,CE,Mauriti,Caatinga,2,-38.7000,-7.5600,-38.7000,-7.3800
Nordeste,CE,Milagres,Caatinga,1,-38.8800,-7.3800,-38.8800,-7.3800
Nordeste,CE,Milhã,Caatinga,1,-39.2400,-5.7600,-39.2400,-5.7600
Nordeste,CE,Miraíma,Caatinga,2,-39.9600,-3.6000,-39.7800,-3.6000
Nordeste,CE,Missão Velha,Caatinga,1,-39.0600,-7.2000,-39.0600,-7.2000
Nordeste,CE,Mombaça,Caatinga,5,-39.9600,-5.9400,-39.6000,-5.7600
Nordeste,CE,Monsenhor Tabosa,Caatinga,2,-40.1400,-5.0400,-39.9600,-4.8600
Nordeste,CE,Morada Nova,Caatinga,8,-38.5200,-5.4000,-38.3400,-4.6800
Nordeste,CE,Moraújo,Caatinga,1,-40.6800,-3.4200,-40.6800,-3.4200
Nordeste,CE,Morrinhos,Caatinga,1,-40.1400,-3.2400,-40.1400,-3.2400
Nordeste,CE,Mulungu,Caatinga,4,-39.0150,-4.3650,-38.9700,-4.2750
Nordeste,CE,Nova Olinda,Caatinga,1,-39.6000,-7.2000,-39.6000,-7.2000
Nordeste,CE,Nova Russas,Caatinga,1,-40.5000,-4.6800,-40.5000,-4.6800
Nordeste,CE,Novo Oriente,Caatinga,3,-40.8600,-5.7600,-40.6800,-5.5800
Nordeste,CE,Ocara,Caatinga,1,-38.5200,-4.5000,-38.5200,-4.5000
Nordeste,CE,Orós,Caatinga,1,-38.8800,-6.3000,-38.8800,-6.3000
Nordeste,CE,Pacajus,Caatinga,4,-38.6100,-4.1625,-38.5200,-4.1400
Nordeste,CE,Pacatuba,Caatinga,4,-38.6550,-4.0050,-38.6325,-3.9600
Nordeste,CE,Pacoti,Caatinga,3,-38.9250,-4.2300,-38.8800,-4.1850
Nordeste,CE,Pacujá,Caatinga,1,-40.6800,-3.9600,-40.6800,-3.9600
Nordeste,CE,Palhano,Caatinga,1,-37.9800,-4.6800,-37.9800,-4.6800
Nordeste,CE,Palmácia,Caatinga,1,-38.8800,-4.1400,-38.8800,-4.1400
Nordeste,CE,Paracuru,Caatinga,1,-39.0600,-3.4200,-39.0600,-3.4200
Nordeste,CE,Paraipaba,Caatinga,1,-39.2400,-3.4200,-39.2400,-3.4200
Nordeste,CE,Parambu,Caatinga,4,-40.6800,-6.4800,-40.5000,-6.1200
Nordeste,CE,Paramoti,Caatinga,2,-39.4200,-4.1400,-39.2400,-4.1400
Nordeste,CE,Pedra Branca,Caatinga,5,-39.9600,-5.5800,-39.6000,-5.4000
Nordeste,CE,Pentecoste,Caatinga,3,-39.2400,-3.9600,-39.0600,-3.7800
Nordeste,CE,Pereiro,Caatinga,1,-38.5200,-6.1200,-38.5200,-6.1200
Nordeste,CE,Piquet Carneiro,Caatinga,2,-39.4200,-5.9400,-39.4200,-5.7600
Nordeste,CE,Poranga,Caatinga,4,-41.2200,-4.8600,-40.8600,-4.6800
Nordeste,CE,Porteiras,Caatinga,1,-39.0600,-7.5600,-39.0600,-7.5600
Nordeste,CE,Potengi,Caatinga,1,-39.9600,-7.0200,-39.9600,-7.0200
Nordeste,CE,Potiretama,Caatinga,1,-38.1600,-5.7600,-38.1600,-5.7600
Nordeste,CE,Quiterianópolis,Caatinga,2,-40.8600,-5.9400,-40.6800,-5.7600
Nordeste,CE,Quixadá,Caatinga,4,-39.0600,-5.0400,-38.7000,-4.8600
Nordeste,CE,Quixelô,Caatinga,1,-39.0600,-6.1200,-39.0600,-6.1200
Nordeste,CE,Quixeramobim,Caatinga,10,-39.6000,-5.5800,-39.0600,-5.0400
Nordeste,CE,Quixeré,Caatinga,3,-37.9800,-5.2200,-37.8000,-5.0400
Nordeste,CE,Redenção,Caatinga,4,-38.8125,-4.3200,-38.7000,-4.1850
Nordeste,CE,Reriutaba,Caatinga,1,-40.6800,-4.1400,-40.6800,-4.1400
Nordeste,CE,Russas,Caatinga,3,-38.1600,-4.8600,-37.9800,-4.6800
Nordeste,CE,Saboeiro,Caatinga,5,-39.9600,-6.6600,-39.7800,-6.3000
Nordeste,CE,Salitre,Caatinga,3,-40.5000,-7.2000,-40.1400,-7.0200
Nordeste,CE,Santa Quitéria,Caatinga,13,-40.3200,-4.6800,-39.7800,-3.9600
Nordeste,CE,Santana do Acaraú,Caatinga,2,-40.1400,-3.6000,-40.1400,-3.4200
Nordeste,CE,Santana do Cariri,Caatinga,1,-39.7800,-7.2000,-39.7800,-7.2000
Nordeste,CE,Senador Pompeu,Caatinga,1,-39.4200,-5.5800,-39.4200,-5.5800
Nordeste,CE,Senador Sá,Caatinga,1,-40.5000,-3.2400,-40.5000,-3.2400
Nordeste,CE,Sobral,Caatinga,4,-40.5000,-3.9600,-39.9600,-3.7800
Nordeste,CE,Solonópole,Caatinga,4,-39.0600,-5.9400,-38.8800,-5.5800
Nordeste,CE,São Benedito,Caatinga,1,-40.8600,-4.1400,-40.8600,-4.1400
Nordeste,CE,São Gonçalo do Amarante,Caatinga,2,-39.0600,-3.6000,-38.8800,-3.6000
Nordeste,CE,São João do Jaguaribe,Caatinga,1,-38.3400,-5.4000,-38.3400,-5.4000
Nordeste,CE,São Luís do Curu,Caatinga,1,-39.2400,-3.6000,-39.2400,-3.6000
Nordeste,CE,Tabuleiro do Norte,Caatinga,2,-38.1600,-5.4000,-37.9800,-5.2200
Nordeste,CE,Tamboril,Caatinga,4,-40.5000,-5.0400,-40.1400,-4.8600
Nordeste,CE,Tauá,Caatinga,11,-40.6800,-6.3000,-39.9600,-5.5800
Nordeste,CE,Tejuçuoca,Caatinga,1,-39.6000,-3.9600,-39.6000,-3.9600
Nordeste,CE,Tianguá,Caatinga,2,-41.2200,-3.7800,-41.0400,-3.7800
Nordeste,CE,Trairi,Caatinga,3,-39.4200,-3.4200,-39.2400,-3.2400
Nordeste,CE,Tururu,Caatinga,1,-39.4200,-3.6000,-39.4200,-3.6000
Nordeste,CE,Ubajara,Caatinga,1,-41.2200,-3.9600,-41.2200,-3.9600
Nordeste,CE,Umari,Caatinga,1,-38.7000,-6.6600,-38.7000,-6.6600
Nordeste,CE,Umirim,Caatinga,1,-39.4200,-3.7800,-39.4200,-3.7800
Nordeste,CE,Varjota,Caatinga,1,-40.5000,-4.1400,-40.5000,-4.1400
Nordeste,CE,Viçosa do Ceará,Caatinga,3,-41.2200,-3.6000,-41.0400,-3.4200
Nordeste,CE,Várzea Alegre,Caatinga,3,-39.4200,-6.8400,-39.2400,-6.6600
Nordeste,MA,Alcântara,Amazônia,4,-44.6400,-2.5200,-44.4600,-2.1600
Nordeste,MA,Aldeias Altas,Cerrado,6,-43.6050,-4.5000,-43.2000,-4.3200
Nordeste,MA,Altamira do Maranhão,Amazônia,2,-45.5400,-4.1400,-45.3600,-4.1400
Nordeste,MA,Alto Alegre do Maranhão,Cerrado,1,-44.4600,-4.1400,-44.4600,-4.1400
Nordeste,MA,Alto Alegre do Pindaré,Amazônia,5,-46.2600,-4.1400,-45.7200,-3.7800
Nordeste,MA,Alto Parnaíba,Cerrado,29,-46.6200,-10.0800,-45.9000,-8.8200
Nordeste,MA,Amapá do Maranhão,Amazônia,1,-45.9000,-1.6200,-45.9000,-1.6200
Nordeste,MA,Amarante do Maranhão,Amazônia,3,-46.8000,-5.2200,-46.8000,-4.8600
Nordeste,MA,Amarante do Maranhão,Cerrado,3,-46.8000,-5.5800,-46.4400,-5.4000
Nordeste,MA,Anajatuba,Amazônia,3,-44.6400,-3.4200,-44.4600,-3.2400
Nordeste,MA,Anapurus,Cerrado,2,-43.2000,-3.6000,-43.0200,-3.4200
Nordeste,MA,Araguanã,Amazônia,1,-45.7200,-3.0600,-45.7200,-3.0600
Nordeste,MA,Araioses,Cerrado,3,-42.1200,-3.0600,-41.9400,-2.7000
Nordeste,MA,Arame,Amazônia,6,-46.0800,-5.2200,-45.7200,-4.6800
Nordeste,MA,Arari,Amazônia,3,-44.8200,-3.7800,-44.6400,-3.4200
Nordeste,MA,Axixá,Amazônia,1,-44.1000,-2.8800,-44.1000,-2.8800
Nordeste,MA,Açailândia,Amazônia,15,-47.8800,-5.0400,-46.9800,-4.5000
Nordeste,MA,Bacabal,Amazônia,4,-45.0000,-4.3200,-44.6400,-3.9600
Nordeste,MA,Bacabal,Cerrado,1,-44.6400,-4.1400,-44.6400,-4.1400
Nordeste,MA,Bacabeira,Amazônia,1,-44.2800,-2.8800,-44.2800,-2.8800
Nordeste,MA,Bacuri,Amazônia,3,-45.1800,-1.8000,-45.0000,-1.6200
Nordeste,MA,Bacurituba,Amazônia,1,-44.6400,-2.7000,-44.6400,-2.7000
Nordeste,MA,Balsas,Cerrado,30,-46.9800,-9.3600,-45.7200,-7.2000
Nordeste,MA,Barra do Corda,Cerrado,10,-45.3600,-5.7600,-44.8200,-5.2200
Nordeste,MA,Barreirinhas,Cerrado,7,-43.0200,-3.0600,-42.8400,-2.5200
Nordeste,MA,Barão de Grajaú,Cerrado,4,-43.3800,-6.6600,-43.0200,-6.4800
Nordeste,MA,Belágua,Cerrado,2,-43.5600,-3.0600,-43.3800,-3.0600
Nordeste,MA,Benedito Leite,Cerrado,4,-44.6400,-7.2000,-44.2800,-7.0200
Nordeste,MA,Bequimão,Amazônia,2,-44.8200,-2.5200,-44.8200,-2.3400
Nordeste,MA,Bernardo do Mearim,Cerrado,1,-44.6400,-4.6800,-44.6400,-4.6800
Nordeste,MA,Bom Jardim,Amazônia,12,-46.9800,-4.3200,-45.7200,-3.6000
Nordeste,MA,Bom Jesus das Selvas,Amazônia,4,-46.8000,-4.6800,-46.6200,-4.5000
Nordeste,MA,Bom Lugar,Amazônia,1,-45.0000,-4.1400,-45.0000,-4.1400
Nordeste,MA,Brejo,Cerrado,2,-42.8400,-3.7800,-42.8400,-3.6000
Nordeste,MA,Brejo de Areia,Amazônia,3,-45.7200,-4.5000,-45.5400,-4.3200
Nordeste,MA,Buriti,Cerrado,3,-43.2000,-3.9600,-43.0200,-3.7800
Nordeste,MA,Buriti Bravo,Cerrado,4,-43.9200,-5.9400,-43.7400,-5.7600
Nordeste,MA,Buriticupu,Amazônia,5,-46.4400,-4.6800,-46.2600,-4.3200
Nordeste,MA,Buritirana,Cerrado,3,-47.1600,-5.5800,-46.9800,-5.4000
Nordeste,MA,Cachoeira Grande,Cerrado,2,-43.9200,-3.2400,-43.9200,-3.0600
Nordeste,MA,Cajari,Amazônia,1,-45.0000,-3.4200,-45.0000,-3.4200
Nordeste,MA,Campestre do Maranhão,Cerrado,2,-47.3400,-6.1200,-47.1600,-6.1200
Nordeste,MA,Cantanhede,Cerrado,2,-44.2800,-3.6000,-44.1000,-3.6000
Nordeste,MA,Capinzal do Norte,Cerrado,1,-44.2800,-4.6800,-44.2800,-4.6800
Nordeste,MA,Carolina,Cerrado,17,-47.7000,-7.9200,-46.8000,-6.8400
Nordeste,MA,Carutapera,Amazônia,4,-46.0800,-1.6200,-45.9000,-1.2600
Nordeste,MA,Caxias,Cerrado,25,-43.7400,-5.2200,-42.9750,-4.5000
Nordeste,MA,Central do Maranhão,Amazônia,1,-44.8200,-2.1600,-44.8200,-2.1600
Nordeste,MA,Centro Novo do Maranhão,Amazônia,9,-46.9800,-3.9600,-46.2600,-2.1600
Nordeste,MA,Centro do Guilherme,Amazônia,2,-46.0800,-2.5200,-46.0800,-2.3400
Nordeste,MA,Chapadinha,Cerrado,8,-43.5600,-4.1400,-43.2000,-3.6000
Nordeste,MA,Cidelândia,Amazônia,4,-47.8800,-5.2200,-47.7000,-4.8600
Nordeste,MA,Codó,Cerrado,14,-44.2800,-4.8600,-43.5600,-4.3200
Nordeste,MA,Coelho Neto,Cerrado,3,-43.2000,-4.3200,-43.0200,-4.1400
Nordeste,MA,Colinas,Cerrado,5,-44.4600,-6.3000,-44.1000,-5.9400
Nordeste,MA,Conceição do Lago-Açu,Amazônia,2,-45.0000,-3.7800,-44.8200,-3.7800
Nordeste,MA,Coroatá,Cerrado,5,-44.2800,-4.3200,-44.1000,-3.9600
Nordeste,MA,Cururupu,Amazônia,2,-44.8200,-1.8000,-44.6400,-1.8000
Nordeste,MA,Cândido Mendes,Amazônia,4,-45.7200,-1.8000,-45.5400,-1.4400
Nordeste,MA,Davinópolis,Cerrado,1,-47.3400,-5.5800,-47.3400,-5.5800
Nordeste,MA,Dom Pedro,Cerrado,1,-44.4600,-5.0400,-44.4600,-5.0400
Nordeste,MA,Duque Bacelar,Cerrado,3,-43.0200,-4.1400,-42.9750,-4.0950
Nordeste,MA,Esperantinópolis,Cerrado,2,-45.0000,-4.8600,-44.8200,-4.8600
Nordeste,MA,Estreito,Cerrado,6,-47.3400,-6.8400,-46.9800,-6.6600
Nordeste,MA,Feira Nova do Maranhão,Cerrado,5,-46.8000,-7.2000,-46.4400,-6.8400
Nordeste,MA,Fernando Falcão,Cerrado,1,-44.8200,-6.1200,-44.8200,-6.1200
Nordeste,MA,Formosa da Serra Negra,Cerrado,11,-46.4400,-6.8400,-45.9000,-6.3000
Nordeste,MA,Fortaleza dos Nogueiras,Cerrado,4,-46.2600,-7.0200,-45.9000,-6.8400
Nordeste,MA,Fortuna,Cerrado,2,-44.1000,-5.7600,-43.9200,-5.5800
Nordeste,MA,Gonçalves Dias,Cerrado,2,-44.2800,-5.2200,-44.1000,-5.0400
Nordeste,MA,Governador Archer,Cerrado,1,-44.2800,-5.0400,-44.2800,-5.0400
Nordeste,MA,Governador Edison Lobão,Cerrado,1,-47.3400,-5.7600,-47.3400,-5.7600
Nordeste,MA,Governador Eugênio Barros,Cerrado,2,-44.1000,-5.4000,-43.9200,-5.4000
Nordeste,MA,Governador Luiz Rocha,Cerrado,1,-44.1000,-5.5800,-44.1000,-5.5800
Nordeste,MA,Governador Newton Bello,Amazônia,4,-46.2600,-3.4200,-45.7200,-3.4200
Nordeste,MA,Governador Nunes Freire,Amazônia,4,-45.9000,-2.1600,-45.7200,-1.9800
Nordeste,MA,Grajaú,Cerrado,15,-46.4400,-6.3000,-45.9000,-5.4000
Nordeste,MA,Graça Aranha,Cerrado,1,-44.2800,-5.4000,-44.2800,-5.4000
Nordeste,MA,Guimarães,Amazônia,1,-44.6400,-2.1600,-44.6400,-2.1600
Nordeste,MA,Humberto de Campos,Cerrado,3,-43.5600,-2.8800,-43.5600,-2.5200
Nordeste,MA,Icatu,Amazônia,1,-43.9200,-2.7000,-43.9200,-2.7000
Nordeste,MA,Igarapé Grande,Cerrado,2,-44.8200,-4.6800,-44.8200,-4.5000
Nordeste,MA,Imperatriz,Amazônia,2,-47.7000,-5.2200,-47.5200,-5.2200
Nordeste,MA,Imperatriz,Cerrado,2,-47.7000,-5.4000,-47.5200,-5.4000
Nordeste,MA,Itaipava do Grajaú,Cerrado,3,-45.7200,-5.2200,-45.3600,-5.0400
Nordeste,MA,Itapecuru Mirim,Cerrado,4,-44.4600,-3.4200,-44.1000,-3.2400
Nordeste,MA,Itinga do Maranhão,Amazônia,10,-47.5200,-4.6800,-46.9800,-3.7800
Nordeste,MA,Jenipapo dos Vieiras,Cerrado,3,-45.5400,-5.4000,-45.3600,-5.2200
Nordeste,MA,Joselândia,Cerrado,2,-44.8200,-5.0400,-44.6400,-5.0400
Nordeste,MA,João Lisboa,Amazônia,2,-47.1600,-5.2200,-46.9800,-5.2200
Nordeste,MA,João Lisboa,Cerrado,1,-47.3400,-5.4000,-47.3400,-5.4000
Nordeste,MA,Junco do Maranhão,Amazônia,2,-46.0800,-1.9800,-46.0800,-1.8000
Nordeste,MA,Lago Verde,Amazônia,2,-45.0000,-3.9600,-44.8200,-3.9600
Nordeste,MA,Lago da Pedra,Amazônia,2,-45.3600,-4.6800,-45.1800,-4.6800
Nordeste,MA,Lago da Pedra,Cerrado,1,-45.1800,-4.8600,-45.1800,-4.8600
Nordeste,MA,Lago do Junco,Cerrado,1,-45.0000,-4.5000,-45.0000,-4.5000
Nordeste,MA,Lagoa Grande do Maranhão,Cerrado,1,-45.3600,-4.8600,-45.3600,-4.8600
Nordeste,MA,Lagoa do Mato,Cerrado,3,-43.5600,-6.1200,-43.3800,-5.9400
Nordeste,MA,Lajeado Novo,Cerrado,2,-46.9800,-6.1200,-46.8000,-6.1200
Nordeste,MA,Lima Campos,Cerrado,1,-44.4600,-4.5000,-44.4600,-4.5000
Nordeste,MA,Loreto,Cerrado,9,-45.5400,-7.5600,-45.0000,-6.8400
Nordeste,MA,Luís Domingues,Amazônia,1,-45.9000,-1.4400,-45.9000,-1.4400
Nordeste,MA,Magalhães de Almeida,Cerrado,1,-42.1200,-3.2400,-42.1200,-3.2400
Nordeste,MA,Maracaçumé,Amazônia,2,-46.0800,-2.1600,-45.9000,-1.8000
Nordeste,MA,Marajá do Sena,Amazônia,1,-45.7200,-4.6800,-45.7200,-4.6800
Nordeste,MA,Marajá do Sena,Cerrado,2,-45.5400,-4.8600,-45.5400,-4.6800
Nordeste,MA,Maranhãozinho,Amazônia,1,-45.9000,-2.3400,-45.9000,-2.3400
Nordeste,MA,Mata Roma,Cerrado,2,-43.3800,-3.6000,-43.2000,-3.6000
Nordeste,MA,Matinha,Amazônia,2,-45.0000,-3.0600,-44.8200,-3.0600
Nordeste,MA,Matões,Cerrado,5,-43.3800,-5.5800,-43.2000,-5.2200
Nordeste,MA,Matões do Norte,Cerrado,2,-44.4600,-3.7800,-44.4600,-3.6000
Nordeste,MA,Milagres do Maranhão,Cerrado,2,-42.8400,-3.6000,-42.6600,-3.4200
Nordeste,MA,Mirador,Cerrado,22,-45.9000,-6.6600,-44.2800,-6.1200
Nordeste,MA,Mirinzal,Amazônia,1,-44.8200,-1.9800,-44.8200,-1.9800
Nordeste,MA,Montes Altos,Cerrado,1,-47.1600,-5.7600,-47.1600,-5.7600
Nordeste,MA,Monção,Amazônia,3,-45.3600,-3.6000,-45.1800,-3.4200
Nordeste,MA,Morros,Cerrado,5,-43.9200,-3.2400,-43.7400,-2.7000
Nordeste,MA,Nina Rodrigues,Amazônia,1,-43.9200,-3.4200,-43.9200,-3.4200
Nordeste,MA,Nina Rodrigues,Cerrado,1,-43.7400,-3.4200,-43.7400,-3.4200
Nordeste,MA,Nova Colinas,Cerrado,1,-46.2600,-7.2000,-46.2600,-7.2000
Nordeste,MA,Nova Iorque,Cerrado,2,-44.1000,-6.8400,-43.9200,-6.6600
Nordeste,MA,Nova Olinda do Maranhão,Amazônia,3,-45.9000,-2.8800,-45.7200,-2.7000
Nordeste,MA,Olho d'Água das Cunhãs,Amazônia,1,-45.1800,-4.1400,-45.1800,-4.1400
Nordeste,MA,Palmeirândia,Amazônia,1,-45.0000,-2.7000,-45.0000,-2.7000
Nordeste,MA,Paraibano,Cerrado,1,-43.9200,-6.4800,-43.9200,-6.4800
Nordeste,MA,Parnarama,Cerrado,7,-43.7400,-5.7600,-43.3800,-5.4000
Nordeste,MA,Passagem Franca,Cerrado,4,-43.9200,-6.3000,-43.7400,-6.1200
Nordeste,MA,Pastos Bons,Cerrado,4,-44.2800,-6.8400,-44.1000,-6.4800
Nordeste,MA,Paulino Neves,Cerrado,3,-42.6600,-2.8800,-42.4800,-2.7000
Nordeste,MA,Paulo Ramos,Amazônia,2,-45.3600,-4.5000,-45.1800,-4.5000
Nordeste,MA,Paulo Ramos,Cerrado,1,-45.5400,-4.5000,-45.5400,-4.5000
Nordeste,MA,Paço do Lumiar,Amazônia,1,-44.1000,-2.5200,-44.1000,-2.5200
Nordeste,MA,Pedreiras,Cerrado,1,-44.6400,-4.8600,-44.6400,-4.8600
Nordeste,MA,Pedro do Rosário,Amazônia,4,-45.5400,-3.0600,-45.3600,-2.8800
Nordeste,MA,Penalva,Amazônia,3,-45.5400,-3.2400,-45.1800,-3.2400
Nordeste,MA,Peri Mirim,Amazônia,1,-45.0000,-2.5200,-45.0000,-2.5200
Nordeste,MA,Peritoró,Cerrado,3,-44.2800,-4.5000,-44.1000,-4.3200
Nordeste,MA,Pindaré-Mirim,Amazônia,1,-45.3600,-3.6000,-45.3600,-3.6000
Nordeste,MA,Pinheiro,Amazônia,3,-45.1800,-2.7000,-45.0000,-2.3400
Nordeste,MA,Pio XII,Amazônia,1,-45.1800,-3.9600,-45.1800,-3.9600
Nordeste,MA,Pirapemas,Cerrado,2,-44.2800,-3.7800,-44.1000,-3.7800
Nordeste,MA,Porto Franco,Cerrado,5,-47.3400,-6.4800,-46.8000,-6.3000
Nordeste,MA,Porto Rico do Maranhão,Amazônia,1,-44.6400,-1.9800,-44.6400,-1.9800
Nordeste,MA,Poção de Pedras,Cerrado,1,-45.0000,-4.6800,-45.0000,-4.6800
Nordeste,MA,Presidente Dutra,Cerrado,2,-44.4600,-5.4000,-44.4600,-5.2200
Nordeste,MA,Presidente Juscelino,Amazônia,1,-44.1000,-3.0600,-44.1000,-3.0600
Nordeste,MA,Presidente Médici,Amazônia,1,-45.7200,-2.3400,-45.7200,-2.3400
Nordeste,MA,Presidente Sarney,Amazônia,2,-45.3600,-2.7000,-45.3600,-2.5200
Nordeste,MA,Primeira Cruz,Cerrado,3,-43.3800,-2.8800,-43.3800,-2.5200
Nordeste,MA,Riachão,Cerrado,17,-47.1600,-8.2800,-46.2600,-7.2000
Nordeste,MA,Ribamar Fiquene,Cerrado,1,-47.3400,-5.9400,-47.3400,-5.9400
Nordeste,MA,Sambaíba,Cerrado,9,-45.9000,-8.1000,-45.3600,-6.8400
Nordeste,MA,Santa Filomena do Maranhão,Cerrado,2,-44.6400,-5.5800,-44.6400,-5.4000
Nordeste,MA,Santa Helena,Amazônia,6,-45.5400,-2.7000,-45.0000,-2.1600
Nordeste,MA,Santa Inês,Amazônia,2,-45.5400,-3.9600,-45.3600,-3.7800
Nordeste,MA,Santa Luzia,Amazônia,11,-46.2600,-4.6800,-45.7200,-3.9600
Nordeste,MA,Santa Luzia do Paruá,Amazônia,2,-45.9000,-2.5200,-45.7200,-2.5200
Nordeste,MA,Santa Quitéria do Maranhão,Cerrado,3,-43.0200,-3.4200,-42.6600,-3.2400
Nordeste,MA,Santa Rita,Amazônia,3,-44.4600,-3.2400,-44.2800,-3.0600
Nordeste,MA,Santana do Maranhão,Cerrado,2,-42.8400,-3.2400,-42.6600,-3.2400
Nordeste,MA,Santo Amaro do Maranhão,Cerrado,3,-43.2000,-2.8800,-43.2000,-2.5200
Nordeste,MA,Santo Antônio dos Lopes,Cerrado,2,-44.4600,-4.8600,-44.4600,-4.6800
Nordeste,MA,Satubinha,Amazônia,1,-45.1800,-3.7800,-45.1800,-3.7800
Nordeste,MA,Senador Alexandre Costa,Cerrado,2,-44.1000,-5.2200,-43.9200,-5.2200
Nordeste,MA,Senador La Rocque,Amazônia,1,-47.1600,-5.4000,-47.1600,-5.4000
Nordeste,MA,Serrano do Maranhão,Amazônia,2,-45.0000,-1.9800,-45.0000,-1.8000
Nordeste,MA,Sucupira do Norte,Cerrado,2,-44.4600,-6.6600,-44.2800,-6.4800
Nordeste,MA,Sucupira do Riachão,Cerrado,3,-43.5600,-6.4800,-43.3800,-6.3000
Nordeste,MA,São Benedito do Rio Preto,Cerrado,1,-43.5600,-3.4200,-43.5600,-3.4200
Nordeste,MA,São Bento,Amazônia,1,-45.1800,-2.8800,-45.1800,-2.8800
Nordeste,MA,São Bernardo,Cerrado,4,-42.4800,-3.4200,-42.3000,-3.2400
Nordeste,MA,São Domingos do Azeitão,Cerrado,2,-44.6400,-6.8400,-44.4600,-6.8400
Nordeste,MA,São Domingos do Maranhão,Cerrado,4,-44.4600,-5.7600,-44.2800,-5.5800
Nordeste,MA,São Francisco do Brejão,Amazônia,2,-47.3400,-5.2200,-47.3400,-5.0400
Nordeste,MA,São Francisco do Maranhão,Cerrado,3,-43.2000,-6.3000,-43.0200,-6.1200
Nordeste,MA,São Félix de Balsas,Cerrado,5,-45.0000,-7.3800,-44.8200,-6.8400
Nordeste,MA,São João Batista,Amazônia,1,-44.6400,-3.0600,-44.6400,-3.0600
Nordeste,MA,São João do Paraíso,Cerrado,4,-46.9800,-6.6600,-46.8000,-6.3000
Nordeste,MA,São João do Soter,Cerrado,3,-43.9200,-5.0400,-43.7400,-4.8600
Nordeste,MA,São João dos Patos,Cerrado,3,-43.7400,-6.6600,-43.5600,-6.4800
Nordeste,MA,São Luís,Amazônia,2,-44.2800,-2.7000,-44.2800,-2.5200
Nordeste,MA,São Luís Gonzaga do Maranhão,Cerrado,2,-44.6400,-4.3200,-44.4600,-4.3200
Nordeste,MA,São Mateus do Maranhão,Cerrado,1,-44.4600,-3.9600,-44.4600,-3.9600
Nordeste,MA,São Pedro da Água Branca,Amazônia,2,-48.2400,-5.2200,-48.2400,-5.0400
Nordeste,MA,São Pedro dos Crentes,Cerrado,2,-46.8000,-6.8400,-46.4400,-6.8400
Nordeste,MA,São Raimundo das Mangabeiras,Cerrado,8,-45.9000,-7.2000,-45.5400,-6.8400
Nordeste,MA,São Raimundo do Doca Bezerra,Cerrado,1,-45.1800,-5.0400,-45.1800,-5.0400
Nordeste,MA,São Roberto,Cerrado,1,-45.0000,-5.0400,-45.0000,-5.0400
Nordeste,MA,São Vicente Ferrer,Amazônia,2,-45.0000,-2.8800,-44.8200,-2.8800
Nordeste,MA,Sítio Novo,Cerrado,6,-46.6200,-6.6600,-46.6200,-5.7600
Nordeste,MA,Tasso Fragoso,Cerrado,10,-46.0800,-8.6400,-45.7200,-7.9200
Nordeste,MA,Timbiras,Cerrado,3,-43.9200,-4.1400,-43.7400,-3.9600
Nordeste,MA,Timon,Cerrado,4,-43.0200,-5.2200,-42.8400,-4.9500
Nordeste,MA,Trizidela do Vale,Cerrado,1,-44.6400,-4.5000,-44.6400,-4.5000
Nordeste,MA,Tufilândia,Amazônia,1,-45.5400,-3.7800,-45.5400,-3.7800
Nordeste,MA,Tuntum,Cerrado,7,-44.8200,-5.9400,-44.6400,-5.2200
Nordeste,MA,Turiaçu,Amazônia,7,-45.5400,-1.9800,-45.3600,-1.4400
Nordeste,MA,Turilândia,Amazônia,3,-45.5400,-2.3400,-45.3600,-2.1600
Nordeste,MA,Tutóia,Cerrado,4,-42.6600,-3.0600,-42.3000,-2.8800
Nordeste,MA,Urbano Santos,Cerrado,5,-43.5600,-3.4200,-43.2000,-3.0600
Nordeste,MA,Vargem Grande,Cerrado,5,-43.9200,-3.9600,-43.7400,-3.6000
Nordeste,MA,Viana,Amazônia,2,-45.1800,-3.2400,-45.0000,-3.0600
Nordeste,MA,Vila Nova dos Martírios,Amazônia,3,-48.0600,-5.2200,-48.0600,-4.8600
Nordeste,MA,Vitorino Freire,Amazônia,3,-45.3600,-4.3200,-45.1800,-3.9600
Nordeste,MA,Vitória do Mearim,Amazônia,2,-45.0000,-3.6000,-44.8200,-3.6000
Nordeste,MA,Zé Doca,Amazônia,4,-46.2600,-3.4200,-45.5400,-3.2400
Nordeste,MA,Água Doce do Maranhão,Cerrado,1,-42.1200,-2.8800,-42.1200,-2.8800
Nordeste,PB,Aguiar,Caatinga,1,-38.1600,-7.0200,-38.1600,-7.0200
Nordeste,PB,Alagoa Grande,Caatinga,1,-35.6400,-7.0200,-35.6400,-7.0200
Nordeste,PB,Alcantil,Caatinga,1,-36.0000,-7.7400,-36.0000,-7.7400
Nordeste,PB,Alhandra,Mata Atlântica,1,-34.9200,-7.3800,-34.9200,-7.3800
Nordeste,PB,Amparo,Caatinga,1,-37.0800,-7.5600,-37.0800,-7.5600
Nordeste,PB,Areia,Caatinga,2,-35.6850,-7.0200,-35.6625,-6.9750
Nordeste,PB,Aroeiras,Caatinga,1,-35.6400,-7.5600,-35.6400,-7.5600
Nordeste,PB,Assunção,Caatinga,1,-36.7200,-7.0200,-36.7200,-7.0200
Nordeste,PB,Bananeiras,Caatinga,2,-35.6400,-6.6825,-35.6175,-6.6600
Nordeste,PB,Barra de Santa Rosa,Caatinga,2,-36.1800,-6.8400,-36.0000,-6.8400
Nordeste,PB,Barra de Santana,Caatinga,1,-36.0000,-7.5600,-36.0000,-7.5600
Nordeste,PB,Barra de São Miguel,Caatinga,2,-36.3600,-7.7400,-36.1800,-7.7400
Nordeste,PB,Belém,Caatinga,2,-35.5050,-6.7500,-35.4600,-6.6600
Nordeste,PB,Belém do Brejo do Cruz,Caatinga,2,-37.4400,-6.1200,-37.2600,-6.1200
Nordeste,PB,Bernardino Batista,Caatinga,1,-38.5200,-6.4800,-38.5200,-6.4800
Nordeste,PB,Bom Sucesso,Caatinga,1,-37.9800,-6.4800,-37.9800,-6.4800
Nordeste,PB,Boqueirão,Caatinga,1,-36.1800,-7.5600,-36.1800,-7.5600
Nordeste,PB,Brejo do Cruz,Caatinga,1,-37.4400,-6.3000,-37.4400,-6.3000
Nordeste,PB,Cabaceiras,Caatinga,2,-36.3600,-7.3800,-36.1800,-7.3800
Nordeste,PB,Cachoeira dos Índios,Caatinga,1,-38.7000,-7.0200,-38.7000,-7.0200
Nordeste,PB,Cacimba de Dentro,Caatinga,1,-35.8200,-6.6600,-35.8200,-6.6600
Nordeste,PB,Cacimbas,Caatinga,1,-37.0800,-7.2000,-37.0800,-7.2000
Nordeste,PB,Cajazeiras,Caatinga,1,-38.5200,-6.8400,-38.5200,-6.8400
Nordeste,PB,Camalaú,Caatinga,2,-36.9000,-7.9200,-36.7200,-7.9200
Nordeste,PB,Campina Grande,Caatinga,1,-36.0000,-7.2000,-36.0000,-7.2000
Nordeste,PB,Caraúbas,Caatinga,1,-36.5400,-7.7400,-36.5400,-7.7400
Nordeste,PB,Carrapateira,Caatinga,1,-38.3400,-7.0200,-38.3400,-7.0200
Nordeste,PB,Casserengue,Caatinga,1,-35.8200,-6.8400,-35.8200,-6.8400
Nordeste,PB,Catingueira,Caatinga,2,-37.6200,-7.2000,-37.6200,-7.0200
Nordeste,PB,Catolé do Rocha,Caatinga,2,-37.8000,-6.3000,-37.6200,-6.3000
Nordeste,PB,Conceição,Caatinga,1,-38.5200,-7.3800,-38.5200,-7.3800
Nordeste,PB,Condado,Caatinga,1,-37.6200,-6.8400,-37.6200,-6.8400
Nordeste,PB,Congo,Caatinga,1,-36.7200,-7.7400,-36.7200,-7.7400
Nordeste,PB,Coremas,Caatinga,1,-37.9800,-7.0200,-37.9800,-7.0200
Nordeste,PB,Cruz do Espírito Santo,Mata Atlântica,1,-35.1000,-7.2000,-35.1000,-7.2000
Nordeste,PB,Cubati,Caatinga,1,-36.3600,-6.8400,-36.3600,-6.8400
Nordeste,PB,Cuité,Caatinga,2,-36.1800,-6.6600,-36.1800,-6.4800
Nordeste,PB,Curral Velho,Caatinga,1,-38.1600,-7.5600,-38.1600,-7.5600
Nordeste,PB,Damião,Caatinga,1,-36.0000,-6.6600,-36.0000,-6.6600
Nordeste,PB,Diamante,Caatinga,1,-38.3400,-7.3800,-38.3400,-7.3800
Nordeste,PB,Emas,Caatinga,1,-37.8000,-7.0200,-37.8000,-7.0200
Nordeste,PB,Esperança,Caatinga,1,-35.8200,-7.0200,-35.8200,-7.0200
Nordeste,PB,Fagundes,Caatinga,1,-35.8200,-7.3800,-35.8200,-7.3800
Nordeste,PB,Gado Bravo,Caatinga,1,-35.8200,-7.5600,-35.8200,-7.5600
Nordeste,PB,Guarabira,Caatinga,1,-35.4600,-6.8400,-35.4600,-6.8400
Nordeste,PB,Gurinhém,Caatinga,1,-35.4600,-7.2000,-35.4600,-7.2000
Nordeste,PB,Gurjão,Caatinga,1,-36.5400,-7.2000,-36.5400,-7.2000
Nordeste,PB,Imaculada,Caatinga,1,-37.6200,-7.3800,-37.6200,-7.3800
Nordeste,PB,Ingá,Caatinga,1,-35.6400,-7.2000,-35.6400,-7.2000
Nordeste,PB,Itaporanga,Caatinga,2,-38.1600,-7.3800,-38.1600,-7.2000
Nordeste,PB,Itapororoca,Caatinga,1,-35.2800,-6.8400,-35.2800,-6.8400
Nordeste,PB,Itatuba,Caatinga,1,-35.6400,-7.3800,-35.6400,-7.3800
Nordeste,PB,Jericó,Caatinga,1,-37.8000,-6.4800,-37.8000,-6.4800
Nordeste,PB,João Pessoa,Mata Atlântica,1,-34.9200,-7.2000,-34.9200,-7.2000
Nordeste,PB,Juazeirinho,Caatinga,1,-36.5400,-7.0200,-36.5400,-7.0200
Nordeste,PB,Juripiranga,Mata Atlântica,1,-35.2800,-7.3800,-35.2800,-7.3800
Nordeste,PB,Juru,Caatinga,1,-37.8000,-7.5600,-37.8000,-7.5600
Nordeste,PB,Livramento,Caatinga,1,-36.9000,-7.3800,-36.9000,-7.3800
Nordeste,PB,Mamanguape,Mata Atlântica,3,-35.1900,-6.8400,-35.1000,-6.7050
Nordeste,PB,Manaíra,Caatinga,1,-38.1600,-7.7400,-38.1600,-7.7400
Nordeste,PB,Mari,Caatinga,1,-35.2800,-7.0200,-35.2800,-7.0200
Nordeste,PB,Marizópolis,Caatinga,1,-38.3400,-6.8400,-38.3400,-6.8400
Nordeste,PB,Massaranduba,Caatinga,1,-35.8200,-7.2000,-35.8200,-7.2000
Nordeste,PB,Mogeiro,Caatinga,1,-35.5500,-7.2675,-35.5500,-7.2675
Nordeste,PB,Monte Horebe,Caatinga,1,-38.5200,-7.2000,-38.5200,-7.2000
Nordeste,PB,Monteiro,Caatinga,2,-37.2600,-7.9200,-37.0800,-7.9200
Nordeste,PB,Mulungu,Caatinga,1,-35.4600,-7.0200,-35.4600,-7.0200
Nordeste,PB,Mãe d'Água,Caatinga,1,-37.4400,-7.2000,-37.4400,-7.2000
Nordeste,PB,Nova Palmeira,Caatinga,1,-36.3600,-6.6600,-36.3600,-6.6600
Nordeste,PB,Olho d'Água,Caatinga,2,-37.8000,-7.3800,-37.8000,-7.2000
Nordeste,PB,Paulista,Caatinga,1,-37.6200,-6.6600,-37.6200,-6.6600
Nordeste,PB,Pedra Lavrada,Caatinga,1,-36.5400,-6.8400,-36.5400,-6.8400
Nordeste,PB,Pedras de Fogo,Mata Atlântica,1,-35.1000,-7.3800,-35.1000,-7.3800
Nordeste,PB,Pedro Régis,Caatinga,1,-35.2800,-6.6600,-35.2800,-6.6600
Nordeste,PB,Piancó,Caatinga,1,-37.9800,-7.2000,-37.9800,-7.2000
Nordeste,PB,Picuí,Caatinga,1,-36.3600,-6.4800,-36.3600,-6.4800
Nordeste,PB,Pirpirituba,Caatinga,1,-35.4825,-6.8175,-35.4825,-6.8175
Nordeste,PB,Pocinhos,Caatinga,3,-36.1800,-7.2000,-36.0000,-7.0200
Nordeste,PB,Pombal,Caatinga,3,-37.9800,-6.8400,-37.8000,-6.6600
Nordeste,PB,Prata,Caatinga,1,-37.0800,-7.7400,-37.0800,-7.7400
Nordeste,PB,Princesa Isabel,Caatinga,1,-37.9800,-7.5600,-37.9800,-7.5600
Nordeste,PB,Queimadas,Caatinga,1,-36.0000,-7.3800,-36.0000,-7.3800
Nordeste,PB,Quixaba,Caatinga,1,-37.0800,-7.0200,-37.0800,-7.0200
Nordeste,PB,Riacho dos Cavalos,Caatinga,1,-37.6200,-6.4800,-37.6200,-6.4800
Nordeste,PB,Rio Tinto,Mata Atlântica,2,-35.1000,-6.8400,-34.9200,-6.6600
Nordeste,PB,Salgado de São Félix,Caatinga,1,-35.4600,-7.3800,-35.4600,-7.3800
Nordeste,PB,Santa Inês,Caatinga,1,-38.5200,-7.7400,-38.5200,-7.7400
Nordeste,PB,Santa Luzia,Caatinga,2,-36.9000,-7.0200,-36.9000,-6.8400
Nordeste,PB,Santa Rita,Mata Atlântica,6,-35.1000,-7.2225,-34.9200,-6.9750
Nordeste,PB,Santa Teresinha,Caatinga,1,-37.4400,-7.0200,-37.4400,-7.0200
Nordeste,PB,Santana de Mangueira,Caatinga,1,-38.3400,-7.5600,-38.3400,-7.5600
Nordeste,PB,Santana dos Garrotes,Caatinga,1,-37.9800,-7.3800,-37.9800,-7.3800
Nordeste,PB,Serra Branca,Caatinga,1,-36.7200,-7.5600,-36.7200,-7.5600
Nordeste,PB,Serra Grande,Caatinga,1,-38.3400,-7.2000,-38.3400,-7.2000
Nordeste,PB,Serraria,Caatinga,1,-35.6400,-6.8400,-35.6400,-6.8400
Nordeste,PB,Sobrado,Caatinga,1,-35.2800,-7.2000,-35.2800,-7.2000
Nordeste,PB,Soledade,Caatinga,2,-36.3600,-7.2000,-36.3600,-7.0200
Nordeste,PB,Sousa,Caatinga,2,-38.1600,-6.8400,-38.1600,-6.6600
Nordeste,PB,Sumé,Caatinga,2,-36.9000,-7.7400,-36.9000,-7.5600
Nordeste,PB,São Bento,Caatinga,1,-37.4400,-6.4800,-37.4400,-6.4800
Nordeste,PB,São Domingos,Caatinga,1,-37.9800,-6.8400,-37.9800,-6.8400
Nordeste,PB,São Domingos do Cariri,Caatinga,1,-36.3600,-7.5600,-36.3600,-7.5600
Nordeste,PB,São José de Espinharas,Caatinga,2,-37.4400,-6.8400,-37.2600,-6.8400
Nordeste,PB,São José de Piranhas,Caatinga,1,-38.5200,-7.0200,-38.5200,-7.0200
Nordeste,PB,São José dos Cordeiros,Caatinga,1,-36.7200,-7.3800,-36.7200,-7.3800
Nordeste,PB,São João do Cariri,Caatinga,2,-36.5400,-7.5600,-36.5400,-7.3800
Nordeste,PB,São João do Rio do Peixe,Caatinga,1,-38.3400,-6.6600,-38.3400,-6.6600
Nordeste,PB,São João do Tigre,Caatinga,2,-36.9000,-8.1000,-36.7200,-8.1000
Nordeste,PB,São Mamede,Caatinga,1,-37.0800,-6.8400,-37.0800,-6.8400
Nordeste,PB,Tacima,Caatinga,2,-35.6400,-6.4800,-35.4600,-6.4800
Nordeste,PB,Taperoá,Caatinga,2,-36.9000,-7.2000,-36.7200,-7.2000
Nordeste,PB,Teixeira,Caatinga,1,-37.2600,-7.2000,-37.2600,-7.2000
Nordeste,PB,Triunfo,Caatinga,1,-38.5200,-6.6600,-38.5200,-6.6600
Nordeste,PB,Uiraúna,Caatinga,1,-38.3400,-6.4800,-38.3400,-6.4800
Nordeste,PB,Umbuzeiro,Caatinga,1,-35.8200,-7.7400,-35.8200,-7.7400
Nordeste,PB,Zabelê,Caatinga,1,-37.0800,-8.1000,-37.0800,-8.1000
Nordeste,PE,Afogados da Ingazeira,Caatinga,1,-37.6200,-7.7400,-37.6200,-7.7400
Nordeste,PE,Afrânio,Caatinga,4,-41.0400,-8.6400,-40.8600,-8.4600
Nordeste,PE,Alagoinha,Caatinga,1,-36.7200,-8.4600,-36.7200,-8.4600
Nordeste,PE,Altinho,Caatinga,2,-36.1800,-8.4600,-36.0000,-8.4600
Nordeste,PE,Amaraji,Mata Atlântica,1,-35.4600,-8.2800,-35.4600,-8.2800
Nordeste,PE,Araripina,Caatinga,4,-40.5000,-7.9200,-40.3200,-7.3800
Nordeste,PE,Araçoiaba,Mata Atlântica,1,-35.1000,-7.7400,-35.1000,-7.7400
Nordeste,PE,Barra de Guabiraba,Mata Atlântica,1,-35.6400,-8.4600,-35.6400,-8.4600
Nordeste,PE,Barreiros,Mata Atlântica,1,-35.2800,-8.8200,-35.2800,-8.8200
Nordeste,PE,Belo Jardim,Caatinga,1,-36.3600,-8.2800,-36.3600,-8.2800
Nordeste,PE,Belém do São Francisco,Caatinga,5,-39.0600,-8.6400,-38.7000,-8.4600
Nordeste,PE,Betânia,Caatinga,3,-38.1600,-8.2800,-37.9800,-8.1000
Nordeste,PE,Bezerros,Caatinga,1,-35.8200,-8.2800,-35.8200,-8.2800
Nordeste,PE,Bezerros,Mata Atlântica,1,-35.7750,-8.2800,-35.7750,-8.2800
Nordeste,PE,Bodocó,Caatinga,5,-40.1400,-7.9200,-39.7800,-7.3800
Nordeste,PE,Bom Conselho,Caatinga,1,-36.7200,-9.1800,-36.7200,-9.1800
Nordeste,PE,Bom Conselho,Mata Atlântica,1,-36.5400,-9.1800,-36.5400,-9.1800
Nordeste,PE,Brejo da Madre de Deus,Caatinga,2,-36.3600,-8.1000,-36.1800,-8.1000
Nordeste,PE,Brejão,Caatinga,1,-36.5400,-9.0000,-36.5400,-9.0000
Nordeste,PE,Buíque,Caatinga,4,-37.2600,-8.8200,-37.0800,-8.4600
Nordeste,PE,Cabo de Santo Agostinho,Mata Atlântica,1,-35.1000,-8.2800,-35.1000,-8.2800
Nordeste,PE,Cabrobó,Caatinga,4,-39.4200,-8.4600,-39.2400,-8.2800
Nordeste,PE,Caetés,Caatinga,1,-36.7200,-8.8200,-36.7200,-8.8200
Nordeste,PE,Calumbi,Caatinga,1,-38.1600,-7.9200,-38.1600,-7.9200
Nordeste,PE,Canhotinho,Mata Atlântica,2,-36.1800,-9.0000,-36.1800,-8.8200
Nordeste,PE,Capoeiras,Caatinga,1,-36.5400,-8.6400,-36.5400,-8.6400
Nordeste,PE,Carnaubeira da Penha,Caatinga,2,-38.7000,-8.4600,-38.7000,-8.2800
Nordeste,PE,Caruaru,Caatinga,1,-36.0000,-8.1000,-36.0000,-8.1000
Nordeste,PE,Cedro,Caatinga,1,-39.2400,-7.7400,-39.2400,-7.7400
Nordeste,PE,Condado,Mata Atlântica,1,-35.1000,-7.5600,-35.1000,-7.5600
Nordeste,PE,Correntes,Mata Atlântica,1,-36.3600,-9.1800,-36.3600,-9.1800
Nordeste,PE,Cortês,Mata Atlântica,1,-35.4600,-8.4600,-35.4600,-8.4600
Nordeste,PE,Cumaru,Caatinga,1,-35.8200,-8.1000,-35.8200,-8.1000
Nordeste,PE,Custódia,Caatinga,5,-37.8000,-8.2800,-37.6200,-7.9200
Nordeste,PE,Dormentes,Caatinga,4,-40.6800,-8.6400,-40.5000,-8.4600
Nordeste,PE,Exu,Caatinga,3,-39.7800,-7.5600,-39.6000,-7.3800
Nordeste,PE,Flores,Caatinga,2,-37.9800,-7.9200,-37.8000,-7.9200
Nordeste,PE,Floresta,Caatinga,8,-38.5200,-8.6400,-37.9800,-8.4600
Nordeste,PE,Frei Miguelinho,Caatinga,1,-35.8200,-7.9200,-35.8200,-7.9200
Nordeste,PE,Garanhuns,Caatinga,1,-36.5400,-8.8200,-36.5400,-8.8200
Nordeste,PE,Goiana,Mata Atlântica,1,-34.9200,-7.5600,-34.9200,-7.5600
Nordeste,PE,Granito,Caatinga,1,-39.7800,-7.7400,-39.7800,-7.7400
Nordeste,PE,Gravatá,Caatinga,1,-35.6400,-8.1675,-35.6400,-8.1675
Nordeste,PE,Gravatá,Mata Atlântica,1,-35.6400,-8.2800,-35.6400,-8.2800
Nordeste,PE,Iati,Caatinga,2,-36.9000,-9.1800,-36.9000,-9.0000
Nordeste,PE,Ibimirim,Caatinga,6,-37.8000,-8.6400,-37.4400,-8.4600
Nordeste,PE,Ibirajuba,Caatinga,1,-36.1800,-8.6400,-36.1800,-8.6400
Nordeste,PE,Igarassu,Mata Atlântica,1,-35.0100,-7.7625,-35.0100,-7.7625
Nordeste,PE,Iguaracy,Caatinga,2,-37.4400,-7.9200,-37.2600,-7.7400
Nordeste,PE,Inajá,Caatinga,4,-37.9800,-9.0000,-37.6200,-8.8200
Nordeste,PE,Ingazeira,Caatinga,1,-37.4400,-7.7400,-37.4400,-7.7400
Nordeste,PE,Ipubi,Caatinga,2,-40.3200,-7.5600,-40.1400,-7.3800
Nordeste,PE,Itapetim,Caatinga,2,-37.2600,-7.3800,-37.0800,-7.3800
Nordeste,PE,Itapissuma,Mata Atlântica,1,-34.9200,-7.7400,-34.9200,-7.7400
Nordeste,PE,Itaquitinga,Mata Atlântica,2,-34.9650,-7.6950,-34.9425,-7.6950
Nordeste,PE,Itaíba,Caatinga,3,-37.4400,-9.0000,-37.2600,-8.8200
Nordeste,PE,Jataúba,Caatinga,2,-36.5400,-8.1000,-36.5400,-7.9200
Nordeste,PE,Jatobá,Caatinga,1,-38.1600,-9.1800,-38.1600,-9.1800
Nordeste,PE,Lagoa Grande,Caatinga,5,-40.3200,-9.0000,-40.1400,-8.6400
Nordeste,PE,Lagoa de Itaenga,Mata Atlântica,1,-35.2800,-7.9200,-35.2800,-7.9200
Nordeste,PE,Lagoa dos Gatos,Mata Atlântica,1,-35.8200,-8.6400,-35.8200,-8.6400
Nordeste,PE,Lajedo,Caatinga,1,-36.3600,-8.6400,-36.3600,-8.6400
Nordeste,PE,Limoeiro,Mata Atlântica,2,-35.4600,-7.9200,-35.4600,-7.7400
Nordeste,PE,Manari,Caatinga,1,-37.4400,-8.8200,-37.4400,-8.8200
Nordeste,PE,Maraial,Mata Atlântica,1,-35.8200,-8.8200,-35.8200,-8.8200
Nordeste,PE,Mirandiba,Caatinga,2,-38.8800,-8.1000,-38.7000,-8.1000
Nordeste,PE,Moreilândia,Caatinga,1,-39.6000,-7.7400,-39.6000,-7.7400
Nordeste,PE,Moreno,Mata Atlântica,1,-35.1000,-8.1000,-35.1000,-8.1000
Nordeste,PE,Nazaré da Mata,Mata Atlântica,1,-35.2800,-7.7400,-35.2800,-7.7400
Nordeste,PE,Orobó,Mata Atlântica,1,-35.6400,-7.7400,-35.6400,-7.7400
Nordeste,PE,Orocó,Caatinga,3,-39.6000,-8.6400,-39.6000,-8.2800
Nordeste,PE,Ouricuri,Caatinga,6,-40.3200,-8.1000,-39.9600,-7.7400
Nordeste,PE,Palmares,Mata Atlântica,1,-35.6400,-8.6400,-35.6400,-8.6400
Nordeste,PE,Palmeirina,Mata Atlântica,1,-36.3600,-9.0000,-36.3600,-9.0000
Nordeste,PE,Panelas,Caatinga,1,-36.0000,-8.6400,-36.0000,-8.6400
Nordeste,PE,Parnamirim,Caatinga,7,-40.1400,-8.2800,-39.4200,-7.9200
Nordeste,PE,Passira,Caatinga,1,-35.6400,-8.1000,-35.6400,-8.1000
Nordeste,PE,Paudalho,Mata Atlântica,1,-35.1000,-7.9200,-35.1000,-7.9200
Nordeste,PE,Pedra,Caatinga,3,-36.9000,-8.8200,-36.9000,-8.4600
Nordeste,PE,Pesqueira,Caatinga,3,-36.9000,-8.6400,-36.7200,-8.2800
Nordeste,PE,Petrolina,Caatinga,8,-40.8600,-9.1800,-40.3200,-8.8200
Nordeste,PE,Petrolândia,Caatinga,1,-38.3400,-8.8200,-38.3400,-8.8200
Nordeste,PE,Pombos,Mata Atlântica,1,-35.4600,-8.1000,-35.4600,-8.1000
Nordeste,PE,Quipapá,Mata Atlântica,1,-36.0000,-8.8200,-36.0000,-8.8200
Nordeste,PE,Quixaba,Caatinga,1,-37.8000,-7.7400,-37.8000,-7.7400
Nordeste,PE,Recife,Mata Atlântica,1,-34.9200,-8.1000,-34.9200,-8.1000
Nordeste,PE,Rio Formoso,Mata Atlântica,1,-35.2800,-8.6400,-35.2800,-8.6400
Nordeste,PE,Salgadinho,Caatinga,1,-35.6400,-7.9200,-35.6400,-7.9200
Nordeste,PE,Salgueiro,Caatinga,4,-39.2400,-8.2800,-38.8800,-8.1000
Nordeste,PE,Saloá,Caatinga,1,-36.7200,-9.0000,-36.7200,-9.0000
Nordeste,PE,Sanharó,Caatinga,2,-36.5400,-8.4600,-36.5400,-8.2800
Nordeste,PE,Santa Cruz,Caatinga,3,-40.3200,-8.4600,-40.3200,-8.1000
Nordeste,PE,Santa Cruz do Capibaribe,Caatinga,1,-36.3600,-7.9200,-36.3600,-7.9200
Nordeste,PE,Santa Filomena,Caatinga,3,-40.6800,-8.2800,-40.5000,-8.1000
Nordeste,PE,Santa Maria da Boa Vista,Caatinga,7,-40.1400,-9.0000,-39.7800,-8.4600
Nordeste,PE,Santa Terezinha,Caatinga,1,-37.4400,-7.3800,-37.4400,-7.3800
Nordeste,PE,Serra Talhada,Caatinga,8,-38.5200,-8.2800,-38.1600,-7.7400
Nordeste,PE,Serrita,Caatinga,3,-39.4200,-7.9200,-39.2400,-7.7400
Nordeste,PE,Sertânia,Caatinga,5,-37.4400,-8.2800,-37.0800,-8.1000
Nordeste,PE,Sirinhaém,Mata Atlântica,1,-35.1000,-8.6400,-35.1000,-8.6400
Nordeste,PE,Solidão,Caatinga,1,-37.6200,-7.5600,-37.6200,-7.5600
Nordeste,PE,São Bento do Una,Caatinga,1,-36.3600,-8.4600,-36.3600,-8.4600
Nordeste,PE,São Caitano,Caatinga,1,-36.1800,-8.2800,-36.1800,-8.2800
Nordeste,PE,São Joaquim do Monte,Mata Atlântica,1,-35.8200,-8.4600,-35.8200,-8.4600
Nordeste,PE,São José do Belmonte,Caatinga,4,-38.8800,-7.9200,-38.7000,-7.7400
Nordeste,PE,São José do Egito,Caatinga,1,-37.2600,-7.5600,-37.2600,-7.5600
Nordeste,PE,São João,Caatinga,1,-36.3600,-8.8200,-36.3600,-8.8200
Nordeste,PE,São Vicente Férrer,Mata Atlântica,1,-35.4600,-7.5600,-35.4600,-7.5600
Nordeste,PE,Tabira,Caatinga,1,-37.4400,-7.5600,-37.4400,-7.5600
Nordeste,PE,Tacaratu,Caatinga,2,-38.1600,-9.0000,-38.1600,-8.8200
Nordeste,PE,Taquaritinga do Norte,Caatinga,1,-36.1800,-7.9200,-36.1800,-7.9200
Nordeste,PE,Timbaúba,Mata Atlântica,1,-35.2800,-7.5600,-35.2800,-7.5600
Nordeste,PE,Trindade,Caatinga,1,-40.3200,-7.7400,-40.3200,-7.7400
Nordeste,PE,Tupanatinga,Caatinga,1,-37.2600,-8.4600,-37.2600,-8.4600
Nordeste,PE,Verdejante,Caatinga,1,-39.0600,-7.9200,-39.0600,-7.9200
Nordeste,PE,Vertentes,Caatinga,1,-36.0000,-7.9200,-36.0000,-7.9200
Nordeste,PE,Vitória de Santo Antão,Mata Atlântica,1,-35.2800,-8.2800,-35.2800,-8.2800
Nordeste,PE,Xexéu,Mata Atlântica,1,-35.6400,-8.8200,-35.6400,-8.8200
Nordeste,PE,Água Preta,Mata Atlântica,3,-35.4600,-8.8200,-35.4600,-8.6400
Nordeste,PE,Águas Belas,Caatinga,2,-37.0800,-9.1800,-37.0800,-9.0000
Nordeste,PI,Acauã,Caatinga,2,-41.0400,-8.2800,-40.8600,-8.2800
Nordeste,PI,Agricolândia,Cerrado,1,-42.6600,-5.7600,-42.6600,-5.7600
Nordeste,PI,Alagoinha do Piauí,Caatinga,2,-40.8600,-7.0200,-40.8600,-6.8400
Nordeste,PI,Alegrete do Piauí,Caatinga,1,-40.8600,-7.2000,-40.8600,-7.2000
Nordeste,PI,Alto Longá,Cerrado,4,-42.3000,-5.5800,-42.1200,-5.2200
Nordeste,PI,Altos,Cerrado,1,-42.4800,-5.0400,-42.4800,-5.0400
Nordeste,PI,Alvorada do Gurguéia,Caatinga,3,-43.9200,-8.4600,-43.7400,-8.2800
Nordeste,PI,Alvorada do Gurguéia,Cerrado,2,-44.2800,-8.4600,-44.1000,-8.4600
Nordeste,PI,Amarante,Caatinga,3,-42.8400,-6.6600,-42.6600,-6.4800
Nordeste,PI,Amarante,Cerrado,2,-42.8400,-6.3000,-42.8400,-6.1200
Nordeste,PI,Antônio Almeida,Cerrado,2,-44.2800,-7.2000,-44.1000,-7.2000
Nordeste,PI,Anísio de Abreu,Caatinga,1,-43.0200,-9.1800,-43.0200,-9.1800
Nordeste,PI,Aroazes,Cerrado,2,-41.9400,-6.1200,-41.7600,-6.1200
Nordeste,PI,Arraial,Caatinga,1,-42.4800,-6.6600,-42.4800,-6.6600
Nordeste,PI,Assunção do Piauí,Caatinga,3,-41.2200,-5.9400,-41.0400,-5.7600
Nordeste,PI,Avelino Lopes,Caatinga,3,-44.1000,-10.2600,-43.9200,-10.0800
Nordeste,PI,Baixa Grande do Ribeiro,Cerrado,20,-45.3600,-9.1800,-45.0000,-7.9200
Nordeste,PI,Barra D'Alcântara,Cerrado,1,-42.1200,-6.4800,-42.1200,-6.4800
Nordeste,PI,Barras,Cerrado,4,-42.4800,-4.3200,-42.3000,-4.1400
Nordeste,PI,Barreiras do Piauí,Cerrado,5,-45.9000,-10.2600,-45.5400,-9.9000
Nordeste,PI,Barro Duro,Cerrado,1,-42.4800,-5.7600,-42.4800,-5.7600
Nordeste,PI,Batalha,Cerrado,4,-42.1200,-4.1400,-41.9400,-3.9600
Nordeste,PI,Bela Vista do Piauí,Caatinga,2,-41.9400,-8.1000,-41.7600,-7.9200
Nordeste,PI,Beneditinos,Cerrado,2,-42.4800,-5.5800,-42.3000,-5.4000
Nordeste,PI,Bertolínia,Cerrado,3,-43.9200,-7.9200,-43.9200,-7.5600
Nordeste,PI,Betânia do Piauí,Caatinga,2,-40.8600,-8.1000,-40.6800,-8.1000
Nordeste,PI,Boa Hora,Cerrado,1,-42.1200,-4.3200,-42.1200,-4.3200
Nordeste,PI,Bocaina,Caatinga,1,-41.2200,-6.8400,-41.2200,-6.8400
Nordeste,PI,Bom Jesus,Caatinga,2,-44.1000,-9.3600,-43.9200,-9.3600
Nordeste,PI,Bom Jesus,Cerrado,10,-45.1800,-9.3600,-44.1000,-9.1800
Nordeste,PI,Bom Princípio do Piauí,Caatinga,1,-41.5800,-3.2400,-41.5800,-3.2400
Nordeste,PI,Bonfim do Piauí,Caatinga,1,-42.8400,-9.1800,-42.8400,-9.1800
Nordeste,PI,Boqueirão do Piauí,Cerrado,1,-42.1200,-4.5000,-42.1200,-4.5000
Nordeste,PI,Brasileira,Caatinga,1,-41.4000,-4.1400,-41.4000,-4.1400
Nordeste,PI,Brasileira,Cerrado,2,-41.7600,-4.1400,-41.5800,-4.1400
Nordeste,PI,Brejo do Piauí,Caatinga,7,-43.0200,-8.6400,-42.6600,-8.1000
Nordeste,PI,Buriti dos Lopes,Cerrado,1,-41.7600,-3.2400,-41.7600,-3.2400
Nordeste,PI,Buriti dos Montes,Caatinga,6,-41.4000,-5.4000,-41.0400,-5.0400
Nordeste,PI,Cabeceiras do Piauí,Cerrado,1,-42.3000,-4.5000,-42.3000,-4.5000
Nordeste,PI,Cajazeiras do Piauí,Caatinga,1,-42.4800,-6.8400,-42.4800,-6.8400
Nordeste,PI,Cajueiro da Praia,Caatinga,1,-41.4000,-3.0600,-41.4000,-3.0600
Nordeste,PI,Caldeirão Grande do Piauí,Caatinga,1,-40.6800,-7.3800,-40.6800,-7.3800
Nordeste,PI,Campinas do Piauí,Caatinga,3,-41.9400,-7.7400,-41.7600,-7.5600
Nordeste,PI,Campo Grande do Piauí,Caatinga,1,-41.0400,-7.2000,-41.0400,-7.2000
Nordeste,PI,Campo Largo do Piauí,Cerrado,2,-42.6600,-3.9600,-42.4800,-3.7800
Nordeste,PI,Campo Maior,Cerrado,5,-42.3000,-5.0400,-41.9400,-4.6800
Nordeste,PI,Canavieira,Caatinga,4,-43.5600,-7.7400,-43.3800,-7.3800
Nordeste,PI,Canavieira,Cerrado,3,-43.7400,-7.7400,-43.3800,-7.3800
Nordeste,PI,Canto do Buriti,Caatinga,10,-43.5600,-8.6400,-43.0200,-8.1000
Nordeste,PI,Capitão Gervásio Oliveira,Caatinga,4,-41.9400,-8.6400,-41.7600,-8.4600
Nordeste,PI,Capitão de Campos,Cerrado,1,-41.9400,-4.5000,-41.9400,-4.5000
Nordeste,PI,Caracol,Caatinga,4,-43.3800,-9.1800,-43.2000,-8.8200
Nordeste,PI,Caridade do Piauí,Caatinga,1,-41.0400,-7.7400,-41.0400,-7.7400
Nordeste,PI,Castelo do Piauí,Caatinga,2,-41.4000,-5.4000,-41.4000,-5.2200
Nordeste,PI,Castelo do Piauí,Cerrado,5,-41.7600,-5.5800,-41.5800,-5.2200
Nordeste,PI,Caxingó,Cerrado,1,-41.7600,-3.4200,-41.7600,-3.4200
Nordeste,PI,Cocal,Caatinga,2,-41.5800,-3.4200,-41.4000,-3.4200
Nordeste,PI,Cocal,Cerrado,1,-41.5800,-3.6000,-41.5800,-3.6000
Nordeste,PI,Cocal dos Alves,Caatinga,1,-41.4000,-3.6000,-41.4000,-3.6000
Nordeste,PI,Coivaras,Cerrado,2,-42.3000,-5.2200,-42.3000,-5.0400
Nordeste,PI,Colônia do Gurguéia,Caatinga,1,-43.7400,-8.1000,-43.7400,-8.1000
Nordeste,PI,Colônia do Piauí,Caatinga,4,-42.3000,-7.3800,-42.1200,-7.2000
Nordeste,PI,Conceição do Canindé,Caatinga,1,-41.5800,-7.9200,-41.5800,-7.9200
Nordeste,PI,Coronel José Dias,Caatinga,4,-42.4800,-9.1800,-42.3000,-8.8200
Nordeste,PI,Corrente,Caatinga,1,-44.8200,-10.4400,-44.8200,-10.4400
Nordeste,PI,Corrente,Cerrado,7,-45.3600,-10.6200,-45.0000,-10.2600
Nordeste,PI,Cristalândia do Piauí,Cerrado,3,-45.1800,-10.8000,-45.0000,-10.6200
Nordeste,PI,Cristino Castro,Caatinga,1,-43.7400,-8.6400,-43.7400,-8.6400
Nordeste,PI,Cristino Castro,Cerrado,4,-44.1000,-9.0000,-43.9200,-8.6400
Nordeste,PI,Curimatá,Caatinga,5,-44.4600,-10.2600,-44.2800,-9.7200
Nordeste,PI,Curimatá,Cerrado,1,-44.4600,-9.7200,-44.4600,-9.7200
Nordeste,PI,Currais,Cerrado,10,-45.0000,-9.0000,-44.4600,-8.4600
Nordeste,PI,Curral Novo do Piauí,Caatinga,2,-40.8600,-7.9200,-40.8600,-7.7400
Nordeste,PI,Curralinhos,Cerrado,1,-42.8400,-5.5800,-42.8400,-5.5800
Nordeste,PI,Dirceu Arcoverde,Caatinga,2,-42.6600,-9.3600,-42.4800,-9.3600
Nordeste,PI,Dom Inocêncio,Caatinga,10,-42.1200,-9.1800,-41.5800,-8.6400
Nordeste,PI,Domingos Mourão,Caatinga,2,-41.4000,-4.3200,-41.2200,-4.3200
Nordeste,PI,Elesbão Veloso,Cerrado,3,-42.3000,-6.3000,-42.1200,-6.1200
Nordeste,PI,Eliseu Martins,Caatinga,3,-43.7400,-8.1000,-43.5600,-7.9200
Nordeste,PI,Esperantina,Cerrado,3,-42.3000,-3.9600,-42.1200,-3.6000
Nordeste,PI,Fartura do Piauí,Caatinga,2,-42.8400,-9.5400,-42.6600,-9.5400
Nordeste,PI,Flores do Piauí,Caatinga,1,-43.0200,-7.7400,-43.0200,-7.7400
Nordeste,PI,Floriano,Cerrado,8,-43.3800,-7.2000,-42.8400,-6.8400
Nordeste,PI,Francinópolis,Cerrado,1,-42.3000,-6.4800,-42.3000,-6.4800
Nordeste,PI,Francisco Ayres,Caatinga,2,-42.6600,-6.8400,-42.6600,-6.6600
Nordeste,PI,Francisco Santos,Caatinga,1,-41.2200,-7.2000,-41.2200,-7.2000
Nordeste,PI,Fronteiras,Caatinga,2,-40.6800,-7.2000,-40.5000,-7.0200
Nordeste,PI,Geminiano,Caatinga,1,-41.4000,-7.2000,-41.4000,-7.2000
Nordeste,PI,Gilbués,Cerrado,10,-45.7200,-9.9000,-45.0000,-9.3600
Nordeste,PI,Guadalupe,Cerrado,2,-43.7400,-6.8400,-43.5600,-6.8400
Nordeste,PI,Guaribas,Caatinga,8,-43.9200,-9.3600,-43.5600,-8.8200
Nordeste,PI,Inhuma,Caatinga,2,-41.7600,-6.6600,-41.5800,-6.6600
Nordeste,PI,Ipiranga do Piauí,Caatinga,1,-41.7600,-6.8400,-41.7600,-6.8400
Nordeste,PI,Isaías Coelho,Caatinga,2,-41.7600,-7.7400,-41.5800,-7.7400
Nordeste,PI,Itainópolis,Caatinga,2,-41.5800,-7.3800,-41.4000,-7.3800
Nordeste,PI,Itaueira,Caatinga,2,-43.2000,-7.5600,-43.0200,-7.5600
Nordeste,PI,Itaueira,Cerrado,5,-43.3800,-7.5600,-42.8400,-7.3800
Nordeste,PI,Jacobina do Piauí,Caatinga,4,-41.4000,-7.9200,-41.0400,-7.7400
Nordeste,PI,Jaicós,Caatinga,2,-41.2200,-7.3800,-41.0400,-7.3800
Nordeste,PI,Jardim do Mulato,Cerrado,2,-42.6600,-6.1200,-42.4800,-6.1200
Nordeste,PI,Jatobá do Piauí,Cerrado,1,-41.9400,-4.8600,-41.9400,-4.8600
Nordeste,PI,Jerumenha,Cerrado,5,-43.7400,-7.2000,-43.3800,-7.0200
Nordeste,PI,Joaquim Pires,Cerrado,2,-42.1200,-3.6000,-41.9400,-3.4200
Nordeste,PI,José de Freitas,Cerrado,4,-42.6600,-4.8600,-42.4800,-4.6800
Nordeste,PI,João Costa,Caatinga,5,-42.6600,-8.6400,-42.3000,-8.4600
Nordeste,PI,Juazeiro do Piauí,Cerrado,2,-41.5800,-5.0400,-41.5800,-4.8600
Nordeste,PI,Jurema,Caatinga,3,-43.2000,-9.3600,-43.2000,-8.8200
Nordeste,PI,Júlio Borges,Caatinga,3,-44.2800,-10.4400,-44.1000,-10.2600
Nordeste,PI,Lagoa Alegre,Cerrado,2,-42.6600,-4.5000,-42.4800,-4.5000
Nordeste,PI,Lagoa de São Francisco,Caatinga,1,-41.5800,-4.3200,-41.5800,-4.3200
Nordeste,PI,Lagoa do Barro do Piauí,Caatinga,2,-41.5800,-8.6400,-41.5800,-8.4600
Nordeste,PI,Lagoa do Piauí,Cerrado,1,-42.6600,-5.4000,-42.6600,-5.4000
Nordeste,PI,Lagoa do Sítio,Caatinga,2,-41.5800,-6.4800,-41.4000,-6.4800
Nordeste,PI,Landri Sales,Cerrado,3,-44.1000,-7.3800,-43.7400,-7.2000
Nordeste,PI,Luzilândia,Cerrado,1,-42.3000,-3.6000,-42.3000,-3.6000
Nordeste,PI,Luís Correia,Caatinga,2,-41.5800,-3.2400,-41.4000,-3.0600
Nordeste,PI,Madeiro,Cerrado,1,-42.4800,-3.6000,-42.4800,-3.6000
Nordeste,PI,Manoel Emídio,Caatinga,2,-44.1000,-8.2800,-43.9200,-8.2800
Nordeste,PI,Manoel Emídio,Cerrado,2,-44.1000,-8.1000,-43.9200,-8.1000
Nordeste,PI,Marcos Parente,Cerrado,2,-43.9200,-7.2000,-43.9200,-7.0200
Nordeste,PI,Massapê do Piauí,Caatinga,2,-41.2200,-7.5600,-41.0400,-7.5600
Nordeste,PI,Miguel Alves,Cerrado,4,-42.8400,-4.3200,-42.6600,-4.1400
Nordeste,PI,Milton Brandão,Caatinga,2,-41.4000,-4.8600,-41.4000,-4.6800
Nordeste,PI,Milton Brandão,Cerrado,2,-41.7600,-4.6800,-41.5800,-4.6800
Nordeste,PI,Monsenhor Gil,Cerrado,2,-42.6600,-5.5800,-42.4800,-5.5800
Nordeste,PI,Monsenhor Hipólito,Caatinga,2,-41.0400,-7.0200,-41.0400,-6.8400
Nordeste,PI,Monte Alegre do Piauí,Cerrado,5,-45.1800,-9.7200,-44.8200,-9.5400
Nordeste,PI,Morro Cabeça no Tempo,Caatinga,5,-44.1000,-9.9000,-43.7400,-9.7200
Nordeste,PI,Morro Cabeça no Tempo,Cerrado,1,-43.9200,-9.5400,-43.9200,-9.5400
Nordeste,PI,Morro do Chapéu do Piauí,Cerrado,1,-42.3000,-3.7800,-42.3000,-3.7800
Nordeste,PI,Murici dos Portelas,Cerrado,4,-42.0750,-3.4200,-41.9400,-3.2400
Nordeste,PI,Nazaré do Piauí,Caatinga,1,-42.6600,-7.0200,-42.6600,-7.0200
Nordeste,PI,Nazaré do Piauí,Cerrado,2,-42.8400,-7.2000,-42.8400,-7.0200
Nordeste,PI,Nazária,Cerrado,1,-42.8400,-5.4000,-42.8400,-5.4000
Nordeste,PI,Nossa Senhora de Nazaré,Cerrado,1,-42.1200,-4.6800,-42.1200,-4.6800
Nordeste,PI,Nossa Senhora dos Remédios,Cerrado,1,-42.6600,-3.9600,-42.6600,-3.9600
Nordeste,PI,Nova Santa Rita,Caatinga,2,-42.1200,-8.1000,-41.9400,-8.1000
Nordeste,PI,Novo Oriente do Piauí,Cerrado,1,-41.9400,-6.4800,-41.9400,-6.4800
Nordeste,PI,Novo Santo Antônio,Cerrado,1,-41.9400,-5.2200,-41.9400,-5.2200
Nordeste,PI,Oeiras,Caatinga,8,-42.3000,-7.2000,-41.9400,-6.6600
Nordeste,PI,Oeiras,Cerrado,1,-41.9400,-6.6600,-41.9400,-6.6600
Nordeste,PI,Padre Marcos,Caatinga,1,-40.8600,-7.3800,-40.8600,-7.3800
Nordeste,PI,Paes Landim,Caatinga,2,-42.3000,-7.9200,-42.3000,-7.7400
Nordeste,PI,Pajeú do Piauí,Caatinga,3,-43.0200,-7.9200,-42.8400,-7.7400
Nordeste,PI,Palmeira do Piauí,Cerrado,6,-44.8200,-8.6400,-44.1000,-8.2800
Nordeste,PI,Palmeirais,Cerrado,4,-43.0200,-5.9400,-42.8400,-5.5800
Nordeste,PI,Parnaguá,Caatinga,7,-44.6400,-10.6200,-44.4600,-10.0800
Nordeste,PI,Parnaíba,Caatinga,2,-41.7600,-3.0600,-41.7600,-2.8800
Nordeste,PI,Passagem Franca do Piauí,Cerrado,1,-42.4800,-5.9400,-42.4800,-5.9400
Nordeste,PI,Patos do Piauí,Caatinga,1,-41.4000,-7.7400,-41.4000,-7.7400
Nordeste,PI,Pau D'Arco do Piauí,Cerrado,1,-42.4800,-5.2200,-42.4800,-5.2200
Nordeste,PI,Paulistana,Caatinga,4,-41.4000,-8.2800,-41.0400,-8.1000
Nordeste,PI,Pavussu,Caatinga,2,-43.3800,-7.9200,-43.2000,-7.9200
Nordeste,PI,Pedro II,Caatinga,3,-41.4000,-4.6800,-41.2200,-4.5000
Nordeste,PI,Pedro II,Cerrado,1,-41.5800,-4.5000,-41.5800,-4.5000
Nordeste,PI,Pedro Laurentino,Caatinga,1,-42.3000,-8.1000,-42.3000,-8.1000
Nordeste,PI,Picos,Caatinga,2,-41.5800,-7.2000,-41.5800,-7.0200
Nordeste,PI,Pimenteiras,Caatinga,12,-41.4000,-6.6600,-40.8600,-6.1200
Nordeste,PI,Pimenteiras,Cerrado,1,-41.5800,-6.1200,-41.5800,-6.1200
Nordeste,PI,Pio IX,Caatinga,4,-40.8600,-7.0200,-40.5000,-6.6600
Nordeste,PI,Piracuruca,Caatinga,1,-41.5800,-3.9600,-41.5800,-3.9600
Nordeste,PI,Piracuruca,Cerrado,4,-41.7600,-3.9600,-41.4000,-3.6000
Nordeste,PI,Piripiri,Cerrado,3,-41.9400,-4.5000,-41.7600,-4.3200
Nordeste,PI,Porto Alegre do Piauí,Cerrado,2,-44.1000,-7.0200,-43.9200,-6.8400
Nordeste,PI,Prata do Piauí,Cerrado,1,-42.1200,-5.7600,-42.1200,-5.7600
Nordeste,PI,Queimada Nova,Caatinga,4,-41.4000,-8.6400,-41.2200,-8.4600
Nordeste,PI,Redenção do Gurguéia,Caatinga,2,-44.2800,-9.5400,-44.1000,-9.5400
Nordeste,PI,Redenção do Gurguéia,Cerrado,4,-44.6400,-9.5400,-44.4600,-9.3600
Nordeste,PI,Regeneração,Caatinga,1,-42.4800,-6.4800,-42.4800,-6.4800
Nordeste,PI,Regeneração,Cerrado,3,-42.6600,-6.3000,-42.3000,-6.3000
Nordeste,PI,Riacho Frio,Cerrado,7,-45.0000,-10.2600,-44.6400,-9.7200
Nordeste,PI,Ribeira do Piauí,Caatinga,2,-42.6600,-7.9200,-42.6600,-7.7400
Nordeste,PI,Ribeiro Gonçalves,Cerrado,10,-45.5400,-8.4600,-45.0000,-7.5600
Nordeste,PI,Rio Grande do Piauí,Caatinga,1,-43.2000,-7.7400,-43.2000,-7.7400
Nordeste,PI,Santa Cruz do Piauí,Caatinga,2,-41.7600,-7.3800,-41.7600,-7.2000
Nordeste,PI,Santa Cruz dos Milagres,Cerrado,2,-41.9400,-5.9400,-41.7600,-5.9400
Nordeste,PI,Santa Filomena,Cerrado,15,-45.9000,-9.5400,-45.5400,-8.4600
Nordeste,PI,Santa Luz,Cerrado,3,-44.2800,-9.0000,-44.1000,-8.8200
Nordeste,PI,Santo Antônio de Lisboa,Caatinga,1,-41.2200,-7.0200,-41.2200,-7.0200
Nordeste,PI,Santo Inácio do Piauí,Caatinga,2,-42.1200,-7.5600,-41.9400,-7.3800
Nordeste,PI,Sebastião Barros,Cerrado,3,-45.0000,-10.8000,-44.8200,-10.6200
Nordeste,PI,Sebastião Leal,Cerrado,7,-44.2800,-8.2800,-43.7400,-7.3800
Nordeste,PI,Sigefredo Pacheco,Cerrado,3,-41.9400,-5.0400,-41.7600,-4.8600
Nordeste,PI,Simplício Mendes,Caatinga,3,-42.1200,-7.9200,-41.7600,-7.7400
Nordeste,PI,Simões,Caatinga,4,-40.8600,-7.9200,-40.6800,-7.5600
Nordeste,PI,Socorro do Piauí,Caatinga,1,-42.4800,-7.9200,-42.4800,-7.9200
Nordeste,PI,Sussuapara,Caatinga,1,-41.4000,-7.0200,-41.4000,-7.0200
Nordeste,PI,São Braz do Piauí,Caatinga,2,-43.0200,-9.0000,-43.0200,-8.8200
Nordeste,PI,São Francisco de Assis do Piauí,Caatinga,4,-41.7600,-8.2800,-41.4000,-8.1000
Nordeste,PI,São Francisco do Piauí,Caatinga,4,-42.6600,-7.3800,-42.4800,-7.0200
Nordeste,PI,São Félix do Piauí,Cerrado,1,-42.1200,-5.9400,-42.1200,-5.9400
Nordeste,PI,São Gonçalo do Gurguéia,Cerrado,2,-45.3600,-10.0800,-45.1800,-10.0800
Nordeste,PI,São José do Divino,Cerrado,2,-41.9400,-3.7800,-41.7600,-3.7800
Nordeste,PI,São José do Peixe,Caatinga,1,-42.4800,-7.7400,-42.4800,-7.7400
Nordeste,PI,São José do Peixe,Cerrado,2,-42.6600,-7.5600,-42.6600,-7.3800
Nordeste,PI,São José do Piauí,Caatinga,2,-41.5800,-6.8400,-41.4000,-6.8400
Nordeste,PI,São João da Canabrava,Caatinga,1,-41.4000,-6.6600,-41.4000,-6.6600
Nordeste,PI,São João da Fronteira,Caatinga,2,-41.4000,-4.1400,-41.2200,-3.9600
Nordeste,PI,São João da Serra,Cerrado,2,-41.9400,-5.5800,-41.9400,-5.4000
Nordeste,PI,São João da Varjota,Caatinga,1,-41.7600,-7.0200,-41.7600,-7.0200
Nordeste,PI,São João do Arraial,Cerrado,1,-42.4800,-3.7800,-42.4800,-3.7800
Nordeste,PI,São João do Piauí,Caatinga,6,-42.4800,-8.4600,-41.9400,-8.1000
Nordeste,PI,São Lourenço do Piauí,Caatinga,2,-42.6600,-9.1800,-42.4800,-9.1800
Nordeste,PI,São Miguel da Baixa Grande,Cerrado,2,-42.3000,-5.9400,-42.3000,-5.7600
Nordeste,PI,São Miguel do Fidalgo,Caatinga,2,-42.4800,-7.5600,-42.3000,-7.5600
Nordeste,PI,São Miguel do Tapuio,Caatinga,6,-41.4000,-6.1200,-41.0400,-5.5800
Nordeste,PI,São Miguel do Tapuio,Cerrado,6,-41.9400,-5.9400,-41.4000,-5.5800
Nordeste,PI,São Pedro do Piauí,Cerrado,1,-42.8400,-5.7600,-42.8400,-5.7600
Nordeste,PI,São Raimundo Nonato,Caatinga,5,-42.8400,-9.0000,-42.4800,-8.8200
Nordeste,PI,Tamboril do Piauí,Caatinga,5,-43.2000,-8.6400,-42.8400,-8.2800
Nordeste,PI,Tanque do Piauí,Cerrado,1,-42.3000,-6.6600,-42.3000,-6.6600
Nordeste,PI,Teresina,Cerrado,4,-42.8400,-5.2200,-42.6600,-4.8600
Nordeste,PI,União,Cerrado,2,-42.8400,-4.6800,-42.8400,-4.5000
Nordeste,PI,Uruçuí,Cerrado,21,-44.8200,-8.2800,-44.2800,-7.2000
Nordeste,PI,Valença do Piauí,Caatinga,1,-41.5800,-6.3000,-41.5800,-6.3000
Nordeste,PI,Valença do Piauí,Cerrado,3,-41.9400,-6.4800,-41.7600,-6.3000
Nordeste,PI,Vera Mendes,Caatinga,2,-41.5800,-7.5600,-41.4000,-7.5600
Nordeste,PI,Várzea Branca,Caatinga,2,-43.0200,-9.3600,-42.8400,-9.3600
Nordeste,PI,Água Branca,Cerrado,1,-42.6600,-5.9400,-42.6600,-5.9400
Nordeste,RN,Acari,Caatinga,2,-36.7200,-6.4800,-36.5400,-6.4800
Nordeste,RN,Afonso Bezerra,Caatinga,1,-36.5400,-5.5800,-36.5400,-5.5800
Nordeste,RN,Almino Afonso,Caatinga,1,-37.8000,-6.1200,-37.8000,-6.1200
Nordeste,RN,Alto do Rodrigues,Caatinga,1,-36.7200,-5.4000,-36.7200,-5.4000
Nordeste,RN,Angicos,Caatinga,1,-36.7200,-5.5800,-36.7200,-5.5800
Nordeste,RN,Apodi,Caatinga,4,-37.9800,-5.7600,-37.8000,-5.4000
Nordeste,RN,Areia Branca,Caatinga,1,-37.0800,-5.0400,-37.0800,-5.0400
Nordeste,RN,Assú,Caatinga,4,-37.0800,-5.5800,-36.9000,-5.4000
Nordeste,RN,Baraúna,Caatinga,2,-37.6200,-5.2200,-37.6200,-5.0400
Nordeste,RN,Baía Formosa,Mata Atlântica,1,-35.1000,-6.4800,-35.1000,-6.4800
Nordeste,RN,Caicó,Caatinga,2,-37.0800,-6.6600,-37.0800,-6.4800
Nordeste,RN,Caiçara do Rio do Vento,Caatinga,1,-36.0000,-5.7600,-36.0000,-5.7600
Nordeste,RN,Campo Grande,Caatinga,4,-37.4400,-5.9400,-37.2600,-5.7600
Nordeste,RN,Caraúbas,Caatinga,2,-37.6200,-5.9400,-37.6200,-5.7600
Nordeste,RN,Carnaubais,Caatinga,1,-36.9000,-5.2200,-36.9000,-5.2200
Nordeste,RN,Ceará-Mirim,Caatinga,2,-35.4600,-5.5800,-35.2800,-5.5800
Nordeste,RN,Cerro Corá,Caatinga,1,-36.3600,-5.9400,-36.3600,-5.9400
Nordeste,RN,Coronel Ezequiel,Caatinga,1,-36.1800,-6.3000,-36.1800,-6.3000
Nordeste,RN,Cruzeta,Caatinga,1,-36.9000,-6.3000,-36.9000,-6.3000
Nordeste,RN,Currais Novos,Caatinga,3,-36.5400,-6.3000,-36.3600,-6.1200
Nordeste,RN,Encanto,Caatinga,1,-38.3400,-6.1200,-38.3400,-6.1200
Nordeste,RN,Equador,Caatinga,1,-36.7200,-6.8400,-36.7200,-6.8400
Nordeste,RN,Espírito Santo,Mata Atlântica,1,-35.2800,-6.3000,-35.2800,-6.3000
Nordeste,RN,Felipe Guerra,Caatinga,1,-37.6200,-5.5800,-37.6200,-5.5800
Nordeste,RN,Fernando Pedroza,Caatinga,2,-36.5400,-5.7600,-36.3600,-5.7600
Nordeste,RN,Florânia,Caatinga,1,-36.9000,-6.1200,-36.9000,-6.1200
Nordeste,RN,Galinhos,Caatinga,1,-36.1800,-5.2200,-36.1800,-5.2200
Nordeste,RN,Governador Dix-Sept Rosado,Caatinga,3,-37.6200,-5.5800,-37.4400,-5.4000
Nordeste,RN,Guamaré,Caatinga,1,-36.3600,-5.2200,-36.3600,-5.2200
Nordeste,RN,Ielmo Marinho,Caatinga,2,-35.6400,-5.7600,-35.4600,-5.7600
Nordeste,RN,Jandaíra,Caatinga,1,-36.1800,-5.4000,-36.1800,-5.4000
Nordeste,RN,Japi,Caatinga,1,-35.8200,-6.4800,-35.8200,-6.4800
Nordeste,RN,Jardim de Angicos,Caatinga,1,-36.0000,-5.5800,-36.0000,-5.5800
Nordeste,RN,Jardim de Piranhas,Caatinga,1,-37.2600,-6.3000,-37.2600,-6.3000
Nordeste,RN,João Câmara,Caatinga,2,-36.0000,-5.5800,-35.8200,-5.4000
Nordeste,RN,Jucurutu,Caatinga,1,-37.0800,-6.1200,-37.0800,-6.1200
Nordeste,RN,Lagoa Nova,Caatinga,1,-36.5400,-6.1200,-36.5400,-6.1200
Nordeste,RN,Lajes,Caatinga,2,-36.1800,-5.7600,-36.1800,-5.5800
Nordeste,RN,Macau,Caatinga,1,-36.5400,-5.2200,-36.5400,-5.2200
Nordeste,RN,Macaíba,Caatinga,1,-35.4600,-5.9400,-35.4600,-5.9400
Nordeste,RN,Marcelino Vieira,Caatinga,1,-38.1600,-6.3000,-38.1600,-6.3000
Nordeste,RN,Montanhas,Caatinga,1,-35.2800,-6.4800,-35.2800,-6.4800
Nordeste,RN,Monte Alegre,Caatinga,1,-35.4600,-6.1200,-35.4600,-6.1200
Nordeste,RN,Mossoró,Caatinga,5,-37.4400,-5.4000,-37.2600,-5.0400
Nordeste,RN,Natal,Caatinga,1,-35.2800,-5.7600,-35.2800,-5.7600
Nordeste,RN,Nísia Floresta,Mata Atlântica,1,-35.1000,-6.1200,-35.1000,-6.1200
Nordeste,RN,Ouro Branco,Caatinga,1,-36.9000,-6.6600,-36.9000,-6.6600
Nordeste,RN,Paraú,Caatinga,1,-37.0800,-5.7600,-37.0800,-5.7600
Nordeste,RN,Parelhas,Caatinga,2,-36.7200,-6.6600,-36.5400,-6.6600
Nordeste,RN,Parnamirim,Caatinga,1,-35.2800,-5.9400,-35.2800,-5.9400
Nordeste,RN,Patu,Caatinga,1,-37.6200,-6.1200,-37.6200,-6.1200
Nordeste,RN,Pau dos Ferros,Caatinga,1,-38.1600,-6.1200,-38.1600,-6.1200
Nordeste,RN,Pedro Avelino,Caatinga,2,-36.3600,-5.5800,-36.3600,-5.4000
Nordeste,RN,Pendências,Caatinga,2,-36.7200,-5.4000,-36.5400,-5.2200
Nordeste,RN,Pilões,Caatinga,1,-37.9800,-6.3000,-37.9800,-6.3000
Nordeste,RN,Porto do Mangue,Caatinga,1,-36.9000,-5.0400,-36.9000,-5.0400
Nordeste,RN,Pureza,Caatinga,2,-35.6400,-5.4000,-35.4600,-5.4000
Nordeste,RN,Riacho da Cruz,Caatinga,1,-37.9800,-5.9400,-37.9800,-5.9400
Nordeste,RN,Riacho de Santana,Caatinga,1,-38.3400,-6.3000,-38.3400,-6.3000
Nordeste,RN,Riachuelo,Caatinga,1,-35.8200,-5.7600,-35.8200,-5.7600
Nordeste,RN,Santa Cruz,Caatinga,2,-36.0000,-6.3000,-36.0000,-6.1200
Nordeste,RN,Santana do Matos,Caatinga,3,-36.7200,-5.9400,-36.5400,-5.7600
Nordeste,RN,Santo Antônio,Caatinga,1,-35.4600,-6.3000,-35.4600,-6.3000
Nordeste,RN,Serra Caiada,Caatinga,2,-35.8200,-6.1200,-35.6400,-6.1200
Nordeste,RN,Serra Negra do Norte,Caatinga,1,-37.4400,-6.6600,-37.4400,-6.6600
Nordeste,RN,Serra do Mel,Caatinga,1,-37.0800,-5.2200,-37.0800,-5.2200
Nordeste,RN,Serrinha,Caatinga,1,-35.6400,-6.3000,-35.6400,-6.3000
Nordeste,RN,Serrinha dos Pintos,Caatinga,1,-37.9800,-6.1200,-37.9800,-6.1200
Nordeste,RN,Severiano Melo,Caatinga,1,-37.9800,-5.7600,-37.9800,-5.7600
Nordeste,RN,São Bento do Norte,Caatinga,1,-36.0000,-5.2200,-36.0000,-5.2200
Nordeste,RN,São Bento do Trairí,Caatinga,1,-36.0000,-6.4800,-36.0000,-6.4800
Nordeste,RN,São Fernando,Caatinga,1,-37.0800,-6.3000,-37.0800,-6.3000
Nordeste,RN,São Francisco do Oeste,Caatinga,1,-38.1600,-5.9400,-38.1600,-5.9400
Nordeste,RN,São José de Mipibu,Mata Atlântica,1,-35.2800,-6.1200,-35.2800,-6.1200
Nordeste,RN,São José do Seridó,Caatinga,1,-36.9000,-6.4800,-36.9000,-6.4800
Nordeste,RN,São João do Sabugi,Caatinga,1,-37.2600,-6.6600,-37.2600,-6.6600
Nordeste,RN,São Miguel do Gostoso,Caatinga,1,-35.8200,-5.2200,-35.8200,-5.2200
Nordeste,RN,São Paulo do Potengi,Caatinga,1,-35.8200,-5.9400,-35.8200,-5.9400
Nordeste,RN,São Pedro,Caatinga,1,-35.6400,-5.9400,-35.6400,-5.9400
Nordeste,RN,São Rafael,Caatinga,2,-36.9000,-5.9400,-36.9000,-5.7600
Nordeste,RN,São Tomé,Caatinga,3,-36.1800,-6.1200,-36.0000,-5.9400
Nordeste,RN,São Vicente,Caatinga,1,-36.7200,-6.3000,-36.7200,-6.3000
Nordeste,RN,Taipu,Caatinga,1,-35.6400,-5.5800,-35.6400,-5.5800
Nordeste,RN,Tangará,Caatinga,1,-35.8200,-6.3000,-35.8200,-6.3000
Nordeste,RN,Tenente Ananias,Caatinga,1,-38.1600,-6.4800,-38.1600,-6.4800
Nordeste,RN,Tenente Laurentino Cruz,Caatinga,1,-36.7200,-6.1200,-36.7200,-6.1200
Nordeste,RN,Tibau,Caatinga,1,-37.2600,-4.8600,-37.2600,-4.8600
Nordeste,RN,Timbaúba dos Batistas,Caatinga,1,-37.2600,-6.4800,-37.2600,-6.4800
Nordeste,RN,Touros,Caatinga,2,-35.8200,-5.4000,-35.6400,-5.2200
Nordeste,RN,Touros,Mata Atlântica,1,-35.4600,-5.2200,-35.4600,-5.2200
Nordeste,RN,Triunfo Potiguar,Caatinga,1,-37.0800,-5.9400,-37.0800,-5.9400
Nordeste,RN,Umarizal,Caatinga,1,-37.8000,-5.9400,-37.8000,-5.9400
Nordeste,RN,Upanema,Caatinga,1,-37.2600,-5.5800,-37.2600,-5.5800
Nordeste,RN,Venha-Ver,Caatinga,1,-38.5200,-6.3000,-38.5200,-6.3000
Nordeste,RN,Vila Flor,Mata Atlântica,1,-35.1000,-6.3000,-35.1000,-6.3000
Nordeste,SE,Aquidabã,Caatinga,1,-37.0800,-10.2600,-37.0800,-10.2600
Nordeste,SE,Aracaju,Mata Atlântica,2,-37.0800,-10.9800,-37.0800,-10.8900
Nordeste,SE,Areia Branca,Mata Atlântica,3,-37.3950,-10.8450,-37.3500,-10.8000
Nordeste,SE,Barra dos Coqueiros,Mata Atlântica,1,-36.9900,-10.8900,-36.9900,-10.8900
Nordeste,SE,Boquim,Mata Atlântica,2,-37.6200,-11.1600,-37.5300,-11.0250
Nordeste,SE,Campo do Brito,Caatinga,2,-37.4850,-10.7550,-37.4850,-10.7100
Nordeste,SE,Canindé de São Francisco,Caatinga,11,-37.9800,-9.9000,-37.8000,-9.5400
Nordeste,SE,Capela,Mata Atlântica,1,-37.0800,-10.4400,-37.0800,-10.4400
Nordeste,SE,Carira,Caatinga,4,-37.8000,-10.4400,-37.6200,-10.2600
Nordeste,SE,Cedro de São João,Mata Atlântica,1,-36.9000,-10.2600,-36.9000,-10.2600
Nordeste,SE,Cristinápolis,Mata Atlântica,6,-37.8000,-11.5200,-37.7100,-11.4300
Nordeste,SE,Divina Pastora,Mata Atlântica,1,-37.1700,-10.7100,-37.1700,-10.7100
Nordeste,SE,Estância,Mata Atlântica,1,-37.4400,-11.1600,-37.4400,-11.1600
Nordeste,SE,Feira Nova,Caatinga,3,-37.3500,-10.3500,-37.2600,-10.2600
Nordeste,SE,Frei Paulo,Caatinga,1,-37.6200,-10.4400,-37.6200,-10.4400
Nordeste,SE,Gararu,Caatinga,7,-37.3500,-10.0800,-36.9900,-9.9000
Nordeste,SE,Ilha das Flores,Mata Atlântica,1,-36.5400,-10.4400,-36.5400,-10.4400
Nordeste,SE,Indiaroba,Mata Atlântica,1,-37.6200,-11.5200,-37.6200,-11.5200
Nordeste,SE,Itabaiana,Caatinga,10,-37.4850,-10.7550,-37.3500,-10.6200
Nordeste,SE,Itabaiana,Mata Atlântica,4,-37.4400,-10.8000,-37.3500,-10.7100
Nordeste,SE,Itabaianinha,Caatinga,6,-37.8900,-11.3400,-37.8000,-11.1600
Nordeste,SE,Itabaianinha,Mata Atlântica,2,-37.7550,-11.3850,-37.7550,-11.3400
Nordeste,SE,Itabi,Caatinga,1,-37.0800,-10.0800,-37.0800,-10.0800
Nordeste,SE,Itaporanga d'Ajuda,Mata Atlântica,3,-37.4400,-11.1600,-37.2600,-10.9800
Nordeste,SE,Japaratuba,Mata Atlântica,2,-36.9000,-10.6200,-36.9000,-10.4400
Nordeste,SE,Japoatã,Mata Atlântica,1,-36.7200,-10.4400,-36.7200,-10.4400
Nordeste,SE,Lagarto,Caatinga,3,-37.8000,-10.9800,-37.6200,-10.8000
Nordeste,SE,Lagarto,Mata Atlântica,2,-37.5300,-10.9800,-37.5300,-10.9350
Nordeste,SE,Laranjeiras,Mata Atlântica,2,-37.2600,-10.8000,-37.1700,-10.8000
Nordeste,SE,Macambira,Caatinga,1,-37.6200,-10.6200,-37.6200,-10.6200
Nordeste,SE,Malhador,Mata Atlântica,4,-37.3050,-10.7100,-37.2600,-10.6200
Nordeste,SE,Maruim,Mata Atlântica,1,-37.0800,-10.7100,-37.0800,-10.7100
Nordeste,SE,Moita Bonita,Caatinga,2,-37.3500,-10.6200,-37.3500,-10.5750
Nordeste,SE,Monte Alegre de Sergipe,Caatinga,3,-37.7100,-10.0800,-37.5300,-10.0800
Nordeste,SE,Nossa Senhora Aparecida,Caatinga,3,-37.5300,-10.4400,-37.4400,-10.3500
Nordeste,SE,Nossa Senhora da Glória,Caatinga,8,-37.7100,-10.2600,-37.3500,-10.0800
Nordeste,SE,Nossa Senhora das Dores,Caatinga,1,-37.2600,-10.3500,-37.2600,-10.3500
Nordeste,SE,Nossa Senhora das Dores,Mata Atlântica,3,-37.2600,-10.5300,-37.1700,-10.4400
Nordeste,SE,Nossa Senhora do Socorro,Mata Atlântica,3,-37.2600,-10.8900,-37.1250,-10.8450
Nordeste,SE,Pirambu,Mata Atlântica,1,-36.7200,-10.6200,-36.7200,-10.6200
Nordeste,SE,Porto da Folha,Caatinga,10,-37.6200,-9.9900,-37.2600,-9.8100
Nordeste,SE,Poço Redondo,Caatinga,11,-37.8000,-9.9900,-37.5300,-9.7200
Nordeste,SE,Poço Verde,Caatinga,2,-38.1600,-10.8000,-37.9800,-10.8000
Nordeste,SE,Riachuelo,Mata Atlântica,1,-37.2600,-10.7100,-37.2600,-10.7100
Nordeste,SE,Riachão do Dantas,Caatinga,2,-37.9350,-11.0250,-37.8900,-10.9800
Nordeste,SE,Ribeirópolis,Caatinga,3,-37.4400,-10.5750,-37.3950,-10.5300
Nordeste,SE,Ribeirópolis,Mata Atlântica,2,-37.4400,-10.5300,-37.3500,-10.4400
Nordeste,SE,Salgado,Mata Atlântica,1,-37.4850,-10.9800,-37.4850,-10.9800
Nordeste,SE,Santa Luzia do Itanhy,Mata Atlântica,2,-37.6200,-11.3400,-37.4400,-11.3400
Nordeste,SE,Santa Rosa de Lima,Mata Atlântica,1,-37.2600,-10.6200,-37.2600,-10.6200
Nordeste,SE,Santo Amaro das Brotas,Mata Atlântica,2,-37.0800,-10.8000,-36.9900,-10.8000
Nordeste,SE,Simão Dias,Caatinga,2,-37.8000,-10.8000,-37.8000,-10.6200
Nordeste,SE,Siriri,Mata Atlântica,2,-37.1700,-10.6200,-37.0800,-10.6200
Nordeste,SE,São Cristóvão,Mata Atlântica,9,-37.3050,-10.9800,-37.1700,-10.8450
Nordeste,SE,São Miguel do Aleixo,Mata Atlântica,1,-37.3500,-10.4400,-37.3500,-10.4400
Nordeste,SE,Tobias Barreto,Caatinga,4,-38.1600,-11.3400,-37.9800,-10.9800
Nordeste,SE,Tomar do Geru,Caatinga,3,-37.8900,-11.3850,-37.8000,-11.2950
Nordeste,SE,Umbaúba,Mata Atlântica,3,-37.7100,-11.4750,-37.6650,-11.3850
Norte,AC,Acrelândia,Amazônia,4,-67.1400,-10.0800,-66.7800,-9.7200
Norte,AC,Assis Brasil,Amazônia,3,-69.6600,-10.8000,-69.4800,-10.4400
Norte,AC,Brasiléia,Amazônia,9,-69.6600,-10.9800,-68.7600,-10.6200
Norte,AC,Bujari,Amazônia,6,-68.4000,-9.7200,-68.0400,-9.3600
Norte,AC,Capixaba,Amazônia,3,-68.0400,-10.6200,-67.8600,-10.4400
Norte,AC,Cruzeiro do Sul,Amazônia,13,-73.0800,-8.2800,-72.0000,-7.5600
Norte,AC,Epitaciolândia,Amazônia,3,-68.7600,-10.9800,-68.5800,-10.8000
Norte,AC,Feijó,Amazônia,29,-71.2800,-9.0000,-69.6600,-7.9200
Norte,AC,Jordão,Amazônia,4,-72.0000,-9.3600,-71.6400,-9.1800
Norte,AC,Manoel Urbano,Amazônia,12,-69.8400,-9.1800,-68.9400,-8.6400
Norte,AC,Marechal Thaumaturgo,Amazônia,3,-72.9000,-9.0000,-72.7200,-8.8200
Norte,AC,Mâncio Lima,Amazônia,6,-73.4400,-7.7400,-72.9000,-7.3800
Norte,AC,Plácido de Castro,Amazônia,7,-67.6800,-10.4400,-67.1400,-10.0800
Norte,AC,Porto Acre,Amazônia,8,-68.0400,-9.9000,-67.5000,-9.3600
Norte,AC,Porto Walter,Amazônia,8,-72.9000,-8.6400,-72.5400,-8.2800
Norte,AC,Rio Branco,Amazônia,22,-69.3000,-10.4400,-67.6800,-9.7200
Norte,AC,Rodrigues Alves,Amazônia,8,-73.6200,-7.9200,-72.7200,-7.7400
Norte,AC,Santa Rosa do Purus,Amazônia,4,-70.5600,-9.5400,-70.0200,-9.0000
Norte,AC,Sena Madureira,Amazônia,33,-69.6600,-10.4400,-68.4000,-9.0000
Norte,AC,Senador Guiomard,Amazônia,5,-67.6800,-10.2600,-67.1400,-9.7200
Norte,AC,Tarauacá,Amazônia,24,-72.1800,-8.8200,-70.7400,-7.7400
Norte,AC,Xapuri,Amazônia,14,-69.1200,-10.9800,-68.0400,-10.4400
Norte,AM,Alvarães,Amazônia,4,-65.1600,-3.7800,-64.9800,-3.2400
Norte,AM,Amaturá,Amazônia,2,-68.5800,-3.2400,-68.0400,-3.2400
Norte,AM,Anamã,Amazônia,6,-61.9200,-3.6000,-61.3800,-3.4200
Norte,AM,Anori,Amazônia,6,-61.9200,-4.1400,-61.5600,-3.7800
Norte,AM,Apuí,Amazônia,71,-60.6600,-8.6400,-58.3200,-6.4800
Norte,AM,Atalaia do Norte,Amazônia,20,-72.7200,-7.2000,-70.2000,-4.3200
Norte,AM,Autazes,Amazônia,12,-59.9400,-4.1400,-59.0400,-3.6000
Norte,AM,Barcelos,Amazônia,131,-65.1600,-1.9800,-61.5600,1.2600
Norte,AM,Barreirinha,Amazônia,11,-57.4200,-3.2400,-56.8800,-2.7000
Norte,AM,Benjamin Constant,Amazônia,2,-70.0200,-4.6800,-70.0200,-4.5000
Norte,AM,Beruri,Amazônia,28,-62.6400,-5.4000,-61.0200,-3.7800
Norte,AM,Boa Vista do Ramos,Amazônia,4,-57.7800,-3.4200,-57.4200,-3.0600
Norte,AM,Boca do Acre,Amazônia,26,-69.1200,-9.5400,-67.1400,-8.6400
Norte,AM,Borba,Amazônia,51,-61.2000,-6.6600,-58.3200,-3.9600
Norte,AM,Caapiranga,Amazônia,12,-61.9200,-3.4200,-61.2000,-2.7000
Norte,AM,Canutama,Amazônia,52,-64.8000,-8.6400,-63.1800,-6.1200
Norte,AM,Carauari,Amazônia,32,-67.8600,-5.9400,-66.4200,-4.3200
Norte,AM,Careiro,Amazônia,15,-60.6600,-4.1400,-59.7600,-3.4200
Norte,AM,Careiro da Várzea,Amazônia,3,-59.7600,-3.4200,-59.5800,-3.2400
Norte,AM,Coari,Amazônia,75,-65.5200,-5.7600,-62.6400,-3.0600
Norte,AM,Codajás,Amazônia,12,-63.7200,-3.9600,-61.9200,-3.0600
Norte,AM,Eirunepé,Amazônia,8,-70.3800,-7.0200,-69.4800,-6.4800
Norte,AM,Envira,Amazônia,12,-70.5600,-7.7400,-69.8400,-7.2000
Norte,AM,Fonte Boa,Amazônia,24,-67.1400,-2.7000,-65.5200,-2.1600
Norte,AM,Guajará,Amazônia,11,-73.2600,-7.5600,-72.1800,-7.0200
Norte,AM,Humaitá,Amazônia,38,-63.5400,-8.1000,-61.9200,-6.3000
Norte,AM,Ipixuna,Amazônia,9,-72.0000,-7.3800,-71.1000,-6.8400
Norte,AM,Iranduba,Amazônia,4,-60.8400,-3.2400,-60.1200,-2.8800
Norte,AM,Itacoatiara,Amazônia,17,-59.4000,-3.6000,-58.1400,-2.7000
Norte,AM,Itamarati,Amazônia,17,-69.3000,-6.6600,-68.0400,-6.1200
Norte,AM,Itapiranga,Amazônia,11,-59.0400,-2.7000,-57.9600,-2.3400
Norte,AM,Japurá,Amazônia,61,-69.3000,-2.7000,-66.0600,-1.4400
Norte,AM,Juruá,Amazônia,22,-66.6000,-4.1400,-65.3400,-2.5200
Norte,AM,Jutaí,Amazônia,58,-69.8400,-6.4800,-66.4200,-2.5200
Norte,AM,Lábrea,Amazônia,72,-67.1400,-9.7200,-64.6200,-7.2000
Norte,AM,Manacapuru,Amazônia,20,-61.3800,-3.7800,-60.4800,-2.8800
Norte,AM,Manaquiri,Amazônia,6,-60.8400,-4.1400,-60.3000,-3.4200
Norte,AM,Manaus,Amazônia,24,-60.6600,-3.0600,-59.4000,-1.9800
Norte,AM,Manicoré,Amazônia,74,-62.6400,-8.6400,-60.6600,-4.8600
Norte,AM,Maraã,Amazônia,29,-65.8800,-3.7800,-63.9000,-1.6200
Norte,AM,Maués,Amazônia,51,-58.8600,-7.2000,-57.4200,-3.2400
Norte,AM,Nhamundá,Amazônia,17,-57.7800,-2.3400,-56.3400,-1.6200
Norte,AM,Nova Olinda do Norte,Amazônia,12,-59.0400,-4.3200,-58.1400,-3.6000
Norte,AM,Novo Airão,Amazônia,36,-62.1000,-2.7000,-60.4800,-0.7200
Norte,AM,Novo Aripuanã,Amazônia,78,-61.3800,-8.6400,-59.7600,-5.0400
Norte,AM,Parintins,Amazônia,13,-57.2400,-3.0600,-56.5200,-2.3400
Norte,AM,Pauini,Amazônia,13,-67.6800,-8.4600,-66.4200,-7.3800
Norte,AM,Presidente Figueiredo,Amazônia,25,-60.4800,-2.3400,-59.2200,-0.7200
Norte,AM,Rio Preto da Eva,Amazônia,13,-59.9400,-2.8800,-59.2200,-2.1600
Norte,AM,Santa Isabel do Rio Negro,Amazônia,38,-66.0600,-1.2600,-64.0800,0.7200
Norte,AM,Santo Antônio do Içá,Amazônia,15,-69.6600,-3.2400,-67.8600,-2.7000
Norte,AM,Silves,Amazônia,8,-58.8600,-2.8800,-58.1400,-2.7000
Norte,AM,São Gabriel da Cachoeira,Amazônia,10,-68.0400,-1.4400,-66.2400,0.0000
Norte,AM,São Paulo de Olivença,Amazônia,11,-69.3000,-4.3200,-68.7600,-3.2400
Norte,AM,São Sebastião do Uatumã,Amazônia,14,-59.0400,-2.5200,-57.9600,-1.6200
Norte,AM,Tapauá,Amazônia,67,-66.4200,-6.6600,-62.2800,-5.0400
Norte,AM,Tefé,Amazônia,32,-66.7800,-5.2200,-64.2600,-3.4200
Norte,AM,Tonantins,Amazônia,2,-68.5800,-2.8800,-67.8600,-2.7000
Norte,AM,Uarini,Amazônia,9,-65.8800,-3.4200,-64.8000,-2.5200
Norte,AM,Urucará,Amazônia,28,-59.9400,-2.7000,-57.6000,-0.7200
Norte,AM,Urucurituba,Amazônia,8,-58.1400,-3.0600,-57.4200,-2.5200
Norte,AP,Amapá,Amazônia,12,-51.1200,1.2600,-50.0400,2.1600
Norte,AP,Calçoene,Amazônia,26,-52.0200,1.4400,-50.7600,3.7800
Norte,AP,Cutias,Amazônia,5,-50.7600,0.9000,-50.2200,1.2600
Norte,AP,Ferreira Gomes,Amazônia,12,-51.8400,0.5400,-50.9400,1.2600
Norte,AP,Itaubal,Amazônia,4,-50.7600,0.3600,-50.5800,0.7200
Norte,AP,Laranjal do Jari,Amazônia,22,-54.0000,-0.7200,-52.2000,1.6200
Norte,AP,Macapá,Amazônia,13,-51.3000,0.1800,-50.0400,1.0800
Norte,AP,Mazagão,Amazônia,19,-52.0200,-0.9000,-51.3000,0.3600
Norte,AP,Oiapoque,Amazônia,22,-52.5600,2.3400,-51.3000,4.3200
Norte,AP,Pedra Branca do Amapari,Amazônia,8,-52.5600,0.7200,-51.8400,1.2600
Norte,AP,Porto Grande,Amazônia,9,-52.0200,0.3600,-51.3000,0.9000
Norte,AP,Pracuúba,Amazônia,5,-51.1200,1.6200,-50.7600,1.8000
Norte,AP,Santana,Amazônia,5,-51.4800,0.0000,-51.1200,0.3600
Norte,AP,Serra do Navio,Amazônia,7,-52.3800,0.9000,-52.0200,1.4400
Norte,AP,Tartarugalzinho,Amazônia,15,-51.3000,1.0800,-50.5800,1.4400
Norte,AP,Vitória do Jari,Amazônia,6,-52.3800,-1.0800,-51.8400,-0.9000
Norte,PA,Abaetetuba,Amazônia,2,-48.7800,-1.8000,-48.7800,-1.6200
Norte,PA,Abel Figueiredo,Amazônia,2,-48.4200,-5.0400,-48.4200,-4.8600
Norte,PA,Acará,Amazônia,11,-48.7800,-2.3400,-48.0600,-1.6200
Norte,PA,Afuá,Amazônia,13,-51.3000,-0.5400,-50.4000,0.1800
Norte,PA,Alenquer,Amazônia,20,-55.2600,-2.1600,-54.5400,-0.9000
Norte,PA,Almeirim,Amazônia,75,-54.7200,-1.6200,-52.0200,1.6200
Norte,PA,Altamira,Amazônia,158,-55.4400,-9.5400,-52.0200,-3.2400
Norte,PA,Anajás,Amazônia,13,-50.4000,-1.0800,-49.8600,-0.3600
Norte,PA,Ananindeua,Amazônia,1,-48.4200,-1.2600,-48.4200,-1.2600
Norte,PA,Anapu,Amazônia,17,-51.6600,-5.0400,-50.9400,-2.8800
Norte,PA,Augusto Corrêa,Amazônia,1,-46.6200,-1.0800,-46.6200,-1.0800
Norte,PA,Aurora do Pará,Amazônia,3,-47.7000,-2.3400,-47.5200,-2.1600
Norte,PA,Aveiro,Amazônia,26,-56.5200,-4.1400,-55.2600,-3.2400
Norte,PA,Bagre,Amazônia,10,-50.4000,-2.8800,-49.8600,-1.9800
Norte,PA,Baião,Amazônia,8,-49.8600,-3.6000,-49.5000,-2.7000
Norte,PA,Bannach,Amazônia,7,-50.9400,-7.5600,-50.4000,-7.3800
Norte,PA,Barcarena,Amazônia,3,-48.6000,-1.6200,-48.6000,-1.2600
Norte,PA,Belterra,Amazônia,7,-55.0800,-3.4200,-54.9000,-2.7000
Norte,PA,Belém,Amazônia,2,-48.4200,-1.4400,-48.4200,-1.0800
Norte,PA,Bom Jesus do Tocantins,Amazônia,6,-48.7800,-5.2200,-48.6000,-4.8600
Norte,PA,Bonito,Amazônia,1,-47.3400,-1.4400,-47.3400,-1.4400
Norte,PA,Bragança,Amazônia,5,-46.9800,-1.4400,-46.6200,-1.0800
Norte,PA,Brasil Novo,Amazônia,10,-52.7400,-3.6000,-52.3800,-2.8800
Norte,PA,Brejo Grande do Araguaia,Amazônia,5,-48.6000,-5.9400,-48.2400,-5.5800
Norte,PA,Breu Branco,Amazônia,11,-49.5000,-3.9600,-48.9600,-3.4200
Norte,PA,Breves,Amazônia,24,-51.1200,-1.6200,-50.2200,-0.5400
Norte,PA,Bujaru,Amazônia,4,-48.2400,-1.8000,-47.8800,-1.6200
Norte,PA,Cachoeira do Arari,Amazônia,7,-49.1400,-1.0800,-48.6000,-0.5400
Norte,PA,Cachoeira do Piriá,Amazônia,7,-46.6200,-2.3400,-46.2600,-1.8000
Norte,PA,Cametá,Amazônia,6,-49.6800,-2.5200,-49.3200,-2.1600
Norte,PA,Canaã dos Carajás,Amazônia,6,-50.4000,-6.4800,-49.8600,-6.3000
Norte,PA,Capanema,Amazônia,2,-47.1600,-1.2600,-47.1600,-1.0800
Norte,PA,Capitão Poço,Amazônia,7,-47.3400,-2.5200,-46.9800,-1.6200
Norte,PA,Castanhal,Amazônia,3,-47.8800,-1.4400,-47.7000,-1.0800
Norte,PA,Chaves,,1,-50.0400,0.5400,-50.0400,0.5400
Norte,PA,Chaves,Amazônia,10,-50.4000,-0.3600,-49.1400,0.5400
Norte,PA,Colares,Amazônia,1,-48.2400,-0.9000,-48.2400,-0.9000
Norte,PA,Conceição do Araguaia,Amazônia,8,-49.5000,-8.4600,-49.3200,-7.7400
Norte,PA,Conceição do Araguaia,Cerrado,6,-49.8600,-8.6400,-49.5000,-7.9200
Norte,PA,Concórdia do Pará,Amazônia,1,-47.8800,-1.8000,-47.8800,-1.8000
Norte,PA,Cumaru do Norte,Amazônia,31,-51.6600,-9.5400,-50.5800,-7.7400
Norte,PA,Curionópolis,Amazônia,8,-49.6800,-6.6600,-49.5000,-5.9400
Norte,PA,Curralinho,Amazônia,9,-50.2200,-1.8000,-49.6800,-1.4400
Norte,PA,Curuá,Amazônia,3,-55.0800,-1.9800,-54.9000,-1.8000
Norte,PA,Curuçá,Amazônia,2,-47.8800,-0.9000,-47.8800,-0.7200
Norte,PA,Dom Eliseu,Amazônia,12,-48.2400,-4.5000,-47.5200,-3.9600
Norte,PA,Eldorado do Carajás,Amazônia,7,-49.5000,-6.3000,-48.9600,-5.9400
Norte,PA,Faro,Amazônia,11,-57.7800,-2.1600,-56.7000,-1.4400
Norte,PA,Floresta do Araguaia,Amazônia,6,-49.6800,-7.7400,-49.3200,-7.2000
Norte,PA,Floresta do Araguaia,Cerrado,2,-49.6800,-7.7400,-49.6800,-7.5600
Norte,PA,Garrafão do Norte,Amazônia,5,-47.1600,-2.5200,-46.9800,-1.9800
Norte,PA,Goianésia do Pará,Amazônia,17,-49.5000,-4.3200,-48.4200,-3.6000
Norte,PA,Gurupá,Amazônia,20,-52.0200,-1.6200,-51.3000,-0.5400
Norte,PA,Igarapé-Açu,Amazônia,2,-47.7000,-1.0800,-47.5200,-1.0800
Norte,PA,Igarapé-Miri,Amazônia,3,-49.3200,-2.3400,-49.1400,-1.9800
Norte,PA,Inhangapi,Amazônia,1,-47.8800,-1.4400,-47.8800,-1.4400
Norte,PA,Ipixuna do Pará,Amazônia,11,-48.7800,-3.4200,-47.5200,-2.3400
Norte,PA,Irituia,Amazônia,4,-47.5200,-1.9800,-47.3400,-1.6200
Norte,PA,Itaituba,Amazônia,105,-57.6000,-8.1000,-55.0800,-3.9600
Norte,PA,Itupiranga,Amazônia,15,-50.4000,-5.4000,-49.5000,-4.8600
Norte,PA,Jacareacanga,Amazônia,36,-58.1400,-9.3600,-56.1600,-5.7600
Norte,PA,Jacundá,Amazônia,4,-49.3200,-4.6800,-49.1400,-4.5000
Norte,PA,Juruti,Amazônia,20,-56.7000,-3.2400,-55.8000,-1.9800
Norte,PA,Limoeiro do Ajuru,Amazônia,3,-49.6800,-1.9800,-49.3200,-1.8000
Norte,PA,Marabá,Amazônia,29,-51.1200,-5.9400,-48.9600,-5.2200
Norte,PA,Maracanã,Amazônia,1,-47.5200,-0.9000,-47.5200,-0.9000
Norte,PA,Marapanim,Amazônia,1,-47.7000,-0.9000,-47.7000,-0.9000
Norte,PA,Medicilândia,Amazônia,20,-53.6400,-3.4200,-52.7400,-2.7000
Norte,PA,Melgaço,Amazônia,17,-51.8400,-1.8000,-50.4000,-1.2600
Norte,PA,Mocajuba,Amazônia,1,-49.3200,-2.5200,-49.3200,-2.5200
Norte,PA,Moju,Amazônia,18,-49.5000,-3.2400,-48.6000,-1.8000
Norte,PA,Mojuí dos Campos,Amazônia,11,-54.7200,-3.4200,-54.3600,-2.7000
Norte,PA,Monte Alegre,Amazônia,23,-54.5400,-2.3400,-54.0000,-1.0800
Norte,PA,Muaná,Amazônia,9,-49.5000,-1.6200,-49.1400,-1.0800
Norte,PA,Nova Esperança do Piriá,Amazônia,3,-47.3400,-2.7000,-46.9800,-2.3400
Norte,PA,Nova Ipixuna,Amazônia,3,-49.3200,-5.0400,-49.1400,-4.8600
Norte,PA,Nova Timboteua,Amazônia,1,-47.3400,-1.0800,-47.3400,-1.0800
Norte,PA,Novo Progresso,Amazônia,84,-56.1600,-9.3600,-54.7200,-6.4800
Norte,PA,Novo Repartimento,Amazônia,29,-50.9400,-5.0400,-49.5000,-3.9600
Norte,PA,Oeiras do Pará,Amazônia,8,-50.0400,-2.7000,-49.8600,-1.9800
Norte,PA,Oriximiná,Amazônia,98,-57.6000,-1.8000,-55.8000,1.8000
Norte,PA,Ourilândia do Norte,Amazônia,4,-50.9400,-7.2000,-50.5800,-6.8400
Norte,PA,Ourém,Amazônia,1,-47.1600,-1.4400,-47.1600,-1.4400
Norte,PA,Pacajá,Amazônia,29,-51.1200,-4.1400,-49.8600,-3.2400
Norte,PA,Palestina do Pará,Amazônia,3,-48.4200,-6.1200,-48.2400,-5.9400
Norte,PA,Paragominas,Amazônia,46,-48.7800,-3.7800,-46.8000,-2.7000
Norte,PA,Parauapebas,Amazônia,9,-51.1200,-6.4800,-49.8600,-5.9400
Norte,PA,Pau D'Arco,Amazônia,3,-50.4000,-7.7400,-50.0400,-7.7400
Norte,PA,Pau D'Arco,Cerrado,1,-49.8600,-7.7400,-49.8600,-7.7400
Norte,PA,Peixe-Boi,Amazônia,1,-47.3400,-1.2600,-47.3400,-1.2600
Norte,PA,Piçarra,Amazônia,8,-49.3200,-6.6600,-48.7800,-6.3000
Norte,PA,Placas,Amazônia,14,-54.9000,-4.1400,-54.1800,-3.4200
Norte,PA,Ponta de Pedras,Amazônia,8,-49.3200,-1.4400,-48.7800,-0.9000
Norte,PA,Portel,Amazônia,62,-51.8400,-3.4200,-50.0400,-1.8000
Norte,PA,Porto de Moz,Amazônia,33,-53.2800,-2.7000,-52.0200,-1.6200
Norte,PA,Prainha,Amazônia,34,-54.1800,-2.8800,-53.1000,-1.2600
Norte,PA,Primavera,Amazônia,1,-47.1600,-0.9000,-47.1600,-0.9000
Norte,PA,Redenção,Amazônia,8,-50.4000,-8.2800,-50.0400,-7.9200
Norte,PA,Redenção,Cerrado,1,-49.8600,-8.2800,-49.8600,-8.2800
Norte,PA,Rio Maria,Amazônia,9,-50.2200,-7.5600,-49.5000,-7.2000
Norte,PA,Rondon do Pará,Amazônia,19,-48.9600,-4.8600,-48.0600,-4.1400
Norte,PA,Rurópolis,Amazônia,19,-55.6200,-4.5000,-54.7200,-3.7800
Norte,PA,Salvaterra,Amazônia,3,-48.7800,-0.9000,-48.6000,-0.7200
Norte,PA,Santa Bárbara do Pará,Amazônia,1,-48.2400,-1.2600,-48.2400,-1.2600
Norte,PA,Santa Cruz do Arari,Amazônia,2,-49.3200,-0.7200,-49.3200,-0.5400
Norte,PA,Santa Izabel do Pará,Amazônia,3,-48.2400,-1.4400,-48.0600,-1.2600
Norte,PA,Santa Luzia do Pará,Amazônia,3,-46.9800,-1.6200,-46.8000,-1.4400
Norte,PA,Santa Maria das Barreiras,Amazônia,16,-50.9400,-9.0000,-50.0400,-8.2800
Norte,PA,Santa Maria das Barreiras,Cerrado,8,-50.0400,-8.8200,-49.6800,-8.4600
Norte,PA,Santa Maria do Pará,Amazônia,2,-47.5200,-1.4400,-47.5200,-1.2600
Norte,PA,Santana do Araguaia,Amazônia,25,-51.1200,-9.7200,-50.2200,-8.8200
Norte,PA,Santana do Araguaia,Cerrado,2,-50.2200,-9.3600,-50.0400,-9.1800
Norte,PA,Santarém,Amazônia,46,-56.1600,-3.2400,-54.1800,-2.1600
Norte,PA,Santarém Novo,Amazônia,1,-47.3400,-0.9000,-47.3400,-0.9000
Norte,PA,Santo Antônio do Tauá,Amazônia,1,-48.2400,-1.0800,-48.2400,-1.0800
Norte,PA,Sapucaia,Amazônia,3,-49.6800,-7.0200,-49.5000,-6.8400
Norte,PA,Senador José Porfírio,Amazônia,9,-52.2000,-3.7800,-51.6600,-2.7000
Norte,PA,Soure,Amazônia,3,-48.9600,-0.5400,-48.6000,-0.5400
Norte,PA,São Caetano de Odivelas,Amazônia,2,-48.0600,-0.9000,-48.0600,-0.7200
Norte,PA,São Domingos do Araguaia,Amazônia,3,-48.7800,-5.7600,-48.6000,-5.5800
Norte,PA,São Domingos do Capim,Amazônia,4,-47.8800,-2.1600,-47.7000,-1.8000
Norte,PA,São Francisco do Pará,Amazônia,1,-47.7000,-1.2600,-47.7000,-1.2600
Norte,PA,São Félix do Xingu,Amazônia,41,-52.5600,-9.3600,-50.7600,-5.2200
Norte,PA,São Geraldo do Araguaia,Amazônia,6,-48.9600,-6.3000,-48.6000,-6.1200
Norte,PA,São João de Pirabas,Amazônia,1,-47.3400,-0.7200,-47.3400,-0.7200
Norte,PA,São João do Araguaia,Amazônia,2,-48.9600,-5.4000,-48.7800,-5.4000
Norte,PA,São Miguel do Guamá,Amazônia,2,-47.7000,-1.6200,-47.5200,-1.6200
Norte,PA,São Sebastião da Boa Vista,Amazônia,3,-49.6800,-1.6200,-49.5000,-1.4400
Norte,PA,Tailândia,Amazônia,12,-48.9600,-3.2400,-48.6000,-2.5200
Norte,PA,Terra Santa,Amazônia,4,-56.5200,-1.9800,-56.1600,-1.8000
Norte,PA,Tomé-Açu,Amazônia,14,-48.4200,-3.0600,-48.0600,-2.1600
Norte,PA,Tracuateua,Amazônia,1,-46.9800,-1.0800,-46.9800,-1.0800
Norte,PA,Trairão,Amazônia,29,-56.5200,-5.5800,-55.4400,-4.6800
Norte,PA,Tucumã,Amazônia,7,-51.6600,-6.8400,-51.1200,-6.6600
Norte,PA,Tucuruí,Amazônia,5,-50.0400,-3.9600,-49.6800,-3.7800
Norte,PA,Ulianópolis,Amazônia,11,-47.8800,-3.9600,-47.1600,-3.6000
Norte,PA,Uruará,Amazônia,21,-54.1800,-3.9600,-53.4600,-3.0600
Norte,PA,Vigia,Amazônia,1,-48.0600,-1.0800,-48.0600,-1.0800
Norte,PA,Viseu,Amazônia,11,-46.8000,-2.1600,-46.2600,-1.2600
Norte,PA,Vitória do Xingu,Amazônia,8,-52.2000,-3.2400,-51.6600,-2.8800
Norte,PA,Xinguara,Amazônia,10,-50.2200,-7.2000,-49.1400,-6.6600
Norte,PA,Água Azul do Norte,Amazônia,13,-50.7600,-7.2000,-49.8600,-6.4800
Norte,PA,Óbidos,Amazônia,28,-56.1600,-2.1600,-55.2600,0.5400
Norte,RO,Alta Floresta D'Oeste,Amazônia,11,-62.6400,-12.9600,-62.1000,-11.8800
Norte,RO,Alto Alegre dos Parecis,Amazônia,9,-62.2800,-13.1400,-61.7400,-12.0600
Norte,RO,Alto Paraíso,Amazônia,5,-63.5400,-9.7200,-63.1800,-9.5400
Norte,RO,Alvorada D'Oeste,Amazônia,3,-62.4600,-11.5200,-62.2800,-11.3400
Norte,RO,Ariquemes,Amazônia,11,-63.5400,-10.0800,-62.4600,-9.7200
Norte,RO,Buritis,Amazônia,8,-64.2600,-10.2600,-63.7200,-9.9000
Norte,RO,Cabixi,Amazônia,2,-60.8400,-13.5000,-60.6600,-13.5000
Norte,RO,Cacaulândia,Amazônia,6,-63.1800,-10.4400,-62.8200,-10.2600
Norte,RO,Cacoal,Amazônia,9,-61.7400,-11.5200,-61.0200,-11.1600
Norte,RO,Campo Novo de Rondônia,Amazônia,8,-64.0800,-10.6200,-63.5400,-10.2600
Norte,RO,Candeias do Jamari,Amazônia,17,-63.7200,-9.3600,-62.8200,-8.6400
Norte,RO,Castanheiras,Amazônia,3,-61.9200,-11.5200,-61.7400,-11.3400
Norte,RO,Cerejeiras,Amazônia,7,-61.5600,-13.3200,-60.8400,-13.1400
Norte,RO,Chupinguaia,Amazônia,10,-61.2000,-12.7800,-60.6600,-12.2400
Norte,RO,Colorado do Oeste,Amazônia,4,-60.6600,-13.3200,-60.4800,-13.1400
Norte,RO,Corumbiara,Amazônia,6,-61.3800,-12.9600,-60.6600,-12.7800
Norte,RO,Costa Marques,Amazônia,12,-64.4400,-12.4200,-63.7200,-11.8800
Norte,RO,Cujubim,Amazônia,7,-62.6400,-9.3600,-62.4600,-8.8200
Norte,RO,Espigão D'Oeste,Amazônia,6,-61.0200,-11.7000,-60.6600,-11.1600
Norte,RO,Governador Jorge Teixeira,Amazônia,4,-63.5400,-10.8000,-62.8200,-10.6200
Norte,RO,Guajará-Mirim,Amazônia,10,-65.3400,-12.0600,-64.4400,-10.6200
Norte,RO,Itapuã do Oeste,Amazônia,9,-63.3600,-9.3600,-62.6400,-9.0000
Norte,RO,Jaru,Amazônia,6,-62.6400,-10.8000,-62.2800,-10.4400
Norte,RO,Ji-Paraná,Amazônia,12,-62.1000,-10.9800,-61.5600,-9.9000
Norte,RO,Machadinho D'Oeste,Amazônia,23,-62.4600,-9.7200,-61.5600,-8.8200
Norte,RO,Ministro Andreazza,Amazônia,1,-61.5600,-11.1600,-61.5600,-11.1600
Norte,RO,Mirante da Serra,Amazônia,2,-62.8200,-10.9800,-62.6400,-10.9800
Norte,RO,Monte Negro,Amazônia,4,-63.5400,-10.2600,-63.1800,-10.0800
Norte,RO,Nova Brasilândia D'Oeste,Amazônia,5,-62.4600,-11.8800,-62.1000,-11.3400
Norte,RO,Nova Mamoré,Amazônia,15,-65.3400,-10.6200,-64.0800,-10.0800
Norte,RO,Nova União,Amazônia,2,-62.4600,-10.9800,-62.4600,-10.8000
Norte,RO,Novo Horizonte do Oeste,Amazônia,2,-62.1000,-11.7000,-62.1000,-11.5200
Norte,RO,Ouro Preto do Oeste,Amazônia,5,-62.2800,-10.8000,-61.9200,-10.2600
Norte,RO,Parecis,Amazônia,6,-61.5600,-12.4200,-61.2000,-12.0600
Norte,RO,Pimenta Bueno,Amazônia,15,-61.3800,-12.2400,-60.4800,-11.7000
Norte,RO,Pimenteiras do Oeste,Amazônia,12,-61.7400,-13.5000,-61.0200,-12.6000
Norte,RO,Porto Velho,Amazônia,75,-66.6000,-9.9000,-62.2800,-8.1000
Norte,RO,Presidente Médici,Amazônia,2,-62.1000,-11.1600,-61.7400,-11.1600
Norte,RO,Primavera de Rondônia,Amazônia,1,-61.3800,-11.8800,-61.3800,-11.8800
Norte,RO,Rio Crespo,Amazônia,7,-63.0000,-9.7200,-62.4600,-9.5400
Norte,RO,Rolim de Moura,Amazônia,4,-61.9200,-11.8800,-61.5600,-11.7000
Norte,RO,Santa Luzia D'Oeste,Amazônia,5,-61.7400,-12.2400,-61.5600,-11.8800
Norte,RO,Seringueiras,Amazônia,4,-63.3600,-12.0600,-63.0000,-11.8800
Norte,RO,São Francisco do Guaporé,Amazônia,16,-63.9000,-12.7800,-62.8200,-11.8800
Norte,RO,São Miguel do Guaporé,Amazônia,3,-63.0000,-12.0600,-62.6400,-11.7000
Norte,RO,Teixeirópolis,Amazônia,1,-62.2800,-10.9800,-62.2800,-10.9800
Norte,RO,Theobroma,Amazônia,6,-62.6400,-10.2600,-62.1000,-10.0800
Norte,RO,Urupá,Amazônia,2,-62.4600,-11.1600,-62.2800,-11.1600
Norte,RO,Vale do Anari,Amazônia,8,-62.2800,-9.9000,-61.5600,-9.5400
Norte,RO,Vale do Paraíso,Amazônia,2,-62.1000,-10.6200,-62.1000,-10.2600
Norte,RO,Vilhena,Amazônia,5,-60.6600,-12.9600,-60.3000,-12.4200
Norte,RO,Vilhena,Cerrado,5,-60.3000,-12.7800,-59.9400,-12.4200
Norte,RR,Alto Alegre,Amazônia,11,-61.9200,2.7000,-61.0200,3.2400
Norte,RR,Amajari,Amazônia,18,-62.1000,3.4200,-61.2000,4.3200
Norte,RR,Boa Vista,Amazônia,6,-60.8400,2.5200,-60.6600,3.4200
Norte,RR,Bonfim,Amazônia,7,-60.4800,2.1600,-59.9400,3.4200
Norte,RR,Cantá,Amazônia,12,-60.8400,1.8000,-60.3000,2.5200
Norte,RR,Caracaraí,Amazônia,86,-62.4600,-1.2600,-60.1200,1.9800
Norte,RR,Caroebe,Amazônia,9,-59.7600,0.7200,-59.2200,1.0800
Norte,RR,Iracema,Amazônia,8,-61.7400,1.9800,-61.0200,2.3400
Norte,RR,Mucajaí,Amazônia,11,-61.7400,2.3400,-60.8400,2.8800
Norte,RR,Rorainópolis,Amazônia,47,-61.8300,-1.4400,-60.3000,1.0800
Norte,RR,São João da Baliza,Amazônia,3,-60.1200,0.5400,-59.9400,0.9000
Norte,RR,São Luiz do Anauá,Amazônia,3,-60.1200,0.7200,-60.1200,1.0800
Norte,TO,Abreulândia,Cerrado,5,-49.6800,-9.7200,-49.1400,-9.1800
Norte,TO,Aguiarnópolis,Cerrado,1,-47.5200,-6.4800,-47.5200,-6.4800
Norte,TO,Aliança do Tocantins,Cerrado,4,-49.1400,-11.3400,-48.6000,-11.3400
Norte,TO,Almas,Cerrado,11,-47.5200,-11.8800,-46.8000,-11.1600
Norte,TO,Alvorada,Cerrado,1,-49.1400,-12.4200,-49.1400,-12.4200
Norte,TO,Ananás,Amazônia,3,-48.2400,-6.3000,-48.0600,-6.1200
Norte,TO,Angico,Cerrado,1,-47.8800,-6.4800,-47.8800,-6.4800
Norte,TO,Aparecida do Rio Negro,Cerrado,4,-48.0600,-10.0800,-47.8800,-9.9000
Norte,TO,Aragominas,Amazônia,3,-48.7800,-7.0200,-48.6000,-6.8400
Norte,TO,Araguacema,Cerrado,6,-49.6800,-9.1800,-49.3200,-8.6400
Norte,TO,Araguanã,Amazônia,2,-48.6000,-6.8400,-48.4200,-6.6600
Norte,TO,Araguatins,Amazônia,3,-48.4200,-5.7600,-48.2400,-5.4000
Norte,TO,Araguatins,Cerrado,3,-48.0600,-5.7600,-47.8800,-5.5800
Norte,TO,Araguaçu,Cerrado,12,-50.2200,-13.1400,-49.3200,-12.6000
Norte,TO,Araguaína,Amazônia,7,-49.1400,-7.3800,-48.2400,-7.0200
Norte,TO,Araguaína,Cerrado,3,-48.6000,-7.5600,-48.0600,-7.3800
Norte,TO,Arapoema,Amazônia,3,-49.1400,-7.7400,-48.7800,-7.7400
Norte,TO,Arraias,Cerrado,16,-47.5200,-13.1400,-46.6200,-12.4200
Norte,TO,Augustinópolis,Amazônia,1,-48.0600,-5.4000,-48.0600,-5.4000
Norte,TO,Augustinópolis,Cerrado,1,-47.8800,-5.5800,-47.8800,-5.5800
Norte,TO,Aurora do Tocantins,Cerrado,2,-46.6200,-12.6000,-46.4400,-12.6000
Norte,TO,Babaçulândia,Cerrado,3,-48.0600,-7.2000,-47.7000,-7.0200
Norte,TO,Bandeirantes do Tocantins,Amazônia,2,-48.7800,-8.1000,-48.7800,-7.9200
Norte,TO,Bandeirantes do Tocantins,Cerrado,2,-48.6000,-7.9200,-48.6000,-7.7400
Norte,TO,Barra do Ouro,Cerrado,3,-47.7000,-7.9200,-47.5200,-7.5600
Norte,TO,Barrolândia,Cerrado,1,-48.7800,-9.9000,-48.7800,-9.9000
Norte,TO,Bernardo Sayão,Amazônia,3,-49.1400,-8.1000,-48.9600,-7.9200
Norte,TO,Bom Jesus do Tocantins,Cerrado,3,-48.0600,-9.0000,-47.7000,-9.0000
Norte,TO,Brasilândia do Tocantins,Cerrado,1,-48.4200,-8.2800,-48.4200,-8.2800
Norte,TO,Brejinho de Nazaré,Cerrado,4,-48.7800,-11.1600,-48.4200,-10.8000
Norte,TO,Cachoeirinha,Cerrado,1,-47.8800,-6.1200,-47.8800,-6.1200
Norte,TO,Campos Lindos,Cerrado,8,-46.9800,-8.4600,-46.6200,-7.9200
Norte,TO,Cariri do Tocantins,Cerrado,3,-49.3200,-12.0600,-49.1400,-11.8800
Norte,TO,Carmolândia,Amazônia,1,-48.4200,-7.0200,-48.4200,-7.0200
Norte,TO,Caseara,Cerrado,4,-49.8600,-9.5400,-49.6800,-9.1800
Norte,TO,Centenário,Cerrado,4,-47.5200,-9.1800,-47.3400,-9.0000
Norte,TO,Chapada da Natividade,Cerrado,5,-48.0600,-11.7000,-47.7000,-11.3400
Norte,TO,Chapada de Areia,Cerrado,2,-49.3200,-10.2600,-49.1400,-10.0800
Norte,TO,Colinas do Tocantins,Amazônia,2,-48.6000,-8.2800,-48.6000,-8.1000
Norte,TO,Colméia,Amazônia,2,-48.7800,-8.8200,-48.7800,-8.6400
Norte,TO,Colméia,Cerrado,1,-48.6000,-8.8200,-48.6000,-8.8200
Norte,TO,Conceição do Tocantins,Cerrado,7,-47.5200,-12.4200,-47.1600,-11.8800
Norte,TO,Couto Magalhães,Cerrado,4,-49.3200,-8.6400,-49.1400,-8.2800
Norte,TO,Cristalândia,Cerrado,5,-49.5000,-10.8000,-49.1400,-10.6200
Norte,TO,Crixás do Tocantins,Cerrado,4,-49.3200,-11.1600,-48.7800,-11.1600
Norte,TO,Darcinópolis,Amazônia,1,-48.0600,-6.6600,-48.0600,-6.6600
Norte,TO,Darcinópolis,Cerrado,3,-47.8800,-6.8400,-47.7000,-6.6600
Norte,TO,Dianópolis,Cerrado,7,-46.9800,-12.0600,-46.6200,-11.5200
Norte,TO,Divinópolis do Tocantins,Cerrado,6,-49.6800,-9.9000,-48.9600,-9.3600
Norte,TO,Dois Irmãos do Tocantins,Cerrado,11,-49.3200,-9.5400,-48.7800,-9.0000
Norte,TO,Dueré,Cerrado,9,-49.6800,-11.7000,-48.9600,-11.1600
Norte,TO,Esperantina,Amazônia,1,-48.6000,-5.4000,-48.6000,-5.4000
Norte,TO,Figueirópolis,Cerrado,7,-49.5000,-12.4200,-48.9600,-12.0600
Norte,TO,Filadélfia,Cerrado,6,-48.0600,-7.5600,-47.5200,-7.3800
Norte,TO,Formoso do Araguaia,Cerrado,11,-49.8600,-12.0600,-49.3200,-11.5200
Norte,TO,Fátima,Cerrado,1,-48.9600,-10.8000,-48.9600,-10.8000
Norte,TO,Goianorte,Cerrado,4,-49.1400,-9.0000,-48.7800,-8.8200
Norte,TO,Goiatins,Cerrado,11,-47.8800,-8.2800,-47.1600,-7.7400
Norte,TO,Guaraí,Amazônia,1,-48.6000,-8.6400,-48.6000,-8.6400
Norte,TO,Guaraí,Cerrado,3,-48.4200,-8.8200,-48.2400,-8.6400
Norte,TO,Gurupi,Cerrado,5,-49.1400,-11.8800,-48.7800,-11.5200
Norte,TO,Ipueiras,Cerrado,1,-48.4200,-11.1600,-48.4200,-11.1600
Norte,TO,Itacajá,Cerrado,4,-47.8800,-8.6400,-47.7000,-8.2800
Norte,TO,Itaguatins,Cerrado,2,-47.7000,-5.7600,-47.5200,-5.7600
Norte,TO,Itapiratins,Cerrado,4,-48.0600,-8.6400,-48.0600,-8.1000
Norte,TO,Itaporã do Tocantins,Amazônia,2,-48.7800,-8.4600,-48.7800,-8.2800
Norte,TO,Jaú do Tocantins,Cerrado,5,-48.7800,-12.9600,-48.6000,-12.6000
Norte,TO,Juarina,Amazônia,1,-49.1400,-8.1000,-49.1400,-8.1000
Norte,TO,Lagoa da Confusão,Cerrado,6,-49.8600,-11.3400,-49.6800,-10.6200
Norte,TO,Lagoa do Tocantins,Cerrado,3,-47.5200,-10.4400,-47.3400,-10.2600
Norte,TO,Lajeado,Cerrado,1,-48.2400,-9.9000,-48.2400,-9.9000
Norte,TO,Lavandeira,Cerrado,2,-46.4400,-12.9600,-46.2600,-12.7800
Norte,TO,Lizarda,Cerrado,14,-47.1600,-9.9000,-46.6200,-9.0000
Norte,TO,Marianópolis do Tocantins,Cerrado,6,-49.8600,-9.9000,-49.5000,-9.7200
Norte,TO,Mateiros,Cerrado,26,-46.9800,-11.1600,-45.7200,-10.2600
Norte,TO,Maurilândia do Tocantins,Cerrado,1,-47.5200,-5.9400,-47.5200,-5.9400
Norte,TO,Miracema do Tocantins,Cerrado,6,-48.7800,-9.9000,-48.4200,-9.5400
Norte,TO,Miranorte,Cerrado,3,-48.7800,-9.5400,-48.6000,-9.3600
Norte,TO,Monte Santo do Tocantins,Cerrado,3,-49.1400,-10.0800,-48.9600,-9.9000
Norte,TO,Monte do Carmo,Cerrado,9,-48.2400,-10.9800,-47.8800,-10.4400
Norte,TO,Muricilândia,Amazônia,3,-48.9600,-7.2000,-48.6000,-6.8400
Norte,TO,Natividade,Cerrado,6,-47.7000,-12.0600,-47.5200,-11.5200
Norte,TO,Nazaré,Cerrado,1,-47.8800,-6.3000,-47.8800,-6.3000
Norte,TO,Nova Olinda,Cerrado,4,-48.4200,-7.7400,-48.2400,-7.5600
Norte,TO,Nova Rosalândia,Cerrado,1,-48.9600,-10.6200,-48.9600,-10.6200
Norte,TO,Novo Acordo,Cerrado,6,-47.7000,-10.2600,-47.1600,-10.0800
Norte,TO,Novo Alegre,Cerrado,1,-46.6200,-12.9600,-46.6200,-12.9600
Norte,TO,Novo Jardim,Cerrado,3,-46.6200,-11.8800,-46.4400,-11.7000
Norte,TO,Palmas,Cerrado,4,-48.2400,-10.2600,-47.8800,-10.0800
Norte,TO,Palmeirante,Cerrado,7,-48.4200,-8.1000,-47.8800,-7.7400
Norte,TO,Palmeiras do Tocantins,Cerrado,2,-47.7000,-6.6600,-47.5200,-6.6600
Norte,TO,Palmeirópolis,Cerrado,4,-48.4200,-13.1400,-48.2400,-12.9600
Norte,TO,Paranã,Cerrado,28,-48.2400,-13.3200,-47.3400,-12.0600
Norte,TO,Paraíso do Tocantins,Cerrado,3,-48.9600,-10.2600,-48.7800,-10.0800
Norte,TO,Pau D'Arco,Amazônia,4,-49.3200,-7.5600,-48.7800,-7.5600
Norte,TO,Pedro Afonso,Cerrado,5,-48.2400,-9.3600,-47.7000,-9.1800
Norte,TO,Peixe,Cerrado,13,-48.9600,-12.4200,-48.2400,-11.5200
Norte,TO,Pequizeiro,Amazônia,2,-48.9600,-8.4600,-48.9600,-8.2800
Norte,TO,Pequizeiro,Cerrado,1,-48.9600,-8.6400,-48.9600,-8.6400
Norte,TO,Pindorama do Tocantins,Cerrado,5,-47.7000,-11.3400,-47.3400,-10.9800
Norte,TO,Piraquê,Amazônia,3,-48.2400,-6.8400,-48.2400,-6.4800
Norte,TO,Pium,Cerrado,16,-50.0400,-10.4400,-49.1400,-9.3600
Norte,TO,Ponte Alta do Bom Jesus,Cerrado,4,-46.8000,-12.2400,-46.4400,-11.8800
Norte,TO,Ponte Alta do Tocantins,Cerrado,17,-47.7000,-11.1600,-46.9800,-10.4400
Norte,TO,Porto Nacional,Cerrado,14,-48.7800,-10.9800,-48.2400,-10.0800
Norte,TO,Presidente Kennedy,Amazônia,1,-48.6000,-8.4600,-48.6000,-8.4600
Norte,TO,Presidente Kennedy,Cerrado,1,-48.4200,-8.4600,-48.4200,-8.4600
Norte,TO,Pugmil,Cerrado,2,-48.9600,-10.4400,-48.7800,-10.4400
Norte,TO,Recursolândia,Cerrado,6,-47.3400,-8.8200,-46.9800,-8.4600
Norte,TO,Riachinho,Amazônia,1,-48.0600,-6.4800,-48.0600,-6.4800
Norte,TO,Rio Sono,Cerrado,16,-47.8800,-9.9000,-47.1600,-9.3600
Norte,TO,Rio da Conceição,Cerrado,2,-46.8000,-11.3400,-46.6200,-11.3400
Norte,TO,Rio dos Bois,Cerrado,2,-48.4200,-9.3600,-48.4200,-9.1800
Norte,TO,Sampaio,Amazônia,1,-47.8800,-5.4000,-47.8800,-5.4000
Norte,TO,Sandolândia,Cerrado,9,-50.0400,-12.6000,-49.6800,-12.2400
Norte,TO,Santa Fé do Araguaia,Amazônia,5,-49.1400,-7.2000,-48.7800,-7.0200
Norte,TO,Santa Maria do Tocantins,Cerrado,4,-48.0600,-8.8200,-47.5200,-8.8200
Norte,TO,Santa Rita do Tocantins,Cerrado,7,-49.6800,-11.1600,-48.9600,-10.8000
Norte,TO,Santa Rosa do Tocantins,Cerrado,6,-48.4200,-11.5200,-47.8800,-11.3400
Norte,TO,Santa Tereza do Tocantins,Cerrado,1,-47.7000,-10.2600,-47.7000,-10.2600
Norte,TO,Santa Terezinha do Tocantins,Cerrado,1,-47.7000,-6.4800,-47.7000,-6.4800
Norte,TO,Silvanópolis,Cerrado,4,-48.2400,-11.1600,-47.8800,-10.9800
Norte,TO,Sucupira,Cerrado,2,-48.7800,-12.2400,-48.7800,-12.0600
Norte,TO,São Bento do Tocantins,Cerrado,3,-48.0600,-6.1200,-47.8800,-5.9400
Norte,TO,São Félix do Tocantins,Cerrado,4,-46.9800,-10.0800,-46.4400,-10.0800
Norte,TO,São Miguel do Tocantins,Cerrado,1,-47.5200,-5.5800,-47.5200,-5.5800
Norte,TO,São Salvador do Tocantins,Cerrado,4,-48.4200,-12.7800,-48.2400,-12.4200
Norte,TO,São Sebastião do Tocantins,Amazônia,1,-48.4200,-5.2200,-48.4200,-5.2200
Norte,TO,São Valério,Cerrado,6,-48.4200,-12.0600,-47.8800,-11.5200
Norte,TO,Sítio Novo do Tocantins,Cerrado,1,-47.7000,-5.5800,-47.7000,-5.5800
Norte,TO,Tabocão,Cerrado,3,-48.6000,-9.1800,-48.4200,-9.0000
Norte,TO,Taguatinga,Cerrado,5,-46.8000,-12.4200,-46.4400,-12.2400
Norte,TO,Taipas do Tocantins,Cerrado,2,-46.9800,-12.2400,-46.9800,-12.0600
Norte,TO,Talismã,Cerrado,7,-49.3200,-12.7800,-48.7800,-12.4200
Norte,TO,Tocantinópolis,Cerrado,1,-47.7000,-6.3000,-47.7000,-6.3000
Norte,TO,Tupirama,Cerrado,2,-48.2400,-9.0000,-48.2400,-8.8200
Norte,TO,Tupiratins,Cerrado,2,-48.2400,-8.4600,-48.2400,-8.2800
Norte,TO,Wanderlândia,Cerrado,2,-48.0600,-7.0200,-47.8800,-6.8400
Norte,TO,Xambioá,Amazônia,3,-48.6000,-6.6600,-48.4200,-6.4800
Sudeste,ES,Afonso Cláudio,Mata Atlântica,4,-41.2200,-20.1600,-41.0400,-19.9800
Sudeste,ES,Alegre,Mata Atlântica,3,-41.5800,-20.8800,-41.4000,-20.7000
Sudeste,ES,Alfredo Chaves,Mata Atlântica,1,-40.8600,-20.5200,-40.8600,-20.5200
Sudeste,ES,Anchieta,Mata Atlântica,1,-40.6800,-20.7000,-40.6800,-20.7000
Sudeste,ES,Apiacá,Mata Atlântica,1,-41.5800,-21.0600,-41.5800,-21.0600
Sudeste,ES,Aracruz,Mata Atlântica,3,-40.3200,-19.8000,-40.1400,-19.6200
Sudeste,ES,Baixo Guandu,Mata Atlântica,1,-41.0400,-19.6200,-41.0400,-19.6200
Sudeste,ES,Barra de São Francisco,Mata Atlântica,2,-40.8600,-18.7200,-40.8600,-18.5400
Sudeste,ES,Boa Esperança,Mata Atlântica,1,-40.3200,-18.5400,-40.3200,-18.5400
Sudeste,ES,Cachoeiro de Itapemirim,Mata Atlântica,2,-41.2200,-20.8800,-41.2200,-20.7000
Sudeste,ES,Cariacica,Mata Atlântica,1,-40.5000,-20.3400,-40.5000,-20.3400
Sudeste,ES,Castelo,Mata Atlântica,2,-41.2200,-20.5200,-41.0400,-20.5200
Sudeste,ES,Colatina,Mata Atlântica,5,-40.8600,-19.6200,-40.5000,-19.2600
Sudeste,ES,Conceição da Barra,Mata Atlântica,2,-39.7800,-18.5400,-39.7800,-18.3600
Sudeste,ES,Conceição do Castelo,Mata Atlântica,1,-41.2200,-20.3400,-41.2200,-20.3400
Sudeste,ES,Divino de São Lourenço,Mata Atlântica,1,-41.7600,-20.5200,-41.7600,-20.5200
Sudeste,ES,Domingos Martins,Mata Atlântica,3,-41.0400,-20.3400,-40.6800,-20.3400
Sudeste,ES,Ecoporanga,Mata Atlântica,7,-41.0400,-18.3600,-40.6800,-18.0000
Sudeste,ES,Fundão,Mata Atlântica,1,-40.3200,-19.9800,-40.3200,-19.9800
Sudeste,ES,Governador Lindenberg,Mata Atlântica,1,-40.5000,-19.2600,-40.5000,-19.2600
Sudeste,ES,Guarapari,Mata Atlântica,2,-40.6800,-20.5200,-40.5000,-20.5200
Sudeste,ES,Guaçuí,Mata Atlântica,1,-41.7600,-20.7000,-41.7600,-20.7000
Sudeste,ES,Ibiraçu,Mata Atlântica,1,-40.5000,-19.8000,-40.5000,-19.8000
Sudeste,ES,Iconha,Mata Atlântica,1,-40.8600,-20.7000,-40.8600,-20.7000
Sudeste,ES,Irupi,Mata Atlântica,1,-41.5800,-20.3400,-41.5800,-20.3400
Sudeste,ES,Itaguaçu,Mata Atlântica,2,-40.8600,-19.8000,-40.8600,-19.6200
Sudeste,ES,Itapemirim,Mata Atlântica,1,-41.0400,-20.8800,-41.0400,-20.8800
Sudeste,ES,Itarana,Mata Atlântica,1,-40.8600,-19.9800,-40.8600,-19.9800
Sudeste,ES,Iúna,Mata Atlântica,1,-41.7600,-20.3400,-41.7600,-20.3400
Sudeste,ES,Jaguaré,Mata Atlântica,2,-40.1400,-18.9000,-39.9600,-18.9000
Sudeste,ES,Laranja da Terra,Mata Atlântica,1,-41.0400,-19.8000,-41.0400,-19.8000
Sudeste,ES,Linhares,Mata Atlântica,10,-40.3200,-19.6200,-39.7800,-19.0800
Sudeste,ES,Mantenópolis,Mata Atlântica,1,-41.0400,-18.9000,-41.0400,-18.9000
Sudeste,ES,Marataízes,Mata Atlântica,1,-40.8600,-21.0600,-40.8600,-21.0600
Sudeste,ES,Marilândia,Mata Atlântica,1,-40.5000,-19.4400,-40.5000,-19.4400
Sudeste,ES,Mimoso do Sul,Mata Atlântica,2,-41.4000,-21.0600,-41.2200,-21.0600
Sudeste,ES,Montanha,Mata Atlântica,3,-40.3200,-18.1800,-40.1400,-18.0000
Sudeste,ES,Mucurici,Mata Atlântica,1,-40.5000,-18.0000,-40.5000,-18.0000
Sudeste,ES,Muniz Freire,Mata Atlântica,3,-41.5800,-20.5200,-41.4000,-20.3400
Sudeste,ES,Muqui,Mata Atlântica,1,-41.4000,-20.8800,-41.4000,-20.8800
Sudeste,ES,Nova Venécia,Mata Atlântica,4,-40.6800,-18.9000,-40.5000,-18.5400
Sudeste,ES,Pancas,Mata Atlântica,2,-40.8600,-19.2600,-40.8600,-19.0800
Sudeste,ES,Pedro Canário,Mata Atlântica,1,-39.9600,-18.1800,-39.9600,-18.1800
Sudeste,ES,Pinheiros,Mata Atlântica,3,-40.3200,-18.3600,-39.9600,-18.3600
Sudeste,ES,Ponto Belo,Mata Atlântica,2,-40.5000,-18.3600,-40.5000,-18.1800
Sudeste,ES,Presidente Kennedy,Mata Atlântica,2,-41.0400,-21.2400,-41.0400,-21.0600
Sudeste,ES,Rio Bananal,Mata Atlântica,1,-40.3200,-19.2600,-40.3200,-19.2600
Sudeste,ES,Rio Novo do Sul,Mata Atlântica,1,-40.8600,-20.8800,-40.8600,-20.8800
Sudeste,ES,Santa Leopoldina,Mata Atlântica,3,-40.6800,-20.1600,-40.5000,-19.9800
Sudeste,ES,Santa Maria de Jetibá,Mata Atlântica,2,-40.8600,-20.1600,-40.6800,-19.9800
Sudeste,ES,Santa Teresa,Mata Atlântica,1,-40.6800,-19.8000,-40.6800,-19.8000
Sudeste,ES,Serra,Mata Atlântica,1,-40.3200,-20.1600,-40.3200,-20.1600
Sudeste,ES,Sooretama,Mata Atlântica,1,-40.1400,-19.0800,-40.1400,-19.0800
Sudeste,ES,São Domingos do Norte,Mata Atlântica,1,-40.5000,-19.0800,-40.5000,-19.0800
Sudeste,ES,São Gabriel da Palha,Mata Atlântica,1,-40.5000,-18.9000,-40.5000,-18.9000
Sudeste,ES,São Mateus,Mata Atlântica,8,-40.3200,-19.0800,-39.7800,-18.5400
Sudeste,ES,Vargem Alta,Mata Atlântica,1,-41.0400,-20.7000,-41.0400,-20.7000
Sudeste,ES,Vila Pavão,Mata Atlântica,1,-40.6800,-18.5400,-40.6800,-18.5400
Sudeste,ES,Vila Valério,Mata Atlântica,2,-40.3200,-19.0800,-40.3200,-18.9000
Sudeste,ES,Vila Velha,Mata Atlântica,1,-40.3200,-20.3400,-40.3200,-20.3400
Sudeste,ES,Águia Branca,Mata Atlântica,2,-40.8600,-19.0800,-40.6800,-18.9000
Sudeste,MG,Abadia dos Dourados,Cerrado,2,-47.5200,-18.5400,-47.3400,-18.3600
Sudeste,MG,Abaeté,Cerrado,5,-45.5400,-19.2600,-45.1800,-18.9000
Sudeste,MG,Abre Campo,Mata Atlântica,1,-42.4800,-20.3400,-42.4800,-20.3400
Sudeste,MG,Aguanil,Mata Atlântica,1,-45.3600,-21.0600,-45.3600,-21.0600
Sudeste,MG,Aimorés,Mata Atlântica,3,-41.2200,-19.8000,-41.0400,-19.4400
Sudeste,MG,Aiuruoca,Mata Atlântica,1,-44.6400,-21.9600,-44.6400,-21.9600
Sudeste,MG,Alagoa,Mata Atlântica,1,-44.6400,-22.1400,-44.6400,-22.1400
Sudeste,MG,Alfenas,Mata Atlântica,2,-46.0800,-21.4200,-45.9000,-21.4200
Sudeste,MG,Almenara,Mata Atlântica,7,-40.8600,-16.2000,-40.5000,-15.8400
Sudeste,MG,Alpinópolis,Cerrado,2,-46.4400,-20.8800,-46.2600,-20.8800
Sudeste,MG,Alterosa,Mata Atlântica,2,-46.2600,-21.2400,-46.0800,-21.2400
Sudeste,MG,Alto Rio Doce,Mata Atlântica,1,-43.3800,-21.0600,-43.3800,-21.0600
Sudeste,MG,Alvarenga,Mata Atlântica,1,-41.7600,-19.4400,-41.7600,-19.4400
Sudeste,MG,Alvinópolis,Mata Atlântica,1,-43.2000,-20.1600,-43.2000,-20.1600
Sudeste,MG,Alvorada de Minas,Mata Atlântica,1,-43.3800,-18.7200,-43.3800,-18.7200
Sudeste,MG,Além Paraíba,Mata Atlântica,1,-42.6600,-21.7800,-42.6600,-21.7800
Sudeste,MG,Amparo do Serra,Mata Atlântica,1,-42.8400,-20.5200,-42.8400,-20.5200
Sudeste,MG,Andradas,Mata Atlântica,1,-46.4400,-22.1400,-46.4400,-22.1400
Sudeste,MG,Andrelândia,Mata Atlântica,4,-44.4600,-21.7800,-44.1000,-21.6000
Sudeste,MG,Angelândia,Mata Atlântica,1,-42.3000,-17.6400,-42.3000,-17.6400
Sudeste,MG,Antônio Carlos,Mata Atlântica,1,-43.7400,-21.4200,-43.7400,-21.4200
Sudeste,MG,Antônio Dias,Mata Atlântica,3,-43.0200,-19.6200,-42.8400,-19.4400
Sudeste,MG,Antônio Prado de Minas,Mata Atlântica,1,-42.1200,-21.0600,-42.1200,-21.0600
Sudeste,MG,Araguari,Cerrado,6,-48.4200,-18.7200,-47.8800,-18.3600
Sudeste,MG,Araguari,Mata Atlântica,2,-48.6000,-18.7200,-48.2400,-18.3600
Sudeste,MG,Araponga,Mata Atlântica,1,-42.4800,-20.7000,-42.4800,-20.7000
Sudeste,MG,Araporã,Mata Atlântica,1,-49.1400,-18.5400,-49.1400,-18.5400
Sudeste,MG,Arapuá,Cerrado,1,-46.0800,-19.0800,-46.0800,-19.0800
Sudeste,MG,Araxá,Cerrado,4,-47.1600,-19.6200,-46.8000,-19.4400
Sudeste,MG,Araçuaí,Cerrado,1,-42.1200,-16.7400,-42.1200,-16.7400
Sudeste,MG,Araçuaí,Mata Atlântica,5,-42.1200,-17.1000,-41.7600,-16.7400
Sudeste,MG,Araújos,Cerrado,1,-45.1800,-19.9800,-45.1800,-19.9800
Sudeste,MG,Arceburgo,Mata Atlântica,1,-46.9800,-21.4200,-46.9800,-21.4200
Sudeste,MG,Arcos,Mata Atlântica,1,-45.5400,-20.3400,-45.5400,-20.3400
Sudeste,MG,Argirita,Mata Atlântica,1,-42.8400,-21.6000,-42.8400,-21.6000
Sudeste,MG,Arinos,Cerrado,16,-46.2600,-16.2000,-45.7200,-15.4800
Sudeste,MG,Ataléia,Mata Atlântica,5,-41.4000,-18.3600,-41.0400,-18.0000
Sudeste,MG,Augusto de Lima,Cerrado,4,-44.4600,-18.1800,-44.1000,-18.0000
Sudeste,MG,Açucena,Mata Atlântica,2,-42.4800,-19.0800,-42.3000,-19.0800
Sudeste,MG,Baependi,Mata Atlântica,2,-44.8200,-22.1400,-44.8200,-21.9600
Sudeste,MG,Baldim,Cerrado,1,-43.9200,-19.2600,-43.9200,-19.2600
Sudeste,MG,Bambuí,Cerrado,5,-46.0800,-20.3400,-45.9000,-19.9800
Sudeste,MG,Bandeira,Mata Atlântica,1,-40.5000,-15.8400,-40.5000,-15.8400
Sudeste,MG,Barbacena,Mata Atlântica,2,-43.9200,-21.2400,-43.7400,-21.2400
Sudeste,MG,Barão de Cocais,Mata Atlântica,1,-43.5600,-19.9800,-43.5600,-19.9800
Sudeste,MG,Barão do Monte Alto,Mata Atlântica,1,-42.3000,-21.2400,-42.3000,-21.2400
Sudeste,MG,Belmiro Braga,Mata Atlântica,1,-43.3800,-21.9600,-43.3800,-21.9600
Sudeste,MG,Belo Oriente,Mata Atlântica,1,-42.4800,-19.2600,-42.4800,-19.2600
Sudeste,MG,Belo Vale,Mata Atlântica,1,-44.1000,-20.3400,-44.1000,-20.3400
Sudeste,MG,Berilo,Cerrado,1,-42.4800,-16.9200,-42.4800,-16.9200
Sudeste,MG,Berizal,Mata Atlântica,1,-41.7600,-15.6600,-41.7600,-15.6600
Sudeste,MG,Bertópolis,Mata Atlântica,1,-40.5000,-16.9200,-40.5000,-16.9200
Sudeste,MG,Betim,Mata Atlântica,1,-44.1000,-19.9800,-44.1000,-19.9800
Sudeste,MG,Bias Fortes,Mata Atlântica,1,-43.7400,-21.6000,-43.7400,-21.6000
Sudeste,MG,Biquinhas,Cerrado,1,-45.5400,-18.7200,-45.5400,-18.7200
Sudeste,MG,Boa Esperança,Cerrado,2,-45.7200,-21.0600,-45.5400,-21.0600
Sudeste,MG,Bocaina de Minas,Mata Atlântica,2,-44.6400,-22.3200,-44.4600,-22.1400
Sudeste,MG,Bocaiúva,Cerrado,6,-43.9200,-17.4600,-43.2000,-16.9200
Sudeste,MG,Bom Despacho,Cerrado,4,-45.3600,-19.8000,-45.1800,-19.6200
Sudeste,MG,Bom Jardim de Minas,Mata Atlântica,1,-44.1000,-21.9600,-44.1000,-21.9600
Sudeste,MG,Bom Jesus do Galho,Mata Atlântica,2,-42.4800,-19.8000,-42.3000,-19.6200
Sudeste,MG,Bom Repouso,Mata Atlântica,1,-46.2600,-22.5000,-46.2600,-22.5000
Sudeste,MG,Bom Sucesso,Mata Atlântica,2,-44.8200,-21.0600,-44.6400,-21.0600
Sudeste,MG,Bonfim,Mata Atlântica,1,-44.2800,-20.3400,-44.2800,-20.3400
Sudeste,MG,Bonfinópolis de Minas,Cerrado,5,-46.4400,-16.5600,-46.0800,-16.3800
Sudeste,MG,Bonito de Minas,Cerrado,11,-45.1800,-15.3000,-44.6400,-14.5800
Sudeste,MG,Borda da Mata,Mata Atlântica,1,-46.0800,-22.3200,-46.0800,-22.3200
Sudeste,MG,Botelhos,Mata Atlântica,1,-46.4400,-21.6000,-46.4400,-21.6000
Sudeste,MG,Botumirim,Cerrado,4,-43.0200,-17.1000,-42.8400,-16.7400
Sudeste,MG,Brasilândia de Minas,Cerrado,8,-46.0800,-17.1000,-45.7200,-16.7400
Sudeste,MG,Brasília de Minas,Caatinga,1,-44.4600,-16.0200,-44.4600,-16.0200
Sudeste,MG,Brasília de Minas,Cerrado,3,-44.6400,-16.3800,-44.4600,-16.2000
Sudeste,MG,Braúnas,Mata Atlântica,1,-42.6600,-19.0800,-42.6600,-19.0800
Sudeste,MG,Brumadinho,Mata Atlântica,2,-44.2800,-20.1600,-44.1000,-20.1600
Sudeste,MG,Brás Pires,Mata Atlântica,1,-43.2000,-20.8800,-43.2000,-20.8800
Sudeste,MG,Bueno Brandão,Mata Atlântica,1,-46.4400,-22.5000,-46.4400,-22.5000
Sudeste,MG,Buenópolis,Cerrado,5,-44.2800,-18.0000,-43.9200,-17.6400
Sudeste,MG,Buritis,Cerrado,13,-46.8000,-15.8400,-46.4400,-15.1200
Sudeste,MG,Buritizeiro,Cerrado,18,-45.3600,-17.8200,-44.8200,-16.7400
Sudeste,MG,Cabeceira Grande,Cerrado,2,-47.1600,-16.0200,-46.9800,-16.0200
Sudeste,MG,Cabo Verde,Mata Atlântica,1,-46.4400,-21.4200,-46.4400,-21.4200
Sudeste,MG,Cachoeira Dourada,Mata Atlântica,1,-49.5000,-18.5400,-49.5000,-18.5400
Sudeste,MG,Cachoeira de Minas,Mata Atlântica,1,-45.7200,-22.3200,-45.7200,-22.3200
Sudeste,MG,Cachoeira de Pajeú,Mata Atlântica,2,-41.5800,-16.0200,-41.4000,-15.8400
Sudeste,MG,Caeté,Mata Atlântica,1,-43.5600,-19.8000,-43.5600,-19.8000
Sudeste,MG,Caiana,Mata Atlântica,1,-41.9400,-20.7000,-41.9400,-20.7000
Sudeste,MG,Caldas,Mata Atlântica,1,-46.4400,-21.9600,-46.4400,-21.9600
Sudeste,MG,Camanducaia,Mata Atlântica,1,-46.0800,-22.8600,-46.0800,-22.8600
Sudeste,MG,Cambuí,Mata Atlântica,1,-46.0800,-22.6800,-46.0800,-22.6800
Sudeste,MG,Campanha,Mata Atlântica,1,-45.3600,-21.7800,-45.3600,-21.7800
Sudeste,MG,Campanário,Mata Atlântica,2,-41.7600,-18.3600,-41.7600,-18.1800
Sudeste,MG,Campestre,Mata Atlântica,2,-46.2600,-21.7800,-46.2600,-21.6000
Sudeste,MG,Campina Verde,Cerrado,9,-50.0400,-19.6200,-49.3200,-19.4400
Sudeste,MG,Campo Belo,Mata Atlântica,2,-45.3600,-20.8800,-45.1800,-20.8800
Sudeste,MG,Campo Florido,Cerrado,4,-48.7800,-19.8000,-48.6000,-19.6200
Sudeste,MG,Campo do Meio,Cerrado,1,-45.9000,-21.0600,-45.9000,-21.0600
Sudeste,MG,Campos Altos,Cerrado,2,-46.2600,-19.6200,-46.2600,-19.4400
Sudeste,MG,Campos Gerais,Cerrado,2,-45.9000,-21.2400,-45.7200,-21.2400
Sudeste,MG,Campos Gerais,Mata Atlântica,1,-45.7200,-21.4200,-45.7200,-21.4200
Sudeste,MG,Cana Verde,Mata Atlântica,1,-45.1800,-21.0600,-45.1800,-21.0600
Sudeste,MG,Canaã,Mata Atlântica,1,-42.6600,-20.7000,-42.6600,-20.7000
Sudeste,MG,Candeias,Cerrado,1,-45.3600,-20.7000,-45.3600,-20.7000
Sudeste,MG,Candeias,Mata Atlântica,1,-45.1800,-20.7000,-45.1800,-20.7000
Sudeste,MG,Cantagalo,Mata Atlântica,1,-42.6600,-18.5400,-42.6600,-18.5400
Sudeste,MG,Canápolis,Cerrado,2,-49.3200,-18.9000,-49.1400,-18.7200
Sudeste,MG,Canápolis,Mata Atlântica,1,-49.3200,-18.7200,-49.3200,-18.7200
Sudeste,MG,Caparaó,Mata Atlântica,1,-41.9400,-20.5200,-41.9400,-20.5200
Sudeste,MG,Capela Nova,Mata Atlântica,1,-43.5600,-20.8800,-43.5600,-20.8800
Sudeste,MG,Capelinha,Cerrado,1,-42.4800,-17.6400,-42.4800,-17.6400
Sudeste,MG,Capelinha,Mata Atlântica,2,-42.6600,-17.8200,-42.4800,-17.6400
Sudeste,MG,Capetinga,Mata Atlântica,1,-46.9800,-20.7000,-46.9800,-20.7000
Sudeste,MG,Capinópolis,Mata Atlântica,2,-49.6800,-18.7200,-49.5000,-18.7200
Sudeste,MG,Capitão Andrade,Mata Atlântica,1,-41.7600,-19.0800,-41.7600,-19.0800
Sudeste,MG,Capitão Enéas,Caatinga,3,-43.7400,-16.3800,-43.5600,-16.0200
Sudeste,MG,Caputira,Mata Atlântica,1,-42.3000,-20.1600,-42.3000,-20.1600
Sudeste,MG,Caranaíba,Mata Atlântica,1,-43.7400,-20.8800,-43.7400,-20.8800
Sudeste,MG,Carandaí,Mata Atlântica,1,-43.9200,-21.0600,-43.9200,-21.0600
Sudeste,MG,Carangola,Mata Atlântica,1,-42.1200,-20.7000,-42.1200,-20.7000
Sudeste,MG,Caratinga,Mata Atlântica,2,-42.1200,-19.8000,-41.9400,-19.8000
Sudeste,MG,Caraí,Mata Atlântica,4,-41.7600,-17.2800,-41.4000,-17.1000
Sudeste,MG,Carbonita,Cerrado,3,-43.2000,-17.6400,-43.0200,-17.4600
Sudeste,MG,Carlos Chagas,Mata Atlântica,8,-41.0400,-17.8200,-40.6800,-17.4600
Sudeste,MG,Carmo da Cachoeira,Mata Atlântica,1,-45.1800,-21.4200,-45.1800,-21.4200
Sudeste,MG,Carmo da Mata,Cerrado,1,-45.0000,-20.5200,-45.0000,-20.5200
Sudeste,MG,Carmo da Mata,Mata Atlântica,1,-44.8200,-20.5200,-44.8200,-20.5200
Sudeste,MG,Carmo de Minas,Mata Atlântica,1,-45.1800,-22.1400,-45.1800,-22.1400
Sudeste,MG,Carmo do Cajuru,Mata Atlântica,1,-44.6400,-20.1600,-44.6400,-20.1600
Sudeste,MG,Carmo do Paranaíba,Cerrado,3,-46.2600,-18.9000,-45.9000,-18.7200
Sudeste,MG,Carmo do Rio Claro,Cerrado,1,-46.0800,-20.8800,-46.0800,-20.8800
Sudeste,MG,Carmo do Rio Claro,Mata Atlântica,1,-46.0800,-21.0600,-46.0800,-21.0600
Sudeste,MG,Carmésia,Mata Atlântica,1,-43.2000,-19.0800,-43.2000,-19.0800
Sudeste,MG,Carmópolis de Minas,Mata Atlântica,2,-44.6400,-20.7000,-44.6400,-20.5200
Sudeste,MG,Carneirinho,Cerrado,5,-50.9400,-19.9800,-50.7600,-19.6200
Sudeste,MG,Carneirinho,Mata Atlântica,1,-50.5800,-19.8000,-50.5800,-19.8000
Sudeste,MG,Carrancas,Mata Atlântica,2,-44.6400,-21.6000,-44.6400,-21.4200
Sudeste,MG,Carvalhos,Mata Atlântica,1,-44.4600,-21.9600,-44.4600,-21.9600
Sudeste,MG,Casa Grande,Mata Atlântica,1,-43.9200,-20.8800,-43.9200,-20.8800
Sudeste,MG,Cascalho Rico,Cerrado,1,-47.8800,-18.5400,-47.8800,-18.5400
Sudeste,MG,Cataguases,Mata Atlântica,2,-42.6600,-21.4200,-42.6600,-21.2400
Sudeste,MG,Catuji,Mata Atlântica,2,-41.5800,-17.4600,-41.5800,-17.2800
Sudeste,MG,Catuti,Caatinga,1,-43.2000,-15.3000,-43.2000,-15.3000
Sudeste,MG,Cedro do Abaeté,Cerrado,1,-45.7200,-19.0800,-45.7200,-19.0800
Sudeste,MG,Chapada Gaúcha,Cerrado,9,-45.7200,-15.8400,-45.1800,-15.1200
Sudeste,MG,Chapada do Norte,Cerrado,1,-42.4800,-17.1000,-42.4800,-17.1000
Sudeste,MG,Chiador,Mata Atlântica,1,-43.0200,-21.9600,-43.0200,-21.9600
Sudeste,MG,Claro dos Poções,Cerrado,1,-44.2800,-17.1000,-44.2800,-17.1000
Sudeste,MG,Cláudio,Cerrado,1,-44.8200,-20.3400,-44.8200,-20.3400
Sudeste,MG,Coluna,Mata Atlântica,2,-42.8400,-18.3600,-42.8400,-18.1800
Sudeste,MG,Comendador Gomes,Cerrado,3,-49.3200,-19.6200,-48.9600,-19.6200
Sudeste,MG,Comercinho,Mata Atlântica,2,-41.7600,-16.3800,-41.7600,-16.2000
Sudeste,MG,Conceição da Aparecida,Mata Atlântica,1,-46.2600,-21.0600,-46.2600,-21.0600
Sudeste,MG,Conceição da Barra de Minas,Mata Atlântica,1,-44.4600,-21.0600,-44.4600,-21.0600
Sudeste,MG,Conceição das Alagoas,Cerrado,3,-48.4200,-19.9800,-48.2400,-19.8000
Sudeste,MG,Conceição de Ipanema,Mata Atlântica,1,-41.7600,-19.9800,-41.7600,-19.9800
Sudeste,MG,Conceição do Mato Dentro,Cerrado,2,-43.7400,-19.0800,-43.5600,-18.7200
Sudeste,MG,Conceição do Mato Dentro,Mata Atlântica,4,-43.5600,-19.0800,-43.3800,-18.7200
Sudeste,MG,Conceição do Pará,Mata Atlântica,1,-44.8200,-19.8000,-44.8200,-19.8000
Sudeste,MG,Conceição do Rio Verde,Mata Atlântica,1,-45.1800,-21.9600,-45.1800,-21.9600
Sudeste,MG,Congonhal,Mata Atlântica,1,-46.0800,-22.1400,-46.0800,-22.1400
Sudeste,MG,Congonhas,Mata Atlântica,1,-43.9200,-20.5200,-43.9200,-20.5200
Sudeste,MG,Congonhas do Norte,Cerrado,1,-43.7400,-18.9000,-43.7400,-18.9000
Sudeste,MG,Conquista,Cerrado,2,-47.7000,-19.9800,-47.5200,-19.9800
Sudeste,MG,Conselheiro Lafaiete,Mata Atlântica,1,-43.7400,-20.7000,-43.7400,-20.7000
Sudeste,MG,Conselheiro Pena,Mata Atlântica,5,-41.5800,-19.4400,-41.2200,-18.9000
Sudeste,MG,Consolação,Mata Atlântica,1,-45.9000,-22.5000,-45.9000,-22.5000
Sudeste,MG,Coração de Jesus,Cerrado,4,-44.6400,-16.7400,-44.1000,-16.5600
Sudeste,MG,Cordisburgo,Cerrado,2,-44.2800,-19.0800,-44.1000,-19.0800
Sudeste,MG,Corinto,Cerrado,5,-44.8200,-18.5400,-44.4600,-18.1800
Sudeste,MG,Coroaci,Mata Atlântica,2,-42.3000,-18.7200,-42.3000,-18.5400
Sudeste,MG,Coromandel,Cerrado,8,-47.3400,-18.7200,-46.9800,-18.1800
Sudeste,MG,Coronel Murta,Mata Atlântica,1,-42.1200,-16.5600,-42.1200,-16.5600
Sudeste,MG,Couto de Magalhães de Minas,Cerrado,1,-43.5600,-18.0000,-43.5600,-18.0000
Sudeste,MG,Cristais,Cerrado,2,-45.5400,-20.8800,-45.5400,-20.7000
Sudeste,MG,Cristina,Mata Atlântica,1,-45.3600,-22.1400,-45.3600,-22.1400
Sudeste,MG,Cristália,Cerrado,2,-42.8400,-16.7400,-42.6600,-16.7400
Sudeste,MG,Crisólita,Mata Atlântica,2,-41.0400,-17.2800,-40.8600,-17.2800
Sudeste,MG,Cruzília,Mata Atlântica,2,-44.8200,-21.7800,-44.8200,-21.6000
Sudeste,MG,Cuparaque,Mata Atlântica,1,-41.2200,-19.0800,-41.2200,-19.0800
Sudeste,MG,Curral de Dentro,Mata Atlântica,1,-41.7600,-15.8400,-41.7600,-15.8400
Sudeste,MG,Curvelo,Cerrado,9,-44.6400,-19.0800,-44.1000,-18.3600
Sudeste,MG,Cássia,Cerrado,1,-46.9800,-20.5200,-46.9800,-20.5200
Sudeste,MG,Córrego Danta,Cerrado,2,-46.0800,-19.8000,-45.9000,-19.8000
Sudeste,MG,Córrego Novo,Mata Atlântica,1,-42.4800,-19.8000,-42.4800,-19.8000
Sudeste,MG,Cônego Marinho,Cerrado,8,-44.8200,-15.3000,-44.4600,-14.7600
Sudeste,MG,Delfinópolis,Cerrado,3,-46.8000,-20.5200,-46.6200,-20.3400
Sudeste,MG,Descoberto,Mata Atlântica,1,-43.0200,-21.4200,-43.0200,-21.4200
Sudeste,MG,Desterro de Entre Rios,Mata Atlântica,1,-44.2800,-20.7000,-44.2800,-20.7000
Sudeste,MG,Diamantina,Cerrado,9,-43.9200,-18.3600,-43.3800,-17.6400
Sudeste,MG,Diogo de Vasconcelos,Mata Atlântica,1,-43.2000,-20.5200,-43.2000,-20.5200
Sudeste,MG,Dionísio,Mata Atlântica,1,-42.6600,-19.8000,-42.6600,-19.8000
Sudeste,MG,Divino,Mata Atlântica,1,-42.1200,-20.5200,-42.1200,-20.5200
Sudeste,MG,Divino das Laranjeiras,Mata Atlântica,2,-41.5800,-18.7200,-41.4000,-18.7200
Sudeste,MG,Divinópolis,Cerrado,1,-44.8200,-20.1600,-44.8200,-20.1600
Sudeste,MG,Divinópolis,Mata Atlântica,1,-45.0000,-20.1600,-45.0000,-20.1600
Sudeste,MG,Divisa Alegre,Mata Atlântica,1,-41.4000,-15.6600,-41.4000,-15.6600
Sudeste,MG,Dom Bosco,Cerrado,3,-46.4400,-16.9200,-46.2600,-16.7400
Sudeste,MG,Dom Joaquim,Mata Atlântica,1,-43.2000,-18.9000,-43.2000,-18.9000
Sudeste,MG,Dom Silvério,Mata Atlântica,1,-43.0200,-20.1600,-43.0200,-20.1600
Sudeste,MG,Dores de Guanhães,Mata Atlântica,1,-43.0200,-19.0800,-43.0200,-19.0800
Sudeste,MG,Dores do Indaiá,Cerrado,3,-45.7200,-19.6200,-45.5400,-19.4400
Sudeste,MG,Dores do Turvo,Mata Atlântica,1,-43.2000,-21.0600,-43.2000,-21.0600
Sudeste,MG,Durandé,Mata Atlântica,1,-41.7600,-20.1600,-41.7600,-20.1600
Sudeste,MG,Elói Mendes,Mata Atlântica,1,-45.5400,-21.6000,-45.5400,-21.6000
Sudeste,MG,Engenheiro Navarro,Cerrado,2,-44.1000,-17.2800,-43.9200,-17.2800
Sudeste,MG,Entre Rios de Minas,Mata Atlântica,1,-44.1000,-20.7000,-44.1000,-20.7000
Sudeste,MG,Ervália,Mata Atlântica,1,-42.6600,-20.8800,-42.6600,-20.8800
Sudeste,MG,Esmeraldas,Cerrado,1,-44.2800,-19.8000,-44.2800,-19.8000
Sudeste,MG,Esmeraldas,Mata Atlântica,1,-44.2800,-19.6200,-44.2800,-19.6200
Sudeste,MG,Espinosa,Caatinga,7,-43.3800,-14.9400,-42.8400,-14.7600
Sudeste,MG,Espinosa,Cerrado,1,-42.6600,-14.9400,-42.6600,-14.9400
Sudeste,MG,Estiva,Mata Atlântica,1,-46.0800,-22.5000,-46.0800,-22.5000
Sudeste,MG,Estrela do Indaiá,Cerrado,2,-45.9000,-19.6200,-45.7200,-19.6200
Sudeste,MG,Estrela do Sul,Cerrado,1,-47.7000,-18.7200,-47.7000,-18.7200
Sudeste,MG,Ewbank da Câmara,Mata Atlântica,1,-43.5600,-21.6000,-43.5600,-21.6000
Sudeste,MG,Extrema,Mata Atlântica,1,-46.2600,-22.8600,-46.2600,-22.8600
Sudeste,MG,Felisburgo,Mata Atlântica,3,-40.8600,-16.7400,-40.6800,-16.5600
Sudeste,MG,Felixlândia,Cerrado,4,-45.1800,-18.7200,-44.8200,-18.5400
Sudeste,MG,Felício dos Santos,Cerrado,1,-43.2000,-18.1800,-43.2000,-18.1800
Sudeste,MG,Fernandes Tourinho,Mata Atlântica,1,-42.1200,-19.0800,-42.1200,-19.0800
Sudeste,MG,Ferros,Mata Atlântica,2,-43.0200,-19.2600,-42.8400,-19.2600
Sudeste,MG,Fervedouro,Mata Atlântica,1,-42.3000,-20.7000,-42.3000,-20.7000
Sudeste,MG,Florestal,Cerrado,1,-44.4600,-19.8000,-44.4600,-19.8000
Sudeste,MG,Formiga,Cerrado,2,-45.7200,-20.7000,-45.5400,-20.5200
Sudeste,MG,Formiga,Mata Atlântica,2,-45.3600,-20.5200,-45.3600,-20.3400
Sudeste,MG,Formoso,Cerrado,9,-46.4400,-15.3000,-45.7200,-14.9400
Sudeste,MG,Fortaleza de Minas,Mata Atlântica,1,-46.8000,-20.8800,-46.8000,-20.8800
Sudeste,MG,Fortuna de Minas,Mata Atlântica,1,-44.4600,-19.6200,-44.4600,-19.6200
Sudeste,MG,Francisco Badaró,Cerrado,1,-42.3000,-16.9200,-42.3000,-16.9200
Sudeste,MG,Francisco Dumont,Cerrado,4,-44.2800,-17.6400,-44.1000,-17.2800
Sudeste,MG,Francisco Sá,Caatinga,3,-43.5600,-16.5600,-43.5600,-16.2000
Sudeste,MG,Francisco Sá,Cerrado,5,-43.7400,-16.5600,-43.2000,-16.2000
Sudeste,MG,Franciscópolis,Mata Atlântica,2,-42.1200,-18.0000,-41.9400,-18.0000
Sudeste,MG,Frei Gaspar,Mata Atlântica,1,-41.5800,-18.1800,-41.5800,-18.1800
Sudeste,MG,Frei Inocêncio,Mata Atlântica,1,-41.9400,-18.5400,-41.9400,-18.5400
Sudeste,MG,Fronteira,Cerrado,1,-49.1400,-20.1600,-49.1400,-20.1600
Sudeste,MG,Fronteira dos Vales,Mata Atlântica,1,-40.8600,-16.9200,-40.8600,-16.9200
Sudeste,MG,Fruta de Leite,Cerrado,2,-42.4800,-16.2000,-42.4800,-16.0200
Sudeste,MG,Frutal,Cerrado,5,-49.1400,-20.1600,-48.7800,-19.8000
Sudeste,MG,Frutal,Mata Atlântica,1,-49.1400,-19.9800,-49.1400,-19.9800
Sudeste,MG,Galiléia,Mata Atlântica,1,-41.5800,-18.9000,-41.5800,-18.9000
Sudeste,MG,Gameleiras,Caatinga,4,-43.3800,-15.1200,-43.0200,-14.9400
Sudeste,MG,Goianá,Mata Atlântica,1,-43.2000,-21.6000,-43.2000,-21.6000
Sudeste,MG,Gonzaga,Mata Atlântica,1,-42.4800,-18.9000,-42.4800,-18.9000
Sudeste,MG,Gouveia,Cerrado,3,-43.9200,-18.5400,-43.7400,-18.3600
Sudeste,MG,Governador Valadares,Mata Atlântica,5,-42.1200,-18.9000,-41.7600,-18.7200
Sudeste,MG,Grupiara,Cerrado,1,-47.7000,-18.5400,-47.7000,-18.5400
Sudeste,MG,Grão Mogol,Cerrado,9,-43.3800,-16.5600,-42.6600,-16.2000
Sudeste,MG,Guanhães,Mata Atlântica,3,-42.8400,-19.0800,-42.8400,-18.7200
Sudeste,MG,Guapé,Cerrado,1,-46.0800,-20.7000,-46.0800,-20.7000
Sudeste,MG,Guaraciaba,Mata Atlântica,1,-43.0200,-20.5200,-43.0200,-20.5200
Sudeste,MG,Guaraciama,Cerrado,1,-43.5600,-17.1000,-43.5600,-17.1000
Sudeste,MG,Guaranésia,Mata Atlântica,1,-46.8000,-21.2400,-46.8000,-21.2400
Sudeste,MG,Guarará,Mata Atlântica,1,-43.0200,-21.7800,-43.0200,-21.7800
Sudeste,MG,Guarda-Mor,Cerrado,5,-47.3400,-17.8200,-46.9800,-17.6400
Sudeste,MG,Guimarânia,Cerrado,1,-46.8000,-18.7200,-46.8000,-18.7200
Sudeste,MG,Guiricema,Mata Atlântica,1,-42.6600,-21.0600,-42.6600,-21.0600
Sudeste,MG,Gurinhatã,Cerrado,7,-50.0400,-19.2600,-49.6800,-18.9000
Sudeste,MG,Iapu,Mata Atlântica,1,-42.3000,-19.2600,-42.3000,-19.2600
Sudeste,MG,Ibertioga,Mata Atlântica,1,-43.9200,-21.4200,-43.9200,-21.4200
Sudeste,MG,Ibiaí,Cerrado,2,-44.8200,-16.9200,-44.8200,-16.7400
Sudeste,MG,Ibiracatu,Caatinga,1,-44.1000,-15.6600,-44.1000,-15.6600
Sudeste,MG,Ibiraci,Cerrado,1,-47.1600,-20.3400,-47.1600,-20.3400
Sudeste,MG,Ibiá,Cerrado,6,-46.8000,-19.8000,-46.4400,-19.4400
Sudeste,MG,Icaraí de Minas,Cerrado,2,-45.0000,-16.2000,-44.8200,-16.2000
Sudeste,MG,Iguatama,Cerrado,1,-45.7200,-20.1600,-45.7200,-20.1600
Sudeste,MG,Ilicínea,Cerrado,2,-45.9000,-20.8800,-45.7200,-20.8800
Sudeste,MG,Imbé de Minas,Mata Atlântica,1,-41.9400,-19.6200,-41.9400,-19.6200
Sudeste,MG,Inconfidentes,Mata Atlântica,1,-46.2600,-22.3200,-46.2600,-22.3200
Sudeste,MG,Indaiabira,Cerrado,3,-42.3000,-15.6600,-42.1200,-15.4800
Sudeste,MG,Indianópolis,Cerrado,3,-47.8800,-19.0800,-47.7000,-18.9000
Sudeste,MG,Ingaí,Mata Atlântica,2,-45.0000,-21.4200,-44.8200,-21.4200
Sudeste,MG,Inhapim,Mata Atlântica,2,-42.1200,-19.4400,-41.9400,-19.4400
Sudeste,MG,Inhaúma,Cerrado,1,-44.4600,-19.4400,-44.4600,-19.4400
Sudeste,MG,Inimutaba,Cerrado,1,-44.2800,-18.7200,-44.2800,-18.7200
Sudeste,MG,Ipaba,Mata Atlântica,1,-42.3000,-19.4400,-42.3000,-19.4400
Sudeste,MG,Ipanema,Mata Atlântica,2,-41.7600,-19.8000,-41.7600,-19.6200
Sudeste,MG,Ipatinga,Mata Atlântica,1,-42.6600,-19.4400,-42.6600,-19.4400
Sudeste,MG,Ipiaçu,Mata Atlântica,1,-49.8600,-18.7200,-49.8600,-18.7200
Sudeste,MG,Ipuiúna,Mata Atlântica,1,-46.0800,-21.9600,-46.0800,-21.9600
Sudeste,MG,Itabira,Mata Atlântica,3,-43.3800,-19.6200,-43.2000,-19.4400
Sudeste,MG,Itabirinha,Mata Atlântica,1,-41.2200,-18.5400,-41.2200,-18.5400
Sudeste,MG,Itabirito,Mata Atlântica,2,-43.9200,-20.3400,-43.7400,-20.1600
Sudeste,MG,Itacambira,Cerrado,6,-43.3800,-17.1000,-43.2000,-16.7400
Sudeste,MG,Itacarambi,Caatinga,3,-44.2350,-15.3000,-44.1000,-15.1200
Sudeste,MG,Itaguara,Cerrado,1,-44.6400,-20.3400,-44.6400,-20.3400
Sudeste,MG,Itaguara,Mata Atlântica,1,-44.4600,-20.3400,-44.4600,-20.3400
Sudeste,MG,Itamarandiba,Cerrado,5,-43.0200,-18.0000,-42.8400,-17.6400
Sudeste,MG,Itamarandiba,Mata Atlântica,3,-43.0200,-18.0000,-42.6600,-17.8200
Sudeste,MG,Itamarati de Minas,Mata Atlântica,1,-42.8400,-21.4200,-42.8400,-21.4200
Sudeste,MG,Itambacuri,Mata Atlântica,3,-41.9400,-18.3600,-41.7600,-18.0000
Sudeste,MG,Itamogi,Cerrado,1,-46.9800,-21.0600,-46.9800,-21.0600
Sudeste,MG,Itamonte,Mata Atlântica,1,-44.8200,-22.3200,-44.8200,-22.3200
Sudeste,MG,Itanhandu,Mata Atlântica,1,-45.0000,-22.3200,-45.0000,-22.3200
Sudeste,MG,Itanhomi,Mata Atlântica,1,-41.9400,-19.0800,-41.9400,-19.0800
Sudeste,MG,Itaobim,Mata Atlântica,1,-41.5800,-16.5600,-41.5800,-16.5600
Sudeste,MG,Itapagipe,Cerrado,2,-49.5000,-19.8000,-49.3200,-19.8000
Sudeste,MG,Itapecerica,Cerrado,1,-45.0000,-20.3400,-45.0000,-20.3400
Sudeste,MG,Itapecerica,Mata Atlântica,1,-45.1800,-20.5200,-45.1800,-20.5200
Sudeste,MG,Itapeva,Mata Atlântica,1,-46.2600,-22.6800,-46.2600,-22.6800
Sudeste,MG,Itatiaiuçu,Mata Atlântica,1,-44.4600,-20.1600,-44.4600,-20.1600
Sudeste,MG,Itaverava,Mata Atlântica,1,-43.5600,-20.7000,-43.5600,-20.7000
Sudeste,MG,Itaú de Minas,Cerrado,1,-46.8000,-20.7000,-46.8000,-20.7000
Sudeste,MG,Itaúna,Mata Atlântica,1,-44.6400,-19.9800,-44.6400,-19.9800
Sudeste,MG,Itinga,Mata Atlântica,3,-41.9400,-16.7400,-41.7600,-16.5600
Sudeste,MG,Itueta,Mata Atlântica,1,-41.2200,-19.4400,-41.2200,-19.4400
Sudeste,MG,Ituiutaba,Cerrado,5,-49.6800,-19.2600,-49.3200,-18.9000
Sudeste,MG,Itumirim,Mata Atlântica,1,-44.8200,-21.2400,-44.8200,-21.2400
Sudeste,MG,Iturama,Cerrado,4,-50.5800,-19.8000,-50.2200,-19.6200
Sudeste,MG,Iturama,Mata Atlântica,1,-50.4000,-19.8000,-50.4000,-19.8000
Sudeste,MG,Jaboticatubas,Cerrado,4,-43.9200,-19.4400,-43.5600,-19.2600
Sudeste,MG,Jacinto,Mata Atlântica,3,-40.3200,-16.3800,-40.3200,-16.0200
Sudeste,MG,Jacutinga,Mata Atlântica,1,-46.6200,-22.3200,-46.6200,-22.3200
Sudeste,MG,Jacuí,Mata Atlântica,1,-46.8000,-21.0600,-46.8000,-21.0600
Sudeste,MG,Jaguaraçu,Mata Atlântica,1,-42.6600,-19.6200,-42.6600,-19.6200
Sudeste,MG,Jampruca,Mata Atlântica,1,-41.7600,-18.5400,-41.7600,-18.5400
Sudeste,MG,Janaúba,Caatinga,4,-43.5600,-16.0200,-43.3800,-15.6600
Sudeste,MG,Januária,Caatinga,2,-44.4600,-15.4800,-44.2800,-15.3000
Sudeste,MG,Januária,Cerrado,15,-45.3600,-15.6600,-44.2800,-14.9400
Sudeste,MG,Japaraíba,Cerrado,1,-45.5400,-20.1600,-45.5400,-20.1600
Sudeste,MG,Japonvar,Cerrado,1,-44.2800,-16.0200,-44.2800,-16.0200
Sudeste,MG,Jaíba,Caatinga,9,-43.9200,-15.4800,-43.3800,-15.1200
Sudeste,MG,Jeceaba,Mata Atlântica,1,-44.1000,-20.5200,-44.1000,-20.5200
Sudeste,MG,Jenipapo de Minas,Cerrado,1,-42.3000,-17.1000,-42.3000,-17.1000
Sudeste,MG,Jenipapo de Minas,Mata Atlântica,1,-42.1200,-17.2800,-42.1200,-17.2800
Sudeste,MG,Jequeri,Mata Atlântica,1,-42.6600,-20.5200,-42.6600,-20.5200
Sudeste,MG,Jequitaí,Cerrado,3,-44.6400,-17.2800,-44.4600,-17.1000
Sudeste,MG,Jequitibá,Cerrado,1,-44.1000,-19.2600,-44.1000,-19.2600
Sudeste,MG,Jequitinhonha,Mata Atlântica,8,-41.4000,-16.5600,-40.6800,-16.2000
Sudeste,MG,Joaquim Felício,Cerrado,2,-44.1000,-17.8200,-44.1000,-17.6400
Sudeste,MG,Joaíma,Mata Atlântica,5,-41.2200,-16.9200,-40.8600,-16.5600
Sudeste,MG,Jordânia,Mata Atlântica,1,-40.3200,-15.8400,-40.3200,-15.8400
Sudeste,MG,Josenópolis,Cerrado,2,-42.6600,-16.5600,-42.4800,-16.5600
Sudeste,MG,José Gonçalves de Minas,Cerrado,1,-42.6600,-16.9200,-42.6600,-16.9200
Sudeste,MG,João Monlevade,Mata Atlântica,1,-43.2000,-19.8000,-43.2000,-19.8000
Sudeste,MG,João Pinheiro,Cerrado,29,-46.4400,-18.1800,-45.5400,-17.1000
Sudeste,MG,Juatuba,Mata Atlântica,1,-44.2800,-19.9800,-44.2800,-19.9800
Sudeste,MG,Juiz de Fora,Mata Atlântica,5,-43.5600,-21.9600,-43.2000,-21.6000
Sudeste,MG,Juramento,Cerrado,2,-43.5600,-16.9200,-43.5600,-16.7400
Sudeste,MG,Juruaia,Mata Atlântica,1,-46.6200,-21.2400,-46.6200,-21.2400
Sudeste,MG,Juvenília,Caatinga,2,-44.2800,-14.4000,-43.9200,-14.4000
Sudeste,MG,Ladainha,Mata Atlântica,3,-41.9400,-17.6400,-41.7600,-17.4600
Sudeste,MG,Lagamar,Cerrado,4,-46.8000,-18.1800,-46.6200,-18.0000
Sudeste,MG,Lagoa Dourada,Mata Atlântica,1,-44.1000,-20.8800,-44.1000,-20.8800
Sudeste,MG,Lagoa Formosa,Cerrado,3,-46.4400,-18.7200,-46.0800,-18.7200
Sudeste,MG,Lagoa Grande,Cerrado,3,-46.6200,-17.8200,-46.4400,-17.6400
Sudeste,MG,Lagoa Santa,Cerrado,1,-43.9200,-19.6200,-43.9200,-19.6200
Sudeste,MG,Lagoa da Prata,Cerrado,1,-45.5400,-19.9800,-45.5400,-19.9800
Sudeste,MG,Lagoa dos Patos,Cerrado,2,-44.6400,-17.1000,-44.6400,-16.9200
Sudeste,MG,Lajinha,Mata Atlântica,1,-41.5800,-20.1600,-41.5800,-20.1600
Sudeste,MG,Lambari,Mata Atlântica,1,-45.3600,-21.9600,-45.3600,-21.9600
Sudeste,MG,Lassance,Cerrado,9,-45.0000,-18.0000,-44.4600,-17.6400
Sudeste,MG,Lavras,Mata Atlântica,1,-45.0000,-21.2400,-45.0000,-21.2400
Sudeste,MG,Leandro Ferreira,Mata Atlântica,1,-45.0000,-19.6200,-45.0000,-19.6200
Sudeste,MG,Leme do Prado,Cerrado,1,-42.6600,-17.1000,-42.6600,-17.1000
Sudeste,MG,Leopoldina,Mata Atlântica,3,-42.6600,-21.6000,-42.4800,-21.4200
Sudeste,MG,Liberdade,Mata Atlântica,1,-44.2800,-21.9600,-44.2800,-21.9600
Sudeste,MG,Lima Duarte,Mata Atlântica,1,-43.9200,-21.7800,-43.9200,-21.7800
Sudeste,MG,Limeira do Oeste,Cerrado,3,-50.7600,-19.4400,-50.5800,-19.2600
Sudeste,MG,Limeira do Oeste,Mata Atlântica,1,-50.7600,-19.2600,-50.7600,-19.2600
Sudeste,MG,Lontra,Caatinga,1,-44.2800,-15.8400,-44.2800,-15.8400
Sudeste,MG,Luislândia,Cerrado,1,-44.6400,-16.2000,-44.6400,-16.2000
Sudeste,MG,Luminárias,Mata Atlântica,1,-45.0000,-21.6000,-45.0000,-21.6000
Sudeste,MG,Luz,Cerrado,3,-45.7200,-19.9800,-45.5400,-19.8000
Sudeste,MG,Machacalis,Mata Atlântica,1,-40.6800,-17.1000,-40.6800,-17.1000
Sudeste,MG,Machado,Mata Atlântica,3,-46.0800,-21.7800,-45.7200,-21.6000
Sudeste,MG,Madre de Deus de Minas,Mata Atlântica,2,-44.4600,-21.4200,-44.2800,-21.4200
Sudeste,MG,Malacacheta,Mata Atlântica,2,-42.1200,-17.8200,-41.9400,-17.8200
Sudeste,MG,Mamonas,Caatinga,3,-43.0200,-15.1200,-42.9300,-14.9175
Sudeste,MG,Manga,Caatinga,7,-44.2800,-14.8725,-43.9200,-14.4000
Sudeste,MG,Manhuaçu,Mata Atlântica,2,-42.1200,-20.3400,-42.1200,-20.1600
Sudeste,MG,Manhumirim,Mata Atlântica,1,-41.9400,-20.3400,-41.9400,-20.3400
Sudeste,MG,Mantena,Mata Atlântica,2,-41.0400,-18.7200,-41.0400,-18.5400
Sudeste,MG,Maravilhas,Cerrado,1,-44.6400,-19.4400,-44.6400,-19.4400
Sudeste,MG,Maria da Fé,Mata Atlântica,1,-45.3600,-22.3200,-45.3600,-22.3200
Sudeste,MG,Mariana,Mata Atlântica,4,-43.3800,-20.5200,-43.2000,-20.1600
Sudeste,MG,Marmelópolis,Mata Atlântica,1,-45.1800,-22.5000,-45.1800,-22.5000
Sudeste,MG,Martinho Campos,Cerrado,4,-45.3600,-19.4400,-45.0000,-19.2600
Sudeste,MG,Mata Verde,Mata Atlântica,1,-40.6800,-15.8400,-40.6800,-15.8400
Sudeste,MG,Mateus Leme,Mata Atlântica,1,-44.4600,-19.9800,-44.4600,-19.9800
Sudeste,MG,Matias Cardoso,Caatinga,9,-43.9650,-15.0300,-43.5600,-14.7600
Sudeste,MG,Matipó,Mata Atlântica,1,-42.3000,-20.3400,-42.3000,-20.3400
Sudeste,MG,Mato Verde,Caatinga,1,-42.8400,-15.4800,-42.8400,-15.4800
Sudeste,MG,Medeiros,Cerrado,2,-46.4400,-19.9800,-46.2600,-19.9800
Sudeste,MG,Medina,Mata Atlântica,4,-41.5800,-16.3800,-41.4000,-16.2000
Sudeste,MG,Mercês,Mata Atlântica,1,-43.3800,-21.2400,-43.3800,-21.2400
Sudeste,MG,Mesquita,Mata Atlântica,1,-42.6600,-19.2600,-42.6600,-19.2600
Sudeste,MG,Minas Novas,Cerrado,3,-42.6600,-17.4600,-42.4800,-17.2800
Sudeste,MG,Minas Novas,Mata Atlântica,2,-42.3000,-17.4600,-42.3000,-17.2800
Sudeste,MG,Mirabela,Cerrado,4,-44.2800,-16.3800,-44.1000,-16.2000
Sudeste,MG,Miradouro,Mata Atlântica,1,-42.3000,-20.8800,-42.3000,-20.8800
Sudeste,MG,Miravânia,Cerrado,2,-44.5050,-14.8500,-44.4600,-14.7600
Sudeste,MG,Monjolos,Cerrado,1,-44.1000,-18.3600,-44.1000,-18.3600
Sudeste,MG,Monsenhor Paulo,Mata Atlântica,1,-45.5400,-21.7800,-45.5400,-21.7800
Sudeste,MG,Montalvânia,Caatinga,3,-44.6400,-14.5800,-44.4600,-14.4000
Sudeste,MG,Montalvânia,Cerrado,1,-44.6400,-14.5800,-44.6400,-14.5800
Sudeste,MG,Monte Alegre de Minas,Cerrado,7,-49.1400,-19.0800,-48.6000,-18.7200
Sudeste,MG,Monte Azul,Caatinga,2,-42.8400,-15.3000,-42.8400,-15.1200
Sudeste,MG,Monte Belo,Mata Atlântica,1,-46.2600,-21.4200,-46.2600,-21.4200
Sudeste,MG,Monte Carmelo,Cerrado,3,-47.5200,-18.9000,-47.3400,-18.5400
Sudeste,MG,Monte Formoso,Mata Atlântica,1,-41.2200,-16.9200,-41.2200,-16.9200
Sudeste,MG,Monte Santo de Minas,Mata Atlântica,1,-46.9800,-21.2400,-46.9800,-21.2400
Sudeste,MG,Montes Claros,Cerrado,9,-44.1000,-17.1000,-43.7400,-16.2000
Sudeste,MG,Montezuma,Cerrado,3,-42.4800,-15.3000,-42.3000,-15.1200
Sudeste,MG,Morada Nova de Minas,Cerrado,4,-45.5400,-18.7200,-45.3600,-18.3600
Sudeste,MG,Morro da Garça,Cerrado,2,-44.6400,-18.7200,-44.6400,-18.5400
Sudeste,MG,Morro do Pilar,Mata Atlântica,1,-43.3800,-19.2600,-43.3800,-19.2600
Sudeste,MG,Muriaé,Mata Atlântica,4,-42.4800,-21.2400,-42.3000,-20.8800
Sudeste,MG,Mutum,Mata Atlântica,5,-41.5800,-20.1600,-41.4000,-19.8000
Sudeste,MG,Muzambinho,Mata Atlântica,2,-46.6200,-21.4200,-46.4400,-21.2400
Sudeste,MG,Nacip Raydan,Mata Atlântica,1,-42.1200,-18.5400,-42.1200,-18.5400
Sudeste,MG,Nanuque,Mata Atlântica,4,-40.6800,-18.0000,-40.3200,-17.6400
Sudeste,MG,Natalândia,Cerrado,1,-46.4400,-16.5600,-46.4400,-16.5600
Sudeste,MG,Natércia,Mata Atlântica,1,-45.5400,-22.1400,-45.5400,-22.1400
Sudeste,MG,Nazareno,Mata Atlântica,1,-44.6400,-21.2400,-44.6400,-21.2400
Sudeste,MG,Nepomuceno,Mata Atlântica,2,-45.3600,-21.2400,-45.1800,-21.2400
Sudeste,MG,Ninheira,Mata Atlântica,3,-41.7600,-15.4800,-41.4000,-15.3000
Sudeste,MG,Nova Era,Mata Atlântica,2,-43.0200,-19.8000,-43.0200,-19.6200
Sudeste,MG,Nova Lima,Mata Atlântica,2,-43.9200,-20.1600,-43.9200,-19.9800
Sudeste,MG,Nova Módica,Mata Atlântica,1,-41.5800,-18.5400,-41.5800,-18.5400
Sudeste,MG,Nova Ponte,Cerrado,3,-47.7000,-19.4400,-47.7000,-19.0800
Sudeste,MG,Nova Resende,Mata Atlântica,1,-46.4400,-21.0600,-46.4400,-21.0600
Sudeste,MG,Nova Serrana,Cerrado,1,-45.0000,-19.8000,-45.0000,-19.8000
Sudeste,MG,Nova União,Mata Atlântica,1,-43.5600,-19.6200,-43.5600,-19.6200
Sudeste,MG,Novo Cruzeiro,Mata Atlântica,4,-42.1200,-17.4600,-41.9400,-17.1000
Sudeste,MG,Novo Oriente de Minas,Mata Atlântica,2,-41.2200,-17.2800,-41.2200,-17.1000
Sudeste,MG,Olaria,Mata Atlântica,1,-43.9200,-21.9600,-43.9200,-21.9600
Sudeste,MG,Olhos-d'Água,Cerrado,8,-43.7400,-17.8200,-43.3800,-17.2800
Sudeste,MG,Oliveira,Mata Atlântica,2,-44.8200,-20.8800,-44.8200,-20.7000
Sudeste,MG,Ouro Branco,Mata Atlântica,1,-43.7400,-20.5200,-43.7400,-20.5200
Sudeste,MG,Ouro Fino,Mata Atlântica,1,-46.4400,-22.3200,-46.4400,-22.3200
Sudeste,MG,Ouro Preto,Mata Atlântica,3,-43.7400,-20.5200,-43.5600,-20.3400
Sudeste,MG,Padre Carvalho,Cerrado,2,-42.6600,-16.3800,-42.4800,-16.2000
Sudeste,MG,Padre Paraíso,Mata Atlântica,2,-41.5800,-17.1000,-41.5800,-16.9200
Sudeste,MG,Pai Pedro,Caatinga,2,-43.2000,-15.4800,-43.0200,-15.4800
Sudeste,MG,Paineiras,Cerrado,2,-45.5400,-18.9000,-45.3600,-18.9000
Sudeste,MG,Pains,Cerrado,1,-45.7200,-20.3400,-45.7200,-20.3400
Sudeste,MG,Palma,Mata Atlântica,1,-42.3000,-21.4200,-42.3000,-21.4200
Sudeste,MG,Palmópolis,Mata Atlântica,1,-40.3200,-16.7400,-40.3200,-16.7400
Sudeste,MG,Papagaios,Cerrado,2,-44.8200,-19.4400,-44.6400,-19.2600
Sudeste,MG,Paracatu,Cerrado,22,-47.3400,-17.4600,-46.4400,-16.7400
Sudeste,MG,Paraguaçu,Mata Atlântica,1,-45.7200,-21.6000,-45.7200,-21.6000
Sudeste,MG,Paraisópolis,Mata Atlântica,2,-45.9000,-22.6800,-45.7200,-22.5000
Sudeste,MG,Paraopeba,Cerrado,2,-44.4600,-19.2600,-44.2800,-19.2600
Sudeste,MG,Pará de Minas,Mata Atlântica,1,-44.6400,-19.8000,-44.6400,-19.8000
Sudeste,MG,Passa Tempo,Mata Atlântica,1,-44.4600,-20.7000,-44.4600,-20.7000
Sudeste,MG,Passa Vinte,Mata Atlântica,1,-44.2800,-22.1400,-44.2800,-22.1400
Sudeste,MG,Passos,Cerrado,2,-46.8000,-20.7000,-46.4400,-20.5200
Sudeste,MG,Passos,Mata Atlântica,1,-46.6200,-20.8800,-46.6200,-20.8800
Sudeste,MG,Patis,Caatinga,1,-44.1000,-16.0200,-44.1000,-16.0200
Sudeste,MG,Patos de Minas,Cerrado,8,-46.8000,-18.9000,-46.0800,-18.3600
Sudeste,MG,Patrocínio,Cerrado,8,-47.3400,-19.0800,-46.8000,-18.7200
Sudeste,MG,Paula Cândido,Mata Atlântica,1,-43.0200,-20.8800,-43.0200,-20.8800
Sudeste,MG,Paulistas,Mata Atlântica,1,-42.8400,-18.5400,-42.8400,-18.5400
Sudeste,MG,Pavão,Mata Atlântica,2,-41.2200,-17.4600,-41.0400,-17.4600
Sudeste,MG,Pedra Azul,Mata Atlântica,5,-41.4000,-16.0200,-41.0400,-15.8400
Sudeste,MG,Pedra do Indaiá,Mata Atlântica,1,-45.1800,-20.3400,-45.1800,-20.3400
Sudeste,MG,Pedras de Maria da Cruz,Caatinga,4,-44.4600,-15.6600,-44.1000,-15.4800
Sudeste,MG,Pedrinópolis,Cerrado,1,-47.5200,-19.2600,-47.5200,-19.2600
Sudeste,MG,Pedro Leopoldo,Mata Atlântica,1,-44.1000,-19.6200,-44.1000,-19.6200
Sudeste,MG,Pedro Teixeira,Mata Atlântica,1,-43.7400,-21.7800,-43.7400,-21.7800
Sudeste,MG,Pequi,Cerrado,1,-44.6400,-19.6200,-44.6400,-19.6200
Sudeste,MG,Perdigão,Cerrado,1,-45.0000,-19.9800,-45.0000,-19.9800
Sudeste,MG,Perdizes,Cerrado,5,-47.3400,-19.6200,-47.1600,-19.2600
Sudeste,MG,Perdões,Mata Atlântica,1,-45.0000,-21.0600,-45.0000,-21.0600
Sudeste,MG,Pescador,Mata Atlântica,1,-41.5800,-18.3600,-41.5800,-18.3600
Sudeste,MG,Peçanha,Mata Atlântica,3,-42.4800,-18.7200,-42.4800,-18.3600
Sudeste,MG,Piedade dos Gerais,Mata Atlântica,1,-44.2800,-20.5200,-44.2800,-20.5200
Sudeste,MG,Pimenta,Cerrado,1,-45.7200,-20.5200,-45.7200,-20.5200
Sudeste,MG,Pintópolis,Cerrado,3,-45.3600,-16.2000,-45.1800,-16.0200
Sudeste,MG,Piracema,Mata Atlântica,1,-44.4600,-20.5200,-44.4600,-20.5200
Sudeste,MG,Pirajuba,Cerrado,1,-48.6000,-19.9800,-48.6000,-19.9800
Sudeste,MG,Piranga,Mata Atlântica,2,-43.3800,-20.7000,-43.2000,-20.7000
Sudeste,MG,Piranguçu,Mata Atlântica,1,-45.5400,-22.5000,-45.5400,-22.5000
Sudeste,MG,Pirapora,Cerrado,2,-44.8200,-17.4600,-44.8200,-17.2800
Sudeste,MG,Piraúba,Mata Atlântica,1,-43.0200,-21.2400,-43.0200,-21.2400
Sudeste,MG,Pitangui,Cerrado,1,-44.8200,-19.6200,-44.8200,-19.6200
Sudeste,MG,Piumhi,Cerrado,3,-46.0800,-20.5200,-45.9000,-20.3400
Sudeste,MG,Pocrane,Mata Atlântica,2,-41.5800,-19.6200,-41.4000,-19.6200
Sudeste,MG,Pompéu,Cerrado,6,-45.0000,-19.2600,-44.8200,-18.9000
Sudeste,MG,Ponte Nova,Mata Atlântica,2,-43.0200,-20.3400,-42.8400,-20.3400
Sudeste,MG,Ponto Chique,Cerrado,3,-45.0000,-16.7400,-44.8200,-16.5600
Sudeste,MG,Ponto dos Volantes,Mata Atlântica,3,-41.5800,-16.9200,-41.4000,-16.7400
Sudeste,MG,Porteirinha,Caatinga,2,-43.2000,-15.6600,-43.0200,-15.6600
Sudeste,MG,Porteirinha,Cerrado,2,-43.2000,-16.0200,-42.8400,-15.6600
Sudeste,MG,Porto Firme,Mata Atlântica,1,-43.0200,-20.7000,-43.0200,-20.7000
Sudeste,MG,Poté,Mata Atlântica,1,-41.7600,-17.8200,-41.7600,-17.8200
Sudeste,MG,Pouso Alegre,Mata Atlântica,2,-45.9000,-22.3200,-45.9000,-22.1400
Sudeste,MG,Poço Fundo,Mata Atlântica,2,-46.0800,-21.7800,-45.9000,-21.7800
Sudeste,MG,Poços de Caldas,Mata Atlântica,3,-46.6200,-21.9600,-46.4400,-21.7800
Sudeste,MG,Prados,Mata Atlântica,1,-44.1000,-21.0600,-44.1000,-21.0600
Sudeste,MG,Prata,Cerrado,12,-49.3200,-19.4400,-48.4200,-19.0800
Sudeste,MG,Pratinha,Cerrado,1,-46.4400,-19.8000,-46.4400,-19.8000
Sudeste,MG,Presidente Juscelino,Cerrado,1,-44.1000,-18.7200,-44.1000,-18.7200
Sudeste,MG,Presidente Olegário,Cerrado,9,-46.6200,-18.5400,-46.0800,-18.0000
Sudeste,MG,Prudente de Morais,Cerrado,1,-44.1000,-19.4400,-44.1000,-19.4400
Sudeste,MG,Quartel Geral,Cerrado,2,-45.7200,-19.2600,-45.5400,-19.2600
Sudeste,MG,Queluzito,Mata Atlântica,1,-43.9200,-20.7000,-43.9200,-20.7000
Sudeste,MG,Raposos,Mata Atlântica,1,-43.7400,-19.9800,-43.7400,-19.9800
Sudeste,MG,Raul Soares,Mata Atlântica,2,-42.4800,-19.9800,-42.3000,-19.9800
Sudeste,MG,Resende Costa,Mata Atlântica,1,-44.2800,-20.8800,-44.2800,-20.8800
Sudeste,MG,Resplendor,Mata Atlântica,3,-41.2200,-19.2600,-41.0400,-19.0800
Sudeste,MG,Ressaquinha,Mata Atlântica,1,-43.7400,-21.0600,-43.7400,-21.0600
Sudeste,MG,Riachinho,Cerrado,4,-45.9000,-16.3800,-45.7200,-16.2000
Sudeste,MG,Riacho dos Machados,Caatinga,1,-43.0200,-15.8400,-43.0200,-15.8400
Sudeste,MG,Riacho dos Machados,Cerrado,2,-43.0200,-16.0200,-42.8400,-16.0200
Sudeste,MG,Ribeirão das Neves,Mata Atlântica,1,-44.1000,-19.8000,-44.1000,-19.8000
Sudeste,MG,Rio Casca,Mata Atlântica,1,-42.6600,-20.1600,-42.6600,-20.1600
Sudeste,MG,Rio Doce,Mata Atlântica,1,-42.8400,-20.1600,-42.8400,-20.1600
Sudeste,MG,Rio Espera,Mata Atlântica,1,-43.3800,-20.8800,-43.3800,-20.8800
Sudeste,MG,Rio Paranaíba,Cerrado,3,-46.4400,-19.2600,-46.2600,-19.0800
Sudeste,MG,Rio Pardo de Minas,Cerrado,8,-42.6600,-16.0200,-42.3000,-15.4800
Sudeste,MG,Rio Piracicaba,Mata Atlântica,1,-43.2000,-19.9800,-43.2000,-19.9800
Sudeste,MG,Rio Pomba,Mata Atlântica,1,-43.2000,-21.2400,-43.2000,-21.2400
Sudeste,MG,Rio Vermelho,Mata Atlântica,2,-43.0200,-18.3600,-43.0200,-18.1800
Sudeste,MG,Rio do Prado,Mata Atlântica,1,-40.5000,-16.7400,-40.5000,-16.7400
Sudeste,MG,Rochedo de Minas,Mata Atlântica,1,-43.0200,-21.6000,-43.0200,-21.6000
Sudeste,MG,Rodeiro,Mata Atlântica,1,-42.8400,-21.2400,-42.8400,-21.2400
Sudeste,MG,Romaria,Cerrado,1,-47.5200,-18.9000,-47.5200,-18.9000
Sudeste,MG,Rubelita,Mata Atlântica,3,-42.3000,-16.3800,-41.9400,-16.3800
Sudeste,MG,Rubim,Mata Atlântica,2,-40.5000,-16.5600,-40.5000,-16.3800
Sudeste,MG,Sabará,Mata Atlântica,1,-43.7400,-19.8000,-43.7400,-19.8000
Sudeste,MG,Sabinópolis,Mata Atlântica,3,-43.2000,-18.7200,-43.0200,-18.5400
Sudeste,MG,Sacramento,Cerrado,8,-47.5200,-20.1600,-46.9800,-19.6200
Sudeste,MG,Salinas,Mata Atlântica,6,-42.3000,-16.2000,-41.9400,-16.0200
Sudeste,MG,Salto da Divisa,Mata Atlântica,3,-40.1400,-16.2000,-39.9600,-16.0200
Sudeste,MG,Santa Bárbara,Mata Atlântica,2,-43.5600,-20.1600,-43.3800,-19.9800
Sudeste,MG,Santa Bárbara do Leste,Mata Atlântica,1,-42.1200,-19.9800,-42.1200,-19.9800
Sudeste,MG,Santa Bárbara do Monte Verde,Mata Atlântica,1,-43.7400,-21.9600,-43.7400,-21.9600
Sudeste,MG,Santa Bárbara do Tugúrio,Mata Atlântica,1,-43.5600,-21.2400,-43.5600,-21.2400
Sudeste,MG,Santa Cruz de Salinas,Mata Atlântica,1,-41.7600,-16.0200,-41.7600,-16.0200
Sudeste,MG,Santa Fé de Minas,Cerrado,8,-45.9000,-16.9200,-45.1800,-16.5600
Sudeste,MG,Santa Helena de Minas,Mata Atlântica,1,-40.6800,-16.9200,-40.6800,-16.9200
Sudeste,MG,Santa Juliana,Cerrado,1,-47.5200,-19.4400,-47.5200,-19.4400
Sudeste,MG,Santa Margarida,Mata Atlântica,1,-42.3000,-20.5200,-42.3000,-20.5200
Sudeste,MG,Santa Maria de Itabira,Mata Atlântica,1,-43.2000,-19.4400,-43.2000,-19.4400
Sudeste,MG,Santa Maria do Salto,Mata Atlântica,2,-40.1400,-16.3800,-40.1400,-16.2000
Sudeste,MG,Santa Maria do Suaçuí,Mata Atlântica,2,-42.3000,-18.3600,-42.3000,-18.1800
Sudeste,MG,Santa Rita de Caldas,Mata Atlântica,2,-46.2600,-22.1400,-46.2600,-21.9600
Sudeste,MG,Santa Rita de Ibitipoca,Mata Atlântica,1,-43.9200,-21.6000,-43.9200,-21.6000
Sudeste,MG,Santa Rita de Jacutinga,Mata Atlântica,1,-44.1000,-22.1400,-44.1000,-22.1400
Sudeste,MG,Santa Rita do Itueto,Mata Atlântica,1,-41.4000,-19.4400,-41.4000,-19.4400
Sudeste,MG,Santa Rosa da Serra,Cerrado,1,-46.0800,-19.6200,-46.0800,-19.6200
Sudeste,MG,Santa Vitória,Cerrado,5,-50.4000,-19.2600,-50.0400,-18.9000
Sudeste,MG,Santana da Vargem,Mata Atlântica,1,-45.5400,-21.2400,-45.5400,-21.2400
Sudeste,MG,Santana de Pirapama,Cerrado,3,-43.9200,-19.0800,-43.9200,-18.7200
Sudeste,MG,Santana do Deserto,Mata Atlântica,1,-43.2000,-21.9600,-43.2000,-21.9600
Sudeste,MG,Santana do Garambéu,Mata Atlântica,1,-44.1000,-21.6000,-44.1000,-21.6000
Sudeste,MG,Santana do Jacaré,Mata Atlântica,1,-45.0000,-20.8800,-45.0000,-20.8800
Sudeste,MG,Santana do Manhuaçu,Mata Atlântica,1,-41.9400,-20.1600,-41.9400,-20.1600
Sudeste,MG,Santana do Paraíso,Mata Atlântica,1,-42.4800,-19.4400,-42.4800,-19.4400
Sudeste,MG,Santana do Riacho,Cerrado,2,-43.7400,-19.2600,-43.5600,-19.0800
Sudeste,MG,Santo Antônio do Aventureiro,Mata Atlântica,1,-42.8400,-21.7800,-42.8400,-21.7800
Sudeste,MG,Santo Antônio do Grama,Mata Atlântica,1,-42.6600,-20.3400,-42.6600,-20.3400
Sudeste,MG,Santo Antônio do Itambé,Mata Atlântica,1,-43.2000,-18.5400,-43.2000,-18.5400
Sudeste,MG,Santo Antônio do Jacinto,Mata Atlântica,1,-40.3200,-16.5600,-40.3200,-16.5600
Sudeste,MG,Santo Antônio do Monte,Cerrado,1,-45.3600,-19.9800,-45.3600,-19.9800
Sudeste,MG,Santo Antônio do Monte,Mata Atlântica,2,-45.3600,-20.1600,-45.1800,-20.1600
Sudeste,MG,Santo Antônio do Retiro,Cerrado,2,-42.6600,-15.3000,-42.6600,-15.1200
Sudeste,MG,Santo Antônio do Rio Abaixo,Mata Atlântica,1,-43.2000,-19.2600,-43.2000,-19.2600
Sudeste,MG,Santo Hipólito,Cerrado,1,-44.1000,-18.5400,-44.1000,-18.5400
Sudeste,MG,Santos Dumont,Mata Atlântica,2,-43.5600,-21.4200,-43.3800,-21.4200
Sudeste,MG,Senador Modestino Gonçalves,Cerrado,3,-43.3800,-18.0000,-43.2000,-17.8200
Sudeste,MG,Senhora do Porto,Mata Atlântica,1,-43.0200,-18.9000,-43.0200,-18.9000
Sudeste,MG,Senhora dos Remédios,Mata Atlântica,1,-43.5600,-21.0600,-43.5600,-21.0600
Sudeste,MG,Sericita,Mata Atlântica,1,-42.4800,-20.5200,-42.4800,-20.5200
Sudeste,MG,Serra Azul de Minas,Mata Atlântica,1,-43.2000,-18.3600,-43.2000,-18.3600
Sudeste,MG,Serra do Salitre,Cerrado,4,-46.8000,-19.2600,-46.4400,-19.0800
Sudeste,MG,Serranos,Mata Atlântica,1,-44.6400,-21.7800,-44.6400,-21.7800
Sudeste,MG,Serranópolis de Minas,Caatinga,1,-42.8400,-15.8400,-42.8400,-15.8400
Sudeste,MG,Serro,Cerrado,2,-43.5600,-18.5400,-43.3800,-18.3600
Sudeste,MG,Serro,Mata Atlântica,1,-43.3800,-18.5400,-43.3800,-18.5400
Sudeste,MG,Sete Lagoas,Mata Atlântica,1,-44.2800,-19.4400,-44.2800,-19.4400
Sudeste,MG,Setubinha,Mata Atlântica,1,-42.1200,-17.6400,-42.1200,-17.6400
Sudeste,MG,Simonésia,Mata Atlântica,1,-41.9400,-19.9800,-41.9400,-19.9800
Sudeste,MG,Sobrália,Mata Atlântica,1,-42.1200,-19.2600,-42.1200,-19.2600
Sudeste,MG,Soledade de Minas,Mata Atlântica,1,-45.0000,-21.9600,-45.0000,-21.9600
Sudeste,MG,São Domingos do Prata,Mata Atlântica,3,-43.0200,-19.9800,-42.8400,-19.8000
Sudeste,MG,São Francisco,Caatinga,4,-45.0000,-16.0200,-44.4600,-15.8400
Sudeste,MG,São Francisco,Cerrado,5,-45.1800,-16.0200,-44.6400,-15.6600
Sudeste,MG,São Francisco de Paula,Mata Atlântica,1,-45.0000,-20.7000,-45.0000,-20.7000
Sudeste,MG,São Francisco de Sales,Cerrado,3,-50.0400,-19.8000,-49.6800,-19.8000
Sudeste,MG,São Félix de Minas,Mata Atlântica,1,-41.4000,-18.5400,-41.4000,-18.5400
Sudeste,MG,São Geraldo,Mata Atlântica,1,-42.8400,-20.8800,-42.8400,-20.8800
Sudeste,MG,São Geraldo da Piedade,Mata Atlântica,1,-42.3000,-18.9000,-42.3000,-18.9000
Sudeste,MG,São Geraldo do Baixio,Mata Atlântica,1,-41.4000,-18.9000,-41.4000,-18.9000
Sudeste,MG,São Gonçalo do Abaeté,Cerrado,7,-45.9000,-18.3600,-45.3600,-18.0000
Sudeste,MG,São Gonçalo do Pará,Cerrado,1,-44.8200,-19.9800,-44.8200,-19.9800
Sudeste,MG,São Gonçalo do Rio Abaixo,Mata Atlântica,1,-43.3800,-19.8000,-43.3800,-19.8000
Sudeste,MG,São Gonçalo do Rio Preto,Cerrado,1,-43.3800,-18.1800,-43.3800,-18.1800
Sudeste,MG,São Gonçalo do Sapucaí,Mata Atlântica,2,-45.7200,-21.9600,-45.5400,-21.9600
Sudeste,MG,São Gotardo,Cerrado,4,-46.0800,-19.4400,-45.9000,-19.2600
Sudeste,MG,São José da Safira,Mata Atlântica,1,-42.1200,-18.3600,-42.1200,-18.3600
Sudeste,MG,São José do Alegre,Mata Atlântica,1,-45.5400,-22.3200,-45.5400,-22.3200
Sudeste,MG,São José do Divino,Mata Atlântica,1,-41.4000,-18.3600,-41.4000,-18.3600
Sudeste,MG,São José do Goiabal,Mata Atlântica,1,-42.6600,-19.9800,-42.6600,-19.9800
Sudeste,MG,São José do Jacuri,Mata Atlântica,1,-42.6600,-18.1800,-42.6600,-18.1800
Sudeste,MG,São João Batista do Glória,Cerrado,1,-46.4400,-20.5200,-46.4400,-20.5200
Sudeste,MG,São João da Lagoa,Cerrado,3,-44.4600,-16.9200,-44.2800,-16.7400
Sudeste,MG,São João da Mata,Mata Atlântica,1,-45.9000,-21.9600,-45.9000,-21.9600
Sudeste,MG,São João da Ponte,Caatinga,5,-44.1000,-16.0200,-43.7400,-15.8400
Sudeste,MG,São João del Rei,Mata Atlântica,5,-44.4600,-21.4200,-44.1000,-21.0600
Sudeste,MG,São João do Manteninha,Mata Atlântica,1,-41.2200,-18.7200,-41.2200,-18.7200
Sudeste,MG,São João do Pacuí,Cerrado,2,-44.6400,-16.5600,-44.4600,-16.5600
Sudeste,MG,São João do Paraíso,Cerrado,1,-42.1200,-15.3000,-42.1200,-15.3000
Sudeste,MG,São João do Paraíso,Mata Atlântica,3,-41.9400,-15.4800,-41.7600,-15.3000
Sudeste,MG,São Lourenço,Mata Atlântica,1,-45.0000,-22.1400,-45.0000,-22.1400
Sudeste,MG,São Pedro da União,Mata Atlântica,1,-46.6200,-21.0600,-46.6200,-21.0600
Sudeste,MG,São Pedro do Suaçuí,Mata Atlântica,1,-42.6600,-18.3600,-42.6600,-18.3600
Sudeste,MG,São Pedro dos Ferros,Mata Atlântica,1,-42.4800,-20.1600,-42.4800,-20.1600
Sudeste,MG,São Romão,Cerrado,5,-45.5400,-16.5600,-45.1800,-16.2000
Sudeste,MG,São Roque de Minas,Cerrado,5,-46.8000,-20.3400,-46.2600,-20.1600
Sudeste,MG,São Sebastião da Bela Vista,Mata Atlântica,1,-45.7200,-22.1400,-45.7200,-22.1400
Sudeste,MG,São Sebastião do Maranhão,Mata Atlântica,2,-42.4800,-18.1800,-42.4800,-18.0000
Sudeste,MG,São Sebastião do Paraíso,Mata Atlântica,2,-47.1600,-20.8800,-46.9800,-20.8800
Sudeste,MG,São Tiago,Mata Atlântica,2,-44.6400,-20.8800,-44.4600,-20.8800
Sudeste,MG,São Tomé das Letras,Mata Atlântica,1,-45.0000,-21.7800,-45.0000,-21.7800
Sudeste,MG,São Vicente de Minas,Mata Atlântica,1,-44.4600,-21.6000,-44.4600,-21.6000
Sudeste,MG,Tabuleiro,Mata Atlântica,1,-43.2000,-21.4200,-43.2000,-21.4200
Sudeste,MG,Taiobeiras,Cerrado,3,-42.3000,-15.8400,-41.9400,-15.6600
Sudeste,MG,Taiobeiras,Mata Atlântica,1,-42.1200,-15.8400,-42.1200,-15.8400
Sudeste,MG,Tapira,Cerrado,5,-46.9800,-19.9800,-46.6200,-19.8000
Sudeste,MG,Tapiraí,Cerrado,1,-46.2600,-19.8000,-46.2600,-19.8000
Sudeste,MG,Taquaraçu de Minas,Cerrado,1,-43.7400,-19.6200,-43.7400,-19.6200
Sudeste,MG,Tarumirim,Mata Atlântica,2,-41.9400,-19.2600,-41.7600,-19.2600
Sudeste,MG,Teófilo Otoni,Mata Atlântica,9,-41.5800,-18.0000,-41.2200,-17.4600
Sudeste,MG,Tiros,Cerrado,5,-45.9000,-19.0800,-45.7200,-18.5400
Sudeste,MG,Toledo,Mata Atlântica,1,-46.4400,-22.6800,-46.4400,-22.6800
Sudeste,MG,Tombos,Mata Atlântica,1,-42.1200,-20.8800,-42.1200,-20.8800
Sudeste,MG,Três Corações,Mata Atlântica,2,-45.1800,-21.7800,-45.1800,-21.6000
Sudeste,MG,Três Marias,Cerrado,7,-45.1800,-18.5400,-44.8200,-18.0000
Sudeste,MG,Três Pontas,Mata Atlântica,2,-45.5400,-21.4200,-45.3600,-21.4200
Sudeste,MG,Tumiritinga,Mata Atlântica,2,-41.7600,-19.0800,-41.5800,-18.9000
Sudeste,MG,Tupaciguara,Cerrado,3,-48.9600,-18.7200,-48.6000,-18.5400
Sudeste,MG,Tupaciguara,Mata Atlântica,1,-48.6000,-18.5400,-48.6000,-18.5400
Sudeste,MG,Turmalina,Cerrado,3,-43.0200,-17.2800,-42.8400,-17.1000
Sudeste,MG,Ubaporanga,Mata Atlântica,1,-42.1200,-19.6200,-42.1200,-19.6200
Sudeste,MG,Ubaí,Cerrado,2,-45.0000,-16.3800,-44.8200,-16.3800
Sudeste,MG,Uberaba,Cerrado,13,-48.2400,-19.8000,-47.7000,-19.2600
Sudeste,MG,Uberlândia,Cerrado,8,-48.6000,-19.2600,-48.0600,-18.7200
Sudeste,MG,Ubá,Mata Atlântica,1,-43.0200,-21.0600,-43.0200,-21.0600
Sudeste,MG,Umburatiba,Mata Atlântica,1,-40.6800,-17.2800,-40.6800,-17.2800
Sudeste,MG,Unaí,Cerrado,20,-47.3400,-16.7400,-46.4400,-15.8400
Sudeste,MG,União de Minas,Cerrado,3,-50.4000,-19.4400,-50.2200,-19.2600
Sudeste,MG,Uruana de Minas,Cerrado,1,-46.2600,-16.0200,-46.2600,-16.0200
Sudeste,MG,Urucuia,Cerrado,4,-45.7200,-16.2000,-45.5400,-15.8400
Sudeste,MG,Vargem Alegre,Mata Atlântica,1,-42.3000,-19.6200,-42.3000,-19.6200
Sudeste,MG,Vargem Bonita,Cerrado,2,-46.2600,-20.5200,-46.2600,-20.3400
Sudeste,MG,Vargem Grande do Rio Pardo,Cerrado,1,-42.3000,-15.3000,-42.3000,-15.3000
Sudeste,MG,Varginha,Mata Atlântica,1,-45.3600,-21.6000,-45.3600,-21.6000
Sudeste,MG,Varjão de Minas,Cerrado,1,-45.9000,-18.5400,-45.9000,-18.5400
Sudeste,MG,Varzelândia,Caatinga,1,-43.9200,-15.6600,-43.9200,-15.6600
Sudeste,MG,Vazante,Cerrado,6,-47.1600,-18.1800,-46.6200,-17.6400
Sudeste,MG,Verdelândia,Caatinga,5,-43.7400,-15.6600,-43.3800,-15.4800
Sudeste,MG,Veredinha,Cerrado,2,-42.8400,-17.4600,-42.6600,-17.4600
Sudeste,MG,Veríssimo,Cerrado,2,-48.4200,-19.6200,-48.2400,-19.6200
Sudeste,MG,Virgem da Lapa,Cerrado,2,-42.4800,-16.7400,-42.3000,-16.7400
Sudeste,MG,Virgem da Lapa,Mata Atlântica,1,-42.3000,-16.5600,-42.3000,-16.5600
Sudeste,MG,Virginópolis,Mata Atlântica,2,-42.6600,-18.9000,-42.6600,-18.7200
Sudeste,MG,Virgínia,Mata Atlântica,1,-45.1800,-22.3200,-45.1800,-22.3200
Sudeste,MG,Visconde do Rio Branco,Mata Atlântica,1,-42.8400,-21.0600,-42.8400,-21.0600
Sudeste,MG,Viçosa,Mata Atlântica,1,-42.8400,-20.7000,-42.8400,-20.7000
Sudeste,MG,Volta Grande,Mata Atlântica,1,-42.4800,-21.7800,-42.4800,-21.7800
Sudeste,MG,Várzea da Palma,Cerrado,5,-45.0000,-17.6400,-44.4600,-17.4600
Sudeste,MG,Wenceslau Braz,Mata Atlântica,1,-45.3600,-22.5000,-45.3600,-22.5000
Sudeste,MG,Água Boa,Mata Atlântica,3,-42.3000,-18.1800,-42.1200,-17.8200
Sudeste,MG,Água Comprida,Cerrado,1,-48.0600,-19.9800,-48.0600,-19.9800
Sudeste,MG,Águas Formosas,Mata Atlântica,2,-41.0400,-17.1000,-40.8600,-17.1000
Sudeste,MG,Águas Vermelhas,Mata Atlântica,2,-41.5800,-15.8400,-41.5800,-15.6600
Sudeste,RJ,Angra dos Reis,Mata Atlântica,5,-44.5500,-23.1300,-44.2800,-22.8600
Sudeste,RJ,Araruama,Mata Atlântica,3,-42.4350,-22.8150,-42.2100,-22.5900
Sudeste,RJ,Armação dos Búzios,Mata Atlântica,1,-41.9625,-22.8150,-41.9625,-22.8150
Sudeste,RJ,Arraial do Cabo,Mata Atlântica,5,-42.2550,-22.9950,-41.9850,-22.9275
Sudeste,RJ,Barra Mansa,Mata Atlântica,3,-44.2800,-22.5900,-44.1000,-22.5000
Sudeste,RJ,Barra do Piraí,Mata Atlântica,2,-44.0550,-22.5000,-43.9200,-22.3650
Sudeste,RJ,Bom Jardim,Mata Atlântica,3,-42.4800,-22.1850,-42.3000,-22.1400
Sudeste,RJ,Bom Jesus do Itabapoana,Mata Atlântica,4,-41.7600,-21.2400,-41.5800,-20.9700
Sudeste,RJ,Cabo Frio,Mata Atlântica,7,-42.0750,-22.9275,-41.9850,-22.5900
Sudeste,RJ,Cachoeiras de Macacu,Mata Atlântica,4,-42.8400,-22.6800,-42.6600,-22.4100
Sudeste,RJ,Cambuci,Mata Atlântica,4,-42.0300,-21.5100,-41.7600,-21.4200
Sudeste,RJ,Campos dos Goytacazes,Mata Atlântica,13,-41.6700,-22.0500,-41.0400,-21.3300
Sudeste,RJ,Cantagalo,Mata Atlântica,3,-42.3000,-21.9600,-42.3000,-21.7800
Sudeste,RJ,Carapebus,Mata Atlântica,4,-41.6475,-22.2525,-41.5800,-22.1400
Sudeste,RJ,Cardoso Moreira,Mata Atlântica,1,-41.4000,-21.5100,-41.4000,-21.5100
Sudeste,RJ,Carmo,Mata Atlântica,2,-42.6600,-21.9600,-42.5700,-21.9150
Sudeste,RJ,Casimiro de Abreu,Mata Atlântica,4,-42.2550,-22.5788,-42.0075,-22.5000
Sudeste,RJ,Conceição de Macabu,Mata Atlântica,1,-41.7600,-22.1400,-41.7600,-22.1400
Sudeste,RJ,Duas Barras,Mata Atlântica,2,-42.4800,-22.0500,-42.4350,-21.9600
Sudeste,RJ,Duque de Caxias,Mata Atlântica,1,-43.2900,-22.5000,-43.2900,-22.5000
Sudeste,RJ,Guapimirim,Mata Atlântica,2,-43.0200,-22.6800,-43.0200,-22.5000
Sudeste,RJ,Iguaba Grande,Mata Atlântica,1,-42.2100,-22.8150,-42.2100,-22.8150
Sudeste,RJ,Itaboraí,Mata Atlântica,3,-43.0088,-22.8600,-42.8400,-22.6800
Sudeste,RJ,Itaguaí,Mata Atlântica,3,-43.9200,-22.8600,-43.7400,-22.8600
Sudeste,RJ,Italva,Mata Atlântica,1,-41.5800,-21.4200,-41.5800,-21.4200
Sudeste,RJ,Itaocara,Mata Atlântica,2,-42.1200,-21.7800,-41.9400,-21.6000
Sudeste,RJ,Itaperuna,Mata Atlântica,3,-42.0750,-21.3300,-41.7600,-21.2400
Sudeste,RJ,Itatiaia,Mata Atlântica,2,-44.6400,-22.4550,-44.5500,-22.4100
Sudeste,RJ,Japeri,Mata Atlântica,1,-43.5600,-22.6800,-43.5600,-22.6800
Sudeste,RJ,Laje do Muriaé,Mata Atlântica,1,-42.1200,-21.2400,-42.1200,-21.2400
Sudeste,RJ,Macaé,Mata Atlântica,3,-42.2100,-22.3200,-41.7600,-22.3200
Sudeste,RJ,Macuco,Mata Atlântica,1,-42.3000,-22.0500,-42.3000,-22.0500
Sudeste,RJ,Magé,Mata Atlântica,2,-43.2000,-22.6800,-43.1100,-22.5900
Sudeste,RJ,Maricá,Mata Atlântica,2,-42.7500,-22.8600,-42.6600,-22.8600
Sudeste,RJ,Mendes,Mata Atlântica,1,-43.7400,-22.5000,-43.7400,-22.5000
Sudeste,RJ,Miguel Pereira,Mata Atlântica,1,-43.3800,-22.5000,-43.3800,-22.5000
Sudeste,RJ,Miracema,Mata Atlântica,2,-42.2100,-21.4200,-42.1200,-21.3300
Sudeste,RJ,Natividade,Mata Atlântica,1,-41.9400,-21.0600,-41.9400,-21.0600
Sudeste,RJ,Niterói,Mata Atlântica,1,-43.0200,-22.9500,-43.0200,-22.9500
Sudeste,RJ,Nova Friburgo,Mata Atlântica,3,-42.6600,-22.4100,-42.3900,-22.3200
Sudeste,RJ,Nova Iguaçu,Mata Atlântica,3,-43.5600,-22.8150,-43.3800,-22.5900
Sudeste,RJ,Paracambi,Mata Atlântica,2,-43.7400,-22.5900,-43.6500,-22.5900
Sudeste,RJ,Paraty,Mata Atlântica,7,-44.8200,-23.3550,-44.6400,-22.9500
Sudeste,RJ,Paraíba do Sul,Mata Atlântica,2,-43.3800,-22.3200,-43.2900,-22.1400
Sudeste,RJ,Paty do Alferes,Mata Atlântica,1,-43.3800,-22.3200,-43.3800,-22.3200
Sudeste,RJ,Petrópolis,Mata Atlântica,4,-43.2900,-22.5000,-43.1100,-22.3200
Sudeste,RJ,Piraí,Mata Atlântica,4,-43.9200,-22.7700,-43.8300,-22.5450
Sudeste,RJ,Porciúncula,Mata Atlântica,1,-41.9400,-20.8800,-41.9400,-20.8800
Sudeste,RJ,Quatis,Mata Atlântica,1,-44.2800,-22.4550,-44.2800,-22.4550
Sudeste,RJ,Quissamã,Mata Atlântica,4,-41.5350,-22.1850,-41.3325,-22.1400
Sudeste,RJ,Resende,Mata Atlântica,6,-44.6400,-22.5000,-44.2800,-22.3200
Sudeste,RJ,Rio Bonito,Mata Atlântica,2,-42.6600,-22.7700,-42.4800,-22.6800
Sudeste,RJ,Rio Claro,Mata Atlântica,5,-44.1900,-22.8600,-44.0100,-22.6800
Sudeste,RJ,Rio das Flores,Mata Atlântica,3,-43.6050,-22.1850,-43.4700,-22.1400
Sudeste,RJ,Rio das Ostras,Mata Atlântica,4,-42.0300,-22.5000,-41.8725,-22.4100
Sudeste,RJ,Rio de Janeiro,Mata Atlântica,6,-43.7738,-23.0400,-43.3800,-22.8600
Sudeste,RJ,Santa Maria Madalena,Mata Atlântica,3,-42.0300,-21.9600,-41.7600,-21.9600
Sudeste,RJ,Santo Antônio de Pádua,Mata Atlântica,3,-42.3000,-21.6000,-42.1200,-21.4650
Sudeste,RJ,Sapucaia,Mata Atlântica,4,-42.8400,-22.1400,-42.7500,-21.9600
Sudeste,RJ,Saquarema,Mata Atlântica,3,-42.4800,-22.9275,-42.4350,-22.8600
Sudeste,RJ,Seropédica,Mata Atlântica,1,-43.7400,-22.6800,-43.7400,-22.6800
Sudeste,RJ,Silva Jardim,Mata Atlântica,5,-42.5700,-22.6800,-42.2550,-22.5000
Sudeste,RJ,Sumidouro,Mata Atlântica,1,-42.6600,-22.1400,-42.6600,-22.1400
Sudeste,RJ,São Fidélis,Mata Atlântica,5,-41.9400,-21.7800,-41.5800,-21.6000
Sudeste,RJ,São Francisco de Itabapoana,Mata Atlântica,9,-41.2200,-21.6000,-40.9612,-21.2400
Sudeste,RJ,São José de Ubá,Mata Atlântica,1,-41.9400,-21.4200,-41.9400,-21.4200
Sudeste,RJ,São José do Vale do Rio Preto,Mata Atlântica,1,-42.9300,-22.1400,-42.9300,-22.1400
Sudeste,RJ,São João da Barra,Mata Atlântica,2,-41.0400,-21.7800,-41.0400,-21.7575
Sudeste,RJ,São Pedro da Aldeia,Mata Atlântica,11,-42.1875,-22.8375,-42.0750,-22.6800
Sudeste,RJ,São Sebastião do Alto,Mata Atlântica,1,-42.1200,-21.9600,-42.1200,-21.9600
Sudeste,RJ,Teresópolis,Mata Atlântica,4,-43.0200,-22.3200,-42.7500,-22.2300
Sudeste,RJ,Trajano de Moraes,Mata Atlântica,2,-42.1200,-22.1400,-42.1200,-22.0500
Sudeste,RJ,Três Rios,Mata Atlântica,3,-43.2000,-22.1400,-42.9750,-22.0950
Sudeste,RJ,Valença,Mata Atlântica,7,-44.1000,-22.3200,-43.7400,-22.1400
Sudeste,RJ,Varre-Sai,Mata Atlântica,2,-41.8950,-20.8800,-41.7600,-20.8800
Sudeste,RJ,Vassouras,Mata Atlântica,3,-43.6050,-22.5000,-43.5600,-22.3200
Sudeste,RJ,Volta Redonda,Mata Atlântica,2,-44.1000,-22.5000,-44.0100,-22.4100
Sudeste,SP,Adolfo,Mata Atlântica,1,-49.6800,-21.2400,-49.6800,-21.2400
Sudeste,SP,Agudos,Cerrado,2,-49.3200,-22.6800,-48.9600,-22.5000
Sudeste,SP,Alambari,Mata Atlântica,1,-47.8800,-23.5800,-47.8800,-23.5800
Sudeste,SP,Altair,Mata Atlântica,1,-49.1400,-20.5200,-49.1400,-20.5200
Sudeste,SP,Altinópolis,Cerrado,3,-47.5200,-21.0600,-47.3400,-20.8800
Sudeste,SP,Alto Alegre,Mata Atlântica,1,-50.2200,-21.6000,-50.2200,-21.6000
Sudeste,SP,Amparo,Mata Atlântica,1,-46.8000,-22.6800,-46.8000,-22.6800
Sudeste,SP,Analândia,Cerrado,1,-47.7000,-22.1400,-47.7000,-22.1400
Sudeste,SP,Andradina,Mata Atlântica,2,-51.3000,-20.8800,-51.3000,-20.7000
Sudeste,SP,Angatuba,Cerrado,3,-48.6000,-23.5800,-48.4200,-23.4000
Sudeste,SP,Anhembi,Mata Atlântica,2,-48.2400,-22.8600,-48.2400,-22.6800
Sudeste,SP,Aparecida d'Oeste,Mata Atlântica,1,-50.9400,-20.5200,-50.9400,-20.5200
Sudeste,SP,Apiaí,Mata Atlântica,1,-48.7800,-24.4800,-48.7800,-24.4800
Sudeste,SP,Aramina,Cerrado,1,-47.8800,-20.1600,-47.8800,-20.1600
Sudeste,SP,Arapeí,Mata Atlântica,1,-44.4600,-22.6800,-44.4600,-22.6800
Sudeste,SP,Araraquara,Cerrado,2,-48.2400,-21.7800,-48.0600,-21.6000
Sudeste,SP,Araras,Mata Atlântica,1,-47.3400,-22.3200,-47.3400,-22.3200
Sudeste,SP,Araçatuba,Mata Atlântica,4,-50.5800,-21.4200,-50.4000,-21.0600
Sudeste,SP,Araçoiaba da Serra,Mata Atlântica,1,-47.7000,-23.5800,-47.7000,-23.5800
Sudeste,SP,Arco-Íris,Mata Atlântica,1,-50.4000,-21.7800,-50.4000,-21.7800
Sudeste,SP,Arealva,Cerrado,1,-48.9600,-22.1400,-48.9600,-22.1400
Sudeste,SP,Assis,Cerrado,1,-50.4000,-22.5000,-50.4000,-22.5000
Sudeste,SP,Assis,Mata Atlântica,1,-50.4000,-22.6800,-50.4000,-22.6800
Sudeste,SP,Atibaia,Mata Atlântica,3,-46.6200,-23.2200,-46.4400,-23.0400
Sudeste,SP,Auriflama,Mata Atlântica,2,-50.5800,-20.7000,-50.5800,-20.5200
Sudeste,SP,Avaré,Cerrado,3,-48.9600,-23.0400,-48.7800,-22.8600
Sudeste,SP,Avaré,Mata Atlântica,2,-48.9600,-23.2200,-48.7800,-23.2200
Sudeste,SP,Avaí,Mata Atlântica,2,-49.3200,-22.3200,-49.3200,-22.1400
Sudeste,SP,Bananal,Mata Atlântica,3,-44.4600,-22.8600,-44.2800,-22.6800
Sudeste,SP,Barra Bonita,Mata Atlântica,1,-48.6000,-22.5000,-48.6000,-22.5000
Sudeste,SP,Barra do Chapéu,Mata Atlântica,2,-49.1400,-24.4800,-48.9600,-24.4800
Sudeste,SP,Barra do Turvo,Mata Atlântica,2,-48.4200,-24.8400,-48.4200,-24.6600
Sudeste,SP,Barretos,Cerrado,3,-48.6000,-20.5200,-48.4200,-20.3400
Sudeste,SP,Barretos,Mata Atlântica,2,-48.7800,-20.7000,-48.7800,-20.5200
Sudeste,SP,Barrinha,Cerrado,1,-48.0600,-21.2400,-48.0600,-21.2400
Sudeste,SP,Bastos,Mata Atlântica,1,-50.7600,-21.9600,-50.7600,-21.9600
Sudeste,SP,Batatais,Cerrado,2,-47.7000,-20.8800,-47.5200,-20.8800
Sudeste,SP,Bauru,Cerrado,1,-49.1400,-22.1400,-49.1400,-22.1400
Sudeste,SP,Bauru,Mata Atlântica,1,-49.1400,-22.3200,-49.1400,-22.3200
Sudeste,SP,Bebedouro,Cerrado,1,-48.4200,-20.8800,-48.4200,-20.8800
Sudeste,SP,Bento de Abreu,Mata Atlântica,1,-50.9400,-21.4200,-50.9400,-21.4200
Sudeste,SP,Bernardino de Campos,Mata Atlântica,1,-49.5000,-23.0400,-49.5000,-23.0400
Sudeste,SP,Bertioga,Mata Atlântica,2,-46.0800,-23.7600,-45.9000,-23.7600
Sudeste,SP,Birigui,Mata Atlântica,1,-50.4000,-21.4200,-50.4000,-21.4200
Sudeste,SP,Biritiba Mirim,Mata Atlântica,1,-46.0800,-23.5800,-46.0800,-23.5800
Sudeste,SP,Boa Esperança do Sul,Cerrado,2,-48.6000,-21.9600,-48.4200,-21.9600
Sudeste,SP,Bocaina,Cerrado,2,-48.6000,-22.1400,-48.4200,-22.1400
Sudeste,SP,Bofete,Cerrado,2,-48.4200,-23.2200,-48.2400,-23.0400
Sudeste,SP,Boituva,Mata Atlântica,1,-47.7000,-23.2200,-47.7000,-23.2200
Sudeste,SP,Bom Jesus dos Perdões,Mata Atlântica,2,-46.5300,-23.2200,-46.4850,-23.1300
Sudeste,SP,Bom Sucesso de Itararé,Mata Atlântica,1,-49.1400,-24.3000,-49.1400,-24.3000
Sudeste,SP,Boracéia,Mata Atlântica,1,-48.7800,-22.1400,-48.7800,-22.1400
Sudeste,SP,Borborema,Mata Atlântica,1,-49.1400,-21.6000,-49.1400,-21.6000
Sudeste,SP,Borebi,Cerrado,1,-48.9600,-22.6800,-48.9600,-22.6800
Sudeste,SP,Botucatu,Cerrado,3,-48.7800,-22.8600,-48.4200,-22.8600
Sudeste,SP,Bragança Paulista,Mata Atlântica,1,-46.6200,-22.8600,-46.6200,-22.8600
Sudeste,SP,Braúna,Mata Atlântica,1,-50.4000,-21.6000,-50.4000,-21.6000
Sudeste,SP,Brejo Alegre,Mata Atlântica,1,-50.2200,-21.2400,-50.2200,-21.2400
Sudeste,SP,Brotas,Cerrado,2,-48.2400,-22.3200,-48.0600,-22.3200
Sudeste,SP,Buri,Mata Atlântica,2,-48.6000,-23.7600,-48.4200,-23.7600
Sudeste,SP,Buritama,Mata Atlântica,1,-50.2200,-21.0600,-50.2200,-21.0600
Sudeste,SP,Buritizal,Cerrado,1,-47.7000,-20.1600,-47.7000,-20.1600
Sudeste,SP,Bálsamo,Mata Atlântica,1,-49.5000,-20.7000,-49.5000,-20.7000
Sudeste,SP,Cabrália Paulista,Cerrado,1,-49.3200,-22.5000,-49.3200,-22.5000
Sudeste,SP,Cachoeira Paulista,Mata Atlântica,1,-45.0000,-22.6800,-45.0000,-22.6800
Sudeste,SP,Caconde,Mata Atlântica,1,-46.6200,-21.6000,-46.6200,-21.6000
Sudeste,SP,Cafelândia,Mata Atlântica,3,-49.6800,-21.7800,-49.3200,-21.6000
Sudeste,SP,Cajati,Mata Atlântica,1,-48.2400,-24.8400,-48.2400,-24.8400
Sudeste,SP,Cajobi,Mata Atlântica,1,-48.7800,-20.8800,-48.7800,-20.8800
Sudeste,SP,Cajuru,Cerrado,1,-47.3400,-21.2400,-47.3400,-21.2400
Sudeste,SP,Campina do Monte Alegre,Cerrado,1,-48.4200,-23.5800,-48.4200,-23.5800
Sudeste,SP,Campinas,Mata Atlântica,1,-46.9800,-22.8600,-46.9800,-22.8600
Sudeste,SP,Campo Limpo Paulista,Mata Atlântica,1,-46.8000,-23.2200,-46.8000,-23.2200
Sudeste,SP,Campos Novos Paulista,Cerrado,2,-50.0400,-22.6800,-50.0400,-22.5000
Sudeste,SP,Campos do Jordão,Mata Atlântica,2,-45.5400,-22.6800,-45.4500,-22.6800
Sudeste,SP,Cananéia,Mata Atlântica,6,-48.0600,-25.2000,-47.8800,-24.8400
Sudeste,SP,Capela do Alto,Mata Atlântica,1,-47.7000,-23.4000,-47.7000,-23.4000
Sudeste,SP,Capivari,Mata Atlântica,1,-47.5200,-23.0400,-47.5200,-23.0400
Sudeste,SP,Capão Bonito,Mata Atlântica,6,-48.4200,-24.2100,-48.0600,-23.9400
Sudeste,SP,Caraguatatuba,Mata Atlântica,1,-45.3600,-23.5800,-45.3600,-23.5800
Sudeste,SP,Cardoso,Mata Atlântica,2,-50.0400,-20.1600,-49.8600,-19.9800
Sudeste,SP,Casa Branca,Cerrado,3,-47.1600,-21.9600,-46.9800,-21.7800
Sudeste,SP,Castilho,Mata Atlântica,3,-51.6600,-21.0600,-51.4800,-20.7000
Sudeste,SP,Catanduva,Mata Atlântica,1,-48.9600,-21.0600,-48.9600,-21.0600
Sudeste,SP,Caçapava,Mata Atlântica,2,-45.7200,-23.2200,-45.7200,-23.0400
Sudeste,SP,Cerqueira César,Cerrado,1,-49.1400,-23.0400,-49.1400,-23.0400
Sudeste,SP,Cesário Lange,Mata Atlântica,1,-47.8800,-23.2200,-47.8800,-23.2200
Sudeste,SP,Charqueada,Cerrado,1,-47.7000,-22.5000,-47.7000,-22.5000
Sudeste,SP,Chavantes,Mata Atlântica,1,-49.6800,-23.0400,-49.6800,-23.0400
Sudeste,SP,Colina,Cerrado,1,-48.6000,-20.7000,-48.6000,-20.7000
Sudeste,SP,Colômbia,Cerrado,1,-48.7800,-20.3400,-48.7800,-20.3400
Sudeste,SP,Conchal,Cerrado,1,-47.1600,-22.3200,-47.1600,-22.3200
Sudeste,SP,Conchas,Cerrado,1,-48.0600,-22.8600,-48.0600,-22.8600
Sudeste,SP,Conchas,Mata Atlântica,1,-48.0600,-23.0400,-48.0600,-23.0400
Sudeste,SP,Coronel Macedo,Mata Atlântica,1,-49.3200,-23.5800,-49.3200,-23.5800
Sudeste,SP,Cosmorama,Mata Atlântica,2,-49.8600,-20.5200,-49.6800,-20.3400
Sudeste,SP,Cosmópolis,Mata Atlântica,1,-47.1600,-22.6800,-47.1600,-22.6800
Sudeste,SP,Cotia,Mata Atlântica,1,-46.9800,-23.7600,-46.9800,-23.7600
Sudeste,SP,Cravinhos,Cerrado,1,-47.7000,-21.2400,-47.7000,-21.2400
Sudeste,SP,Cristais Paulista,Cerrado,1,-47.3400,-20.3400,-47.3400,-20.3400
Sudeste,SP,Cruzeiro,Mata Atlântica,1,-45.0000,-22.5000,-45.0000,-22.5000
Sudeste,SP,Cruzália,Mata Atlântica,1,-50.7600,-22.6800,-50.7600,-22.6800
Sudeste,SP,Cunha,Mata Atlântica,3,-45.0000,-23.2200,-44.8200,-23.0400
Sudeste,SP,Cássia dos Coqueiros,Cerrado,1,-47.1600,-21.2400,-47.1600,-21.2400
Sudeste,SP,Cândido Mota,Mata Atlântica,1,-50.4000,-22.8600,-50.4000,-22.8600
Sudeste,SP,Descalvado,Cerrado,2,-47.7000,-21.9600,-47.7000,-21.7800
Sudeste,SP,Dois Córregos,Cerrado,1,-48.4200,-22.3200,-48.4200,-22.3200
Sudeste,SP,Dracena,Mata Atlântica,1,-51.6600,-21.6000,-51.6600,-21.6000
Sudeste,SP,Echaporã,Cerrado,1,-50.2200,-22.5000,-50.2200,-22.5000
Sudeste,SP,Eldorado,Mata Atlântica,4,-48.2400,-24.6600,-48.0600,-24.3000
Sudeste,SP,Elias Fausto,Mata Atlântica,1,-47.3400,-23.0400,-47.3400,-23.0400
Sudeste,SP,Emilianópolis,Mata Atlântica,1,-51.4800,-21.7800,-51.4800,-21.7800
Sudeste,SP,Engenheiro Coelho,Mata Atlântica,1,-47.1600,-22.5000,-47.1600,-22.5000
Sudeste,SP,Espírito Santo do Pinhal,Mata Atlântica,1,-46.8000,-22.1400,-46.8000,-22.1400
Sudeste,SP,Espírito Santo do Turvo,Cerrado,1,-49.5000,-22.6800,-49.5000,-22.6800
Sudeste,SP,Estrela d'Oeste,Mata Atlântica,2,-50.4000,-20.3400,-50.4000,-20.1600
Sudeste,SP,Estrela do Norte,Mata Atlântica,1,-51.6600,-22.5000,-51.6600,-22.5000
Sudeste,SP,Euclides da Cunha Paulista,Mata Atlântica,1,-52.5600,-22.5000,-52.5600,-22.5000
Sudeste,SP,Fartura,Mata Atlântica,1,-49.5000,-23.4000,-49.5000,-23.4000
Sudeste,SP,Fernandópolis,Mata Atlântica,1,-50.2200,-20.3400,-50.2200,-20.3400
Sudeste,SP,Fernão,Mata Atlântica,1,-49.5000,-22.3200,-49.5000,-22.3200
Sudeste,SP,Florínea,Mata Atlântica,1,-50.5800,-22.8600,-50.5800,-22.8600
Sudeste,SP,Flórida Paulista,Mata Atlântica,2,-51.1200,-21.6000,-51.1200,-21.4200
Sudeste,SP,Franca,Cerrado,2,-47.3400,-20.5200,-47.1600,-20.5200
Sudeste,SP,Franco da Rocha,Mata Atlântica,1,-46.7100,-23.3550,-46.7100,-23.3550
Sudeste,SP,Garça,Mata Atlântica,2,-49.6800,-22.3200,-49.6800,-22.1400
Sudeste,SP,Gavião Peixoto,Cerrado,1,-48.4200,-21.7800,-48.4200,-21.7800
Sudeste,SP,General Salgado,Mata Atlântica,1,-50.4000,-20.7000,-50.4000,-20.7000
Sudeste,SP,Getulina,Mata Atlântica,2,-50.0400,-21.7800,-49.8600,-21.7800
Sudeste,SP,Glicério,Mata Atlântica,1,-50.2200,-21.4200,-50.2200,-21.4200
Sudeste,SP,Guapiara,Mata Atlântica,2,-48.6000,-24.3000,-48.6000,-24.1200
Sudeste,SP,Guapiaçu,Mata Atlântica,1,-49.1400,-20.7000,-49.1400,-20.7000
Sudeste,SP,Guaraci,Cerrado,1,-48.9600,-20.5200,-48.9600,-20.5200
Sudeste,SP,Guarantã,Mata Atlântica,1,-49.6800,-21.9600,-49.6800,-21.9600
Sudeste,SP,Guararapes,Mata Atlântica,3,-50.7600,-21.4200,-50.5800,-21.0600
Sudeste,SP,Guararema,Mata Atlântica,1,-46.0800,-23.4000,-46.0800,-23.4000
Sudeste,SP,Guaratinguetá,Mata Atlântica,2,-45.3600,-22.8600,-45.1800,-22.6800
Sudeste,SP,Guaraçaí,Mata Atlântica,1,-51.3000,-21.0600,-51.3000,-21.0600
Sudeste,SP,Guareí,Mata Atlântica,2,-48.2400,-23.4000,-48.0600,-23.4000
Sudeste,SP,Guariba,Cerrado,1,-48.2400,-21.4200,-48.2400,-21.4200
Sudeste,SP,Guarujá,Mata Atlântica,1,-46.2600,-23.9400,-46.2600,-23.9400
Sudeste,SP,Guarulhos,Mata Atlântica,2,-46.5300,-23.4000,-46.4400,-23.4000
Sudeste,SP,Guará,Cerrado,1,-47.7000,-20.5200,-47.7000,-20.5200
Sudeste,SP,Guatapará,Cerrado,1,-48.0600,-21.4200,-48.0600,-21.4200
Sudeste,SP,Guaíra,Cerrado,4,-48.6000,-20.3400,-48.2400,-20.1600
Sudeste,SP,Gália,Mata Atlântica,1,-49.6994,-22.4103,-49.6994,-22.4103
Sudeste,SP,Herculândia,Mata Atlântica,1,-50.4000,-21.9600,-50.4000,-21.9600
Sudeste,SP,Hortolândia,Mata Atlântica,1,-47.1600,-22.8600,-47.1600,-22.8600
Sudeste,SP,Iacanga,Cerrado,1,-48.9600,-21.9600,-48.9600,-21.9600
Sudeste,SP,Iacri,Mata Atlântica,1,-50.5800,-21.7800,-50.5800,-21.7800
Sudeste,SP,Iaras,Cerrado,2,-49.1400,-22.8600,-49.1400,-22.6800
Sudeste,SP,Ibaté,Cerrado,1,-48.0600,-21.9600,-48.0600,-21.9600
Sudeste,SP,Ibirarema,Mata Atlântica,1,-50.0400,-22.8600,-50.0400,-22.8600
Sudeste,SP,Ibitinga,Mata Atlântica,1,-48.7800,-21.7800,-48.7800,-21.7800
Sudeste,SP,Ibiúna,Mata Atlântica,2,-47.3400,-23.9400,-47.1600,-23.7600
Sudeste,SP,Icém,Cerrado,1,-49.1400,-20.3400,-49.1400,-20.3400
Sudeste,SP,Iepê,Mata Atlântica,1,-51.1200,-22.6800,-51.1200,-22.6800
Sudeste,SP,Igaratá,Mata Atlântica,1,-46.0800,-23.0400,-46.0800,-23.0400
Sudeste,SP,Iguape,Mata Atlântica,5,-47.7000,-24.6600,-47.1600,-24.4800
Sudeste,SP,Ilha Comprida,Mata Atlântica,2,-47.8800,-25.0200,-47.7000,-24.8400
Sudeste,SP,Ilha Solteira,Mata Atlântica,3,-51.3000,-20.5200,-51.1200,-20.3400
Sudeste,SP,Ilhabela,Mata Atlântica,2,-45.3600,-23.8500,-45.1350,-23.8050
Sudeste,SP,Indaiatuba,Mata Atlântica,1,-47.1600,-23.0400,-47.1600,-23.0400
Sudeste,SP,Indiana,Mata Atlântica,1,-51.3000,-22.1400,-51.3000,-22.1400
Sudeste,SP,Indiaporã,Mata Atlântica,1,-50.2200,-19.9800,-50.2200,-19.9800
Sudeste,SP,Inúbia Paulista,Mata Atlântica,1,-50.9400,-21.7800,-50.9400,-21.7800
Sudeste,SP,Iporanga,Mata Atlântica,4,-48.6000,-24.6600,-48.4200,-24.3000
Sudeste,SP,Iracemápolis,Mata Atlântica,1,-47.5200,-22.6800,-47.5200,-22.6800
Sudeste,SP,Irapuã,Mata Atlântica,1,-49.5000,-21.2400,-49.5000,-21.2400
Sudeste,SP,Itaberá,Cerrado,1,-49.1400,-23.7600,-49.1400,-23.7600
Sudeste,SP,Itaberá,Mata Atlântica,2,-49.3200,-23.9400,-49.1400,-23.7600
Sudeste,SP,Itajobi,Mata Atlântica,1,-48.9600,-21.4200,-48.9600,-21.4200
Sudeste,SP,Itaju,Mata Atlântica,1,-48.7800,-21.9600,-48.7800,-21.9600
Sudeste,SP,Itanhaém,Mata Atlântica,2,-46.8000,-24.1200,-46.8000,-23.9400
Sudeste,SP,Itaoca,Mata Atlântica,1,-48.7800,-24.6600,-48.7800,-24.6600
Sudeste,SP,Itapecerica da Serra,Mata Atlântica,1,-46.8000,-23.7600,-46.8000,-23.7600
Sudeste,SP,Itapetininga,Cerrado,2,-48.2400,-23.5800,-48.0600,-23.5800
Sudeste,SP,Itapetininga,Mata Atlântica,2,-48.2400,-23.7600,-47.8800,-23.7600
Sudeste,SP,Itapeva,Cerrado,4,-49.1400,-24.1200,-48.7800,-23.7600
Sudeste,SP,Itapeva,Mata Atlântica,2,-48.9600,-23.9400,-48.7800,-23.7600
Sudeste,SP,Itapevi,Mata Atlântica,1,-46.9800,-23.5800,-46.9800,-23.5800
Sudeste,SP,Itapira,Mata Atlântica,2,-46.8000,-22.5000,-46.8000,-22.3200
Sudeste,SP,Itaporanga,Mata Atlântica,2,-49.5000,-23.7600,-49.5000,-23.5800
Sudeste,SP,Itararé,Cerrado,1,-49.3200,-24.1200,-49.3200,-24.1200
Sudeste,SP,Itararé,Mata Atlântica,2,-49.5000,-23.9400,-49.3200,-23.9400
Sudeste,SP,Itariri,Mata Atlântica,1,-47.1600,-24.3000,-47.1600,-24.3000
Sudeste,SP,Itatiba,Mata Atlântica,1,-46.8000,-23.0400,-46.8000,-23.0400
Sudeste,SP,Itatinga,Cerrado,2,-48.6000,-23.2200,-48.6000,-23.0400
Sudeste,SP,Itaí,Cerrado,2,-49.1400,-23.5800,-48.9600,-23.4000
Sudeste,SP,Itirapina,Cerrado,1,-47.8800,-22.3200,-47.8800,-22.3200
Sudeste,SP,Itirapuã,Mata Atlântica,1,-47.1600,-20.7000,-47.1600,-20.7000
Sudeste,SP,Itu,Mata Atlântica,4,-47.3400,-23.4000,-47.1600,-23.2200
Sudeste,SP,Ituverava,Cerrado,2,-47.8800,-20.3400,-47.7000,-20.3400
Sudeste,SP,Itápolis,Mata Atlântica,3,-48.9600,-21.6000,-48.6000,-21.6000
Sudeste,SP,Jaborandi,Cerrado,1,-48.4200,-20.7000,-48.4200,-20.7000
Sudeste,SP,Jaboticabal,Cerrado,1,-48.2400,-21.2400,-48.2400,-21.2400
Sudeste,SP,Jaboticabal,Mata Atlântica,1,-48.4200,-21.2400,-48.4200,-21.2400
Sudeste,SP,Jacareí,Mata Atlântica,1,-46.0800,-23.2200,-46.0800,-23.2200
Sudeste,SP,Jacupiranga,Mata Atlântica,2,-48.0600,-24.8400,-48.0600,-24.6600
Sudeste,SP,Jaguariúna,Mata Atlântica,1,-46.9800,-22.6800,-46.9800,-22.6800
Sudeste,SP,Jales,Mata Atlântica,2,-50.5800,-20.3400,-50.5800,-20.1600
Sudeste,SP,Jardinópolis,Cerrado,1,-47.7000,-21.0600,-47.7000,-21.0600
Sudeste,SP,Jaú,Mata Atlântica,1,-48.6000,-22.3200,-48.6000,-22.3200
Sudeste,SP,Jeriquara,Cerrado,1,-47.5200,-20.3400,-47.5200,-20.3400
Sudeste,SP,José Bonifácio,Mata Atlântica,3,-49.8600,-21.2400,-49.6800,-21.0600
Sudeste,SP,João Ramalho,Mata Atlântica,1,-50.7600,-22.1400,-50.7600,-22.1400
Sudeste,SP,Jundiaí,Mata Atlântica,1,-46.9800,-23.2200,-46.9800,-23.2200
Sudeste,SP,Junqueirópolis,Mata Atlântica,4,-51.4800,-21.6000,-51.4800,-21.2400
Sudeste,SP,Juquitiba,Mata Atlântica,2,-47.1600,-23.9400,-46.9800,-23.9400
Sudeste,SP,Juquiá,Mata Atlântica,3,-47.7000,-24.3000,-47.5200,-24.1200
Sudeste,SP,Júlio Mesquita,Mata Atlântica,1,-49.8600,-21.9600,-49.8600,-21.9600
Sudeste,SP,Lagoinha,Mata Atlântica,1,-45.1800,-23.0400,-45.1800,-23.0400
Sudeste,SP,Laranjal Paulista,Mata Atlântica,1,-47.8800,-23.0400,-47.8800,-23.0400
Sudeste,SP,Lavínia,Mata Atlântica,2,-51.1200,-21.2400,-50.9400,-21.0600
Sudeste,SP,Leme,Mata Atlântica,1,-47.3400,-22.1400,-47.3400,-22.1400
Sudeste,SP,Lençóis Paulista,Cerrado,1,-48.7800,-22.6800,-48.7800,-22.6800
Sudeste,SP,Limeira,Mata Atlântica,2,-47.3400,-22.6800,-47.3400,-22.5000
Sudeste,SP,Lins,Mata Atlântica,1,-49.6800,-21.6000,-49.6800,-21.6000
Sudeste,SP,Lorena,Mata Atlântica,2,-45.1800,-22.8600,-45.0000,-22.6800
Sudeste,SP,Lucianópolis,Cerrado,1,-49.5000,-22.5000,-49.5000,-22.5000
Sudeste,SP,Lucélia,Mata Atlântica,1,-50.9400,-21.6000,-50.9400,-21.6000
Sudeste,SP,Lupércio,Mata Atlântica,1,-49.8600,-22.5000,-49.8600,-22.5000
Sudeste,SP,Lutécia,Mata Atlântica,1,-50.4000,-22.3200,-50.4000,-22.3200
Sudeste,SP,Luís Antônio,Cerrado,2,-47.8800,-21.6000,-47.7000,-21.4200
Sudeste,SP,Macatuba,Cerrado,1,-48.7800,-22.5000,-48.7800,-22.5000
Sudeste,SP,Macedônia,Mata Atlântica,1,-50.2200,-20.1600,-50.2200,-20.1600
Sudeste,SP,Magda,Mata Atlântica,2,-50.2200,-20.7000,-50.2200,-20.5200
Sudeste,SP,Mairiporã,Mata Atlântica,1,-46.6200,-23.4000,-46.6200,-23.4000
Sudeste,SP,Manduri,Mata Atlântica,1,-49.3200,-23.0400,-49.3200,-23.0400
Sudeste,SP,Marabá Paulista,Mata Atlântica,3,-52.2000,-22.1400,-52.0200,-21.9600
Sudeste,SP,Maracaí,Cerrado,1,-50.5800,-22.6800,-50.5800,-22.6800
Sudeste,SP,Maracaí,Mata Atlântica,1,-50.9400,-22.6800,-50.9400,-22.6800
Sudeste,SP,Marapoama,Mata Atlântica,1,-49.1400,-21.2400,-49.1400,-21.2400
Sudeste,SP,Mariápolis,Mata Atlântica,1,-51.1200,-21.7800,-51.1200,-21.7800
Sudeste,SP,Martinópolis,Cerrado,1,-51.1200,-22.3200,-51.1200,-22.3200
Sudeste,SP,Martinópolis,Mata Atlântica,2,-51.1200,-22.1400,-51.1200,-21.9600
Sudeste,SP,Marília,Mata Atlântica,4,-50.0400,-22.3200,-49.9321,-21.9600
Sudeste,SP,Matão,Mata Atlântica,1,-48.4200,-21.6000,-48.4200,-21.6000
Sudeste,SP,Mesópolis,Mata Atlântica,1,-50.5800,-19.9800,-50.5800,-19.9800
Sudeste,SP,Miguelópolis,Cerrado,3,-48.2400,-20.3400,-48.0600,-20.1600
Sudeste,SP,Mineiros do Tietê,Mata Atlântica,1,-48.4200,-22.5000,-48.4200,-22.5000
Sudeste,SP,Miracatu,Mata Atlântica,3,-47.5200,-24.3000,-47.3400,-24.1200
Sudeste,SP,Mirandópolis,Mata Atlântica,3,-51.3000,-21.2400,-51.1200,-20.8800
Sudeste,SP,Mirante do Paranapanema,Mata Atlântica,4,-52.2000,-22.5000,-51.8400,-22.3200
Sudeste,SP,Mirassol,Mata Atlântica,1,-49.5000,-20.8800,-49.5000,-20.8800
Sudeste,SP,Mirassolândia,Mata Atlântica,1,-49.5000,-20.5200,-49.5000,-20.5200
Sudeste,SP,Mococa,Cerrado,1,-47.1600,-21.4200,-47.1600,-21.4200
Sudeste,SP,Mococa,Mata Atlântica,2,-46.9800,-21.6000,-46.8000,-21.4200
Sudeste,SP,Mogi Guaçu,Cerrado,2,-47.1600,-22.1400,-46.9800,-22.1400
Sudeste,SP,Mogi Guaçu,Mata Atlântica,1,-46.9800,-22.3200,-46.9800,-22.3200
Sudeste,SP,Mogi Mirim,Mata Atlântica,1,-46.9800,-22.5000,-46.9800,-22.5000
Sudeste,SP,Mogi das Cruzes,Mata Atlântica,2,-46.2600,-23.7600,-46.2600,-23.5800
Sudeste,SP,Monte Alto,Mata Atlântica,1,-48.6000,-21.2400,-48.6000,-21.2400
Sudeste,SP,Monte Aprazível,Mata Atlântica,2,-49.8600,-20.7000,-49.6800,-20.7000
Sudeste,SP,Monte Azul Paulista,Mata Atlântica,1,-48.6000,-20.8800,-48.6000,-20.8800
Sudeste,SP,Monções,Mata Atlântica,1,-50.0400,-20.8800,-50.0400,-20.8800
Sudeste,SP,Morro Agudo,Cerrado,4,-48.2400,-20.8800,-48.0600,-20.5200
Sudeste,SP,Morungaba,Mata Atlântica,1,-46.8000,-22.8600,-46.8000,-22.8600
Sudeste,SP,Nantes,Cerrado,1,-51.1200,-22.5000,-51.1200,-22.5000
Sudeste,SP,Narandiba,Cerrado,1,-51.4800,-22.5000,-51.4800,-22.5000
Sudeste,SP,Narandiba,Mata Atlântica,1,-51.4800,-22.6800,-51.4800,-22.6800
Sudeste,SP,Natividade da Serra,Mata Atlântica,3,-45.5400,-23.4000,-45.1800,-23.4000
Sudeste,SP,Nazaré Paulista,Mata Atlântica,1,-46.4400,-23.2200,-46.4400,-23.2200
Sudeste,SP,Neves Paulista,Mata Atlântica,1,-49.6800,-20.8800,-49.6800,-20.8800
Sudeste,SP,Nhandeara,Mata Atlântica,1,-50.0400,-20.7000,-50.0400,-20.7000
Sudeste,SP,Nova Aliança,Mata Atlântica,1,-49.5000,-21.0600,-49.5000,-21.0600
Sudeste,SP,Nova Campina,Mata Atlântica,1,-48.9600,-24.1200,-48.9600,-24.1200
Sudeste,SP,Nova Canaã Paulista,Mata Atlântica,1,-50.9400,-20.3400,-50.9400,-20.3400
Sudeste,SP,Nova Europa,Mata Atlântica,1,-48.6000,-21.7800,-48.6000,-21.7800
Sudeste,SP,Nova Granada,Cerrado,1,-49.3200,-20.3400,-49.3200,-20.3400
Sudeste,SP,Nova Granada,Mata Atlântica,1,-49.3200,-20.5200,-49.3200,-20.5200
Sudeste,SP,Nova Independência,Mata Atlântica,1,-51.4800,-21.0600,-51.4800,-21.0600
Sudeste,SP,Nova Luzitânia,Mata Atlântica,1,-50.2200,-20.8800,-50.2200,-20.8800
Sudeste,SP,Novo Horizonte,Mata Atlântica,2,-49.3200,-21.4200,-49.1400,-21.4200
Sudeste,SP,Nuporanga,Cerrado,1,-47.7000,-20.7000,-47.7000,-20.7000
Sudeste,SP,Olímpia,Mata Atlântica,1,-48.9600,-20.7000,-48.9600,-20.7000
Sudeste,SP,Orindiúva,Mata Atlântica,1,-49.3200,-20.1600,-49.3200,-20.1600
Sudeste,SP,Orlândia,Cerrado,1,-47.8800,-20.7000,-47.8800,-20.7000
Sudeste,SP,Osasco,Mata Atlântica,1,-46.8000,-23.5800,-46.8000,-23.5800
Sudeste,SP,Oscar Bressane,Mata Atlântica,1,-50.2200,-22.3200,-50.2200,-22.3200
Sudeste,SP,Ourinhos,Mata Atlântica,2,-49.8600,-23.0400,-49.8600,-22.8600
Sudeste,SP,Ouroeste,Mata Atlântica,1,-50.4000,-19.9800,-50.4000,-19.9800
Sudeste,SP,Pacaembu,Mata Atlântica,2,-51.3000,-21.6000,-51.3000,-21.4200
Sudeste,SP,Palestina,Cerrado,1,-49.5000,-20.3400,-49.5000,-20.3400
Sudeste,SP,Palmeira d'Oeste,Mata Atlântica,2,-50.7600,-20.5200,-50.7600,-20.3400
Sudeste,SP,Palmital,Mata Atlântica,1,-50.2200,-22.8600,-50.2200,-22.8600
Sudeste,SP,Panorama,Mata Atlântica,1,-51.8400,-21.4200,-51.8400,-21.4200
Sudeste,SP,Paraguaçu Paulista,Cerrado,2,-50.7600,-22.5000,-50.5800,-22.5000
Sudeste,SP,Paraguaçu Paulista,Mata Atlântica,1,-50.5800,-22.3200,-50.5800,-22.3200
Sudeste,SP,Paraibuna,Mata Atlântica,3,-45.7200,-23.5800,-45.5400,-23.4000
Sudeste,SP,Paranapanema,Cerrado,2,-48.9600,-23.5800,-48.7800,-23.4000
Sudeste,SP,Paranapanema,Mata Atlântica,1,-48.7800,-23.4000,-48.7800,-23.4000
Sudeste,SP,Parapuã,Mata Atlântica,1,-50.7600,-21.7800,-50.7600,-21.7800
Sudeste,SP,Paraíso,Mata Atlântica,1,-48.7800,-21.0600,-48.7800,-21.0600
Sudeste,SP,Pardinho,Mata Atlântica,1,-48.4200,-23.0400,-48.4200,-23.0400
Sudeste,SP,Pariquera-Açu,Mata Atlântica,2,-47.8800,-24.6600,-47.7900,-24.6600
Sudeste,SP,Patrocínio Paulista,Cerrado,1,-47.3400,-20.7000,-47.3400,-20.7000
Sudeste,SP,Paulicéia,Mata Atlântica,1,-51.8400,-21.2400,-51.8400,-21.2400
Sudeste,SP,Paulo de Faria,Cerrado,1,-49.5000,-20.1600,-49.5000,-20.1600
Sudeste,SP,Paulo de Faria,Mata Atlântica,3,-49.5216,-19.9800,-49.3200,-19.9359
Sudeste,SP,Pederneiras,Cerrado,1,-48.9600,-22.3200,-48.9600,-22.3200
Sudeste,SP,Pederneiras,Mata Atlântica,1,-48.7800,-22.3200,-48.7800,-22.3200
Sudeste,SP,Pedranópolis,Mata Atlântica,1,-50.0400,-20.1600,-50.0400,-20.1600
Sudeste,SP,Pedregulho,Cerrado,2,-47.5200,-20.1600,-47.3400,-20.1600
Sudeste,SP,Pedrinhas Paulista,Mata Atlântica,1,-50.7600,-22.8600,-50.7600,-22.8600
Sudeste,SP,Pedro de Toledo,Mata Atlântica,2,-47.1600,-24.1200,-46.9800,-24.1200
Sudeste,SP,Penápolis,Mata Atlântica,2,-50.0400,-21.4200,-50.0400,-21.2400
Sudeste,SP,Pereira Barreto,Mata Atlântica,2,-51.1200,-20.8800,-50.9400,-20.7000
Sudeste,SP,Peruíbe,Mata Atlântica,1,-46.9800,-24.3000,-46.9800,-24.3000
Sudeste,SP,Piacatu,Mata Atlântica,1,-50.5800,-21.6000,-50.5800,-21.6000
Sudeste,SP,Piedade,Mata Atlântica,2,-47.5200,-23.7600,-47.3400,-23.7600
Sudeste,SP,Pilar do Sul,Mata Atlântica,2,-47.7000,-23.9400,-47.7000,-23.7600
Sudeste,SP,Pindamonhangaba,Mata Atlântica,2,-45.5400,-22.8600,-45.3600,-22.8600
Sudeste,SP,Pindorama,Mata Atlântica,1,-48.9600,-21.2400,-48.9600,-21.2400
Sudeste,SP,Piquerobi,Mata Atlântica,2,-51.8400,-21.9600,-51.6600,-21.7800
Sudeste,SP,Piracaia,Mata Atlântica,1,-46.2600,-23.0400,-46.2600,-23.0400
Sudeste,SP,Piracicaba,Cerrado,2,-48.0600,-22.6800,-47.8800,-22.6800
Sudeste,SP,Piracicaba,Mata Atlântica,2,-47.8800,-22.8600,-47.7000,-22.6800
Sudeste,SP,Piraju,Mata Atlântica,1,-49.3200,-23.2200,-49.3200,-23.2200
Sudeste,SP,Pirajuí,Mata Atlântica,2,-49.5000,-21.9600,-49.3200,-21.9600
Sudeste,SP,Pirangi,Mata Atlântica,1,-48.6000,-21.0600,-48.6000,-21.0600
Sudeste,SP,Pirapora do Bom Jesus,Mata Atlântica,1,-46.9800,-23.4000,-46.9800,-23.4000
Sudeste,SP,Pirapozinho,Mata Atlântica,1,-51.4800,-22.3200,-51.4800,-22.3200
Sudeste,SP,Pirassununga,Cerrado,1,-47.3400,-21.9600,-47.3400,-21.9600
Sudeste,SP,Pirassununga,Mata Atlântica,1,-47.5200,-21.9600,-47.5200,-21.9600
Sudeste,SP,Piratininga,Mata Atlântica,1,-49.1400,-22.5000,-49.1400,-22.5000
Sudeste,SP,Pitangueiras,Cerrado,1,-48.2400,-21.0600,-48.2400,-21.0600
Sudeste,SP,Platina,Cerrado,1,-50.2200,-22.6800,-50.2200,-22.6800
Sudeste,SP,Pompéia,Mata Atlântica,2,-50.2200,-22.1400,-50.2200,-21.9600
Sudeste,SP,Pontal,Cerrado,1,-48.0600,-21.0600,-48.0600,-21.0600
Sudeste,SP,Pontes Gestal,Mata Atlântica,1,-49.6800,-20.1600,-49.6800,-20.1600
Sudeste,SP,Porangaba,Mata Atlântica,1,-48.0600,-23.2200,-48.0600,-23.2200
Sudeste,SP,Porto Feliz,Mata Atlântica,1,-47.5200,-23.2200,-47.5200,-23.2200
Sudeste,SP,Porto Ferreira,Cerrado,1,-47.4314,-21.8510,-47.4314,-21.8510
Sudeste,SP,Potirendaba,Mata Atlântica,1,-49.3200,-21.0600,-49.3200,-21.0600
Sudeste,SP,Presidente Alves,Mata Atlântica,1,-49.5000,-22.1400,-49.5000,-22.1400
Sudeste,SP,Presidente Bernardes,Mata Atlântica,2,-51.6600,-22.1400,-51.4800,-21.9600
Sudeste,SP,Presidente Epitácio,Mata Atlântica,4,-52.3800,-22.1400,-52.0200,-21.6000
Sudeste,SP,Presidente Prudente,Mata Atlântica,3,-51.4800,-22.1400,-51.3000,-21.7800
Sudeste,SP,Presidente Venceslau,Mata Atlântica,3,-51.8400,-21.7800,-51.7500,-21.6000
Sudeste,SP,Promissão,Mata Atlântica,3,-50.0400,-21.6000,-49.8600,-21.4200
Sudeste,SP,Quatá,Cerrado,1,-50.7600,-22.3200,-50.7600,-22.3200
Sudeste,SP,Quatá,Mata Atlântica,1,-50.5800,-22.1400,-50.5800,-22.1400
Sudeste,SP,Queiroz,Mata Atlântica,1,-50.2200,-21.7800,-50.2200,-21.7800
Sudeste,SP,Queluz,Mata Atlântica,1,-44.8200,-22.5000,-44.8200,-22.5000
Sudeste,SP,Quintana,Mata Atlântica,1,-50.4000,-22.1400,-50.4000,-22.1400
Sudeste,SP,Rancharia,Cerrado,2,-50.9400,-22.5000,-50.9400,-22.3200
Sudeste,SP,Rancharia,Mata Atlântica,2,-50.9400,-22.1400,-50.9400,-21.9600
Sudeste,SP,Redenção da Serra,Mata Atlântica,1,-45.5400,-23.2200,-45.5400,-23.2200
Sudeste,SP,Regente Feijó,Mata Atlântica,1,-51.3000,-22.3200,-51.3000,-22.3200
Sudeste,SP,Reginópolis,Mata Atlântica,2,-49.1400,-21.9600,-49.1400,-21.7800
Sudeste,SP,Registro,Mata Atlântica,2,-47.8800,-24.4800,-47.7000,-24.4800
Sudeste,SP,Restinga,Cerrado,1,-47.5200,-20.7000,-47.5200,-20.7000
Sudeste,SP,Ribeira,Mata Atlântica,2,-49.1400,-24.6600,-48.9600,-24.6600
Sudeste,SP,Ribeirão Bonito,Cerrado,3,-48.2400,-22.1400,-48.0600,-21.9600
Sudeste,SP,Ribeirão Branco,Mata Atlântica,2,-48.9600,-24.3000,-48.7800,-24.3000
Sudeste,SP,Ribeirão Grande,Mata Atlântica,1,-48.3300,-24.2550,-48.3300,-24.2550
Sudeste,SP,Ribeirão Pires,Mata Atlântica,1,-46.4400,-23.7600,-46.4400,-23.7600
Sudeste,SP,Ribeirão Preto,Cerrado,1,-47.8800,-21.2400,-47.8800,-21.2400
Sudeste,SP,Rincão,Cerrado,2,-48.0600,-21.6000,-47.8800,-21.6000
Sudeste,SP,Rinópolis,Mata Atlântica,1,-50.7600,-21.6000,-50.7600,-21.6000
Sudeste,SP,Rio Claro,Cerrado,1,-47.7000,-22.3200,-47.7000,-22.3200
Sudeste,SP,Rio Claro,Mata Atlântica,1,-47.5200,-22.3200,-47.5200,-22.3200
Sudeste,SP,Rio das Pedras,Mata Atlântica,1,-47.5200,-22.8600,-47.5200,-22.8600
Sudeste,SP,Riolândia,Mata Atlântica,2,-49.8600,-19.9800,-49.6800,-19.9800
Sudeste,SP,Rosana,Mata Atlântica,2,-52.9200,-22.5000,-52.7400,-22.5000
Sudeste,SP,Rubiácea,Mata Atlântica,1,-50.7600,-21.2400,-50.7600,-21.2400
Sudeste,SP,Sabino,Mata Atlântica,2,-49.6800,-21.6000,-49.5000,-21.4200
Sudeste,SP,Sales,Mata Atlântica,1,-49.5000,-21.4200,-49.5000,-21.4200
Sudeste,SP,Sales Oliveira,Cerrado,1,-47.8800,-20.8800,-47.8800,-20.8800
Sudeste,SP,Salesópolis,Mata Atlântica,1,-45.9000,-23.5800,-45.9000,-23.5800
Sudeste,SP,Saltinho,Mata Atlântica,1,-47.7000,-22.8600,-47.7000,-22.8600
Sudeste,SP,Sandovalina,Mata Atlântica,1,-51.8400,-22.5000,-51.8400,-22.5000
Sudeste,SP,Santa Adélia,Mata Atlântica,2,-48.7800,-21.4200,-48.7800,-21.2400
Sudeste,SP,Santa Albertina,Mata Atlântica,1,-50.7600,-19.9800,-50.7600,-19.9800
Sudeste,SP,Santa Branca,Mata Atlântica,1,-45.9000,-23.4000,-45.9000,-23.4000
Sudeste,SP,Santa Cruz da Conceição,Mata Atlântica,1,-47.5200,-22.1400,-47.5200,-22.1400
Sudeste,SP,Santa Cruz do Rio Pardo,Mata Atlântica,2,-49.6800,-22.8600,-49.5000,-22.8600
Sudeste,SP,Santa Fé do Sul,Mata Atlântica,1,-50.9400,-20.1600,-50.9400,-20.1600
Sudeste,SP,Santa Gertrudes,Mata Atlântica,1,-47.5200,-22.5000,-47.5200,-22.5000
Sudeste,SP,Santa Isabel,Mata Atlântica,3,-46.3500,-23.4000,-46.2600,-23.2200
Sudeste,SP,Santa Rita d'Oeste,Mata Atlântica,1,-50.7600,-20.1600,-50.7600,-20.1600
Sudeste,SP,Santa Rita do Passa Quatro,Cerrado,4,-47.5935,-21.7800,-47.3400,-21.6000
Sudeste,SP,Santa Rosa de Viterbo,Cerrado,1,-47.3400,-21.4200,-47.3400,-21.4200
Sudeste,SP,Santo Anastácio,Mata Atlântica,2,-51.8400,-22.1400,-51.6600,-21.9600
Sudeste,SP,Santo Antônio da Alegria,Cerrado,1,-47.1600,-21.0600,-47.1600,-21.0600
Sudeste,SP,Santo Antônio do Aracanguá,Mata Atlântica,4,-50.7600,-20.8800,-50.4000,-20.7000
Sudeste,SP,Santo Antônio do Jardim,Mata Atlântica,1,-46.6200,-22.1400,-46.6200,-22.1400
Sudeste,SP,Santo Antônio do Pinhal,Mata Atlântica,1,-45.7200,-22.8600,-45.7200,-22.8600
Sudeste,SP,Sarutaiá,Mata Atlântica,1,-49.5000,-23.2200,-49.5000,-23.2200
Sudeste,SP,Serra Azul,Cerrado,1,-47.5200,-21.2400,-47.5200,-21.2400
Sudeste,SP,Sertãozinho,Cerrado,1,-47.8800,-21.0600,-47.8800,-21.0600
Sudeste,SP,Sete Barras,Mata Atlântica,3,-48.0600,-24.3000,-47.8800,-24.1200
Sudeste,SP,Silveiras,Mata Atlântica,2,-44.8200,-22.8600,-44.8200,-22.6800
Sudeste,SP,Socorro,Mata Atlântica,1,-46.6200,-22.6800,-46.6200,-22.6800
Sudeste,SP,Sorocaba,Mata Atlântica,2,-47.5200,-23.5800,-47.5200,-23.4000
Sudeste,SP,Sud Mennucci,Mata Atlântica,1,-50.9400,-20.7000,-50.9400,-20.7000
Sudeste,SP,Sumaré,Mata Atlântica,1,-47.3400,-22.8600,-47.3400,-22.8600
Sudeste,SP,Suzanápolis,Mata Atlântica,1,-51.1200,-20.5200,-51.1200,-20.5200
Sudeste,SP,São Bento do Sapucaí,Mata Atlântica,2,-45.7200,-22.6800,-45.6300,-22.6800
Sudeste,SP,São Bernardo do Campo,Mata Atlântica,1,-46.6200,-23.7600,-46.6200,-23.7600
Sudeste,SP,São Carlos,Cerrado,3,-47.8800,-22.1400,-47.8800,-21.7800
Sudeste,SP,São Joaquim da Barra,Cerrado,2,-48.0600,-20.5200,-47.8800,-20.5200
Sudeste,SP,São José do Barreiro,Mata Atlântica,2,-44.6400,-22.8600,-44.6400,-22.6800
Sudeste,SP,São José do Rio Pardo,Mata Atlântica,1,-46.8000,-21.6000,-46.8000,-21.6000
Sudeste,SP,São José do Rio Preto,Mata Atlântica,2,-49.3200,-20.8800,-49.3200,-20.7000
Sudeste,SP,São José dos Campos,Mata Atlântica,3,-45.9000,-23.2200,-45.9000,-22.8600
Sudeste,SP,São João de Iracema,Mata Atlântica,1,-50.4000,-20.5200,-50.4000,-20.5200
Sudeste,SP,São João do Pau d'Alho,Mata Atlântica,1,-51.6600,-21.2400,-51.6600,-21.2400
Sudeste,SP,São Luiz do Paraitinga,Mata Atlântica,2,-45.3600,-23.2200,-45.1800,-23.2200
Sudeste,SP,São Manuel,Cerrado,2,-48.6000,-22.6800,-48.4200,-22.6800
Sudeste,SP,São Miguel Arcanjo,Mata Atlântica,3,-48.0600,-23.9400,-47.8800,-23.7600
Sudeste,SP,São Paulo,Mata Atlântica,4,-46.8000,-23.9400,-46.4400,-23.4000
Sudeste,SP,São Pedro,Cerrado,1,-47.8800,-22.5000,-47.8800,-22.5000
Sudeste,SP,São Pedro do Turvo,Cerrado,2,-49.8600,-22.6800,-49.6800,-22.6800
Sudeste,SP,São Roque,Mata Atlântica,1,-47.1600,-23.5800,-47.1600,-23.5800
Sudeste,SP,São Sebastião,Mata Atlântica,2,-45.7200,-23.7600,-45.5400,-23.7600
Sudeste,SP,São Sebastião da Grama,Mata Atlântica,1,-46.8000,-21.7800,-46.8000,-21.7800
Sudeste,SP,São Simão,Cerrado,2,-47.7000,-21.4200,-47.5200,-21.4200
Sudeste,SP,São Vicente,Mata Atlântica,1,-46.4400,-23.9400,-46.4400,-23.9400
Sudeste,SP,Tabapuã,Mata Atlântica,1,-48.9600,-20.8800,-48.9600,-20.8800
Sudeste,SP,Taciba,Mata Atlântica,1,-51.3000,-22.5000,-51.3000,-22.5000
Sudeste,SP,Tambaú,Cerrado,2,-47.3400,-21.6000,-47.1600,-21.6000
Sudeste,SP,Tanabi,Mata Atlântica,1,-49.6800,-20.5200,-49.6800,-20.5200
Sudeste,SP,Tapiraí,Mata Atlântica,1,-47.5200,-23.9400,-47.5200,-23.9400
Sudeste,SP,Taquaral,Mata Atlântica,1,-48.4200,-21.0600,-48.4200,-21.0600
Sudeste,SP,Taquaritinga,Mata Atlântica,2,-48.6000,-21.4200,-48.4200,-21.4200
Sudeste,SP,Taquarituba,Cerrado,1,-49.1400,-23.5800,-49.1400,-23.5800
Sudeste,SP,Taquarivaí,Cerrado,1,-48.6000,-23.9400,-48.6000,-23.9400
Sudeste,SP,Tarabai,Cerrado,1,-51.6600,-22.3200,-51.6600,-22.3200
Sudeste,SP,Tatuí,Mata Atlântica,1,-47.8800,-23.4000,-47.8800,-23.4000
Sudeste,SP,Taubaté,Mata Atlântica,2,-45.5400,-23.0400,-45.3600,-23.0400
Sudeste,SP,Tejupá,Mata Atlântica,1,-49.3200,-23.4000,-49.3200,-23.4000
Sudeste,SP,Teodoro Sampaio,Mata Atlântica,5,-52.5600,-22.5900,-52.2000,-22.3200
Sudeste,SP,Tietê,Mata Atlântica,1,-47.7000,-23.0400,-47.7000,-23.0400
Sudeste,SP,Torre de Pedra,Cerrado,1,-48.2400,-23.2200,-48.2400,-23.2200
Sudeste,SP,Torrinha,Cerrado,2,-48.2400,-22.5000,-48.0600,-22.5000
Sudeste,SP,Tupi Paulista,Mata Atlântica,1,-51.6600,-21.4200,-51.6600,-21.4200
Sudeste,SP,Tupã,Mata Atlântica,1,-50.5800,-21.9600,-50.5800,-21.9600
Sudeste,SP,Ubatuba,Mata Atlântica,2,-45.0450,-23.5350,-45.0000,-23.4000
Sudeste,SP,Ubirajara,Cerrado,1,-49.6800,-22.5000,-49.6800,-22.5000
Sudeste,SP,Uchoa,Mata Atlântica,2,-49.1400,-21.0600,-49.1400,-20.8800
Sudeste,SP,União Paulista,Mata Atlântica,1,-49.8600,-20.8800,-49.8600,-20.8800
Sudeste,SP,Uru,Mata Atlântica,1,-49.3200,-21.7800,-49.3200,-21.7800
Sudeste,SP,Urupês,Mata Atlântica,1,-49.3200,-21.2400,-49.3200,-21.2400
Sudeste,SP,Valparaíso,Mata Atlântica,1,-50.9400,-21.2400,-50.9400,-21.2400
Sudeste,SP,Vargem,Mata Atlântica,1,-46.4400,-22.8600,-46.4400,-22.8600
Sudeste,SP,Vargem Grande do Sul,Mata Atlântica,1,-46.9800,-21.9600,-46.9800,-21.9600
Sudeste,SP,Vera Cruz,Mata Atlântica,2,-49.8600,-22.3200,-49.8600,-22.1400
Sudeste,SP,Vinhedo,Mata Atlântica,1,-46.9800,-23.0400,-46.9800,-23.0400
Sudeste,SP,Viradouro,Cerrado,1,-48.2400,-20.8800,-48.2400,-20.8800
Sudeste,SP,Votorantim,Mata Atlântica,1,-47.3400,-23.5800,-47.3400,-23.5800
Sudeste,SP,Votuporanga,Mata Atlântica,2,-50.0400,-20.5200,-50.0400,-20.3400
Sudeste,SP,Zacarias,Mata Atlântica,1,-50.0400,-21.0600,-50.0400,-21.0600
Sudeste,SP,Águas de Lindóia,Mata Atlântica,1,-46.6200,-22.5000,-46.6200,-22.5000
Sudeste,SP,Águas de Santa Bárbara,Cerrado,1,-49.3200,-22.8600,-49.3200,-22.8600
Sudeste,SP,Álvares Florence,Mata Atlântica,1,-49.8600,-20.3400,-49.8600,-20.3400
Sul,PR,Adrianópolis,Mata Atlântica,3,-48.9600,-24.8400,-48.6000,-24.8400
Sul,PR,Agudos do Sul,Mata Atlântica,1,-49.3200,-26.1000,-49.3200,-26.1000
Sul,PR,Altamira do Paraná,Mata Atlântica,2,-52.7400,-24.8400,-52.5600,-24.8400
Sul,PR,Alto Paraíso,Mata Atlântica,3,-54.0000,-23.5800,-53.8200,-23.4000
Sul,PR,Altônia,Mata Atlântica,2,-54.0000,-23.9400,-53.8200,-23.9400
Sul,PR,Alvorada do Sul,Mata Atlântica,2,-51.3000,-22.8600,-51.3000,-22.6800
Sul,PR,Amaporã,Mata Atlântica,1,-52.7400,-23.0400,-52.7400,-23.0400
Sul,PR,Ampére,Mata Atlântica,1,-53.4600,-25.9200,-53.4600,-25.9200
Sul,PR,Andirá,Mata Atlântica,1,-50.2200,-23.0400,-50.2200,-23.0400
Sul,PR,Antonina,Mata Atlântica,4,-48.7800,-25.4700,-48.6000,-25.2000
Sul,PR,Antônio Olinto,Mata Atlântica,1,-50.0400,-25.9200,-50.0400,-25.9200
Sul,PR,Apucarana,Mata Atlântica,2,-51.4800,-23.5800,-51.3000,-23.5800
Sul,PR,Arapongas,Mata Atlântica,1,-51.4800,-23.4000,-51.4800,-23.4000
Sul,PR,Arapoti,Cerrado,1,-49.8600,-24.1200,-49.8600,-24.1200
Sul,PR,Arapoti,Mata Atlântica,2,-50.0400,-24.1200,-49.8600,-23.9400
Sul,PR,Araruna,Mata Atlântica,1,-52.5600,-23.9400,-52.5600,-23.9400
Sul,PR,Araucária,Mata Atlântica,1,-49.5000,-25.5600,-49.5000,-25.5600
Sul,PR,Assaí,Mata Atlântica,1,-50.9400,-23.4000,-50.9400,-23.4000
Sul,PR,Assis Chateaubriand,Mata Atlântica,2,-53.6400,-24.4800,-53.6400,-24.3000
Sul,PR,Astorga,Mata Atlântica,1,-51.6600,-23.2200,-51.6600,-23.2200
Sul,PR,Balsa Nova,Mata Atlântica,1,-49.6800,-25.5600,-49.6800,-25.5600
Sul,PR,Bandeirantes,Mata Atlântica,1,-50.4000,-23.2200,-50.4000,-23.2200
Sul,PR,Barbosa Ferraz,Mata Atlântica,1,-52.0200,-24.1200,-52.0200,-24.1200
Sul,PR,Barracão,Mata Atlântica,1,-53.4600,-26.2800,-53.4600,-26.2800
Sul,PR,Bela Vista da Caroba,Mata Atlântica,1,-53.6400,-25.9200,-53.6400,-25.9200
Sul,PR,Bituruna,Mata Atlântica,3,-51.6600,-26.2800,-51.4800,-26.1000
Sul,PR,Boa Ventura de São Roque,Mata Atlântica,2,-51.4800,-24.8400,-51.4800,-24.6600
Sul,PR,Boa Vista da Aparecida,Mata Atlântica,1,-53.4600,-25.3800,-53.4600,-25.3800
Sul,PR,Bocaiúva do Sul,Mata Atlântica,3,-49.1400,-25.2000,-48.7800,-25.0200
Sul,PR,Bom Sucesso,Mata Atlântica,1,-51.8400,-23.7600,-51.8400,-23.7600
Sul,PR,Borrazópolis,Mata Atlântica,1,-51.6600,-23.9400,-51.6600,-23.9400
Sul,PR,Braganey,Mata Atlântica,1,-53.1000,-24.8400,-53.1000,-24.8400
Sul,PR,Brasilândia do Sul,Mata Atlântica,1,-53.4600,-24.1200,-53.4600,-24.1200
Sul,PR,Cafeara,Mata Atlântica,1,-51.6600,-22.8600,-51.6600,-22.8600
Sul,PR,Cafelândia,Mata Atlântica,1,-53.2800,-24.6600,-53.2800,-24.6600
Sul,PR,Cafezal do Sul,Mata Atlântica,1,-53.6400,-23.9400,-53.6400,-23.9400
Sul,PR,Cambará,Mata Atlântica,1,-50.0400,-23.0400,-50.0400,-23.0400
Sul,PR,Cambé,Mata Atlântica,2,-51.3000,-23.2200,-51.3000,-23.0400
Sul,PR,Campina Grande do Sul,Mata Atlântica,1,-48.6000,-25.0200,-48.6000,-25.0200
Sul,PR,Campina da Lagoa,Mata Atlântica,3,-52.9200,-24.6600,-52.7400,-24.4800
Sul,PR,Campina do Simão,Mata Atlântica,3,-51.8400,-25.2000,-51.6600,-25.0200
Sul,PR,Campo Largo,Mata Atlântica,4,-49.6800,-25.3800,-49.5000,-25.0200
Sul,PR,Campo Magro,Mata Atlântica,1,-49.5000,-25.2000,-49.5000,-25.2000
Sul,PR,Campo Mourão,Mata Atlântica,1,-52.3800,-24.1200,-52.3800,-24.1200
Sul,PR,Candói,Mata Atlântica,5,-52.2000,-25.5600,-51.8400,-25.3800
Sul,PR,Cantagalo,Mata Atlântica,1,-52.2000,-25.2000,-52.2000,-25.2000
Sul,PR,Capanema,Mata Atlântica,2,-53.8200,-25.5600,-53.6400,-25.5600
Sul,PR,Capitão Leônidas Marques,Mata Atlântica,1,-53.6400,-25.3800,-53.6400,-25.3800
Sul,PR,Carambeí,Mata Atlântica,2,-50.2200,-24.9750,-50.0400,-24.8400
Sul,PR,Carlópolis,Mata Atlântica,1,-49.6800,-23.4000,-49.6800,-23.4000
Sul,PR,Cascavel,Mata Atlântica,8,-53.6400,-25.2000,-53.1000,-24.8400
Sul,PR,Castro,Mata Atlântica,7,-50.0400,-25.0200,-49.6800,-24.6600
Sul,PR,Catanduvas,Mata Atlântica,1,-53.1000,-25.2000,-53.1000,-25.2000
Sul,PR,Centenário do Sul,Mata Atlântica,1,-51.4800,-22.8600,-51.4800,-22.8600
Sul,PR,Cerro Azul,Mata Atlântica,5,-49.5000,-25.0200,-49.1400,-24.8400
Sul,PR,Chopinzinho,Mata Atlântica,21,-52.5600,-25.9425,-52.2450,-25.7400
Sul,PR,Cianorte,Mata Atlântica,1,-52.5600,-23.7600,-52.5600,-23.7600
Sul,PR,Cidade Gaúcha,Mata Atlântica,1,-52.9200,-23.4000,-52.9200,-23.4000
Sul,PR,Clevelândia,Mata Atlântica,1,-52.3800,-26.2800,-52.3800,-26.2800
Sul,PR,Colombo,Mata Atlântica,1,-49.1400,-25.3800,-49.1400,-25.3800
Sul,PR,Colorado,Mata Atlântica,1,-52.0200,-22.8600,-52.0200,-22.8600
Sul,PR,Congonhinhas,Mata Atlântica,2,-50.5800,-23.5800,-50.4000,-23.5800
Sul,PR,Contenda,Mata Atlântica,1,-49.5000,-25.7400,-49.5000,-25.7400
Sul,PR,Cornélio Procópio,Mata Atlântica,1,-50.5800,-23.2200,-50.5800,-23.2200
Sul,PR,Coronel Domingos Soares,Mata Atlântica,4,-52.0200,-26.2800,-51.8400,-26.1000
Sul,PR,Coronel Vivida,Mata Atlântica,4,-52.7400,-26.1000,-52.4025,-25.9200
Sul,PR,Corumbataí do Sul,Mata Atlântica,1,-52.2000,-24.1200,-52.2000,-24.1200
Sul,PR,Cruz Machado,Mata Atlântica,4,-51.3000,-26.1000,-51.1200,-25.7400
Sul,PR,Cruzeiro do Iguaçu,Mata Atlântica,1,-53.1000,-25.5600,-53.1000,-25.5600
Sul,PR,Cruzeiro do Oeste,Mata Atlântica,2,-53.1000,-23.7600,-53.1000,-23.5800
Sul,PR,Cruzmaltina,Mata Atlântica,1,-51.4800,-23.9400,-51.4800,-23.9400
Sul,PR,Curitiba,Mata Atlântica,2,-49.3200,-25.5600,-49.3200,-25.3800
Sul,PR,Curiúva,Mata Atlântica,1,-50.4000,-23.9400,-50.4000,-23.9400
Sul,PR,Cândido de Abreu,Mata Atlântica,4,-51.3000,-24.8400,-51.1200,-24.4800
Sul,PR,Céu Azul,Mata Atlântica,1,-53.8200,-25.2000,-53.8200,-25.2000
Sul,PR,Diamante D'Oeste,Mata Atlântica,1,-54.0000,-25.0200,-54.0000,-25.0200
Sul,PR,Diamante do Sul,Mata Atlântica,1,-52.7400,-25.0200,-52.7400,-25.0200
Sul,PR,Dois Vizinhos,Mata Atlântica,1,-53.1000,-25.7400,-53.1000,-25.7400
Sul,PR,Douradina,Mata Atlântica,2,-53.2800,-23.4000,-53.2800,-23.2200
Sul,PR,Doutor Camargo,Mata Atlântica,1,-52.2000,-23.5800,-52.2000,-23.5800
Sul,PR,Doutor Ulysses,Mata Atlântica,3,-49.5000,-24.6600,-49.3200,-24.4800
Sul,PR,Engenheiro Beltrão,Mata Atlântica,2,-52.3800,-23.7600,-52.2000,-23.7600
Sul,PR,Enéas Marques,Mata Atlântica,1,-53.1000,-25.9200,-53.1000,-25.9200
Sul,PR,Espigão Alto do Iguaçu,Mata Atlântica,1,-52.7400,-25.3800,-52.7400,-25.3800
Sul,PR,Farol,Mata Atlântica,1,-52.5600,-24.1200,-52.5600,-24.1200
Sul,PR,Faxinal,Mata Atlântica,1,-51.3000,-23.9400,-51.3000,-23.9400
Sul,PR,Fernandes Pinheiro,Mata Atlântica,3,-50.5800,-25.5600,-50.4000,-25.3800
Sul,PR,Floraí,Mata Atlântica,1,-52.3800,-23.4000,-52.3800,-23.4000
Sul,PR,Floresta,Mata Atlântica,1,-52.0200,-23.5800,-52.0200,-23.5800
Sul,PR,Foz do Iguaçu,Mata Atlântica,3,-54.5400,-25.5600,-54.3600,-25.3800
Sul,PR,Foz do Jordão,Mata Atlântica,1,-52.2000,-25.7400,-52.2000,-25.7400
Sul,PR,Francisco Alves,Mata Atlântica,1,-53.8200,-24.1200,-53.8200,-24.1200
Sul,PR,Francisco Beltrão,Mata Atlântica,1,-53.1000,-26.1000,-53.1000,-26.1000
Sul,PR,Fênix,Mata Atlântica,1,-52.0200,-23.9400,-52.0200,-23.9400
Sul,PR,General Carneiro,Mata Atlântica,4,-51.4800,-26.6400,-51.3000,-26.2800
Sul,PR,Goioerê,Mata Atlântica,2,-53.1000,-24.1200,-52.9200,-24.1200
Sul,PR,Goioxim,Mata Atlântica,2,-52.0200,-25.2000,-52.0200,-25.0200
Sul,PR,Grandes Rios,Mata Atlântica,1,-51.4800,-24.1200,-51.4800,-24.1200
Sul,PR,Guairaçá,Mata Atlântica,1,-52.7400,-22.8600,-52.7400,-22.8600
Sul,PR,Guamiranga,Mata Atlântica,1,-50.7600,-25.2000,-50.7600,-25.2000
Sul,PR,Guaraniaçu,Mata Atlântica,4,-52.9200,-25.2000,-52.7400,-24.8400
Sul,PR,Guarapuava,Mata Atlântica,8,-51.6600,-25.5600,-51.3000,-25.2000
Sul,PR,Guaraqueçaba,Mata Atlântica,7,-48.6000,-25.3800,-48.2400,-25.0200
Sul,PR,Guaratuba,Mata Atlântica,4,-48.9600,-25.9200,-48.6000,-25.7400
Sul,PR,Guaíra,Mata Atlântica,2,-54.1800,-24.3000,-54.1800,-24.1200
Sul,PR,Honório Serpa,Mata Atlântica,1,-52.3800,-26.1000,-52.3800,-26.1000
Sul,PR,Ibaiti,Mata Atlântica,3,-50.4000,-23.9400,-50.2200,-23.7600
Sul,PR,Ibiporã,Mata Atlântica,1,-51.1200,-23.2200,-51.1200,-23.2200
Sul,PR,Icaraíma,Mata Atlântica,2,-53.6400,-23.4000,-53.4600,-23.4000
Sul,PR,Iguaraçu,Mata Atlântica,1,-51.8400,-23.2200,-51.8400,-23.2200
Sul,PR,Iguatu,Mata Atlântica,1,-53.1000,-24.6600,-53.1000,-24.6600
Sul,PR,Imbaú,Mata Atlântica,1,-50.7600,-24.4800,-50.7600,-24.4800
Sul,PR,Imbituva,Mata Atlântica,1,-50.5800,-25.2000,-50.5800,-25.2000
Sul,PR,Inajá,Mata Atlântica,1,-52.2000,-22.6800,-52.2000,-22.6800
Sul,PR,Inácio Martins,Mata Atlântica,2,-51.3000,-25.7400,-51.1200,-25.5600
Sul,PR,Ipiranga,Mata Atlântica,2,-50.7600,-25.0200,-50.5800,-24.8400
Sul,PR,Iporã,Mata Atlântica,1,-53.6400,-24.1200,-53.6400,-24.1200
Sul,PR,Irati,Mata Atlântica,3,-50.9400,-25.5600,-50.7600,-25.3800
Sul,PR,Iretama,Mata Atlântica,3,-52.2000,-24.4800,-52.0200,-24.3000
Sul,PR,Itaguajé,Mata Atlântica,1,-52.0200,-22.6800,-52.0200,-22.6800
Sul,PR,Itaipulândia,Mata Atlântica,1,-54.3600,-25.2000,-54.3600,-25.2000
Sul,PR,Itambaracá,Mata Atlântica,1,-50.4000,-23.0400,-50.4000,-23.0400
Sul,PR,Itambé,Mata Atlântica,1,-52.0200,-23.7600,-52.0200,-23.7600
Sul,PR,Itaúna do Sul,Mata Atlântica,1,-52.9200,-22.6800,-52.9200,-22.6800
Sul,PR,Ivaiporã,Mata Atlântica,2,-51.6600,-24.3000,-51.4800,-24.3000
Sul,PR,Ivaté,Mata Atlântica,1,-53.4600,-23.2200,-53.4600,-23.2200
Sul,PR,Ivaí,Mata Atlântica,2,-50.9400,-25.0200,-50.7600,-25.0200
Sul,PR,Jaboti,Mata Atlântica,1,-50.0400,-23.7600,-50.0400,-23.7600
Sul,PR,Jaguapitã,Mata Atlântica,1,-51.6600,-23.0400,-51.6600,-23.0400
Sul,PR,Jaguariaíva,Cerrado,2,-49.8600,-24.3000,-49.6800,-24.3000
Sul,PR,Jaguariaíva,Mata Atlântica,2,-49.6800,-24.4800,-49.5000,-24.1200
Sul,PR,Jandaia do Sul,Mata Atlântica,1,-51.6600,-23.5800,-51.6600,-23.5800
Sul,PR,Janiópolis,Mata Atlântica,1,-52.7400,-24.1200,-52.7400,-24.1200
Sul,PR,Japira,Mata Atlântica,1,-50.2200,-23.5800,-50.2200,-23.5800
Sul,PR,Japurá,Mata Atlântica,1,-52.5600,-23.4000,-52.5600,-23.4000
Sul,PR,Jardim Alegre,Mata Atlântica,1,-51.8400,-24.3000,-51.8400,-24.3000
Sul,PR,Jataizinho,Mata Atlântica,1,-50.9400,-23.2200,-50.9400,-23.2200
Sul,PR,Jesuítas,Mata Atlântica,2,-53.4600,-24.4800,-53.4600,-24.3000
Sul,PR,Joaquim Távora,Mata Atlântica,1,-49.8600,-23.4000,-49.8600,-23.4000
Sul,PR,Jundiaí do Sul,Mata Atlântica,1,-50.2200,-23.4000,-50.2200,-23.4000
Sul,PR,Juranda,Mata Atlântica,1,-52.7400,-24.3000,-52.7400,-24.3000
Sul,PR,Jussara,Mata Atlântica,1,-52.3800,-23.5800,-52.3800,-23.5800
Sul,PR,Lapa,Mata Atlântica,6,-50.0400,-25.9200,-49.6800,-25.5600
Sul,PR,Laranjal,Mata Atlântica,1,-52.5600,-25.0200,-52.5600,-25.0200
Sul,PR,Laranjeiras do Sul,Mata Atlântica,2,-52.3800,-25.3800,-52.3800,-25.2000
Sul,PR,Leópolis,Mata Atlântica,1,-50.7600,-23.0400,-50.7600,-23.0400
Sul,PR,Lidianópolis,Mata Atlântica,1,-51.6600,-24.1200,-51.6600,-24.1200
Sul,PR,Lindoeste,Mata Atlântica,1,-53.6400,-25.2000,-53.6400,-25.2000
Sul,PR,Loanda,Mata Atlântica,3,-53.1000,-23.0400,-52.9200,-22.8600
Sul,PR,Londrina,Mata Atlântica,4,-51.3000,-23.5800,-50.9400,-23.4000
Sul,PR,Luiziana,Mata Atlântica,2,-52.3800,-24.4800,-52.3800,-24.3000
Sul,PR,Lunardelli,Mata Atlântica,1,-51.8400,-24.1200,-51.8400,-24.1200
Sul,PR,Lupionópolis,Mata Atlântica,1,-51.6600,-22.6800,-51.6600,-22.6800
Sul,PR,Mallet,Mata Atlântica,3,-50.9400,-25.9200,-50.7600,-25.7400
Sul,PR,Mamborê,Mata Atlântica,2,-52.5600,-24.4800,-52.5600,-24.3000
Sul,PR,Mandaguaçu,Mata Atlântica,1,-52.0200,-23.2200,-52.0200,-23.2200
Sul,PR,Mandirituba,Mata Atlântica,2,-49.3200,-25.9200,-49.3200,-25.7400
Sul,PR,Manfrinópolis,Mata Atlântica,1,-53.2800,-26.1000,-53.2800,-26.1000
Sul,PR,Mangueirinha,Mata Atlântica,12,-52.3800,-26.2800,-52.2000,-25.9200
Sul,PR,Manoel Ribas,Mata Atlântica,2,-51.6600,-24.4800,-51.4800,-24.4800
Sul,PR,Marechal Cândido Rondon,Mata Atlântica,2,-54.1800,-24.6600,-54.0000,-24.4800
Sul,PR,Maria Helena,Mata Atlântica,1,-53.2800,-23.5800,-53.2800,-23.5800
Sul,PR,Marialva,Mata Atlântica,1,-51.8400,-23.5800,-51.8400,-23.5800
Sul,PR,Marilena,Mata Atlântica,1,-53.1000,-22.6800,-53.1000,-22.6800
Sul,PR,Mariluz,Mata Atlântica,1,-53.2800,-24.1200,-53.2800,-24.1200
Sul,PR,Marilândia do Sul,Mata Atlântica,1,-51.3000,-23.7600,-51.3000,-23.7600
Sul,PR,Maringá,Mata Atlântica,1,-52.0200,-23.4000,-52.0200,-23.4000
Sul,PR,Mariópolis,Mata Atlântica,1,-52.5600,-26.2800,-52.5600,-26.2800
Sul,PR,Marmeleiro,Mata Atlântica,1,-53.1000,-26.2800,-53.1000,-26.2800
Sul,PR,Marquinho,Mata Atlântica,1,-52.2000,-25.0200,-52.2000,-25.0200
Sul,PR,Marumbi,Mata Atlântica,1,-51.6600,-23.7600,-51.6600,-23.7600
Sul,PR,Matelândia,Mata Atlântica,2,-54.0000,-25.3800,-53.8200,-25.2000
Sul,PR,Matinhos,Mata Atlântica,1,-48.6000,-25.7400,-48.6000,-25.7400
Sul,PR,Mato Rico,Mata Atlântica,1,-52.2000,-24.6600,-52.2000,-24.6600
Sul,PR,Mauá da Serra,Mata Atlântica,1,-51.1200,-23.9400,-51.1200,-23.9400
Sul,PR,Medianeira,Mata Atlântica,1,-54.1800,-25.2000,-54.1800,-25.2000
Sul,PR,Mercedes,Mata Atlântica,1,-54.1800,-24.4800,-54.1800,-24.4800
Sul,PR,Mirador,Mata Atlântica,1,-52.7400,-23.2200,-52.7400,-23.2200
Sul,PR,Miraselva,Mata Atlântica,1,-51.4800,-23.0400,-51.4800,-23.0400
Sul,PR,Missal,Mata Atlântica,1,-54.1800,-25.0200,-54.1800,-25.0200
Sul,PR,Moreira Sales,Mata Atlântica,1,-53.1000,-23.9400,-53.1000,-23.9400
Sul,PR,Morretes,Mata Atlântica,2,-48.9600,-25.5600,-48.7800,-25.5600
Sul,PR,Nossa Senhora das Graças,Mata Atlântica,1,-51.8400,-22.8600,-51.8400,-22.8600
Sul,PR,Nova Aurora,Mata Atlântica,1,-53.2800,-24.4800,-53.2800,-24.4800
Sul,PR,Nova Cantu,Mata Atlântica,1,-52.5600,-24.6600,-52.5600,-24.6600
Sul,PR,Nova Esperança,Mata Atlântica,3,-52.3800,-23.2200,-52.2000,-23.0400
Sul,PR,Nova Esperança do Sudoeste,Mata Atlântica,1,-53.2800,-25.9200,-53.2800,-25.9200
Sul,PR,Nova Fátima,Mata Atlântica,1,-50.5800,-23.4000,-50.5800,-23.4000
Sul,PR,Nova Laranjeiras,Mata Atlântica,2,-52.5600,-25.3800,-52.5600,-25.2000
Sul,PR,Nova Olímpia,Mata Atlântica,1,-53.1000,-23.4000,-53.1000,-23.4000
Sul,PR,Nova Prata do Iguaçu,Mata Atlântica,2,-53.4600,-25.5600,-53.2800,-25.5600
Sul,PR,Nova Santa Bárbara,Mata Atlântica,1,-50.7600,-23.5800,-50.7600,-23.5800
Sul,PR,Nova Tebas,Mata Atlântica,2,-52.0200,-24.4800,-51.8400,-24.4800
Sul,PR,Novo Itacolomi,Mata Atlântica,1,-51.4800,-23.7600,-51.4800,-23.7600
Sul,PR,Ortigueira,Mata Atlântica,8,-51.3000,-24.3000,-50.7600,-23.9400
Sul,PR,Ourizona,Mata Atlântica,1,-52.2000,-23.4000,-52.2000,-23.4000
Sul,PR,Ouro Verde do Oeste,Mata Atlântica,1,-53.8200,-24.8400,-53.8200,-24.8400
Sul,PR,Palmas,Mata Atlântica,4,-52.0200,-26.4600,-51.6600,-26.2800
Sul,PR,Palmeira,Mata Atlântica,4,-50.2200,-25.5600,-49.8600,-25.3800
Sul,PR,Palmital,Mata Atlântica,3,-52.3800,-25.0200,-52.2000,-24.8400
Sul,PR,Palotina,Mata Atlântica,1,-53.8200,-24.3000,-53.8200,-24.3000
Sul,PR,Paranacity,Mata Atlântica,1,-52.2000,-22.8600,-52.2000,-22.8600
Sul,PR,Paranaguá,Mata Atlântica,2,-48.6000,-25.5600,-48.3300,-25.5150
Sul,PR,Paranavaí,Mata Atlântica,4,-52.5600,-23.0400,-52.3800,-22.6800
Sul,PR,Paraíso do Norte,Mata Atlântica,1,-52.5600,-23.2200,-52.5600,-23.2200
Sul,PR,Pato Branco,Mata Atlântica,1,-52.7400,-26.1000,-52.7400,-26.1000
Sul,PR,Paula Freitas,Mata Atlântica,1,-50.9400,-26.2800,-50.9400,-26.2800
Sul,PR,Paulo Frontin,Mata Atlântica,1,-50.7600,-26.1000,-50.7600,-26.1000
Sul,PR,Peabiru,Mata Atlântica,2,-52.3800,-23.9400,-52.2000,-23.9400
Sul,PR,Perobal,Mata Atlântica,2,-53.4600,-23.9400,-53.2800,-23.9400
Sul,PR,Pinhalão,Mata Atlântica,1,-50.0400,-23.9400,-50.0400,-23.9400
Sul,PR,Pinhão,Mata Atlântica,6,-52.0200,-25.9200,-51.4800,-25.7400
Sul,PR,Piraí do Sul,Cerrado,2,-50.0400,-24.4800,-50.0400,-24.3000
Sul,PR,Piraí do Sul,Mata Atlântica,2,-49.8600,-24.4800,-49.6800,-24.4800
Sul,PR,Pitanga,Mata Atlântica,5,-52.0200,-24.8400,-51.6600,-24.6600
Sul,PR,Piên,Mata Atlântica,1,-49.5000,-26.1000,-49.5000,-26.1000
Sul,PR,Planaltina do Paraná,Mata Atlântica,2,-52.9200,-23.2200,-52.9200,-23.0400
Sul,PR,Planalto,Mata Atlântica,2,-53.8200,-25.7400,-53.6400,-25.7400
Sul,PR,Ponta Grossa,Mata Atlântica,7,-50.4000,-25.3800,-49.8150,-25.0200
Sul,PR,Pontal do Paraná,Mata Atlântica,1,-48.4200,-25.5600,-48.4200,-25.5600
Sul,PR,Porto Barreiro,Mata Atlântica,1,-52.3800,-25.5600,-52.3800,-25.5600
Sul,PR,Porto Rico,Mata Atlântica,1,-53.2800,-22.8600,-53.2800,-22.8600
Sul,PR,Pranchita,Mata Atlântica,1,-53.8200,-25.9200,-53.8200,-25.9200
Sul,PR,Primeiro de Maio,Mata Atlântica,1,-51.1200,-22.8600,-51.1200,-22.8600
Sul,PR,Prudentópolis,Mata Atlântica,7,-51.3000,-25.3800,-50.9400,-24.8400
Sul,PR,Quarto Centenário,Mata Atlântica,2,-53.2800,-24.3000,-53.1000,-24.3000
Sul,PR,Quatro Barras,Mata Atlântica,1,-48.9600,-25.3800,-48.9600,-25.3800
Sul,PR,Quatro Pontes,Mata Atlântica,1,-54.0000,-24.6600,-54.0000,-24.6600
Sul,PR,Quedas do Iguaçu,Mata Atlântica,3,-53.1000,-25.5600,-52.9200,-25.3800
Sul,PR,Querência do Norte,Mata Atlântica,3,-53.6400,-23.2200,-53.4600,-22.8600
Sul,PR,Quitandinha,Mata Atlântica,1,-49.5000,-25.9200,-49.5000,-25.9200
Sul,PR,Rancho Alegre,Mata Atlântica,1,-50.9400,-23.0400,-50.9400,-23.0400
Sul,PR,Rancho Alegre D'Oeste,Mata Atlântica,1,-52.9200,-24.3000,-52.9200,-24.3000
Sul,PR,Rebouças,Mata Atlântica,1,-50.5800,-25.7400,-50.5800,-25.7400
Sul,PR,Renascença,Mata Atlântica,2,-52.9200,-26.2800,-52.9200,-26.1000
Sul,PR,Reserva,Mata Atlântica,4,-51.1200,-24.8400,-50.9400,-24.4800
Sul,PR,Reserva do Iguaçu,Mata Atlântica,2,-52.0200,-25.9200,-51.8400,-25.9200
Sul,PR,Ribeirão Claro,Mata Atlântica,2,-49.8600,-23.2200,-49.6800,-23.2200
Sul,PR,Ribeirão do Pinhal,Mata Atlântica,1,-50.4000,-23.4000,-50.4000,-23.4000
Sul,PR,Rio Azul,Mata Atlântica,1,-50.7600,-25.7400,-50.7600,-25.7400
Sul,PR,Rio Bonito do Iguaçu,Mata Atlântica,2,-52.7400,-25.5600,-52.5600,-25.5600
Sul,PR,Rio Branco do Ivaí,Mata Atlântica,1,-51.3000,-24.3000,-51.3000,-24.3000
Sul,PR,Rio Branco do Sul,Mata Atlântica,2,-49.5000,-25.2000,-49.3200,-25.0200
Sul,PR,Rio Negro,Mata Atlântica,1,-49.6800,-26.1000,-49.6800,-26.1000
Sul,PR,Rolândia,Mata Atlântica,1,-51.4800,-23.2200,-51.4800,-23.2200
Sul,PR,Roncador,Mata Atlântica,1,-52.3800,-24.6600,-52.3800,-24.6600
Sul,PR,Rondon,Mata Atlântica,2,-52.9200,-23.5800,-52.7400,-23.4000
Sul,PR,Rosário do Ivaí,Mata Atlântica,1,-51.1200,-24.3000,-51.1200,-24.3000
Sul,PR,Sabáudia,Mata Atlântica,1,-51.6600,-23.4000,-51.6600,-23.4000
Sul,PR,Salgado Filho,Mata Atlântica,1,-53.4600,-26.1000,-53.4600,-26.1000
Sul,PR,Salto do Lontra,Mata Atlântica,1,-53.2800,-25.7400,-53.2800,-25.7400
Sul,PR,Santa Cruz de Monte Castelo,Mata Atlântica,1,-53.2800,-23.0400,-53.2800,-23.0400
Sul,PR,Santa Fé,Mata Atlântica,1,-51.8400,-23.0400,-51.8400,-23.0400
Sul,PR,Santa Helena,Mata Atlântica,2,-54.3600,-25.0200,-54.3600,-24.8400
Sul,PR,Santa Izabel do Oeste,Mata Atlântica,1,-53.4600,-25.7400,-53.4600,-25.7400
Sul,PR,Santa Maria do Oeste,Mata Atlântica,1,-52.0200,-24.8400,-52.0200,-24.8400
Sul,PR,Santa Mariana,Mata Atlântica,1,-50.5800,-23.0400,-50.5800,-23.0400
Sul,PR,Santa Mônica,Mata Atlântica,1,-53.1000,-23.2200,-53.1000,-23.2200
Sul,PR,Santa Tereza do Oeste,Mata Atlântica,1,-53.6400,-25.0200,-53.6400,-25.0200
Sul,PR,Santana do Itararé,Mata Atlântica,1,-49.6800,-23.7600,-49.6800,-23.7600
Sul,PR,Santo Antônio da Platina,Mata Atlântica,3,-50.2200,-23.4000,-50.0400,-23.2200
Sul,PR,Santo Antônio do Caiuá,Mata Atlântica,1,-52.3800,-22.6800,-52.3800,-22.6800
Sul,PR,Santo Antônio do Sudoeste,Mata Atlântica,1,-53.6400,-26.1000,-53.6400,-26.1000
Sul,PR,Santo Inácio,Mata Atlântica,1,-51.8400,-22.6800,-51.8400,-22.6800
Sul,PR,Sapopema,Mata Atlântica,2,-50.5800,-23.9400,-50.5800,-23.7600
Sul,PR,Sarandi,Mata Atlântica,1,-51.8400,-23.4000,-51.8400,-23.4000
Sul,PR,Saudade do Iguaçu,Mata Atlântica,1,-52.5600,-25.7400,-52.5600,-25.7400
Sul,PR,Sengés,Cerrado,2,-49.5000,-24.3000,-49.5000,-24.1200
Sul,PR,Sengés,Mata Atlântica,1,-49.3200,-24.3000,-49.3200,-24.3000
Sul,PR,Serranópolis do Iguaçu,Mata Atlântica,2,-54.0000,-25.5600,-54.0000,-25.3800
Sul,PR,Sertaneja,Mata Atlântica,1,-50.9400,-22.8600,-50.9400,-22.8600
Sul,PR,Sertanópolis,Mata Atlântica,1,-51.1200,-23.0400,-51.1200,-23.0400
Sul,PR,Siqueira Campos,Mata Atlântica,2,-49.8600,-23.5800,-49.6800,-23.5800
Sul,PR,Sulina,Mata Atlântica,1,-52.7400,-25.7400,-52.7400,-25.7400
Sul,PR,São Jerônimo da Serra,Mata Atlântica,1,-50.7600,-23.7600,-50.7600,-23.7600
Sul,PR,São Jorge d'Oeste,Mata Atlântica,1,-52.9200,-25.7400,-52.9200,-25.7400
Sul,PR,São Jorge do Patrocínio,Mata Atlântica,2,-54.0000,-23.7600,-53.8200,-23.7600
Sul,PR,São José da Boa Vista,Mata Atlântica,1,-49.6800,-23.9400,-49.6800,-23.9400
Sul,PR,São José das Palmeiras,Mata Atlântica,1,-54.1800,-24.8400,-54.1800,-24.8400
Sul,PR,São José dos Pinhais,Mata Atlântica,3,-49.1400,-25.7400,-48.9600,-25.5600
Sul,PR,São João do Caiuá,Mata Atlântica,1,-52.3800,-22.8600,-52.3800,-22.8600
Sul,PR,São João do Ivaí,Mata Atlântica,1,-51.8400,-23.9400,-51.8400,-23.9400
Sul,PR,São João do Triunfo,Mata Atlântica,2,-50.4000,-25.7400,-50.2200,-25.7400
Sul,PR,São Mateus do Sul,Mata Atlântica,3,-50.5800,-25.9200,-50.2200,-25.9200
Sul,PR,São Miguel do Iguaçu,Mata Atlântica,2,-54.3600,-25.3800,-54.1800,-25.3800
Sul,PR,São Pedro do Iguaçu,Mata Atlântica,1,-54.0000,-24.8400,-54.0000,-24.8400
Sul,PR,São Sebastião da Amoreira,Mata Atlântica,1,-50.7600,-23.4000,-50.7600,-23.4000
Sul,PR,São Tomé,Mata Atlântica,1,-52.5600,-23.5800,-52.5600,-23.5800
Sul,PR,Tamarana,Mata Atlântica,2,-51.1200,-23.7600,-50.9400,-23.7600
Sul,PR,Tapejara,Mata Atlântica,2,-52.9200,-23.7600,-52.7400,-23.5800
Sul,PR,Teixeira Soares,Mata Atlântica,2,-50.4000,-25.3800,-50.4000,-25.2000
Sul,PR,Telêmaco Borba,Mata Atlântica,4,-50.5800,-24.3000,-50.4000,-24.1200
Sul,PR,Terra Rica,Mata Atlântica,1,-52.7400,-22.6800,-52.7400,-22.6800
Sul,PR,Terra Roxa,Mata Atlântica,2,-54.0000,-24.3000,-54.0000,-24.1200
Sul,PR,Tibagi,Cerrado,1,-50.2200,-24.4800,-50.2200,-24.4800
Sul,PR,Tibagi,Mata Atlântica,8,-50.7600,-24.8400,-50.2200,-24.4800
Sul,PR,Tijucas do Sul,Mata Atlântica,1,-49.1400,-25.9200,-49.1400,-25.9200
Sul,PR,Toledo,Mata Atlântica,3,-53.8200,-24.6600,-53.6400,-24.4800
Sul,PR,Tomazina,Mata Atlântica,2,-50.0400,-23.7600,-49.8600,-23.5800
Sul,PR,Três Barras do Paraná,Mata Atlântica,1,-53.2800,-25.3800,-53.2800,-25.3800
Sul,PR,Tunas do Paraná,Mata Atlântica,1,-48.9600,-25.0200,-48.9600,-25.0200
Sul,PR,Tuneiras do Oeste,Mata Atlântica,3,-52.9200,-23.9400,-52.7400,-23.7600
Sul,PR,Tupãssi,Mata Atlântica,1,-53.4600,-24.6600,-53.4600,-24.6600
Sul,PR,Turvo,Mata Atlântica,2,-51.6600,-25.0200,-51.4800,-25.0200
Sul,PR,Ubiratã,Mata Atlântica,2,-53.1000,-24.4800,-52.9200,-24.4800
Sul,PR,Umuarama,Mata Atlântica,4,-53.6400,-23.7600,-53.2800,-23.5800
Sul,PR,Uniflor,Mata Atlântica,1,-52.0200,-23.0400,-52.0200,-23.0400
Sul,PR,União da Vitória,Mata Atlântica,2,-51.1200,-26.1000,-50.9400,-26.1000
Sul,PR,Uraí,Mata Atlântica,1,-50.7600,-23.2200,-50.7600,-23.2200
Sul,PR,Ventania,Cerrado,1,-50.2200,-24.3000,-50.2200,-24.3000
Sul,PR,Ventania,Mata Atlântica,1,-50.2200,-24.1200,-50.2200,-24.1200
Sul,PR,Vera Cruz do Oeste,Mata Atlântica,1,-53.8200,-25.0200,-53.8200,-25.0200
Sul,PR,Verê,Mata Atlântica,1,-52.9200,-25.9200,-52.9200,-25.9200
Sul,PR,Virmond,Mata Atlântica,1,-52.2000,-25.3800,-52.2000,-25.3800
Sul,PR,Vitorino,Mata Atlântica,1,-52.7400,-26.2800,-52.7400,-26.2800
Sul,PR,Xambrê,Mata Atlântica,1,-53.6400,-23.7600,-53.6400,-23.7600
Sul,RS,Aceguá,Pampa,5,-54.3600,-31.8600,-54.0000,-31.5000
Sul,RS,Agudo,Mata Atlântica,3,-53.2800,-29.7000,-53.1000,-29.5200
Sul,RS,Ajuricaba,Mata Atlântica,1,-53.8200,-28.2600,-53.8200,-28.2600
Sul,RS,Alegrete,Pampa,22,-56.3400,-30.0600,-55.2600,-29.3400
Sul,RS,Almirante Tamandaré do Sul,Pampa,1,-52.9200,-28.0800,-52.9200,-28.0800
Sul,RS,Alpestre,Mata Atlântica,1,-53.1000,-27.1800,-53.1000,-27.1800
Sul,RS,Alto Feliz,Mata Atlântica,1,-51.3000,-29.3400,-51.3000,-29.3400
Sul,RS,Amaral Ferrador,Pampa,2,-52.3800,-30.7800,-52.2000,-30.7800
Sul,RS,André da Rocha,Mata Atlântica,1,-51.4800,-28.6200,-51.4800,-28.6200
Sul,RS,Anta Gorda,Mata Atlântica,1,-52.0200,-28.9800,-52.0200,-28.9800
Sul,RS,Arambaré,Pampa,1,-51.6600,-30.7800,-51.6600,-30.7800
Sul,RS,Aratiba,Mata Atlântica,1,-52.3800,-27.3600,-52.3800,-27.3600
Sul,RS,Arroio Grande,Pampa,10,-53.2800,-32.4000,-52.5600,-32.0400
Sul,RS,Arroio do Meio,Mata Atlântica,1,-52.0200,-29.3400,-52.0200,-29.3400
Sul,RS,Arroio do Padre,Pampa,1,-52.3800,-31.5000,-52.3800,-31.5000
Sul,RS,Arroio do Tigre,Mata Atlântica,1,-53.1000,-29.3400,-53.1000,-29.3400
Sul,RS,Arroio dos Ratos,Pampa,2,-51.8400,-30.2400,-51.6600,-30.0600
Sul,RS,Augusto Pestana,Mata Atlântica,1,-54.0000,-28.4400,-54.0000,-28.4400
Sul,RS,Augusto Pestana,Pampa,1,-54.0000,-28.6200,-54.0000,-28.6200
Sul,RS,Bagé,Pampa,13,-54.5400,-31.5000,-53.4600,-30.9600
Sul,RS,Barra do Quaraí,Pampa,4,-57.4200,-30.2400,-57.2400,-30.0600
Sul,RS,Barra do Ribeiro,Pampa,3,-51.4800,-30.4200,-51.3000,-30.2400
Sul,RS,Barracão,Mata Atlântica,1,-51.4800,-27.7200,-51.4800,-27.7200
Sul,RS,Barros Cassal,Mata Atlântica,3,-52.7400,-29.1600,-52.5600,-28.9800
Sul,RS,Barão de Cotegipe,Mata Atlântica,1,-52.3800,-27.5400,-52.3800,-27.5400
Sul,RS,Barão do Triunfo,Pampa,1,-51.8400,-30.4200,-51.8400,-30.4200
Sul,RS,Bento Gonçalves,Mata Atlântica,1,-51.4800,-29.1600,-51.4800,-29.1600
Sul,RS,Boa Vista das Missões,Mata Atlântica,1,-53.2800,-27.7200,-53.2800,-27.7200
Sul,RS,Boa Vista do Cadeado,Mata Atlântica,1,-53.8200,-28.6200,-53.8200,-28.6200
Sul,RS,Boa Vista do Cadeado,Pampa,1,-53.8200,-28.8000,-53.8200,-28.8000
Sul,RS,Boa Vista do Incra,Pampa,2,-53.4600,-28.9800,-53.4600,-28.8000
Sul,RS,Boa Vista do Sul,Mata Atlântica,1,-51.6600,-29.3400,-51.6600,-29.3400
Sul,RS,Bom Jesus,Mata Atlântica,8,-50.5800,-28.8000,-50.0400,-28.4400
Sul,RS,Bom Progresso,Mata Atlântica,1,-53.8200,-27.5400,-53.8200,-27.5400
Sul,RS,Boqueirão do Leão,Mata Atlântica,1,-52.3800,-29.3400,-52.3800,-29.3400
Sul,RS,Bossoroca,Pampa,4,-55.0800,-28.8000,-54.7200,-28.6200
Sul,RS,Brochier,Mata Atlântica,1,-51.6600,-29.5200,-51.6600,-29.5200
Sul,RS,Butiá,Pampa,1,-52.0200,-30.2400,-52.0200,-30.2400
Sul,RS,Cacequi,Pampa,8,-55.2600,-30.0600,-54.3600,-29.8800
Sul,RS,Cachoeira do Sul,Pampa,12,-53.2800,-30.6000,-52.7400,-29.8800
Sul,RS,Caibaté,Pampa,1,-54.7200,-28.2600,-54.7200,-28.2600
Sul,RS,Camaquã,Pampa,4,-51.8400,-31.1400,-51.6600,-30.7800
Sul,RS,Camargo,Mata Atlântica,1,-52.2000,-28.6200,-52.2000,-28.6200
Sul,RS,Cambará do Sul,Mata Atlântica,4,-50.2200,-29.1600,-50.0400,-28.9800
Sul,RS,Campestre da Serra,Mata Atlântica,2,-51.1200,-28.8000,-51.1200,-28.6200
Sul,RS,Campinas do Sul,Pampa,1,-52.7400,-27.7200,-52.7400,-27.7200
Sul,RS,Campo Novo,Mata Atlântica,1,-53.8200,-27.7200,-53.8200,-27.7200
Sul,RS,Candelária,Mata Atlântica,3,-52.9200,-29.7000,-52.7400,-29.5200
Sul,RS,Candiota,Pampa,3,-53.8200,-31.6800,-53.6400,-31.5000
Sul,RS,Canela,Mata Atlântica,1,-50.7600,-29.3400,-50.7600,-29.3400
Sul,RS,Canguçu,Pampa,10,-52.9200,-31.5000,-52.3800,-30.9600
Sul,RS,Canoas,Pampa,1,-51.1200,-29.8800,-51.1200,-29.8800
Sul,RS,Canudos do Vale,Mata Atlântica,1,-52.2000,-29.3400,-52.2000,-29.3400
Sul,RS,Capela de Santana,Mata Atlântica,1,-51.3000,-29.7000,-51.3000,-29.7000
Sul,RS,Capivari do Sul,Pampa,1,-50.5800,-30.0600,-50.5800,-30.0600
Sul,RS,Capão Bonito do Sul,Mata Atlântica,2,-51.4800,-28.0800,-51.3000,-28.0800
Sul,RS,Capão do Cipó,Pampa,2,-54.5400,-29.1600,-54.5400,-28.9800
Sul,RS,Capão do Leão,Pampa,1,-52.5600,-31.8600,-52.5600,-31.8600
Sul,RS,Carazinho,Mata Atlântica,1,-53.1000,-28.2600,-53.1000,-28.2600
Sul,RS,Carazinho,Pampa,2,-52.9200,-28.2600,-52.7400,-28.2600
Sul,RS,Carlos Barbosa,Mata Atlântica,1,-51.4800,-29.3400,-51.4800,-29.3400
Sul,RS,Caseiros,Mata Atlântica,1,-51.6600,-28.2600,-51.6600,-28.2600
Sul,RS,Catuípe,Mata Atlântica,1,-54.0000,-28.2600,-54.0000,-28.2600
Sul,RS,Catuípe,Pampa,1,-54.0000,-28.0800,-54.0000,-28.0800
Sul,RS,Caxias do Sul,Mata Atlântica,3,-51.1200,-29.1600,-50.9400,-28.9800
Sul,RS,Caçapava do Sul,Pampa,8,-53.6400,-30.7800,-53.2800,-30.4200
Sul,RS,Centenário,Mata Atlântica,1,-52.0200,-27.7200,-52.0200,-27.7200
Sul,RS,Cerrito,Pampa,2,-52.7400,-31.8600,-52.7400,-31.6800
Sul,RS,Cerro Grande do Sul,Pampa,2,-51.8400,-30.6000,-51.6600,-30.6000
Sul,RS,Cerro Largo,Mata Atlântica,1,-54.7200,-28.0800,-54.7200,-28.0800
Sul,RS,Chapada,Pampa,2,-53.2800,-28.0800,-53.1000,-28.0800
Sul,RS,Charrua,Mata Atlântica,1,-52.0200,-27.9000,-52.0200,-27.9000
Sul,RS,Chuvisca,Pampa,1,-52.0200,-30.7800,-52.0200,-30.7800
Sul,RS,Chuí,Pampa,1,-53.4600,-33.6600,-53.4600,-33.6600
Sul,RS,Cidreira,Pampa,1,-50.2200,-30.0600,-50.2200,-30.0600
Sul,RS,Condor,Pampa,1,-53.4600,-28.0800,-53.4600,-28.0800
Sul,RS,Coqueiros do Sul,Mata Atlântica,1,-52.7400,-28.0800,-52.7400,-28.0800
Sul,RS,Coronel Bicaco,Mata Atlântica,1,-53.6400,-27.7200,-53.6400,-27.7200
Sul,RS,Coronel Bicaco,Pampa,1,-53.6400,-27.9000,-53.6400,-27.9000
Sul,RS,Cotiporã,Mata Atlântica,1,-51.6600,-28.9800,-51.6600,-28.9800
Sul,RS,Coxilha,Mata Atlântica,1,-52.2000,-28.0800,-52.2000,-28.0800
Sul,RS,Coxilha,Pampa,1,-52.3800,-28.0800,-52.3800,-28.0800
Sul,RS,Crissiumal,Mata Atlântica,1,-54.1800,-27.5400,-54.1800,-27.5400
Sul,RS,Cristal,Pampa,3,-52.2000,-31.1400,-52.0200,-30.9600
Sul,RS,Cruz Alta,Mata Atlântica,1,-53.6400,-28.6200,-53.6400,-28.6200
Sul,RS,Cruz Alta,Pampa,2,-53.6400,-28.8000,-53.4600,-28.6200
Sul,RS,Cruzeiro do Sul,Mata Atlântica,1,-52.0200,-29.5200,-52.0200,-29.5200
Sul,RS,Cândido Godói,Mata Atlântica,1,-54.7200,-27.9000,-54.7200,-27.9000
Sul,RS,David Canabarro,Mata Atlântica,1,-51.8400,-28.4400,-51.8400,-28.4400
Sul,RS,Derrubadas,Mata Atlântica,1,-53.8200,-27.1800,-53.8200,-27.1800
Sul,RS,Dezesseis de Novembro,Mata Atlântica,1,-55.0800,-28.2600,-55.0800,-28.2600
Sul,RS,Dilermando de Aguiar,Pampa,2,-54.1800,-29.8800,-54.1800,-29.7000
Sul,RS,Dois Irmãos das Missões,Pampa,1,-53.4600,-27.7200,-53.4600,-27.7200
Sul,RS,Dois Lajeados,Mata Atlântica,1,-51.8400,-28.9800,-51.8400,-28.9800
Sul,RS,Dom Feliciano,Pampa,3,-52.3800,-30.6000,-52.0200,-30.6000
Sul,RS,Dom Pedrito,Pampa,18,-55.0800,-31.3200,-54.1800,-30.6000
Sul,RS,Dom Pedro de Alcântara,Mata Atlântica,1,-49.8600,-29.3400,-49.8600,-29.3400
Sul,RS,Doutor Maurício Cardoso,Mata Atlântica,1,-54.3600,-27.5400,-54.3600,-27.5400
Sul,RS,Eldorado do Sul,Pampa,1,-51.4800,-30.0600,-51.4800,-30.0600
Sul,RS,Encruzilhada do Sul,Pampa,9,-52.9200,-30.7800,-52.3800,-30.4200
Sul,RS,Engenho Velho,Mata Atlântica,1,-52.9200,-27.7200,-52.9200,-27.7200
Sul,RS,Entre Rios do Sul,Pampa,1,-52.7400,-27.5400,-52.7400,-27.5400
Sul,RS,Entre-Ijuís,Pampa,3,-54.3600,-28.6200,-54.1800,-28.4400
Sul,RS,Erechim,Mata Atlântica,1,-52.2000,-27.7200,-52.2000,-27.7200
Sul,RS,Ernestina,Pampa,1,-52.5600,-28.4400,-52.5600,-28.4400
Sul,RS,Erval Grande,Mata Atlântica,1,-52.5600,-27.3600,-52.5600,-27.3600
Sul,RS,Erval Seco,Mata Atlântica,1,-53.4600,-27.5400,-53.4600,-27.5400
Sul,RS,Esmeralda,Mata Atlântica,2,-51.3000,-28.0800,-51.1200,-27.9000
Sul,RS,Esperança do Sul,Mata Atlântica,1,-54.0000,-27.3600,-54.0000,-27.3600
Sul,RS,Espumoso,Mata Atlântica,4,-52.9200,-28.9800,-52.7400,-28.8000
Sul,RS,Estrela Velha,Pampa,1,-53.1000,-29.1600,-53.1000,-29.1600
Sul,RS,Eugênio de Castro,Pampa,1,-54.1800,-28.6200,-54.1800,-28.6200
Sul,RS,Farroupilha,Mata Atlântica,1,-51.3000,-29.1600,-51.3000,-29.1600
Sul,RS,Faxinal do Soturno,Mata Atlântica,1,-53.4600,-29.5200,-53.4600,-29.5200
Sul,RS,Feliz,Mata Atlântica,1,-51.3000,-29.5200,-51.3000,-29.5200
Sul,RS,Fontoura Xavier,Mata Atlântica,1,-52.3800,-28.9800,-52.3800,-28.9800
Sul,RS,Formigueiro,Pampa,1,-53.6400,-30.0600,-53.6400,-30.0600
Sul,RS,Fortaleza dos Valos,Pampa,2,-53.2800,-28.9800,-53.2800,-28.8000
Sul,RS,Frederico Westphalen,Mata Atlântica,1,-53.2800,-27.3600,-53.2800,-27.3600
Sul,RS,Garruchos,Pampa,1,-55.6200,-28.2600,-55.6200,-28.2600
Sul,RS,General Câmara,Pampa,2,-52.0200,-29.8800,-51.8400,-29.8800
Sul,RS,Gentil,Mata Atlântica,1,-52.0200,-28.4400,-52.0200,-28.4400
Sul,RS,Getúlio Vargas,Mata Atlântica,1,-52.2000,-27.9000,-52.2000,-27.9000
Sul,RS,Giruá,Mata Atlântica,1,-54.3600,-27.9000,-54.3600,-27.9000
Sul,RS,Giruá,Pampa,2,-54.3600,-28.0800,-54.1800,-28.0800
Sul,RS,Glorinha,Pampa,1,-50.7600,-29.8800,-50.7600,-29.8800
Sul,RS,Gramado,Mata Atlântica,1,-50.9400,-29.3400,-50.9400,-29.3400
Sul,RS,Gramado Xavier,Mata Atlântica,1,-52.5600,-29.3400,-52.5600,-29.3400
Sul,RS,Gravataí,Pampa,1,-50.9400,-29.8800,-50.9400,-29.8800
Sul,RS,Guabiju,Mata Atlântica,1,-51.6600,-28.6200,-51.6600,-28.6200
Sul,RS,Guarani das Missões,Mata Atlântica,1,-54.5400,-28.2600,-54.5400,-28.2600
Sul,RS,Guaíba,Pampa,1,-51.4800,-30.2400,-51.4800,-30.2400
Sul,RS,Herval,Pampa,4,-53.6400,-32.0400,-53.2800,-31.8600
Sul,RS,Hulha Negra,Pampa,1,-53.8200,-31.3200,-53.8200,-31.3200
Sul,RS,Humaitá,Mata Atlântica,1,-54.0000,-27.5400,-54.0000,-27.5400
Sul,RS,Ibiaçá,Mata Atlântica,2,-51.8400,-28.0800,-51.6600,-28.0800
Sul,RS,Ibiraiaras,Mata Atlântica,1,-51.6600,-28.4400,-51.6600,-28.4400
Sul,RS,Ibirapuitã,Mata Atlântica,1,-52.3800,-28.6200,-52.3800,-28.6200
Sul,RS,Ibirubá,Mata Atlântica,1,-53.1000,-28.6200,-53.1000,-28.6200
Sul,RS,Ibirubá,Pampa,1,-53.2800,-28.6200,-53.2800,-28.6200
Sul,RS,Ijuí,Mata Atlântica,1,-53.8200,-28.4400,-53.8200,-28.4400
Sul,RS,Ijuí,Pampa,1,-53.8200,-28.0800,-53.8200,-28.0800
Sul,RS,Independência,Pampa,1,-54.1800,-27.9000,-54.1800,-27.9000
Sul,RS,Inhacorá,Pampa,1,-54.0000,-27.9000,-54.0000,-27.9000
Sul,RS,Ipiranga do Sul,Pampa,1,-52.3800,-27.9000,-52.3800,-27.9000
Sul,RS,Ipê,Mata Atlântica,2,-51.3000,-28.8000,-51.3000,-28.6200
Sul,RS,Itacurubi,Pampa,3,-55.4400,-28.8000,-55.0800,-28.8000
Sul,RS,Itapuca,Mata Atlântica,1,-52.2000,-28.8000,-52.2000,-28.8000
Sul,RS,Itaqui,Pampa,12,-56.5200,-29.3400,-55.6200,-28.9800
Sul,RS,Ivorá,Mata Atlântica,1,-53.6400,-29.5200,-53.6400,-29.5200
Sul,RS,Jaboticaba,Mata Atlântica,1,-53.2800,-27.5400,-53.2800,-27.5400
Sul,RS,Jacuizinho,Pampa,1,-53.1000,-28.9800,-53.1000,-28.9800
Sul,RS,Jacutinga,Mata Atlântica,1,-52.5600,-27.7200,-52.5600,-27.7200
Sul,RS,Jaguari,Mata Atlântica,2,-54.7200,-29.5200,-54.5400,-29.3400
Sul,RS,Jaguarão,Pampa,7,-53.6400,-32.5800,-53.1000,-32.2200
Sul,RS,Jaquirana,Mata Atlântica,2,-50.5800,-28.9800,-50.4000,-28.8000
Sul,RS,Jari,Pampa,2,-54.3600,-29.3400,-54.1800,-29.3400
Sul,RS,Jóia,Pampa,2,-54.1800,-28.8000,-54.0000,-28.8000
Sul,RS,Júlio de Castilhos,Pampa,7,-53.8200,-29.3400,-53.2800,-29.1600
Sul,RS,Lagoa Vermelha,Mata Atlântica,2,-51.4800,-28.4400,-51.4800,-28.2600
Sul,RS,Lavras do Sul,Pampa,7,-54.5400,-30.9600,-53.8200,-30.6000
Sul,RS,Liberato Salzano,Mata Atlântica,1,-53.1000,-27.5400,-53.1000,-27.5400
Sul,RS,Machadinho,Mata Atlântica,1,-51.6600,-27.5400,-51.6600,-27.5400
Sul,RS,Mampituba,Mata Atlântica,1,-50.0400,-29.3400,-50.0400,-29.3400
Sul,RS,Manoel Viana,Pampa,3,-55.6200,-29.5200,-55.4400,-29.3400
Sul,RS,Maquiné,Mata Atlântica,3,-50.2200,-29.7000,-50.0400,-29.5200
Sul,RS,Marau,Mata Atlântica,2,-52.3800,-28.4400,-52.2000,-28.4400
Sul,RS,Mariana Pimentel,Pampa,1,-51.6600,-30.2400,-51.6600,-30.2400
Sul,RS,Mariano Moro,Mata Atlântica,1,-52.2000,-27.3600,-52.2000,-27.3600
Sul,RS,Mata,Mata Atlântica,1,-54.5400,-29.5200,-54.5400,-29.5200
Sul,RS,Mato Castelhano,Pampa,1,-52.2000,-28.2600,-52.2000,-28.2600
Sul,RS,Maximiliano de Almeida,Mata Atlântica,1,-51.8400,-27.5400,-51.8400,-27.5400
Sul,RS,Maçambará,Pampa,2,-55.9800,-29.1600,-55.4400,-28.9800
Sul,RS,Minas do Leão,Pampa,1,-52.0200,-30.0600,-52.0200,-30.0600
Sul,RS,Monte Alegre dos Campos,Mata Atlântica,2,-50.9400,-28.8000,-50.7600,-28.6200
Sul,RS,Monte Belo do Sul,Mata Atlântica,1,-51.6600,-29.1600,-51.6600,-29.1600
Sul,RS,Montenegro,Mata Atlântica,1,-51.4800,-29.7000,-51.4800,-29.7000
Sul,RS,Morro Redondo,Pampa,1,-52.5600,-31.6800,-52.5600,-31.6800
Sul,RS,Mostardas,Pampa,6,-51.1200,-31.1400,-50.5800,-30.6000
Sul,RS,Muitos Capões,Mata Atlântica,4,-51.3000,-28.4400,-51.1200,-28.2600
Sul,RS,Muliterno,Mata Atlântica,1,-51.8400,-28.2600,-51.8400,-28.2600
Sul,RS,Nonoai,Mata Atlântica,2,-52.9200,-27.3600,-52.7400,-27.3600
Sul,RS,Nova Esperança do Sul,Pampa,1,-54.9000,-29.3400,-54.9000,-29.3400
Sul,RS,Nova Petrópolis,Mata Atlântica,1,-51.1200,-29.3400,-51.1200,-29.3400
Sul,RS,Nova Prata,Mata Atlântica,1,-51.6600,-28.8000,-51.6600,-28.8000
Sul,RS,Nova Pádua,Mata Atlântica,1,-51.3000,-28.9800,-51.3000,-28.9800
Sul,RS,Nova Ramada,Pampa,1,-53.6400,-28.0800,-53.6400,-28.0800
Sul,RS,Nova Santa Rita,Pampa,1,-51.3000,-29.8800,-51.3000,-29.8800
Sul,RS,Novo Barreiro,Mata Atlântica,1,-53.1000,-27.9000,-53.1000,-27.9000
Sul,RS,Novo Hamburgo,Mata Atlântica,1,-51.1200,-29.7000,-51.1200,-29.7000
Sul,RS,Novo Machado,Mata Atlântica,1,-54.5400,-27.5400,-54.5400,-27.5400
Sul,RS,Novo Xingu,Mata Atlântica,1,-53.1000,-27.7200,-53.1000,-27.7200
Sul,RS,Não-Me-Toque,Mata Atlântica,2,-52.9200,-28.4400,-52.7400,-28.4400
Sul,RS,Osório,Pampa,2,-50.4000,-30.0600,-50.2200,-29.8800
Sul,RS,Paim Filho,Mata Atlântica,1,-51.8400,-27.7200,-51.8400,-27.7200
Sul,RS,Palmares do Sul,Pampa,2,-50.4000,-30.4200,-50.4000,-30.2400
Sul,RS,Palmeira das Missões,Pampa,2,-53.4600,-27.9000,-53.2800,-27.9000
Sul,RS,Palmitinho,Mata Atlântica,1,-53.6400,-27.3600,-53.6400,-27.3600
Sul,RS,Panambi,Mata Atlântica,2,-53.6400,-28.2600,-53.4600,-28.2600
Sul,RS,Panambi,Pampa,1,-53.4600,-28.4400,-53.4600,-28.4400
Sul,RS,Pantano Grande,Pampa,2,-52.3800,-30.4200,-52.2000,-30.2400
Sul,RS,Paraí,Mata Atlântica,1,-51.8400,-28.6200,-51.8400,-28.6200
Sul,RS,Paraíso do Sul,Mata Atlântica,1,-53.1000,-29.7000,-53.1000,-29.7000
Sul,RS,Passo Fundo,Mata Atlântica,1,-52.3800,-28.2600,-52.3800,-28.2600
Sul,RS,Passo Fundo,Pampa,1,-52.5600,-28.2600,-52.5600,-28.2600
Sul,RS,Passo do Sobrado,Pampa,1,-52.2000,-29.7000,-52.2000,-29.7000
Sul,RS,Paulo Bento,Mata Atlântica,1,-52.3800,-27.7200,-52.3800,-27.7200
Sul,RS,Pedras Altas,Pampa,4,-53.8200,-32.0400,-53.6400,-31.6800
Sul,RS,Pejuçara,Mata Atlântica,1,-53.6400,-28.4400,-53.6400,-28.4400
Sul,RS,Pelotas,Pampa,4,-52.5600,-31.6800,-52.2000,-31.5000
Sul,RS,Pinhal Grande,Mata Atlântica,1,-53.2800,-29.3400,-53.2800,-29.3400
Sul,RS,Pinhal da Serra,Mata Atlântica,1,-51.1200,-27.9000,-51.1200,-27.9000
Sul,RS,Pinheiro Machado,Pampa,7,-53.4600,-31.8600,-53.2800,-31.1400
Sul,RS,Pirapó,Mata Atlântica,1,-55.2600,-28.0800,-55.2600,-28.0800
Sul,RS,Piratini,Pampa,11,-53.2800,-31.8600,-52.9200,-30.9600
Sul,RS,Planalto,Mata Atlântica,1,-53.1000,-27.3600,-53.1000,-27.3600
Sul,RS,Pontão,Pampa,1,-52.5600,-28.0800,-52.5600,-28.0800
Sul,RS,Porto Alegre,Pampa,2,-51.1200,-30.2400,-51.1200,-30.0600
Sul,RS,Porto Lucena,Mata Atlântica,1,-54.9000,-27.9000,-54.9000,-27.9000
Sul,RS,Porto Vera Cruz,Mata Atlântica,1,-54.9000,-27.7200,-54.9000,-27.7200
Sul,RS,Porto Xavier,Mata Atlântica,1,-55.0800,-27.9000,-55.0800,-27.9000
Sul,RS,Pouso Novo,Mata Atlântica,1,-52.2000,-29.1600,-52.2000,-29.1600
Sul,RS,Presidente Lucena,Mata Atlântica,1,-51.1200,-29.5200,-51.1200,-29.5200
Sul,RS,Progresso,Mata Atlântica,1,-52.3800,-29.1600,-52.3800,-29.1600
Sul,RS,Protásio Alves,Mata Atlântica,1,-51.4800,-28.8000,-51.4800,-28.8000
Sul,RS,Putinga,Mata Atlântica,1,-52.2000,-28.9800,-52.2000,-28.9800
Sul,RS,Quaraí,Pampa,8,-56.5200,-30.4200,-55.8000,-30.2400
Sul,RS,Quatro Irmãos,Pampa,1,-52.5600,-27.9000,-52.5600,-27.9000
Sul,RS,Quevedos,Pampa,2,-54.0000,-29.3400,-54.0000,-29.1600
Sul,RS,Quinze de Novembro,Mata Atlântica,1,-53.1000,-28.8000,-53.1000,-28.8000
Sul,RS,Redentora,Mata Atlântica,1,-53.6400,-27.5400,-53.6400,-27.5400
Sul,RS,Relvado,Mata Atlântica,1,-52.0200,-29.1600,-52.0200,-29.1600
Sul,RS,Restinga Sêca,Pampa,3,-53.4600,-29.8800,-53.2800,-29.7000
Sul,RS,Rio Grande,Pampa,8,-52.5600,-32.5800,-52.2000,-31.8600
Sul,RS,Rio Pardo,Pampa,9,-52.7400,-30.2400,-52.2000,-29.8800
Sul,RS,Riozinho,Mata Atlântica,2,-50.4000,-29.7000,-50.4000,-29.5200
Sul,RS,Roca Sales,Mata Atlântica,2,-51.8400,-29.3400,-51.8400,-29.1600
Sul,RS,Rolador,Mata Atlântica,1,-54.9000,-28.2600,-54.9000,-28.2600
Sul,RS,Rolante,Mata Atlântica,1,-50.5800,-29.7000,-50.5800,-29.7000
Sul,RS,Ronda Alta,Pampa,1,-52.7400,-27.9000,-52.7400,-27.9000
Sul,RS,Roque Gonzales,Mata Atlântica,1,-55.0800,-28.0800,-55.0800,-28.0800
Sul,RS,Rosário do Sul,Pampa,11,-55.6200,-30.6000,-54.7200,-30.0600
Sul,RS,Saldanha Marinho,Mata Atlântica,1,-53.1000,-28.4400,-53.1000,-28.4400
Sul,RS,Sananduva,Mata Atlântica,1,-51.8400,-27.9000,-51.8400,-27.9000
Sul,RS,Sant'Ana do Livramento,Pampa,22,-56.1600,-31.3200,-55.0800,-30.4200
Sul,RS,Santa Bárbara do Sul,Pampa,2,-53.2800,-28.4400,-53.2800,-28.2600
Sul,RS,Santa Cruz do Sul,Mata Atlântica,2,-52.3800,-29.7000,-52.3800,-29.5200
Sul,RS,Santa Margarida do Sul,Pampa,3,-54.1800,-30.4200,-54.0000,-30.2400
Sul,RS,Santa Maria,Mata Atlântica,2,-53.8200,-29.7000,-53.6400,-29.7000
Sul,RS,Santa Maria,Pampa,4,-54.0000,-29.8800,-53.6400,-29.7000
Sul,RS,Santa Maria do Herval,Mata Atlântica,1,-50.9400,-29.5200,-50.9400,-29.5200
Sul,RS,Santa Rosa,Mata Atlântica,1,-54.5400,-27.9000,-54.5400,-27.9000
Sul,RS,Santa Vitória do Palmar,Pampa,16,-53.4600,-33.6600,-52.5600,-32.7600
Sul,RS,Santana da Boa Vista,Pampa,4,-53.2800,-30.9600,-53.1000,-30.7800
Sul,RS,Santiago,Mata Atlântica,1,-54.7200,-29.3400,-54.7200,-29.3400
Sul,RS,Santiago,Pampa,5,-55.0800,-29.1600,-54.7200,-28.9800
Sul,RS,Santo Antônio da Patrulha,Pampa,2,-50.5800,-29.8800,-50.4000,-29.8800
Sul,RS,Santo Antônio das Missões,Pampa,6,-55.6200,-28.6200,-55.2600,-28.2600
Sul,RS,Santo Augusto,Pampa,1,-53.8200,-27.9000,-53.8200,-27.9000
Sul,RS,Santo Cristo,Mata Atlântica,1,-54.7200,-27.7200,-54.7200,-27.7200
Sul,RS,Santo Expedito do Sul,Mata Atlântica,1,-51.6600,-27.9000,-51.6600,-27.9000
Sul,RS,Santo Ângelo,Pampa,2,-54.3600,-28.2600,-54.1800,-28.2600
Sul,RS,Sarandi,Mata Atlântica,1,-52.9200,-27.9000,-52.9200,-27.9000
Sul,RS,Segredo,Mata Atlântica,1,-52.9200,-29.3400,-52.9200,-29.3400
Sul,RS,Senador Salgado Filho,Pampa,1,-54.5400,-28.0800,-54.5400,-28.0800
Sul,RS,Serafina Corrêa,Mata Atlântica,1,-52.0200,-28.6200,-52.0200,-28.6200
Sul,RS,Sertão Santana,Pampa,1,-51.6600,-30.4200,-51.6600,-30.4200
Sul,RS,Sinimbu,Mata Atlântica,2,-52.7400,-29.5200,-52.5600,-29.3400
Sul,RS,Soledade,Mata Atlântica,2,-52.5600,-28.8000,-52.3800,-28.8000
Sul,RS,São Borja,Pampa,11,-56.1600,-28.9800,-55.4400,-28.4400
Sul,RS,São Francisco de Assis,Mata Atlântica,1,-55.0800,-29.3400,-55.0800,-29.3400
Sul,RS,São Francisco de Assis,Pampa,5,-55.4400,-29.5200,-54.9000,-29.3400
Sul,RS,São Francisco de Paula,Mata Atlântica,10,-50.7600,-29.5200,-50.2200,-28.8000
Sul,RS,São Gabriel,Pampa,14,-54.7200,-30.6000,-54.0000,-30.0600
Sul,RS,São Jerônimo,Pampa,2,-52.0200,-30.4200,-51.8400,-30.0600
Sul,RS,São José do Norte,Pampa,3,-52.0200,-32.0400,-51.4800,-31.6800
Sul,RS,São José do Ouro,Mata Atlântica,1,-51.6600,-27.7200,-51.6600,-27.7200
Sul,RS,São José do Sul,Mata Atlântica,1,-51.4800,-29.5200,-51.4800,-29.5200
Sul,RS,São José dos Ausentes,Mata Atlântica,2,-50.0400,-28.8000,-49.8600,-28.6200
Sul,RS,São Lourenço do Sul,Pampa,7,-52.3800,-31.5000,-51.8400,-31.1400
Sul,RS,São Luiz Gonzaga,Pampa,3,-55.0800,-28.4400,-54.7200,-28.4400
Sul,RS,São Marcos,Mata Atlântica,1,-51.1200,-28.9800,-51.1200,-28.9800
Sul,RS,São Martinho,Mata Atlântica,1,-54.0000,-27.7200,-54.0000,-27.7200
Sul,RS,São Martinho da Serra,Pampa,2,-54.0000,-29.5200,-53.8200,-29.5200
Sul,RS,São Miguel das Missões,Mata Atlântica,1,-54.5400,-28.4400,-54.5400,-28.4400
Sul,RS,São Miguel das Missões,Pampa,5,-54.7200,-28.9800,-54.3600,-28.6200
Sul,RS,São Nicolau,Pampa,1,-55.2600,-28.2600,-55.2600,-28.2600
Sul,RS,São Pedro do Butiá,Mata Atlântica,1,-54.9000,-28.0800,-54.9000,-28.0800
Sul,RS,São Pedro do Sul,Mata Atlântica,1,-54.1800,-29.5200,-54.1800,-29.5200
Sul,RS,São Pedro do Sul,Pampa,1,-54.3600,-29.7000,-54.3600,-29.7000
Sul,RS,São Sepé,Pampa,6,-53.8200,-30.2400,-53.2800,-30.0600
Sul,RS,São Valentim,Mata Atlântica,1,-52.5600,-27.5400,-52.5600,-27.5400
Sul,RS,São Vicente do Sul,Pampa,4,-55.0800,-29.7000,-54.5400,-29.7000
Sul,RS,Tapejara,Mata Atlântica,1,-52.0200,-28.0800,-52.0200,-28.0800
Sul,RS,Tapera,Mata Atlântica,1,-52.9200,-28.6200,-52.9200,-28.6200
Sul,RS,Tapes,Pampa,3,-51.4800,-30.7800,-51.3000,-30.6000
Sul,RS,Taquara,Mata Atlântica,2,-50.9400,-29.7000,-50.7600,-29.7000
Sul,RS,Taquari,Mata Atlântica,1,-51.8400,-29.7000,-51.8400,-29.7000
Sul,RS,Taquaruçu do Sul,Mata Atlântica,1,-53.4600,-27.3600,-53.4600,-27.3600
Sul,RS,Tavares,Pampa,1,-51.1200,-31.3200,-51.1200,-31.3200
Sul,RS,Tenente Portela,Mata Atlântica,1,-53.8200,-27.3600,-53.8200,-27.3600
Sul,RS,Teutônia,Mata Atlântica,1,-51.8400,-29.5200,-51.8400,-29.5200
Sul,RS,Tio Hugo,Mata Atlântica,1,-52.5600,-28.6200,-52.5600,-28.6200
Sul,RS,Tiradentes do Sul,Mata Atlântica,1,-54.1800,-27.3600,-54.1800,-27.3600
Sul,RS,Toropi,Mata Atlântica,1,-54.3600,-29.5200,-54.3600,-29.5200
Sul,RS,Trindade do Sul,Mata Atlântica,1,-52.9200,-27.5400,-52.9200,-27.5400
Sul,RS,Triunfo,Pampa,3,-51.6600,-29.8800,-51.4800,-29.7000
Sul,RS,Três Arroios,Mata Atlântica,1,-52.2000,-27.5400,-52.2000,-27.5400
Sul,RS,Três Coroas,Mata Atlântica,1,-50.7600,-29.5200,-50.7600,-29.5200
Sul,RS,Três Forquilhas,Mata Atlântica,1,-50.0400,-29.5200,-50.0400,-29.5200
Sul,RS,Três de Maio,Mata Atlântica,2,-54.3600,-27.7200,-54.1800,-27.7200
Sul,RS,Tunas,Mata Atlântica,1,-52.9200,-29.1600,-52.9200,-29.1600
Sul,RS,Tupanci do Sul,Mata Atlântica,1,-51.4800,-27.9000,-51.4800,-27.9000
Sul,RS,Tupanciretã,Pampa,6,-54.3600,-29.1600,-53.6400,-28.9800
Sul,RS,Tuparendi,Mata Atlântica,1,-54.5400,-27.7200,-54.5400,-27.7200
Sul,RS,Unistalda,Pampa,3,-55.2600,-29.1600,-55.0800,-28.9800
Sul,RS,União da Serra,Mata Atlântica,1,-52.0200,-28.8000,-52.0200,-28.8000
Sul,RS,Uruguaiana,Pampa,17,-57.2400,-30.0600,-56.1600,-29.5200
Sul,RS,Vacaria,Mata Atlântica,6,-50.9400,-28.6200,-50.7600,-28.0800
Sul,RS,Vale do Sol,Mata Atlântica,1,-52.7400,-29.5200,-52.7400,-29.5200
Sul,RS,Venâncio Aires,Mata Atlântica,2,-52.2000,-29.7000,-52.0200,-29.5200
Sul,RS,Vera Cruz,Mata Atlântica,1,-52.5600,-29.7000,-52.5600,-29.7000
Sul,RS,Veranópolis,Mata Atlântica,1,-51.4800,-28.9800,-51.4800,-28.9800
Sul,RS,Viadutos,Mata Atlântica,1,-52.0200,-27.5400,-52.0200,-27.5400
Sul,RS,Viamão,Pampa,5,-50.9400,-30.4200,-50.7600,-30.0600
Sul,RS,Vicente Dutra,Mata Atlântica,1,-53.4600,-27.1800,-53.4600,-27.1800
Sul,RS,Victor Graeff,Mata Atlântica,1,-52.7400,-28.6200,-52.7400,-28.6200
Sul,RS,Vila Nova do Sul,Pampa,1,-53.8200,-30.4200,-53.8200,-30.4200
Sul,RS,Vista Alegre do Prata,Mata Atlântica,1,-51.8400,-28.8000,-51.8400,-28.8000
Sul,RS,Água Santa,Mata Atlântica,1,-52.0200,-28.2600,-52.0200,-28.2600
Sul,RS,"Área Operacional ""Lagoa dos Patos""",Pampa,1,-51.3000,-31.5000,-51.3000,-31.5000
Sul,SC,Abdon Batista,Mata Atlântica,1,-51.1200,-27.5400,-51.1200,-27.5400
Sul,SC,Abelardo Luz,Mata Atlântica,5,-52.3800,-26.6400,-52.1100,-26.4600
Sul,SC,Agrolândia,Mata Atlântica,2,-49.8600,-27.5400,-49.7700,-27.4500
Sul,SC,Agronômica,Mata Atlântica,1,-49.6800,-27.3600,-49.6800,-27.3600
Sul,SC,Alfredo Wagner,Mata Atlântica,7,-49.5000,-27.8100,-49.2300,-27.6300
Sul,SC,Alto Bela Vista,Mata Atlântica,1,-51.9750,-27.4050,-51.9750,-27.4050
Sul,SC,Anchieta,Mata Atlântica,2,-53.4150,-26.5500,-53.2800,-26.4600
Sul,SC,Angelina,Mata Atlântica,7,-49.2300,-27.6300,-48.9600,-27.4500
Sul,SC,Anita Garibaldi,Mata Atlântica,7,-51.2100,-27.8100,-51.0300,-27.6300
Sul,SC,Anitápolis,Mata Atlântica,3,-49.2300,-27.9000,-49.1400,-27.8100
Sul,SC,Antônio Carlos,Mata Atlântica,3,-48.8700,-27.5400,-48.7800,-27.4500
Sul,SC,Apiúna,Mata Atlântica,4,-49.4100,-27.1800,-49.3200,-27.0900
Sul,SC,Arabutã,Mata Atlântica,2,-52.2000,-27.1800,-52.2000,-27.1350
Sul,SC,Araquari,Mata Atlântica,2,-48.7800,-26.5500,-48.6900,-26.4600
Sul,SC,Araranguá,Mata Atlântica,1,-49.3200,-28.8900,-49.3200,-28.8900
Sul,SC,Armazém,Mata Atlântica,3,-49.0500,-28.2600,-48.9600,-28.1700
Sul,SC,Arroio Trinta,Mata Atlântica,1,-51.3000,-26.9100,-51.3000,-26.9100
Sul,SC,Ascurra,Mata Atlântica,2,-49.4100,-27.0000,-49.3200,-27.0000
Sul,SC,Atalanta,Mata Atlântica,1,-49.7700,-27.4500,-49.7700,-27.4500
Sul,SC,Balneário Arroio do Silva,Mata Atlântica,2,-49.5000,-29.0700,-49.4100,-28.9800
Sul,SC,Balneário Barra do Sul,Mata Atlântica,2,-48.6900,-26.4600,-48.6000,-26.4600
Sul,SC,Balneário Camboriú,Mata Atlântica,1,-48.6000,-27.0000,-48.6000,-27.0000
Sul,SC,Balneário Gaivota,Mata Atlântica,1,-49.5900,-29.1600,-49.5900,-29.1600
Sul,SC,Balneário Piçarras,Mata Atlântica,1,-48.6900,-26.7300,-48.6900,-26.7300
Sul,SC,Balneário Rincão,Mata Atlântica,1,-49.2300,-28.8000,-49.2300,-28.8000
Sul,SC,Barra Bonita,Mata Atlântica,3,-53.4600,-26.7300,-53.4150,-26.5950
Sul,SC,Bela Vista do Toldo,Mata Atlântica,3,-50.5800,-26.4600,-50.4900,-26.3700
Sul,SC,Belmonte,Mata Atlântica,1,-53.6400,-26.8200,-53.6400,-26.8200
Sul,SC,Benedito Novo,Mata Atlântica,3,-49.5000,-26.9100,-49.4100,-26.7300
Sul,SC,Biguaçu,Mata Atlântica,3,-48.7800,-27.4500,-48.6900,-27.3600
Sul,SC,Blumenau,Mata Atlântica,4,-49.1400,-27.0900,-49.0500,-26.7300
Sul,SC,Bocaina do Sul,Mata Atlântica,2,-49.9500,-27.8100,-49.8600,-27.7200
Sul,SC,Bom Jardim da Serra,Mata Atlântica,4,-49.6800,-28.4400,-49.5900,-28.1700
Sul,SC,Bom Retiro,Mata Atlântica,4,-49.6800,-27.9000,-49.5000,-27.7200
Sul,SC,Bombinhas,Mata Atlântica,1,-48.5100,-27.1800,-48.5100,-27.1800
Sul,SC,Botuverá,Mata Atlântica,4,-49.2300,-27.2700,-49.0500,-27.1800
Sul,SC,Braço do Norte,Mata Atlântica,1,-49.1400,-28.2600,-49.1400,-28.2600
Sul,SC,Brunópolis,Mata Atlântica,2,-50.9400,-27.3600,-50.7600,-27.3600
Sul,SC,Brusque,Mata Atlântica,2,-48.9600,-27.1800,-48.8700,-27.0000
Sul,SC,Caibi,Mata Atlântica,2,-53.2800,-27.0000,-53.2350,-27.0000
Sul,SC,Calmon,Mata Atlântica,1,-51.0300,-26.5500,-51.0300,-26.5500
Sul,SC,Camboriú,Mata Atlântica,2,-48.7800,-27.0900,-48.6900,-27.0000
Sul,SC,Campo Alegre,Mata Atlântica,2,-49.2300,-26.1000,-49.1400,-26.1000
Sul,SC,Campo Belo do Sul,Mata Atlântica,5,-50.8950,-28.0350,-50.7600,-27.7200
Sul,SC,Campos Novos,Mata Atlântica,7,-51.5250,-27.6300,-51.1200,-27.3600
Sul,SC,Canelinha,Mata Atlântica,2,-48.8700,-27.2700,-48.7800,-27.1800
Sul,SC,Canoinhas,Mata Atlântica,7,-50.5800,-26.4600,-50.4000,-26.1000
Sul,SC,Capinzal,Mata Atlântica,3,-51.7050,-27.4050,-51.5700,-27.3600
Sul,SC,Capivari de Baixo,Mata Atlântica,1,-48.9600,-28.4400,-48.9600,-28.4400
Sul,SC,Capão Alto,Mata Atlântica,7,-50.7600,-28.2600,-50.4000,-27.9000
Sul,SC,Catanduvas,Mata Atlântica,1,-51.6600,-27.0000,-51.6600,-27.0000
Sul,SC,Caxambu do Sul,Mata Atlântica,1,-52.9200,-27.1800,-52.9200,-27.1800
Sul,SC,Caçador,Mata Atlântica,46,-51.3900,-26.8650,-50.8050,-26.6400
Sul,SC,Celso Ramos,Mata Atlântica,3,-51.4350,-27.6750,-51.3000,-27.5850
Sul,SC,Cerro Negro,Mata Atlântica,3,-51.0300,-27.9000,-50.9400,-27.6300
Sul,SC,Chapadão do Lageado,Mata Atlântica,2,-49.5900,-27.6300,-49.5000,-27.5400
Sul,SC,Chapecó,Mata Atlântica,6,-52.7400,-27.2700,-52.5600,-26.9550
Sul,SC,Cocal do Sul,Mata Atlântica,1,-49.3200,-28.6200,-49.3200,-28.6200
Sul,SC,Concórdia,Mata Atlântica,11,-52.2000,-27.3600,-51.8400,-27.1350
Sul,SC,Coronel Freitas,Mata Atlântica,2,-52.7400,-26.9100,-52.6500,-26.8200
Sul,SC,Correia Pinto,Mata Atlântica,2,-50.4000,-27.6300,-50.2200,-27.5400
Sul,SC,Corupá,Mata Atlântica,3,-49.4100,-26.4600,-49.2300,-26.3700
Sul,SC,Criciúma,Mata Atlântica,1,-49.4100,-28.7100,-49.4100,-28.7100
Sul,SC,Cunhataí,Mata Atlântica,1,-53.1000,-27.0000,-53.1000,-27.0000
Sul,SC,Curitibanos,Mata Atlântica,5,-50.6700,-27.4500,-50.5800,-27.0900
Sul,SC,Descanso,Mata Atlântica,1,-53.4600,-26.8200,-53.4600,-26.8200
Sul,SC,Dionísio Cerqueira,Mata Atlântica,1,-53.6400,-26.2800,-53.6400,-26.2800
Sul,SC,Dona Emma,Mata Atlântica,2,-49.8600,-27.0000,-49.6800,-27.0000
Sul,SC,Doutor Pedrinho,Mata Atlântica,4,-49.5900,-26.7300,-49.5000,-26.6400
Sul,SC,Ermo,Mata Atlântica,1,-49.6800,-28.9800,-49.6800,-28.9800
Sul,SC,Erval Velho,Mata Atlântica,2,-51.5250,-27.3150,-51.3900,-27.2700
Sul,SC,Faxinal dos Guedes,Mata Atlântica,2,-52.2900,-26.8200,-52.2000,-26.8200
Sul,SC,Florianópolis,Mata Atlântica,3,-48.5100,-27.7200,-48.4200,-27.4500
Sul,SC,Formosa do Sul,Mata Atlântica,1,-52.8300,-26.5950,-52.8300,-26.5950
Sul,SC,Forquilhinha,Mata Atlântica,1,-49.5000,-28.8000,-49.5000,-28.8000
Sul,SC,Fraiburgo,Mata Atlântica,1,-50.9400,-27.0000,-50.9400,-27.0000
Sul,SC,Frei Rogério,Mata Atlântica,1,-50.7600,-27.1800,-50.7600,-27.1800
Sul,SC,Garopaba,Mata Atlântica,1,-48.6900,-28.0800,-48.6900,-28.0800
Sul,SC,Garuva,Mata Atlântica,4,-48.9600,-26.1000,-48.7800,-26.0100
Sul,SC,Gaspar,Mata Atlântica,3,-49.0500,-27.0000,-48.8700,-26.9100
Sul,SC,Governador Celso Ramos,Mata Atlântica,1,-48.6000,-27.3600,-48.6000,-27.3600
Sul,SC,Grão-Pará,Mata Atlântica,2,-49.3200,-28.1700,-49.3200,-28.0800
Sul,SC,Guabiruba,Mata Atlântica,1,-49.0500,-27.0900,-49.0500,-27.0900
Sul,SC,Guaramirim,Mata Atlântica,1,-48.9600,-26.4600,-48.9600,-26.4600
Sul,SC,Guatambú,Mata Atlântica,1,-52.8300,-27.0900,-52.8300,-27.0900
Sul,SC,Herval d'Oeste,Mata Atlântica,3,-51.4800,-27.1800,-51.3900,-27.1350
Sul,SC,Ibiam,Mata Atlântica,1,-51.3000,-27.1800,-51.3000,-27.1800
Sul,SC,Ibicaré,Mata Atlântica,2,-51.3900,-27.1350,-51.3900,-27.0900
Sul,SC,Ibirama,Mata Atlântica,1,-49.5000,-27.0000,-49.5000,-27.0000
Sul,SC,Ilhota,Mata Atlântica,1,-48.8700,-26.8200,-48.8700,-26.8200
Sul,SC,Imaruí,Mata Atlântica,3,-48.8700,-28.3500,-48.7800,-28.1700
Sul,SC,Imbituba,Mata Atlântica,1,-48.6900,-28.1700,-48.6900,-28.1700
Sul,SC,Indaial,Mata Atlântica,2,-49.2300,-27.0900,-49.2300,-27.0000
Sul,SC,Ipira,Mata Atlântica,2,-51.7950,-27.3600,-51.7500,-27.3600
Sul,SC,Iporã do Oeste,Mata Atlântica,2,-53.4600,-27.0000,-53.4600,-26.9550
Sul,SC,Ipuaçu,Mata Atlântica,1,-52.5150,-26.7750,-52.5150,-26.7750
Sul,SC,Ipumirim,Mata Atlântica,1,-52.2000,-27.0000,-52.2000,-27.0000
Sul,SC,Irani,Mata Atlântica,1,-51.9300,-27.0000,-51.9300,-27.0000
Sul,SC,Irati,Mata Atlântica,1,-52.9200,-26.6400,-52.9200,-26.6400
Sul,SC,Irineópolis,Mata Atlântica,3,-50.7600,-26.4600,-50.7600,-26.2800
Sul,SC,Itaiópolis,Mata Atlântica,9,-50.0400,-26.6400,-49.7700,-26.2800
Sul,SC,Itajaí,Mata Atlântica,2,-48.7800,-27.0000,-48.6900,-26.9100
Sul,SC,Itapema,Mata Atlântica,1,-48.6000,-27.0900,-48.6000,-27.0900
Sul,SC,Itapiranga,Mata Atlântica,4,-53.7750,-27.1800,-53.6400,-27.0450
Sul,SC,Itapoá,Mata Atlântica,2,-48.6900,-26.1000,-48.6900,-26.0100
Sul,SC,Ituporanga,Mata Atlântica,3,-49.5000,-27.5400,-49.4100,-27.3600
Sul,SC,Itá,Mata Atlântica,1,-52.4250,-27.2250,-52.4250,-27.2250
Sul,SC,Içara,Mata Atlântica,1,-49.3200,-28.8000,-49.3200,-28.8000
Sul,SC,Jacinto Machado,Mata Atlântica,4,-49.8600,-29.0700,-49.7700,-28.8900
Sul,SC,Jaguaruna,Mata Atlântica,3,-49.0500,-28.7100,-48.8700,-28.6200
Sul,SC,Jaraguá do Sul,Mata Atlântica,3,-49.2300,-26.5500,-49.0500,-26.3700
Sul,SC,Joaçaba,Mata Atlântica,3,-51.6600,-27.1800,-51.5700,-27.0900
Sul,SC,Joinville,Mata Atlântica,8,-49.1400,-26.3700,-48.8700,-26.1000
Sul,SC,José Boiteux,Mata Atlântica,4,-49.6800,-27.0000,-49.5900,-26.8200
Sul,SC,Jupiá,Mata Atlântica,1,-52.7400,-26.4600,-52.7400,-26.4600
Sul,SC,Lages,Mata Atlântica,10,-50.6700,-28.3500,-50.0400,-27.7200
Sul,SC,Laguna,Mata Atlântica,1,-48.7800,-28.5300,-48.7800,-28.5300
Sul,SC,Lauro Müller,Mata Atlântica,1,-49.5000,-28.3500,-49.5000,-28.3500
Sul,SC,Lebon Régis,Mata Atlântica,5,-50.7600,-27.0000,-50.6700,-26.7300
Sul,SC,Leoberto Leal,Mata Atlântica,4,-49.3200,-27.6300,-49.2300,-27.3600
Sul,SC,Lindóia do Sul,Mata Atlântica,1,-52.0200,-27.0000,-52.0200,-27.0000
Sul,SC,Lontras,Mata Atlântica,1,-49.5000,-27.1800,-49.5000,-27.1800
Sul,SC,Luzerna,Mata Atlântica,1,-51.4800,-27.1350,-51.4800,-27.1350
Sul,SC,Macieira,Mata Atlântica,1,-51.3000,-26.8200,-51.3000,-26.8200
Sul,SC,Mafra,Mata Atlântica,6,-50.1300,-26.2800,-49.6800,-26.1000
Sul,SC,Major Gercino,Mata Atlântica,2,-49.1400,-27.4500,-48.9600,-27.3600
Sul,SC,Major Vieira,Mata Atlântica,4,-50.4000,-26.6400,-50.3100,-26.4600
Sul,SC,Marema,Mata Atlântica,1,-52.5600,-26.8200,-52.5600,-26.8200
Sul,SC,Massaranduba,Mata Atlântica,2,-49.0500,-26.6400,-48.9600,-26.5500
Sul,SC,Matos Costa,Mata Atlântica,2,-51.1200,-26.4600,-51.0300,-26.4600
Sul,SC,Mirim Doce,Mata Atlântica,4,-50.2200,-27.2700,-50.0400,-27.1800
Sul,SC,Mondaí,Mata Atlântica,3,-53.5050,-27.0900,-53.4150,-27.0450
Sul,SC,Monte Carlo,Mata Atlântica,1,-50.9400,-27.1800,-50.9400,-27.1800
Sul,SC,Monte Castelo,Mata Atlântica,3,-50.3100,-26.8200,-50.2200,-26.6400
Sul,SC,Morro Grande,Mata Atlântica,2,-49.7700,-28.8000,-49.6800,-28.7100
Sul,SC,Morro da Fumaça,Mata Atlântica,1,-49.2300,-28.6200,-49.2300,-28.6200
Sul,SC,Navegantes,Mata Atlântica,1,-48.7800,-26.8200,-48.7800,-26.8200
Sul,SC,Nova Itaberaba,Mata Atlântica,2,-52.8750,-27.0000,-52.7850,-26.9550
Sul,SC,Nova Trento,Mata Atlântica,3,-49.1400,-27.3600,-49.0500,-27.2700
Sul,SC,Nova Veneza,Mata Atlântica,2,-49.5900,-28.7100,-49.5000,-28.7100
Sul,SC,Orleans,Mata Atlântica,7,-49.5000,-28.3500,-49.2300,-28.1700
Sul,SC,Otacílio Costa,Mata Atlântica,4,-50.0400,-27.6300,-49.8600,-27.3600
Sul,SC,Ouro,Mata Atlântica,2,-51.7500,-27.2700,-51.6150,-27.2700
Sul,SC,Paial,Mata Atlântica,2,-52.5150,-27.2250,-52.4700,-27.1800
Sul,SC,Painel,Mata Atlântica,2,-50.1300,-27.9000,-50.0400,-27.9000
Sul,SC,Palhoça,,1,-48.6000,-27.8100,-48.6000,-27.8100
Sul,SC,Palhoça,Mata Atlântica,5,-48.6900,-27.9000,-48.6000,-27.6300
Sul,SC,Palma Sola,Mata Atlântica,1,-53.2800,-26.2800,-53.2800,-26.2800
Sul,SC,Palmeira,Mata Atlântica,2,-50.2200,-27.5400,-50.1300,-27.5400
Sul,SC,Palmitos,Mata Atlântica,2,-53.2800,-27.1800,-53.1000,-27.0900
Sul,SC,Papanduva,Mata Atlântica,4,-50.2200,-26.7300,-50.1300,-26.3700
Sul,SC,Paraíso,Mata Atlântica,1,-53.6400,-26.6400,-53.6400,-26.6400
Sul,SC,Passos Maia,Mata Atlântica,3,-52.0200,-26.8200,-51.9300,-26.6400
Sul,SC,Paulo Lopes,Mata Atlântica,2,-48.7800,-28.0800,-48.7800,-27.9900
Sul,SC,Pedras Grandes,Mata Atlântica,1,-49.1400,-28.4400,-49.1400,-28.4400
Sul,SC,Penha,Mata Atlântica,1,-48.6900,-26.8200,-48.6900,-26.8200
Sul,SC,Peritiba,Mata Atlântica,2,-51.8850,-27.3600,-51.8400,-27.3600
Sul,SC,Pescaria Brava,Mata Atlântica,1,-48.8700,-28.4400,-48.8700,-28.4400
Sul,SC,Petrolândia,Mata Atlântica,1,-49.6800,-27.5400,-49.6800,-27.5400
Sul,SC,Pinhalzinho,Mata Atlântica,1,-52.9200,-26.8200,-52.9200,-26.8200
Sul,SC,Piratuba,Mata Atlântica,1,-51.7950,-27.4500,-51.7950,-27.4500
Sul,SC,Pomerode,Mata Atlântica,1,-49.1400,-26.6400,-49.1400,-26.6400
Sul,SC,Ponte Alta,Mata Atlântica,1,-50.2200,-27.3600,-50.2200,-27.3600
Sul,SC,Ponte Alta do Norte,Mata Atlântica,1,-50.4000,-27.1800,-50.4000,-27.1800
Sul,SC,Ponte Serrada,Mata Atlântica,3,-52.1100,-26.9100,-51.8400,-26.8200
Sul,SC,Porto Belo,Mata Atlântica,1,-48.6000,-27.1800,-48.6000,-27.1800
Sul,SC,Porto União,Mata Atlântica,3,-51.1200,-26.4600,-50.9400,-26.2800
Sul,SC,Pouso Redondo,Mata Atlântica,1,-50.0400,-27.2700,-50.0400,-27.2700
Sul,SC,Praia Grande,Mata Atlântica,3,-50.1300,-29.2500,-49.8600,-29.1600
Sul,SC,Presidente Getúlio,Mata Atlântica,1,-49.7700,-27.0900,-49.7700,-27.0900
Sul,SC,Presidente Nereu,Mata Atlântica,3,-49.4100,-27.2700,-49.2300,-27.1800
Sul,SC,Quilombo,Mata Atlântica,1,-52.7400,-26.7300,-52.7400,-26.7300
Sul,SC,Rancho Queimado,Mata Atlântica,1,-49.1400,-27.6300,-49.1400,-27.6300
Sul,SC,Rio Fortuna,Mata Atlântica,1,-49.3200,-27.9900,-49.3200,-27.9900
Sul,SC,Rio Negrinho,Mata Atlântica,6,-49.6800,-26.6400,-49.5000,-26.2800
Sul,SC,Rio Rufino,Mata Atlântica,3,-49.8600,-27.9900,-49.6800,-27.9000
Sul,SC,Rio das Antas,Mata Atlântica,2,-51.0300,-26.9100,-50.9400,-26.9100
Sul,SC,Rio do Campo,Mata Atlântica,4,-50.2200,-26.9100,-50.0400,-26.8200
Sul,SC,Rio do Oeste,Mata Atlântica,2,-49.8600,-27.1800,-49.8600,-27.0900
Sul,SC,Rio do Sul,Mata Atlântica,2,-49.6800,-27.1800,-49.5900,-27.0900
Sul,SC,Rio dos Cedros,Mata Atlântica,6,-49.4100,-26.7300,-49.2300,-26.5500
Sul,SC,Rodeio,Mata Atlântica,1,-49.4100,-26.9100,-49.4100,-26.9100
Sul,SC,Romelândia,Mata Atlântica,2,-53.3250,-26.6400,-53.2800,-26.5950
Sul,SC,Salete,Mata Atlântica,2,-50.0400,-27.0000,-49.9500,-27.0000
Sul,SC,Salto Veloso,Mata Atlântica,1,-51.3900,-26.9100,-51.3900,-26.9100
Sul,SC,Sangão,Mata Atlântica,1,-49.1400,-28.6200,-49.1400,-28.6200
Sul,SC,Santa Cecília,Mata Atlântica,3,-50.5800,-27.0000,-50.4000,-26.8200
Sul,SC,Santa Helena,Mata Atlântica,1,-53.6400,-26.9100,-53.6400,-26.9100
Sul,SC,Santa Rosa de Lima,Mata Atlântica,2,-49.2300,-28.0800,-49.1400,-27.9900
Sul,SC,Santa Rosa do Sul,Mata Atlântica,1,-49.6800,-29.1600,-49.6800,-29.1600
Sul,SC,Santa Terezinha,Mata Atlântica,4,-50.0400,-26.7300,-49.9500,-26.6400
Sul,SC,Santiago do Sul,Mata Atlântica,1,-52.7400,-26.6400,-52.7400,-26.6400
Sul,SC,Santo Amaro da Imperatriz,Mata Atlântica,4,-48.8700,-27.8100,-48.7800,-27.6300
Sul,SC,Saudades,Mata Atlântica,1,-53.1000,-26.8200,-53.1000,-26.8200
Sul,SC,Schroeder,Mata Atlântica,1,-49.0500,-26.3700,-49.0500,-26.3700
Sul,SC,Seara,Mata Atlântica,8,-52.4700,-27.2250,-52.2900,-27.0900
Sul,SC,Siderópolis,Mata Atlântica,3,-49.5900,-28.6200,-49.4100,-28.6200
Sul,SC,São Bento do Sul,Mata Atlântica,4,-49.3200,-26.3700,-49.2300,-26.2800
Sul,SC,São Bonifácio,Mata Atlântica,6,-49.0500,-28.0800,-48.8700,-27.9000
Sul,SC,São Carlos,Mata Atlântica,1,-53.1000,-27.0450,-53.1000,-27.0450
Sul,SC,São Cristóvão do Sul,Mata Atlântica,3,-50.4000,-27.3600,-50.2200,-27.2700
Sul,SC,São Domingos,Mata Atlântica,2,-52.5600,-26.6400,-52.5600,-26.4600
Sul,SC,São Francisco do Sul,Mata Atlântica,2,-48.6900,-26.2800,-48.6000,-26.1900
Sul,SC,São Joaquim,Mata Atlântica,12,-50.2200,-28.4400,-49.7700,-28.1700
Sul,SC,São José,Mata Atlântica,1,-48.6900,-27.5400,-48.6900,-27.5400
Sul,SC,São José do Cedro,Mata Atlântica,1,-53.4600,-26.4600,-53.4600,-26.4600
Sul,SC,São José do Cerrito,Mata Atlântica,6,-50.8500,-27.7200,-50.4000,-27.4500
Sul,SC,São João Batista,Mata Atlântica,2,-48.8700,-27.3600,-48.8700,-27.2700
Sul,SC,São João do Itaperiú,Mata Atlântica,2,-48.7800,-26.6400,-48.7800,-26.5500
Sul,SC,São João do Oeste,Mata Atlântica,1,-53.5500,-27.1350,-53.5500,-27.1350
Sul,SC,São Lourenço do Oeste,Mata Atlântica,1,-52.9200,-26.4600,-52.9200,-26.4600
Sul,SC,São Martinho,Mata Atlântica,2,-48.9600,-28.1700,-48.8700,-28.0800
Sul,SC,São Miguel da Boa Vista,Mata Atlântica,1,-53.2800,-26.6850,-53.2800,-26.6850
Sul,SC,Taió,Mata Atlântica,6,-50.3100,-27.0900,-50.0400,-27.0000
Sul,SC,Tangará,Mata Atlântica,1,-51.2100,-27.0900,-51.2100,-27.0900
Sul,SC,Tijucas,Mata Atlântica,1,-48.7800,-27.1800,-48.7800,-27.1800
Sul,SC,Timbé do Sul,Mata Atlântica,1,-49.8600,-28.8000,-49.8600,-28.8000
Sul,SC,Timbó,Mata Atlântica,2,-49.3200,-26.8200,-49.2300,-26.8200
Sul,SC,Timbó Grande,Mata Atlântica,2,-50.7600,-26.6400,-50.5800,-26.6400
Sul,SC,Treviso,Mata Atlântica,2,-49.5000,-28.5300,-49.5000,-28.4400
Sul,SC,Treze Tílias,Mata Atlântica,1,-51.4800,-27.0000,-51.4800,-27.0000
Sul,SC,Trombudo Central,Mata Atlântica,2,-49.8600,-27.3600,-49.7700,-27.2700
Sul,SC,Três Barras,Mata Atlântica,2,-50.2200,-26.2800,-50.2200,-26.1000
Sul,SC,Tubarão,Mata Atlântica,1,-48.9600,-28.5300,-48.9600,-28.5300
Sul,SC,Tunápolis,Mata Atlântica,3,-53.6850,-27.0000,-53.5950,-26.9550
Sul,SC,Turvo,Mata Atlântica,1,-49.6800,-28.8900,-49.6800,-28.8900
Sul,SC,Urubici,Mata Atlântica,10,-49.7700,-28.1700,-49.4100,-27.9000
Sul,SC,Urupema,Mata Atlântica,2,-50.0400,-28.0800,-49.8600,-28.0800
Sul,SC,Urussanga,Mata Atlântica,2,-49.4100,-28.5300,-49.2300,-28.4400
Sul,SC,Vargem,Mata Atlântica,2,-50.9400,-27.5400,-50.9400,-27.4500
Sul,SC,Vargem Bonita,Mata Atlântica,1,-51.8400,-27.0000,-51.8400,-27.0000
Sul,SC,Vidal Ramos,Mata Atlântica,3,-49.4100,-27.4500,-49.3200,-27.3600
Sul,SC,Videira,Mata Atlântica,2,-51.1200,-27.0000,-51.0300,-27.0000
Sul,SC,Vitor Meireles,Mata Atlântica,2,-49.8600,-26.8200,-49.7700,-26.7300
Sul,SC,Witmarsum,Mata Atlântica,2,-49.8600,-26.9100,-49.7700,-26.9100
Sul,SC,Xanxerê,Mata Atlântica,2,-52.4700,-26.8200,-52.3800,-26.8200
Sul,SC,Xavantina,Mata Atlântica,2,-52.3800,-27.0450,-52.3800,-27.0000
Sul,SC,Xaxim,Mata Atlântica,1,-52.5600,-27.0000,-52.5600,-27.0000
Sul,SC,Zortéa,Mata Atlântica,1,-51.6150,-27.4950,-51.6150,-27.4950
Sul,SC,Água Doce,Mata Atlântica,4,-51.6600,-26.8200,-51.4800,-26.6400
Sul,SC,Águas Mornas,Mata Atlântica,4,-48.9600,-27.8100,-48.8700,-27.6300
Sul,SC,Águas de Chapecó,Mata Atlântica,1,-52.9200,-27.0000,-52.9200,-27.0000
