cod_municipio_ibge,nome,uf,nome_norm
1200013,Acrelândia,AC,acrelandia
1200054,Assis Brasil,AC,assis brasil
1200104,Brasiléia,AC,brasileia
1200138,Bujari,AC,bujari
1200179,Capixaba,AC,capixaba
1200203,Cruzeiro do Sul,AC,cruzeiro do sul
1200252,Epitaciolândia,AC,epitaciolandia
1200302,Feijó,AC,feijo
1200328,Jordão,AC,jordao
1200336,Mâncio Lima,AC,mancio lima
1200344,Manoel Urbano,AC,manoel urbano
1200351,Marechal Thaumaturgo,AC,marechal thaumaturgo
1200385,Plácido de Castro,AC,placido de castro
1200807,Porto Acre,AC,porto acre
1200393,Porto Walter,AC,porto walter
1200401,Rio Branco,AC,rio branco
1200427,Rodrigues Alves,AC,rodrigues alves
1200435,Santa Rosa do Purus,AC,santa rosa do purus
1200500,Sena Madureira,AC,sena madureira
1200450,Senador Guiomard,AC,senador guiomard
1200609,Tarauacá,AC,tarauaca
1200708,Xapuri,AC,xapuri
2700102,Água Branca,AL,agua branca
2700201,Anadia,AL,anadia
2700300,Arapiraca,AL,arapiraca
2700409,Atalaia,AL,atalaia
2700508,Barra de Santo Antônio,AL,barra de santo antonio
2700607,Barra de São Miguel,AL,barra de sao miguel
2700706,Batalha,AL,batalha
2700805,Belém,AL,belem
2700904,Belo Monte,AL,belo monte
2701001,Boca da Mata,AL,boca da mata
2701100,Branquinha,AL,branquinha
2701209,Cacimbinhas,AL,cacimbinhas
2701308,Cajueiro,AL,cajueiro
2701357,Campestre,AL,campestre
2701407,Campo Alegre,AL,campo alegre
2701506,Campo Grande,AL,campo grande
2701605,Canapi,AL,canapi
2701704,Capela,AL,capela
2701803,Carneiros,AL,carneiros
2701902,Chã Preta,AL,cha preta
2702009,Coité do Nóia,AL,coite do noia
2702108,Colônia Leopoldina,AL,colonia leopoldina
2702207,Coqueiro Seco,AL,coqueiro seco
2702306,Coruripe,AL,coruripe
2702355,Craíbas,AL,craibas
2702405,Delmiro Gouveia,AL,delmiro gouveia
2702504,Dois Riachos,AL,dois riachos
2702553,Estrela de Alagoas,AL,estrela de alagoas
2702603,Feira Grande,AL,feira grande
2702702,Feliz Deserto,AL,feliz deserto
2702801,Flexeiras,AL,flexeiras
2702900,Girau do Ponciano,AL,girau do ponciano
2703007,Ibateguara,AL,ibateguara
2703106,Igaci,AL,igaci
2703205,Igreja Nova,AL,igreja nova
2703304,Inhapi,AL,inhapi
2703403,Jacaré dos Homens,AL,jacare dos homens
2703502,Jacuípe,AL,jacuipe
2703601,Japaratinga,AL,japaratinga
2703700,Jaramataia,AL,jaramataia
2703759,Jequiá da Praia,AL,jequia da praia
2703809,Joaquim Gomes,AL,joaquim gomes
2703908,Jundiá,AL,jundia
2704005,Junqueiro,AL,junqueiro
2704104,Lagoa da Canoa,AL,lagoa da canoa
2704203,Limoeiro de Anadia,AL,limoeiro de anadia
2704302,Maceió,AL,maceio
2704401,Major Isidoro,AL,major isidoro
2704906,Mar Vermelho,AL,mar vermelho
2704500,Maragogi,AL,maragogi
2704609,Maravilha,AL,maravilha
2704708,Marechal Deodoro,AL,marechal deodoro
2704807,Maribondo,AL,maribondo
2705002,Mata Grande,AL,mata grande
2705101,Matriz de Camaragibe,AL,matriz de camaragibe
2705200,Messias,AL,messias
2705309,Minador do Negrão,AL,minador do negrao
2705408,Monteirópolis,AL,monteiropolis
2705507,Murici,AL,murici
2705606,Novo Lino,AL,novo lino
2705705,Olho d'Água das Flores,AL,olho d'agua das flores
2705804,Olho d'Água do Casado,AL,olho d'agua do casado
2705903,Olho d'Água Grande,AL,olho d'agua grande
2706000,Olivença,AL,olivenca
2706109,Ouro Branco,AL,ouro branco
2706208,Palestina,AL,palestina
2706307,Palmeira dos Índios,AL,palmeira dos indios
2706406,Pão de Açúcar,AL,pao de acucar
2706422,Pariconha,AL,pariconha
2706448,Paripueira,AL,paripueira
2706505,Passo de Camaragibe,AL,passo de camaragibe
2706604,Paulo Jacinto,AL,paulo jacinto
2706703,Penedo,AL,penedo
2706802,Piaçabuçu,AL,piacabucu
2706901,Pilar,AL,pilar
2707008,Pindoba,AL,pindoba
2707107,Piranhas,AL,piranhas
2707206,Poço das Trincheiras,AL,poco das trincheiras
2707305,Porto Calvo,AL,porto calvo
2707404,Porto de Pedras,AL,porto de pedras
2707503,Porto Real do Colégio,AL,porto real do colegio
2707602,Quebrangulo,AL,quebrangulo
2707701,Rio Largo,AL,rio largo
2707800,Roteiro,AL,roteiro
2707909,Santa Luzia do Norte,AL,santa luzia do norte
2708006,Santana do Ipanema,AL,santana do ipanema
2708105,Santana do Mundaú,AL,santana do mundau
2708204,São Brás,AL,sao bras
2708303,São José da Laje,AL,sao jose da laje
2708402,São José da Tapera,AL,sao jose da tapera
2708501,São Luís do Quitunde,AL,sao luis do quitunde
2708600,São Miguel dos Campos,AL,sao miguel dos campos
2708709,São Miguel dos Milagres,AL,sao miguel dos milagres
2708808,São Sebastião,AL,sao sebastiao
2708907,Satuba,AL,satuba
2708956,Senador Rui Palmeira,AL,senador rui palmeira
2709004,Tanque d'Arca,AL,tanque d'arca
2709103,Taquarana,AL,taquarana
2709152,Teotônio Vilela,AL,teotonio vilela
2709202,Traipu,AL,traipu
2709301,União dos Palmares,AL,uniao dos palmares
2709400,Viçosa,AL,vicosa
1300029,Alvarães,AM,alvaraes
1300060,Amaturá,AM,amatura
1300086,Anamã,AM,anama
1300102,Anori,AM,anori
1300144,Apuí,AM,apui
1300201,Atalaia do Norte,AM,atalaia do norte
1300300,Autazes,AM,autazes
1300409,Barcelos,AM,barcelos
1300508,Barreirinha,AM,barreirinha
1300607,Benjamin Constant,AM,benjamin constant
1300631,Beruri,AM,beruri
1300680,Boa Vista do Ramos,AM,boa vista do ramos
1300706,Boca do Acre,AM,boca do acre
1300805,Borba,AM,borba
1300839,Caapiranga,AM,caapiranga
1300904,Canutama,AM,canutama
1301001,Carauari,AM,carauari
1301100,Careiro,AM,careiro
1301159,Careiro da Várzea,AM,careiro da varzea
1301209,Coari,AM,coari
1301308,Codajás,AM,codajas
1301407,Eirunepé,AM,eirunepe
1301506,Envira,AM,envira
1301605,Fonte Boa,AM,fonte boa
1301654,Guajará,AM,guajara
1301704,Humaitá,AM,humaita
1301803,Ipixuna,AM,ipixuna
1301852,Iranduba,AM,iranduba
1301902,Itacoatiara,AM,itacoatiara
1301951,Itamarati,AM,itamarati
1302009,Itapiranga,AM,itapiranga
1302108,Japurá,AM,japura
1302207,Juruá,AM,jurua
1302306,Jutaí,AM,jutai
1302405,Lábrea,AM,labrea
1302504,Manacapuru,AM,manacapuru
1302553,Manaquiri,AM,manaquiri
1302603,Manaus,AM,manaus
1302702,Manicoré,AM,manicore
1302801,Maraã,AM,maraa
1302900,Maués,AM,maues
1303007,Nhamundá,AM,nhamunda
1303106,Nova Olinda do Norte,AM,nova olinda do norte
1303205,Novo Airão,AM,novo airao
1303304,Novo Aripuanã,AM,novo aripuana
1303403,Parintins,AM,parintins
1303502,Pauini,AM,pauini
1303536,Presidente Figueiredo,AM,presidente figueiredo
1303569,Rio Preto da Eva,AM,rio preto da eva
1303601,Santa Isabel do Rio Negro,AM,santa isabel do rio negro
1303700,Santo Antônio do Içá,AM,santo antonio do ica
1303809,São Gabriel da Cachoeira,AM,sao gabriel da cachoeira
1303908,São Paulo de Olivença,AM,sao paulo de olivenca
1303957,São Sebastião do Uatumã,AM,sao sebastiao do uatuma
1304005,Silves,AM,silves
1304062,Tabatinga,AM,tabatinga
1304104,Tapauá,AM,tapaua
1304203,Tefé,AM,tefe
1304237,Tonantins,AM,tonantins
1304260,Uarini,AM,uarini
1304302,Urucará,AM,urucara
1304401,Urucurituba,AM,urucurituba
1600105,Amapá,AP,amapa
1600204,Calçoene,AP,calcoene
1600212,Cutias,AP,cutias
1600238,Ferreira Gomes,AP,ferreira gomes
1600253,Itaubal,AP,itaubal
1600279,Laranjal do Jari,AP,laranjal do jari
1600303,Macapá,AP,macapa
1600402,Mazagão,AP,mazagao
1600501,Oiapoque,AP,oiapoque
1600154,Pedra Branca do Amapari,AP,pedra branca do amapari
1600535,Porto Grande,AP,porto grande
1600550,Pracuúba,AP,pracuuba
1600600,Santana,AP,santana
1600055,Serra do Navio,AP,serra do navio
1600709,Tartarugalzinho,AP,tartarugalzinho
1600808,Vitória do Jari,AP,vitoria do jari
2900108,Abaíra,BA,abaira
2900207,Abaré,BA,abare
2900306,Acajutiba,BA,acajutiba
2900355,Adustina,BA,adustina
2900405,Água Fria,BA,agua fria
2900603,Aiquara,BA,aiquara
2900702,Alagoinhas,BA,alagoinhas
2900801,Alcobaça,BA,alcobaca
2900900,Almadina,BA,almadina
2901007,Amargosa,BA,amargosa
2901106,Amélia Rodrigues,BA,amelia rodrigues
2901155,América Dourada,BA,america dourada
2901205,Anagé,BA,anage
2901304,Andaraí,BA,andarai
2901353,Andorinha,BA,andorinha
2901403,Angical,BA,angical
2901502,Anguera,BA,anguera
2901601,Antas,BA,antas
2901700,Antônio Cardoso,BA,antonio cardoso
2901809,Antônio Gonçalves,BA,antonio goncalves
2901908,Aporá,BA,apora
2901957,Apuarema,BA,apuarema
2902054,Araçás,BA,aracas
2902005,Aracatu,BA,aracatu
2902104,Araci,BA,araci
2902203,Aramari,BA,aramari
2902252,Arataca,BA,arataca
2902302,Aratuípe,BA,aratuipe
2902401,Aurelino Leal,BA,aurelino leal
2902500,Baianópolis,BA,baianopolis
2902609,Baixa Grande,BA,baixa grande
2902658,Banzaê,BA,banzae
2902708,Barra,BA,barra
2902807,Barra da Estiva,BA,barra da estiva
2902906,Barra do Choça,BA,barra do choca
2903003,Barra do Mendes,BA,barra do mendes
2903102,Barra do Rocha,BA,barra do rocha
2903201,Barreiras,BA,barreiras
2903235,Barro Alto,BA,barro alto
2903300,Barro Preto,BA,barro preto
2903276,Barrocas,BA,barrocas
2903409,Belmonte,BA,belmonte
2903508,Belo Campo,BA,belo campo
2903607,Biritinga,BA,biritinga
2903706,Boa Nova,BA,boa nova
2903805,Boa Vista do Tupim,BA,boa vista do tupim
2903904,Bom Jesus da Lapa,BA,bom jesus da lapa
2903953,Bom Jesus da Serra,BA,bom jesus da serra
2904001,Boninal,BA,boninal
2904050,Bonito,BA,bonito
2904100,Boquira,BA,boquira
2904209,Botuporã,BA,botupora
2904308,Brejões,BA,brejoes
2904407,Brejolândia,BA,brejolandia
2904506,Brotas de Macaúbas,BA,brotas de macaubas
2904605,Brumado,BA,brumado
2904704,Buerarema,BA,buerarema
2904753,Buritirama,BA,buritirama
2904803,Caatiba,BA,caatiba
2904852,Cabaceiras do Paraguaçu,BA,cabaceiras do paraguacu
2904902,Cachoeira,BA,cachoeira
2905008,Caculé,BA,cacule
2905107,Caém,BA,caem
2905156,Caetanos,BA,caetanos
2905206,Caetité,BA,caetite
2905305,Cafarnaum,BA,cafarnaum
2905404,Cairu,BA,cairu
2905503,Caldeirão Grande,BA,caldeirao grande
2905602,Camacan,BA,camacan
2905701,Camaçari,BA,camacari
2905800,Camamu,BA,camamu
2905909,Campo Alegre de Lourdes,BA,campo alegre de lourdes
2906006,Campo Formoso,BA,campo formoso
2906105,Canápolis,BA,canapolis
2906204,Canarana,BA,canarana
2906303,Canavieiras,BA,canavieiras
2906402,Candeal,BA,candeal
2906501,Candeias,BA,candeias
2906600,Candiba,BA,candiba
2906709,Cândido Sales,BA,candido sales
2906808,Cansanção,BA,cansancao
2906824,Canudos,BA,canudos
2906857,Capela do Alto Alegre,BA,capela do alto alegre
2906873,Capim Grosso,BA,capim grosso
2906899,Caraíbas,BA,caraibas
2906907,Caravelas,BA,caravelas
2907004,Cardeal da Silva,BA,cardeal da silva
2907103,Carinhanha,BA,carinhanha
2907202,Casa Nova,BA,casa nova
2907301,Castro Alves,BA,castro alves
2907400,Catolândia,BA,catolandia
2907509,Catu,BA,catu
2907558,Caturama,BA,caturama
2907608,Central,BA,central
2907707,Chorrochó,BA,chorrocho
2907806,Cícero Dantas,BA,cicero dantas
2907905,Cipó,BA,cipo
2908002,Coaraci,BA,coaraci
2908101,Cocos,BA,cocos
2908200,Conceição da Feira,BA,conceicao da feira
2908309,Conceição do Almeida,BA,conceicao do almeida
2908408,Conceição do Coité,BA,conceicao do coite
2908507,Conceição do Jacuípe,BA,conceicao do jacuipe
2908606,Conde,BA,conde
2908705,Condeúba,BA,condeuba
2908804,Contendas do Sincorá,BA,contendas do sincora
2908903,Coração de Maria,BA,coracao de maria
2909000,Cordeiros,BA,cordeiros
2909109,Coribe,BA,coribe
2909208,Coronel João Sá,BA,coronel joao sa
2909307,Correntina,BA,correntina
2909406,Cotegipe,BA,cotegipe
2909505,Cravolândia,BA,cravolandia
2909604,Crisópolis,BA,crisopolis
2909703,Cristópolis,BA,cristopolis
2909802,Cruz das Almas,BA,cruz das almas
2909901,Curaçá,BA,curaca
2910008,Dário Meira,BA,dario meira
2910057,Dias d'Ávila,BA,dias d'avila
2910107,Dom Basílio,BA,dom basilio
2910206,Dom Macedo Costa,BA,dom macedo costa
2910305,Elísio Medrado,BA,elisio medrado
2910404,Encruzilhada,BA,encruzilhada
2910503,Entre Rios,BA,entre rios
2900504,Érico Cardoso,BA,erico cardoso
2910602,Esplanada,BA,esplanada
2910701,Euclides da Cunha,BA,euclides da cunha
2910727,Eunápolis,BA,eunapolis
2910750,Fátima,BA,fatima
2910776,Feira da Mata,BA,feira da mata
2910800,Feira de Santana,BA,feira de santana
2910859,Filadélfia,BA,filadelfia
2910909,Firmino Alves,BA,firmino alves
2911006,Floresta Azul,BA,floresta azul
2911105,Formosa do Rio Preto,BA,formosa do rio preto
2911204,Gandu,BA,gandu
2911253,Gavião,BA,gaviao
2911303,Gentio do Ouro,BA,gentio do ouro
2911402,Glória,BA,gloria
2911501,Gongogi,BA,gongogi
2911600,Governador Mangabeira,BA,governador mangabeira
2911659,Guajeru,BA,guajeru
2911709,Guanambi,BA,guanambi
2911808,Guaratinga,BA,guaratinga
2911857,Heliópolis,BA,heliopolis
2911907,Iaçu,BA,iacu
2912004,Ibiassucê,BA,ibiassuce
2912103,Ibicaraí,BA,ibicarai
2912202,Ibicoara,BA,ibicoara
2912301,Ibicuí,BA,ibicui
2912400,Ibipeba,BA,ibipeba
2912509,Ibipitanga,BA,ibipitanga
2912608,Ibiquera,BA,ibiquera
2912707,Ibirapitanga,BA,ibirapitanga
2912806,Ibirapuã,BA,ibirapua
2912905,Ibirataia,BA,ibirataia
2913002,Ibitiara,BA,ibitiara
2913101,Ibititá,BA,ibitita
2913200,Ibotirama,BA,ibotirama
2913309,Ichu,BA,ichu
2913408,Igaporã,BA,igapora
2913457,Igrapiúna,BA,igrapiuna
2913507,Iguaí,BA,iguai
2913606,Ilhéus,BA,ilheus
2913705,Inhambupe,BA,inhambupe
2913804,Ipecaetá,BA,ipecaeta
2913903,Ipiaú,BA,ipiau
2914000,Ipirá,BA,ipira
2914109,Ipupiara,BA,ipupiara
2914208,Irajuba,BA,irajuba
2914307,Iramaia,BA,iramaia
2914406,Iraquara,BA,iraquara
2914505,Irará,BA,irara
2914604,Irecê,BA,irece
2914653,Itabela,BA,itabela
2914703,Itaberaba,BA,itaberaba
2914802,Itabuna,BA,itabuna
2914901,Itacaré,BA,itacare
2915007,Itaeté,BA,itaete
2915106,Itagi,BA,itagi
2915205,Itagibá,BA,itagiba
2915304,Itagimirim,BA,itagimirim
2915353,Itaguaçu da Bahia,BA,itaguacu da bahia
2915403,Itaju do Colônia,BA,itaju do colonia
2915502,Itajuípe,BA,itajuipe
2915601,Itamaraju,BA,itamaraju
2915700,Itamari,BA,itamari
2915809,Itambé,BA,itambe
2915908,Itanagra,BA,itanagra
2916005,Itanhém,BA,itanhem
2916104,Itaparica,BA,itaparica
2916203,Itapé,BA,itape
2916302,Itapebi,BA,itapebi
2916401,Itapetinga,BA,itapetinga
2916500,Itapicuru,BA,itapicuru
2916609,Itapitanga,BA,itapitanga
2916708,Itaquara,BA,itaquara
2916807,Itarantim,BA,itarantim
2916856,Itatim,BA,itatim
2916906,Itiruçu,BA,itirucu
2917003,Itiúba,BA,itiuba
2917102,Itororó,BA,itororo
2917201,Ituaçu,BA,ituacu
2917300,Ituberá,BA,itubera
2917334,Iuiu,BA,iuiu
2917359,Jaborandi,BA,jaborandi
2917409,Jacaraci,BA,jacaraci
2917508,Jacobina,BA,jacobina
2917607,Jaguaquara,BA,jaguaquara
2917706,Jaguarari,BA,jaguarari
2917805,Jaguaripe,BA,jaguaripe
2917904,Jandaíra,BA,jandaira
2918001,Jequié,BA,jequie
2918100,Jeremoabo,BA,jeremoabo
2918209,Jiquiriçá,BA,jiquirica
2918308,Jitaúna,BA,jitauna
2918357,João Dourado,BA,joao dourado
2918407,Juazeiro,BA,juazeiro
2918456,Jucuruçu,BA,jucurucu
2918506,Jussara,BA,jussara
2918555,Jussari,BA,jussari
2918605,Jussiape,BA,jussiape
2918704,Lafaiete Coutinho,BA,lafaiete coutinho
2918753,Lagoa Real,BA,lagoa real
2918803,Laje,BA,laje
2918902,Lajedão,BA,lajedao
2919009,Lajedinho,BA,lajedinho
2919058,Lajedo do Tabocal,BA,lajedo do tabocal
2919108,Lamarão,BA,lamarao
2919157,Lapão,BA,lapao
2919207,Lauro de Freitas,BA,lauro de freitas
2919306,Lençóis,BA,lencois
2919405,Licínio de Almeida,BA,licinio de almeida
2919504,Livramento de Nossa Senhora,BA,livramento de nossa senhora
2919553,Luís Eduardo Magalhães,BA,luis eduardo magalhaes
2919603,Macajuba,BA,macajuba
2919702,Macarani,BA,macarani
2919801,Macaúbas,BA,macaubas
2919900,Macururé,BA,macurure
2919926,Madre de Deus,BA,madre de deus
2919959,Maetinga,BA,maetinga
2920007,Maiquinique,BA,maiquinique
2920106,Mairi,BA,mairi
2920205,Malhada,BA,malhada
2920304,Malhada de Pedras,BA,malhada de pedras
2920403,Manoel Vitorino,BA,manoel vitorino
2920452,Mansidão,BA,mansidao
2920502,Maracás,BA,maracas
2920601,Maragogipe,BA,maragogipe
2920700,Maraú,BA,marau
2920809,Marcionílio Souza,BA,marcionilio souza
2920908,Mascote,BA,mascote
2921005,Mata de São João,BA,mata de sao joao
2921054,Matina,BA,matina
2921104,Medeiros Neto,BA,medeiros neto
2921203,Miguel Calmon,BA,miguel calmon
2921302,Milagres,BA,milagres
2921401,Mirangaba,BA,mirangaba
2921450,Mirante,BA,mirante
2921500,Monte Santo,BA,monte santo
2921609,Morpará,BA,morpara
2921708,Morro do Chapéu,BA,morro do chapeu
2921807,Mortugaba,BA,mortugaba
2921906,Mucugê,BA,mucuge
2922003,Mucuri,BA,mucuri
2922052,Mulungu do Morro,BA,mulungu do morro
2922102,Mundo Novo,BA,mundo novo
2922201,Muniz Ferreira,BA,muniz ferreira
2922250,Muquém do São Francisco,BA,muquem do sao francisco
2922300,Muritiba,BA,muritiba
2922409,Mutuípe,BA,mutuipe
2922508,Nazaré,BA,nazare
2922607,Nilo Peçanha,BA,nilo pecanha
2922656,Nordestina,BA,nordestina
2922706,Nova Canaã,BA,nova canaa
2922730,Nova Fátima,BA,nova fatima
2922755,Nova Ibiá,BA,nova ibia
2922805,Nova Itarana,BA,nova itarana
2922854,Nova Redenção,BA,nova redencao
2922904,Nova Soure,BA,nova soure
2923001,Nova Viçosa,BA,nova vicosa
2923035,Novo Horizonte,BA,novo horizonte
2923050,Novo Triunfo,BA,novo triunfo
2923100,Olindina,BA,olindina
2923209,Oliveira dos Brejinhos,BA,oliveira dos brejinhos
2923308,Ouriçangas,BA,ouricangas
2923357,Ourolândia,BA,ourolandia
2923407,Palmas de Monte Alto,BA,palmas de monte alto
2923506,Palmeiras,BA,palmeiras
2923605,Paramirim,BA,paramirim
2923704,Paratinga,BA,paratinga
2923803,Paripiranga,BA,paripiranga
2923902,Pau Brasil,BA,pau brasil
2924009,Paulo Afonso,BA,paulo afonso
2924058,Pé de Serra,BA,pe de serra
2924108,Pedrão,BA,pedrao
2924207,Pedro Alexandre,BA,pedro alexandre
2924306,Piatã,BA,piata
2924405,Pilão Arcado,BA,pilao arcado
2924504,Pindaí,BA,pindai
2924603,Pindobaçu,BA,pindobacu
2924652,Pintadas,BA,pintadas
2924678,Piraí do Norte,BA,pirai do norte
2924702,Piripá,BA,piripa
2924801,Piritiba,BA,piritiba
2924900,Planaltino,BA,planaltino
2925006,Planalto,BA,planalto
2925105,Poções,BA,pocoes
2925204,Pojuca,BA,pojuca
2925253,Ponto Novo,BA,ponto novo
2925303,Porto Seguro,BA,porto seguro
2925402,Potiraguá,BA,potiragua
2925501,Prado,BA,prado
2925600,Presidente Dutra,BA,presidente dutra
2925709,Presidente Jânio Quadros,BA,presidente janio quadros
2925758,Presidente Tancredo Neves,BA,presidente tancredo neves
2925808,Queimadas,BA,queimadas
2925907,Quijingue,BA,quijingue
2925931,Quixabeira,BA,quixabeira
2925956,Rafael Jambeiro,BA,rafael jambeiro
2926004,Remanso,BA,remanso
2926103,Retirolândia,BA,retirolandia
2926202,Riachão das Neves,BA,riachao das neves
2926301,Riachão do Jacuípe,BA,riachao do jacuipe
2926400,Riacho de Santana,BA,riacho de santana
2926509,Ribeira do Amparo,BA,ribeira do amparo
2926608,Ribeira do Pombal,BA,ribeira do pombal
2926657,Ribeirão do Largo,BA,ribeirao do largo
2926707,Rio de Contas,BA,rio de contas
2926806,Rio do Antônio,BA,rio do antonio
2926905,Rio do Pires,BA,rio do pires
2927002,Rio Real,BA,rio real
2927101,Rodelas,BA,rodelas
2927200,Ruy Barbosa,BA,ruy barbosa
2927309,Salinas da Margarida,BA,salinas da margarida
2927408,Salvador,BA,salvador
2927507,Santa Bárbara,BA,santa barbara
2927606,Santa Brígida,BA,santa brigida
2927705,Santa Cruz Cabrália,BA,santa cruz cabralia
2927804,Santa Cruz da Vitória,BA,santa cruz da vitoria
2927903,Santa Inês,BA,santa ines
2928059,Santa Luzia,BA,santa luzia
2928109,Santa Maria da Vitória,BA,santa maria da vitoria
2928406,Santa Rita de Cássia,BA,santa rita de cassia
2928505,Santa Terezinha,BA,santa terezinha
2928000,Santaluz,BA,santaluz
2928208,Santana,BA,santana
2928307,Santanópolis,BA,santanopolis
2928604,Santo Amaro,BA,santo amaro
2928703,Santo Antônio de Jesus,BA,santo antonio de jesus
2928802,Santo Estêvão,BA,santo estevao
2928901,São Desidério,BA,sao desiderio
2928950,São Domingos,BA,sao domingos
2929107,São Felipe,BA,sao felipe
2929008,São Félix,BA,sao felix
2929057,São Félix do Coribe,BA,sao felix do coribe
2929206,São Francisco do Conde,BA,sao francisco do conde
2929255,São Gabriel,BA,sao gabriel
2929305,São Gonçalo dos Campos,BA,sao goncalo dos campos
2929354,São José da Vitória,BA,sao jose da vitoria
2929370,São José do Jacuípe,BA,sao jose do jacuipe
2929404,São Miguel das Matas,BA,sao miguel das matas
2929503,São Sebastião do Passé,BA,sao sebastiao do passe
2929602,Sapeaçu,BA,sapeacu
2929701,Sátiro Dias,BA,satiro dias
2929750,Saubara,BA,saubara
2929800,Saúde,BA,saude
2929909,Seabra,BA,seabra
2930006,Sebastião Laranjeiras,BA,sebastiao laranjeiras
2930105,Senhor do Bonfim,BA,senhor do bonfim
2930204,Sento Sé,BA,sento se
2930154,Serra do Ramalho,BA,serra do ramalho
2930303,Serra Dourada,BA,serra dourada
2930402,Serra Preta,BA,serra preta
2930501,Serrinha,BA,serrinha
2930600,Serrolândia,BA,serrolandia
2930709,Simões Filho,BA,simoes filho
2930758,Sítio do Mato,BA,sitio do mato
2930766,Sítio do Quinto,BA,sitio do quinto
2930774,Sobradinho,BA,sobradinho
2930808,Souto Soares,BA,souto soares
2930907,Tabocas do Brejo Velho,BA,tabocas do brejo velho
2931004,Tanhaçu,BA,tanhacu
2931053,Tanque Novo,BA,tanque novo
2931103,Tanquinho,BA,tanquinho
2931202,Taperoá,BA,taperoa
2931301,Tapiramutá,BA,tapiramuta
2931350,Teixeira de Freitas,BA,teixeira de freitas
2931400,Teodoro Sampaio,BA,teodoro sampaio
2931509,Teofilândia,BA,teofilandia
2931608,Teolândia,BA,teolandia
2931707,Terra Nova,BA,terra nova
2931806,Tremedal,BA,tremedal
2931905,Tucano,BA,tucano
2932002,Uauá,BA,uaua
2932101,Ubaíra,BA,ubaira
2932200,Ubaitaba,BA,ubaitaba
2932309,Ubatã,BA,ubata
2932408,Uibaí,BA,uibai
2932457,Umburanas,BA,umburanas
2932507,Una,BA,una
2932606,Urandi,BA,urandi
2932705,Uruçuca,BA,urucuca
2932804,Utinga,BA,utinga
2932903,Valença,BA,valenca
2933000,Valente,BA,valente
2933059,Várzea da Roça,BA,varzea da roca
2933109,Várzea do Poço,BA,varzea do poco
2933158,Várzea Nova,BA,varzea nova
2933174,Varzedo,BA,varzedo
2933208,Vera Cruz,BA,vera cruz
2933257,Vereda,BA,vereda
2933307,Vitória da Conquista,BA,vitoria da conquista
2933406,Wagner,BA,wagner
2933455,Wanderley,BA,wanderley
2933505,Wenceslau Guimarães,BA,wenceslau guimaraes
2933604,Xique-Xique,BA,xique-xique
2300101,Abaiara,CE,abaiara
2300150,Acarape,CE,acarape
2300200,Acaraú,CE,acarau
2300309,Acopiara,CE,acopiara
2300408,Aiuaba,CE,aiuaba
2300507,Alcântaras,CE,alcantaras
2300606,Altaneira,CE,altaneira
2300705,Alto Santo,CE,alto santo
2300754,Amontada,CE,amontada
2300804,Antonina do Norte,CE,antonina do norte
2300903,Apuiarés,CE,apuiares
2301000,Aquiraz,CE,aquiraz
2301109,Aracati,CE,aracati
2301208,Aracoiaba,CE,aracoiaba
2301257,Ararendá,CE,ararenda
2301307,Araripe,CE,araripe
2301406,Aratuba,CE,aratuba
2301505,Arneiroz,CE,arneiroz
2301604,Assaré,CE,assare
2301703,Aurora,CE,aurora
2301802,Baixio,CE,baixio
2301851,Banabuiú,CE,banabuiu
2301901,Barbalha,CE,barbalha
2301950,Barreira,CE,barreira
2302008,Barro,CE,barro
2302057,Barroquinha,CE,barroquinha
2302107,Baturité,CE,baturite
2302206,Beberibe,CE,beberibe
2302305,Bela Cruz,CE,bela cruz
2302404,Boa Viagem,CE,boa viagem
2302503,Brejo Santo,CE,brejo santo
2302602,Camocim,CE,camocim
2302701,Campos Sales,CE,campos sales
2302800,Canindé,CE,caninde
2302909,Capistrano,CE,capistrano
2303006,Caridade,CE,caridade
2303105,Cariré,CE,carire
2303204,Caririaçu,CE,caririacu
2303303,Cariús,CE,carius
2303402,Carnaubal,CE,carnaubal
2303501,Cascavel,CE,cascavel
2303600,Catarina,CE,catarina
2303659,Catunda,CE,catunda
2303709,Caucaia,CE,caucaia
2303808,Cedro,CE,cedro
2303907,Chaval,CE,chaval
2303931,Choró,CE,choro
2303956,Chorozinho,CE,chorozinho
2304004,Coreaú,CE,coreau
2304103,Crateús,CE,crateus
2304202,Crato,CE,crato
2304236,Croatá,CE,croata
2304251,Cruz,CE,cruz
2304269,Deputado Irapuan Pinheiro,CE,deputado irapuan pinheiro
2304277,Ereré,CE,erere
2304285,Eusébio,CE,eusebio
2304301,Farias Brito,CE,farias brito
2304350,Forquilha,CE,forquilha
2304400,Fortaleza,CE,fortaleza
2304459,Fortim,CE,fortim
2304509,Frecheirinha,CE,frecheirinha
2304608,General Sampaio,CE,general sampaio
2304657,Graça,CE,graca
2304707,Granja,CE,granja
2304806,Granjeiro,CE,granjeiro
2304905,Groaíras,CE,groairas
2304954,Guaiúba,CE,guaiuba
2305001,Guaraciaba do Norte,CE,guaraciaba do norte
2305100,Guaramiranga,CE,guaramiranga
2305209,Hidrolândia,CE,hidrolandia
2305233,Horizonte,CE,horizonte
2305266,Ibaretama,CE,ibaretama
2305308,Ibiapina,CE,ibiapina
2305332,Ibicuitinga,CE,ibicuitinga
2305357,Icapuí,CE,icapui
2305407,Icó,CE,ico
2305506,Iguatu,CE,iguatu
2305605,Independência,CE,independencia
2305654,Ipaporanga,CE,ipaporanga
2305704,Ipaumirim,CE,ipaumirim
2305803,Ipu,CE,ipu
2305902,Ipueiras,CE,ipueiras
2306009,Iracema,CE,iracema
2306108,Irauçuba,CE,iraucuba
2306207,Itaiçaba,CE,itaicaba
2306256,Itaitinga,CE,itaitinga
2306306,Itapajé,CE,itapaje
2306405,Itapipoca,CE,itapipoca
2306504,Itapiúna,CE,itapiuna
2306553,Itarema,CE,itarema
2306603,Itatira,CE,itatira
2306702,Jaguaretama,CE,jaguaretama
2306801,Jaguaribara,CE,jaguaribara
2306900,Jaguaribe,CE,jaguaribe
2307007,Jaguaruana,CE,jaguaruana
2307106,Jardim,CE,jardim
2307205,Jati,CE,jati
2307254,Jijoca de Jericoacoara,CE,jijoca de jericoacoara
2307304,Juazeiro do Norte,CE,juazeiro do norte
2307403,Jucás,CE,jucas
2307502,Lavras da Mangabeira,CE,lavras da mangabeira
2307601,Limoeiro do Norte,CE,limoeiro do norte
2307635,Madalena,CE,madalena
2307650,Maracanaú,CE,maracanau
2307700,Maranguape,CE,maranguape
2307809,Marco,CE,marco
2307908,Martinópole,CE,martinopole
2308005,Massapê,CE,massape
2308104,Mauriti,CE,mauriti
2308203,Meruoca,CE,meruoca
2308302,Milagres,CE,milagres
2308351,Milhã,CE,milha
2308377,Miraíma,CE,miraima
2308401,Missão Velha,CE,missao velha
2308500,Mombaça,CE,mombaca
2308609,Monsenhor Tabosa,CE,monsenhor tabosa
2308708,Morada Nova,CE,morada nova
2308807,Moraújo,CE,moraujo
2308906,Morrinhos,CE,morrinhos
2309003,Mucambo,CE,mucambo
2309102,Mulungu,CE,mulungu
2309201,Nova Olinda,CE,nova olinda
2309300,Nova Russas,CE,nova russas
2309409,Novo Oriente,CE,novo oriente
2309458,Ocara,CE,ocara
2309508,Orós,CE,oros
2309607,Pacajus,CE,pacajus
2309706,Pacatuba,CE,pacatuba
2309805,Pacoti,CE,pacoti
2309904,Pacujá,CE,pacuja
2310001,Palhano,CE,palhano
2310100,Palmácia,CE,palmacia
2310209,Paracuru,CE,paracuru
2310258,Paraipaba,CE,paraipaba
2310308,Parambu,CE,parambu
2310407,Paramoti,CE,paramoti
2310506,Pedra Branca,CE,pedra branca
2310605,Penaforte,CE,penaforte
2310704,Pentecoste,CE,pentecoste
2310803,Pereiro,CE,pereiro
2310852,Pindoretama,CE,pindoretama
2310902,Piquet Carneiro,CE,piquet carneiro
2310951,Pires Ferreira,CE,pires ferreira
2311009,Poranga,CE,poranga
2311108,Porteiras,CE,porteiras
2311207,Potengi,CE,potengi
2311231,Potiretama,CE,potiretama
2311264,Quiterianópolis,CE,quiterianopolis
2311306,Quixadá,CE,quixada
2311355,Quixelô,CE,quixelo
2311405,Quixeramobim,CE,quixeramobim
2311504,Quixeré,CE,quixere
2311603,Redenção,CE,redencao
2311702,Reriutaba,CE,reriutaba
2311801,Russas,CE,russas
2311900,Saboeiro,CE,saboeiro
2311959,Salitre,CE,salitre
2312205,Santa Quitéria,CE,santa quiteria
2312007,Santana do Acaraú,CE,santana do acarau
2312106,Santana do Cariri,CE,santana do cariri
2312304,São Benedito,CE,sao benedito
2312403,São Gonçalo do Amarante,CE,sao goncalo do amarante
2312502,São João do Jaguaribe,CE,sao joao do jaguaribe
2312601,São Luís do Curu,CE,sao luis do curu
2312700,Senador Pompeu,CE,senador pompeu
2312809,Senador Sá,CE,senador sa
2312908,Sobral,CE,sobral
2313005,Solonópole,CE,solonopole
2313104,Tabuleiro do Norte,CE,tabuleiro do norte
2313203,Tamboril,CE,tamboril
2313252,Tarrafas,CE,tarrafas
2313302,Tauá,CE,taua
2313351,Tejuçuoca,CE,tejucuoca
2313401,Tianguá,CE,tiangua
2313500,Trairi,CE,trairi
2313559,Tururu,CE,tururu
2313609,Ubajara,CE,ubajara
2313708,Umari,CE,umari
2313757,Umirim,CE,umirim
2313807,Uruburetama,CE,uruburetama
2313906,Uruoca,CE,uruoca
2313955,Varjota,CE,varjota
2314003,Várzea Alegre,CE,varzea alegre
2314102,Viçosa do Ceará,CE,vicosa do ceara
5300108,Brasília,DF,brasilia
3200102,Afonso Cláudio,ES,afonso claudio
3200169,Água Doce do Norte,ES,agua doce do norte
3200136,Águia Branca,ES,aguia branca
3200201,Alegre,ES,alegre
3200300,Alfredo Chaves,ES,alfredo chaves
3200359,Alto Rio Novo,ES,alto rio novo
3200409,Anchieta,ES,anchieta
3200508,Apiacá,ES,apiaca
3200607,Aracruz,ES,aracruz
3200706,Atílio Vivácqua,ES,atilio vivacqua
3200805,Baixo Guandu,ES,baixo guandu
3200904,Barra de São Francisco,ES,barra de sao francisco
3201001,Boa Esperança,ES,boa esperanca
3201100,Bom Jesus do Norte,ES,bom jesus do norte
3201159,Brejetuba,ES,brejetuba
3201209,Cachoeiro de Itapemirim,ES,cachoeiro de itapemirim
3201308,Cariacica,ES,cariacica
3201407,Castelo,ES,castelo
3201506,Colatina,ES,colatina
3201605,Conceição da Barra,ES,conceicao da barra
3201704,Conceição do Castelo,ES,conceicao do castelo
3201803,Divino de São Lourenço,ES,divino de sao lourenco
3201902,Domingos Martins,ES,domingos martins
3202009,Dores do Rio Preto,ES,dores do rio preto
3202108,Ecoporanga,ES,ecoporanga
3202207,Fundão,ES,fundao
3202256,Governador Lindenberg,ES,governador lindenberg
3202306,Guaçuí,ES,guacui
3202405,Guarapari,ES,guarapari
3202454,Ibatiba,ES,ibatiba
3202504,Ibiraçu,ES,ibiracu
3202553,Ibitirama,ES,ibitirama
3202603,Iconha,ES,iconha
3202652,Irupi,ES,irupi
3202702,Itaguaçu,ES,itaguacu
3202801,Itapemirim,ES,itapemirim
3202900,Itarana,ES,itarana
3203007,Iúna,ES,iuna
3203056,Jaguaré,ES,jaguare
3203106,Jerônimo Monteiro,ES,jeronimo monteiro
3203130,João Neiva,ES,joao neiva
3203163,Laranja da Terra,ES,laranja da terra
3203205,Linhares,ES,linhares
3203304,Mantenópolis,ES,mantenopolis
3203320,Marataízes,ES,marataizes
3203346,Marechal Floriano,ES,marechal floriano
3203353,Marilândia,ES,marilandia
3203403,Mimoso do Sul,ES,mimoso do sul
3203502,Montanha,ES,montanha
3203601,Mucurici,ES,mucurici
3203700,Muniz Freire,ES,muniz freire
3203809,Muqui,ES,muqui
3203908,Nova Venécia,ES,nova venecia
3204005,Pancas,ES,pancas
3204054,Pedro Canário,ES,pedro canario
3204104,Pinheiros,ES,pinheiros
3204203,Piúma,ES,piuma
3204252,Ponto Belo,ES,ponto belo
3204302,Presidente Kennedy,ES,presidente kennedy
3204351,Rio Bananal,ES,rio bananal
3204401,Rio Novo do Sul,ES,rio novo do sul
3204500,Santa Leopoldina,ES,santa leopoldina
3204559,Santa Maria de Jetibá,ES,santa maria de jetiba
3204609,Santa Teresa,ES,santa teresa
3204658,São Domingos do Norte,ES,sao domingos do norte
3204708,São Gabriel da Palha,ES,sao gabriel da palha
3204807,São José do Calçado,ES,sao jose do calcado
3204906,São Mateus,ES,sao mateus
3204955,São Roque do Canaã,ES,sao roque do canaa
3205002,Serra,ES,serra
3205010,Sooretama,ES,sooretama
3205036,Vargem Alta,ES,vargem alta
3205069,Venda Nova do Imigrante,ES,venda nova do imigrante
3205101,Viana,ES,viana
3205150,Vila Pavão,ES,vila pavao
3205176,Vila Valério,ES,vila valerio
3205200,Vila Velha,ES,vila velha
3205309,Vitória,ES,vitoria
5200050,Abadia de Goiás,GO,abadia de goias
5200100,Abadiânia,GO,abadiania
5200134,Acreúna,GO,acreuna
5200159,Adelândia,GO,adelandia
5200175,Água Fria de Goiás,GO,agua fria de goias
5200209,Água Limpa,GO,agua limpa
5200258,Águas Lindas de Goiás,GO,aguas lindas de goias
5200308,Alexânia,GO,alexania
5200506,Aloândia,GO,aloandia
5200555,Alto Horizonte,GO,alto horizonte
5200605,Alto Paraíso de Goiás,GO,alto paraiso de goias
5200803,Alvorada do Norte,GO,alvorada do norte
5200829,Amaralina,GO,amaralina
5200852,Americano do Brasil,GO,americano do brasil
5200902,Amorinópolis,GO,amorinopolis
5201108,Anápolis,GO,anapolis
5201207,Anhanguera,GO,anhanguera
5201306,Anicuns,GO,anicuns
5201405,Aparecida de Goiânia,GO,aparecida de goiania
5201454,Aparecida do Rio Doce,GO,aparecida do rio doce
5201504,Aporé,GO,apore
5201603,Araçu,GO,aracu
5201702,Aragarças,GO,aragarcas
5201801,Aragoiânia,GO,aragoiania
5202155,Araguapaz,GO,araguapaz
5202353,Arenópolis,GO,arenopolis
5202502,Aruanã,GO,aruana
5202601,Aurilândia,GO,aurilandia
5202809,Avelinópolis,GO,avelinopolis
5203104,Baliza,GO,baliza
5203203,Barro Alto,GO,barro alto
5203302,Bela Vista de Goiás,GO,bela vista de goias
5203401,Bom Jardim de Goiás,GO,bom jardim de goias
5203500,Bom Jesus de Goiás,GO,bom jesus de goias
5203559,Bonfinópolis,GO,bonfinopolis
5203575,Bonópolis,GO,bonopolis
5203609,Brazabrantes,GO,brazabrantes
5203807,Britânia,GO,britania
5203906,Buriti Alegre,GO,buriti alegre
5203939,Buriti de Goiás,GO,buriti de goias
5203962,Buritinópolis,GO,buritinopolis
5204003,Cabeceiras,GO,cabeceiras
5204102,Cachoeira Alta,GO,cachoeira alta
5204201,Cachoeira de Goiás,GO,cachoeira de goias
5204250,Cachoeira Dourada,GO,cachoeira dourada
5204300,Caçu,GO,cacu
5204409,Caiapônia,GO,caiaponia
5204508,Caldas Novas,GO,caldas novas
5204557,Caldazinha,GO,caldazinha
5204607,Campestre de Goiás,GO,campestre de goias
5204656,Campinaçu,GO,campinacu
5204706,Campinorte,GO,campinorte
5204805,Campo Alegre de Goiás,GO,campo alegre de goias
5204854,Campo Limpo de Goiás,GO,campo limpo de goias
5204904,Campos Belos,GO,campos belos
5204953,Campos Verdes,GO,campos verdes
5205000,Carmo do Rio Verde,GO,carmo do rio verde
5205059,Castelândia,GO,castelandia
5205109,Catalão,GO,catalao
5205208,Caturaí,GO,caturai
5205307,Cavalcante,GO,cavalcante
5205406,Ceres,GO,ceres
5205455,Cezarina,GO,cezarina
5205471,Chapadão do Céu,GO,chapadao do ceu
5205497,Cidade Ocidental,GO,cidade ocidental
5205513,Cocalzinho de Goiás,GO,cocalzinho de goias
5205521,Colinas do Sul,GO,colinas do sul
5205703,Córrego do Ouro,GO,corrego do ouro
5205802,Corumbá de Goiás,GO,corumba de goias
5205901,Corumbaíba,GO,corumbaiba
5206206,Cristalina,GO,cristalina
5206305,Cristianópolis,GO,cristianopolis
5206404,Crixás,GO,crixas
5206503,Cromínia,GO,crominia
5206602,Cumari,GO,cumari
5206701,Damianópolis,GO,damianopolis
5206800,Damolândia,GO,damolandia
5206909,Davinópolis,GO,davinopolis
5207105,Diorama,GO,diorama
5208301,Divinópolis de Goiás,GO,divinopolis de goias
5207253,Doverlândia,GO,doverlandia
5207352,Edealina,GO,edealina
5207402,Edéia,GO,edeia
5207501,Estrela do Norte,GO,estrela do norte
5207535,Faina,GO,faina
5207600,Fazenda Nova,GO,fazenda nova
5207808,Firminópolis,GO,firminopolis
5207907,Flores de Goiás,GO,flores de goias
5208004,Formosa,GO,formosa
5208103,Formoso,GO,formoso
5208152,Gameleira de Goiás,GO,gameleira de goias
5208400,Goianápolis,GO,goianapolis
5208509,Goiandira,GO,goiandira
5208608,Goianésia,GO,goianesia
5208707,Goiânia,GO,goiania
5208806,Goianira,GO,goianira
5208905,Goiás,GO,goias
5209101,Goiatuba,GO,goiatuba
5209150,Gouvelândia,GO,gouvelandia
5209200,Guapó,GO,guapo
5209291,Guaraíta,GO,guaraita
5209408,Guarani de Goiás,GO,guarani de goias
5209457,Guarinos,GO,guarinos
5209606,Heitoraí,GO,heitorai
5209705,Hidrolândia,GO,hidrolandia
5209804,Hidrolina,GO,hidrolina
5209903,Iaciara,GO,iaciara
5209937,Inaciolândia,GO,inaciolandia
5209952,Indiara,GO,indiara
5210000,Inhumas,GO,inhumas
5210109,Ipameri,GO,ipameri
5210158,Ipiranga de Goiás,GO,ipiranga de goias
5210208,Iporá,GO,ipora
5210307,Israelândia,GO,israelandia
5210406,Itaberaí,GO,itaberai
5210562,Itaguari,GO,itaguari
5210604,Itaguaru,GO,itaguaru
5210802,Itajá,GO,itaja
5210901,Itapaci,GO,itapaci
5211008,Itapirapuã,GO,itapirapua
5211206,Itapuranga,GO,itapuranga
5211305,Itarumã,GO,itaruma
5211404,Itauçu,GO,itaucu
5211503,Itumbiara,GO,itumbiara
5211602,Ivolândia,GO,ivolandia
5211701,Jandaia,GO,jandaia
5211800,Jaraguá,GO,jaragua
5211909,Jataí,GO,jatai
5212006,Jaupaci,GO,jaupaci
5212055,Jesúpolis,GO,jesupolis
5212105,Joviânia,GO,joviania
5212204,Jussara,GO,jussara
5212253,Lagoa Santa,GO,lagoa santa
5212303,Leopoldo de Bulhões,GO,leopoldo de bulhoes
5212501,Luziânia,GO,luziania
5212600,Mairipotaba,GO,mairipotaba
5212709,Mambaí,GO,mambai
5212808,Mara Rosa,GO,mara rosa
5212907,Marzagão,GO,marzagao
5212956,Matrinchã,GO,matrincha
5213004,Maurilândia,GO,maurilandia
5213053,Mimoso de Goiás,GO,mimoso de goias
5213087,Minaçu,GO,minacu
5213103,Mineiros,GO,mineiros
5213400,Moiporá,GO,moipora
5213509,Monte Alegre de Goiás,GO,monte alegre de goias
5213707,Montes Claros de Goiás,GO,montes claros de goias
5213756,Montividiu,GO,montividiu
5213772,Montividiu do Norte,GO,montividiu do norte
5213806,Morrinhos,GO,morrinhos
5213855,Morro Agudo de Goiás,GO,morro agudo de goias
5213905,Mossâmedes,GO,mossamedes
5214002,Mozarlândia,GO,mozarlandia
5214051,Mundo Novo,GO,mundo novo
5214101,Mutunópolis,GO,mutunopolis
5214408,Nazário,GO,nazario
5214507,Nerópolis,GO,neropolis
5214606,Niquelândia,GO,niquelandia
5214705,Nova América,GO,nova america
5214804,Nova Aurora,GO,nova aurora
5214838,Nova Crixás,GO,nova crixas
5214861,Nova Glória,GO,nova gloria
5214879,Nova Iguaçu de Goiás,GO,nova iguacu de goias
5214903,Nova Roma,GO,nova roma
5215009,Nova Veneza,GO,nova veneza
5215207,Novo Brasil,GO,novo brasil
5215231,Novo Gama,GO,novo gama
5215256,Novo Planalto,GO,novo planalto
5215306,Orizona,GO,orizona
5215405,Ouro Verde de Goiás,GO,ouro verde de goias
5215504,Ouvidor,GO,ouvidor
5215603,Padre Bernardo,GO,padre bernardo
5215652,Palestina de Goiás,GO,palestina de goias
5215702,Palmeiras de Goiás,GO,palmeiras de goias
5215801,Palmelo,GO,palmelo
5215900,Palminópolis,GO,palminopolis
5216007,Panamá,GO,panama
5216304,Paranaiguara,GO,paranaiguara
5216403,Paraúna,GO,parauna
5216452,Perolândia,GO,perolandia
5216809,Petrolina de Goiás,GO,petrolina de goias
5216908,Pilar de Goiás,GO,pilar de goias
5217104,Piracanjuba,GO,piracanjuba
5217203,Piranhas,GO,piranhas
5217302,Pirenópolis,GO,pirenopolis
5217401,Pires do Rio,GO,pires do rio
5217609,Planaltina,GO,planaltina
5217708,Pontalina,GO,pontalina
5218003,Porangatu,GO,porangatu
5218052,Porteirão,GO,porteirao
5218102,Portelândia,GO,portelandia
5218300,Posse,GO,posse
5218391,Professor Jamil,GO,professor jamil
5218508,Quirinópolis,GO,quirinopolis
5218607,Rialma,GO,rialma
5218706,Rianápolis,GO,rianapolis
5218789,Rio Quente,GO,rio quente
5218805,Rio Verde,GO,rio verde
5218904,Rubiataba,GO,rubiataba
5219001,Sanclerlândia,GO,sanclerlandia
5219100,Santa Bárbara de Goiás,GO,santa barbara de goias
5219209,Santa Cruz de Goiás,GO,santa cruz de goias
5219258,Santa Fé de Goiás,GO,santa fe de goias
5219308,Santa Helena de Goiás,GO,santa helena de goias
5219357,Santa Isabel,GO,santa isabel
5219407,Santa Rita do Araguaia,GO,santa rita do araguaia
5219456,Santa Rita do Novo Destino,GO,santa rita do novo destino
5219506,Santa Rosa de Goiás,GO,santa rosa de goias
5219605,Santa Tereza de Goiás,GO,santa tereza de goias
5219704,Santa Terezinha de Goiás,GO,santa terezinha de goias
5219712,Santo Antônio da Barra,GO,santo antonio da barra
5219738,Santo Antônio de Goiás,GO,santo antonio de goias
5219753,Santo Antônio do Descoberto,GO,santo antonio do descoberto
5219803,São Domingos,GO,sao domingos
5219902,São Francisco de Goiás,GO,sao francisco de goias
5220009,São João d'Aliança,GO,sao joao d'alianca
5220058,São João da Paraúna,GO,sao joao da parauna
5220108,São Luís de Montes Belos,GO,sao luis de montes belos
5220157,São Luiz do Norte,GO,sao luiz do norte
5220207,São Miguel do Araguaia,GO,sao miguel do araguaia
5220264,São Miguel do Passa Quatro,GO,sao miguel do passa quatro
5220280,São Patrício,GO,sao patricio
5220405,São Simão,GO,sao simao
5220454,Senador Canedo,GO,senador canedo
5220504,Serranópolis,GO,serranopolis
5220603,Silvânia,GO,silvania
5220686,Simolândia,GO,simolandia
5220702,Sítio d'Abadia,GO,sitio d'abadia
5221007,Taquaral de Goiás,GO,taquaral de goias
5221080,Teresina de Goiás,GO,teresina de goias
5221197,Terezópolis de Goiás,GO,terezopolis de goias
5221304,Três Ranchos,GO,tres ranchos
5221403,Trindade,GO,trindade
5221452,Trombas,GO,trombas
5221502,Turvânia,GO,turvania
5221551,Turvelândia,GO,turvelandia
5221577,Uirapuru,GO,uirapuru
5221601,Uruaçu,GO,uruacu
5221700,Uruana,GO,uruana
5221809,Urutaí,GO,urutai
5221858,Valparaíso de Goiás,GO,valparaiso de goias
5221908,Varjão,GO,varjao
5222005,Vianópolis,GO,vianopolis
5222054,Vicentinópolis,GO,vicentinopolis
5222203,Vila Boa,GO,vila boa
5222302,Vila Propício,GO,vila propicio
2100055,Açailândia,MA,acailandia
2100105,Afonso Cunha,MA,afonso cunha
2100154,Água Doce do Maranhão,MA,agua doce do maranhao
2100204,Alcântara,MA,alcantara
2100303,Aldeias Altas,MA,aldeias altas
2100402,Altamira do Maranhão,MA,altamira do maranhao
2100436,Alto Alegre do Maranhão,MA,alto alegre do maranhao
2100477,Alto Alegre do Pindaré,MA,alto alegre do pindare
2100501,Alto Parnaíba,MA,alto parnaiba
2100550,Amapá do Maranhão,MA,amapa do maranhao
2100600,Amarante do Maranhão,MA,amarante do maranhao
2100709,Anajatuba,MA,anajatuba
2100808,Anapurus,MA,anapurus
2100832,Apicum-Açu,MA,apicum-acu
2100873,Araguanã,MA,araguana
2100907,Araioses,MA,araioses
2100956,Arame,MA,arame
2101004,Arari,MA,arari
2101103,Axixá,MA,axixa
2101202,Bacabal,MA,bacabal
2101251,Bacabeira,MA,bacabeira
2101301,Bacuri,MA,bacuri
2101350,Bacurituba,MA,bacurituba
2101400,Balsas,MA,balsas
2101509,Barão de Grajaú,MA,barao de grajau
2101608,Barra do Corda,MA,barra do corda
2101707,Barreirinhas,MA,barreirinhas
2101772,Bela Vista do Maranhão,MA,bela vista do maranhao
2101731,Belágua,MA,belagua
2101806,Benedito Leite,MA,benedito leite
2101905,Bequimão,MA,bequimao
2101939,Bernardo do Mearim,MA,bernardo do mearim
2101970,Boa Vista do Gurupi,MA,boa vista do gurupi
2102002,Bom Jardim,MA,bom jardim
2102036,Bom Jesus das Selvas,MA,bom jesus das selvas
2102077,Bom Lugar,MA,bom lugar
2102101,Brejo,MA,brejo
2102150,Brejo de Areia,MA,brejo de areia
2102200,Buriti,MA,buriti
2102309,Buriti Bravo,MA,buriti bravo
2102325,Buriticupu,MA,buriticupu
2102358,Buritirana,MA,buritirana
2102374,Cachoeira Grande,MA,cachoeira grande
2102408,Cajapió,MA,cajapio
2102507,Cajari,MA,cajari
2102556,Campestre do Maranhão,MA,campestre do maranhao
2102606,Cândido Mendes,MA,candido mendes
2102705,Cantanhede,MA,cantanhede
2102754,Capinzal do Norte,MA,capinzal do norte
2102804,Carolina,MA,carolina
2102903,Carutapera,MA,carutapera
2103000,Caxias,MA,caxias
2103109,Cedral,MA,cedral
2103125,Central do Maranhão,MA,central do maranhao
2103158,Centro do Guilherme,MA,centro do guilherme
2103174,Centro Novo do Maranhão,MA,centro novo do maranhao
2103208,Chapadinha,MA,chapadinha
2103257,Cidelândia,MA,cidelandia
2103307,Codó,MA,codo
2103406,Coelho Neto,MA,coelho neto
2103505,Colinas,MA,colinas
2103554,Conceição do Lago-Açu,MA,conceicao do lago-acu
2103604,Coroatá,MA,coroata
2103703,Cururupu,MA,cururupu
2103752,Davinópolis,MA,davinopolis
2103802,Dom Pedro,MA,dom pedro
2103901,Duque Bacelar,MA,duque bacelar
2104008,Esperantinópolis,MA,esperantinopolis
2104057,Estreito,MA,estreito
2104073,Feira Nova do Maranhão,MA,feira nova do maranhao
2104081,Fernando Falcão,MA,fernando falcao
2104099,Formosa da Serra Negra,MA,formosa da serra negra
2104107,Fortaleza dos Nogueiras,MA,fortaleza dos nogueiras
2104206,Fortuna,MA,fortuna
2104305,Godofredo Viana,MA,godofredo viana
2104404,Gonçalves Dias,MA,goncalves dias
2104503,Governador Archer,MA,governador archer
2104552,Governador Edison Lobão,MA,governador edison lobao
2104602,Governador Eugênio Barros,MA,governador eugenio barros
2104628,Governador Luiz Rocha,MA,governador luiz rocha
2104651,Governador Newton Bello,MA,governador newton bello
2104677,Governador Nunes Freire,MA,governador nunes freire
2104701,Graça Aranha,MA,graca aranha
2104800,Grajaú,MA,grajau
2104909,Guimarães,MA,guimaraes
2105005,Humberto de Campos,MA,humberto de campos
2105104,Icatu,MA,icatu
2105153,Igarapé do Meio,MA,igarape do meio
2105203,Igarapé Grande,MA,igarape grande
2105302,Imperatriz,MA,imperatriz
2105351,Itaipava do Grajaú,MA,itaipava do grajau
2105401,Itapecuru Mirim,MA,itapecuru mirim
2105427,Itinga do Maranhão,MA,itinga do maranhao
2105450,Jatobá,MA,jatoba
2105476,Jenipapo dos Vieiras,MA,jenipapo dos vieiras
2105500,João Lisboa,MA,joao lisboa
2105609,Joselândia,MA,joselandia
2105658,Junco do Maranhão,MA,junco do maranhao
2105708,Lago da Pedra,MA,lago da pedra
2105807,Lago do Junco,MA,lago do junco
2105948,Lago dos Rodrigues,MA,lago dos rodrigues
2105906,Lago Verde,MA,lago verde
2105922,Lagoa do Mato,MA,lagoa do mato
2105963,Lagoa Grande do Maranhão,MA,lagoa grande do maranhao
2105989,Lajeado Novo,MA,lajeado novo
2106003,Lima Campos,MA,lima campos
2106102,Loreto,MA,loreto
2106201,Luís Domingues,MA,luis domingues
2106300,Magalhães de Almeida,MA,magalhaes de almeida
2106326,Maracaçumé,MA,maracacume
2106359,Marajá do Sena,MA,maraja do sena
2106375,Maranhãozinho,MA,maranhaozinho
2106409,Mata Roma,MA,mata roma
2106508,Matinha,MA,matinha
2106607,Matões,MA,matoes
2106631,Matões do Norte,MA,matoes do norte
2106672,Milagres do Maranhão,MA,milagres do maranhao
2106706,Mirador,MA,mirador
2106755,Miranda do Norte,MA,miranda do norte
2106805,Mirinzal,MA,mirinzal
2106904,Monção,MA,moncao
2107001,Montes Altos,MA,montes altos
2107100,Morros,MA,morros
2107209,Nina Rodrigues,MA,nina rodrigues
2107258,Nova Colinas,MA,nova colinas
2107308,Nova Iorque,MA,nova iorque
2107357,Nova Olinda do Maranhão,MA,nova olinda do maranhao
2107407,Olho d'Água das Cunhãs,MA,olho d'agua das cunhas
2107456,Olinda Nova do Maranhão,MA,olinda nova do maranhao
2107506,Paço do Lumiar,MA,paco do lumiar
2107605,Palmeirândia,MA,palmeirandia
2107704,Paraibano,MA,paraibano
2107803,Parnarama,MA,parnarama
2107902,Passagem Franca,MA,passagem franca
2108009,Pastos Bons,MA,pastos bons
2108058,Paulino Neves,MA,paulino neves
2108108,Paulo Ramos,MA,paulo ramos
2108207,Pedreiras,MA,pedreiras
2108256,Pedro do Rosário,MA,pedro do rosario
2108306,Penalva,MA,penalva
2108405,Peri Mirim,MA,peri mirim
2108454,Peritoró,MA,peritoro
2108504,Pindaré-Mirim,MA,pindare-mirim
2108603,Pinheiro,MA,pinheiro
2108702,Pio XII,MA,pio xii
2108801,Pirapemas,MA,pirapemas
2108900,Poção de Pedras,MA,pocao de pedras
2109007,Porto Franco,MA,porto franco
2109056,Porto Rico do Maranhão,MA,porto rico do maranhao
2109106,Presidente Dutra,MA,presidente dutra
2109205,Presidente Juscelino,MA,presidente juscelino
2109239,Presidente Médici,MA,presidente medici
2109270,Presidente Sarney,MA,presidente sarney
2109304,Presidente Vargas,MA,presidente vargas
2109403,Primeira Cruz,MA,primeira cruz
2109452,Raposa,MA,raposa
2109502,Riachão,MA,riachao
2109551,Ribamar Fiquene,MA,ribamar fiquene
2109601,Rosário,MA,rosario
2109700,Sambaíba,MA,sambaiba
2109759,Santa Filomena do Maranhão,MA,santa filomena do maranhao
2109809,Santa Helena,MA,santa helena
2109908,Santa Inês,MA,santa ines
2110005,Santa Luzia,MA,santa luzia
2110039,Santa Luzia do Paruá,MA,santa luzia do parua
2110104,Santa Quitéria do Maranhão,MA,santa quiteria do maranhao
2110203,Santa Rita,MA,santa rita
2110237,Santana do Maranhão,MA,santana do maranhao
2110278,Santo Amaro do Maranhão,MA,santo amaro do maranhao
2110302,Santo Antônio dos Lopes,MA,santo antonio dos lopes
2110401,São Benedito do Rio Preto,MA,sao benedito do rio preto
2110500,São Bento,MA,sao bento
2110609,São Bernardo,MA,sao bernardo
2110658,São Domingos do Azeitão,MA,sao domingos do azeitao
2110708,São Domingos do Maranhão,MA,sao domingos do maranhao
2110807,São Félix de Balsas,MA,sao felix de balsas
2110856,São Francisco do Brejão,MA,sao francisco do brejao
2110906,São Francisco do Maranhão,MA,sao francisco do maranhao
2111003,São João Batista,MA,sao joao batista
2111029,São João do Carú,MA,sao joao do caru
2111052,São João do Paraíso,MA,sao joao do paraiso
2111078,São João do Soter,MA,sao joao do soter
2111102,São João dos Patos,MA,sao joao dos patos
2111201,São José de Ribamar,MA,sao jose de ribamar
2111250,São José dos Basílios,MA,sao jose dos basilios
2111300,São Luís,MA,sao luis
2111409,São Luís Gonzaga do Maranhão,MA,sao luis gonzaga do maranhao
2111508,São Mateus do Maranhão,MA,sao mateus do maranhao
2111532,São Pedro da Água Branca,MA,sao pedro da agua branca
2111573,São Pedro dos Crentes,MA,sao pedro dos crentes
2111607,São Raimundo das Mangabeiras,MA,sao raimundo das mangabeiras
2111631,São Raimundo do Doca Bezerra,MA,sao raimundo do doca bezerra
2111672,São Roberto,MA,sao roberto
2111706,São Vicente Ferrer,MA,sao vicente ferrer
2111722,Satubinha,MA,satubinha
2111748,Senador Alexandre Costa,MA,senador alexandre costa
2111763,Senador La Rocque,MA,senador la rocque
2111789,Serrano do Maranhão,MA,serrano do maranhao
2111805,Sítio Novo,MA,sitio novo
2111904,Sucupira do Norte,MA,sucupira do norte
2111953,Sucupira do Riachão,MA,sucupira do riachao
2112001,Tasso Fragoso,MA,tasso fragoso
2112100,Timbiras,MA,timbiras
2112209,Timon,MA,timon
2112233,Trizidela do Vale,MA,trizidela do vale
2112274,Tufilândia,MA,tufilandia
2112308,Tuntum,MA,tuntum
2112407,Turiaçu,MA,turiacu
2112456,Turilândia,MA,turilandia
2112506,Tutóia,MA,tutoia
2112605,Urbano Santos,MA,urbano santos
2112704,Vargem Grande,MA,vargem grande
2112803,Viana,MA,viana
2112852,Vila Nova dos Martírios,MA,vila nova dos martirios
2112902,Vitória do Mearim,MA,vitoria do mearim
2113009,Vitorino Freire,MA,vitorino freire
2114007,Zé Doca,MA,ze doca
3100104,Abadia dos Dourados,MG,abadia dos dourados
3100203,Abaeté,MG,abaete
3100302,Abre Campo,MG,abre campo
3100401,Acaiaca,MG,acaiaca
3100500,Açucena,MG,acucena
3100609,Água Boa,MG,agua boa
3100708,Água Comprida,MG,agua comprida
3100807,Aguanil,MG,aguanil
3100906,Águas Formosas,MG,aguas formosas
3101003,Águas Vermelhas,MG,aguas vermelhas
3101102,Aimorés,MG,aimores
3101201,Aiuruoca,MG,aiuruoca
3101300,Alagoa,MG,alagoa
3101409,Albertina,MG,albertina
3101508,Além Paraíba,MG,alem paraiba
3101607,Alfenas,MG,alfenas
3101631,Alfredo Vasconcelos,MG,alfredo vasconcelos
3101706,Almenara,MG,almenara
3101805,Alpercata,MG,alpercata
3101904,Alpinópolis,MG,alpinopolis
3102001,Alterosa,MG,alterosa
3102050,Alto Caparaó,MG,alto caparao
3153509,Alto Jequitibá,MG,alto jequitiba
3102100,Alto Rio Doce,MG,alto rio doce
3102209,Alvarenga,MG,alvarenga
3102308,Alvinópolis,MG,alvinopolis
3102407,Alvorada de Minas,MG,alvorada de minas
3102506,Amparo do Serra,MG,amparo do serra
3102605,Andradas,MG,andradas
3102803,Andrelândia,MG,andrelandia
3102852,Angelândia,MG,angelandia
3102902,Antônio Carlos,MG,antonio carlos
3103009,Antônio Dias,MG,antonio dias
3103108,Antônio Prado de Minas,MG,antonio prado de minas
3103207,Araçaí,MG,aracai
3103306,Aracitaba,MG,aracitaba
3103405,Araçuaí,MG,aracuai
3103504,Araguari,MG,araguari
3103603,Arantina,MG,arantina
3103702,Araponga,MG,araponga
3103751,Araporã,MG,arapora
3103801,Arapuá,MG,arapua
3103900,Araújos,MG,araujos
3104007,Araxá,MG,araxa
3104106,Arceburgo,MG,arceburgo
3104205,Arcos,MG,arcos
3104304,Areado,MG,areado
3104403,Argirita,MG,argirita
3104452,Aricanduva,MG,aricanduva
3104502,Arinos,MG,arinos
3104601,Astolfo Dutra,MG,astolfo dutra
3104700,Ataléia,MG,ataleia
3104809,Augusto de Lima,MG,augusto de lima
3104908,Baependi,MG,baependi
3105004,Baldim,MG,baldim
3105103,Bambuí,MG,bambui
3105202,Bandeira,MG,bandeira
3105301,Bandeira do Sul,MG,bandeira do sul
3105400,Barão de Cocais,MG,barao de cocais
3105509,Barão do Monte Alto,MG,barao do monte alto
3105608,Barbacena,MG,barbacena
3105707,Barra Longa,MG,barra longa
3105905,Barroso,MG,barroso
3106002,Bela Vista de Minas,MG,bela vista de minas
3106101,Belmiro Braga,MG,belmiro braga
3106200,Belo Horizonte,MG,belo horizonte
3106309,Belo Oriente,MG,belo oriente
3106408,Belo Vale,MG,belo vale
3106507,Berilo,MG,berilo
3106655,Berizal,MG,berizal
3106606,Bertópolis,MG,bertopolis
3106705,Betim,MG,betim
3106804,Bias Fortes,MG,bias fortes
3106903,Bicas,MG,bicas
3107000,Biquinhas,MG,biquinhas
3107109,Boa Esperança,MG,boa esperanca
3107208,Bocaina de Minas,MG,bocaina de minas
3107307,Bocaiúva,MG,bocaiuva
3107406,Bom Despacho,MG,bom despacho
3107505,Bom Jardim de Minas,MG,bom jardim de minas
3107604,Bom Jesus da Penha,MG,bom jesus da penha
3107703,Bom Jesus do Amparo,MG,bom jesus do amparo
3107802,Bom Jesus do Galho,MG,bom jesus do galho
3107901,Bom Repouso,MG,bom repouso
3108008,Bom Sucesso,MG,bom sucesso
3108107,Bonfim,MG,bonfim
3108206,Bonfinópolis de Minas,MG,bonfinopolis de minas
3108255,Bonito de Minas,MG,bonito de minas
3108305,Borda da Mata,MG,borda da mata
3108404,Botelhos,MG,botelhos
3108503,Botumirim,MG,botumirim
3108701,Brás Pires,MG,bras pires
3108552,Brasilândia de Minas,MG,brasilandia de minas
3108602,Brasília de Minas,MG,brasilia de minas
3108800,Braúnas,MG,braunas
3108909,Brazópolis,MG,brazopolis
3109006,Brumadinho,MG,brumadinho
3109105,Bueno Brandão,MG,bueno brandao
3109204,Buenópolis,MG,buenopolis
3109253,Bugre,MG,bugre
3109303,Buritis,MG,buritis
3109402,Buritizeiro,MG,buritizeiro
3109451,Cabeceira Grande,MG,cabeceira grande
3109501,Cabo Verde,MG,cabo verde
3109600,Cachoeira da Prata,MG,cachoeira da prata
3109709,Cachoeira de Minas,MG,cachoeira de minas
3102704,Cachoeira de Pajeú,MG,cachoeira de pajeu
3109808,Cachoeira Dourada,MG,cachoeira dourada
3109907,Caetanópolis,MG,caetanopolis
3110004,Caeté,MG,caete
3110103,Caiana,MG,caiana
3110202,Cajuri,MG,cajuri
3110301,Caldas,MG,caldas
3110400,Camacho,MG,camacho
3110509,Camanducaia,MG,camanducaia
3110608,Cambuí,MG,cambui
3110707,Cambuquira,MG,cambuquira
3110806,Campanário,MG,campanario
3110905,Campanha,MG,campanha
3111002,Campestre,MG,campestre
3111101,Campina Verde,MG,campina verde
3111150,Campo Azul,MG,campo azul
3111200,Campo Belo,MG,campo belo
3111309,Campo do Meio,MG,campo do meio
3111408,Campo Florido,MG,campo florido
3111507,Campos Altos,MG,campos altos
3111606,Campos Gerais,MG,campos gerais
3111903,Cana Verde,MG,cana verde
3111705,Canaã,MG,canaa
3111804,Canápolis,MG,canapolis
3112000,Candeias,MG,candeias
3112059,Cantagalo,MG,cantagalo
3112109,Caparaó,MG,caparao
3112208,Capela Nova,MG,capela nova
3112307,Capelinha,MG,capelinha
3112406,Capetinga,MG,capetinga
3112505,Capim Branco,MG,capim branco
3112604,Capinópolis,MG,capinopolis
3112653,Capitão Andrade,MG,capitao andrade
3112703,Capitão Enéas,MG,capitao eneas
3112802,Capitólio,MG,capitolio
3112901,Caputira,MG,caputira
3113008,Caraí,MG,carai
3113107,Caranaíba,MG,caranaiba
3113206,Carandaí,MG,carandai
3113305,Carangola,MG,carangola
3113404,Caratinga,MG,caratinga
3113503,Carbonita,MG,carbonita
3113602,Careaçu,MG,careacu
3113701,Carlos Chagas,MG,carlos chagas
3113800,Carmésia,MG,carmesia
3113909,Carmo da Cachoeira,MG,carmo da cachoeira
3114006,Carmo da Mata,MG,carmo da mata
3114105,Carmo de Minas,MG,carmo de minas
3114204,Carmo do Cajuru,MG,carmo do cajuru
3114303,Carmo do Paranaíba,MG,carmo do paranaiba
3114402,Carmo do Rio Claro,MG,carmo do rio claro
3114501,Carmópolis de Minas,MG,carmopolis de minas
3114550,Carneirinho,MG,carneirinho
3114600,Carrancas,MG,carrancas
3114709,Carvalhópolis,MG,carvalhopolis
3114808,Carvalhos,MG,carvalhos
3114907,Casa Grande,MG,casa grande
3115003,Cascalho Rico,MG,cascalho rico
3115102,Cássia,MG,cassia
3115300,Cataguases,MG,cataguases
3115359,Catas Altas,MG,catas altas
3115409,Catas Altas da Noruega,MG,catas altas da noruega
3115458,Catuji,MG,catuji
3115474,Catuti,MG,catuti
3115508,Caxambu,MG,caxambu
3115607,Cedro do Abaeté,MG,cedro do abaete
3115706,Central de Minas,MG,central de minas
3115805,Centralina,MG,centralina
3115904,Chácara,MG,chacara
3116001,Chalé,MG,chale
3116100,Chapada do Norte,MG,chapada do norte
3116159,Chapada Gaúcha,MG,chapada gaucha
3116209,Chiador,MG,chiador
3116308,Cipotânea,MG,cipotanea
3116407,Claraval,MG,claraval
3116506,Claro dos Poções,MG,claro dos pocoes
3116605,Cláudio,MG,claudio
3116704,Coimbra,MG,coimbra
3116803,Coluna,MG,coluna
3116902,Comendador Gomes,MG,comendador gomes
3117009,Comercinho,MG,comercinho
3117108,Conceição da Aparecida,MG,conceicao da aparecida
3115201,Conceição da Barra de Minas,MG,conceicao da barra de minas
3117306,Conceição das Alagoas,MG,conceicao das alagoas
3117207,Conceição das Pedras,MG,conceicao das pedras
3117405,Conceição de Ipanema,MG,conceicao de ipanema
3117504,Conceição do Mato Dentro,MG,conceicao do mato dentro
3117603,Conceição do Pará,MG,conceicao do para
3117702,Conceição do Rio Verde,MG,conceicao do rio verde
3117801,Conceição dos Ouros,MG,conceicao dos ouros
3117836,Cônego Marinho,MG,conego marinho
3117876,Confins,MG,confins
3117900,Congonhal,MG,congonhal
3118007,Congonhas,MG,congonhas
3118106,Congonhas do Norte,MG,congonhas do norte
3118205,Conquista,MG,conquista
3118304,Conselheiro Lafaiete,MG,conselheiro lafaiete
3118403,Conselheiro Pena,MG,conselheiro pena
3118502,Consolação,MG,consolacao
3118601,Contagem,MG,contagem
3118700,Coqueiral,MG,coqueiral
3118809,Coração de Jesus,MG,coracao de jesus
3118908,Cordisburgo,MG,cordisburgo
3119005,Cordislândia,MG,cordislandia
3119104,Corinto,MG,corinto
3119203,Coroaci,MG,coroaci
3119302,Coromandel,MG,coromandel
3119401,Coronel Fabriciano,MG,coronel fabriciano
3119500,Coronel Murta,MG,coronel murta
3119609,Coronel Pacheco,MG,coronel pacheco
3119708,Coronel Xavier Chaves,MG,coronel xavier chaves
3119807,Córrego Danta,MG,corrego danta
3119906,Córrego do Bom Jesus,MG,corrego do bom jesus
3119955,Córrego Fundo,MG,corrego fundo
3120003,Córrego Novo,MG,corrego novo
3120102,Couto de Magalhães de Minas,MG,couto de magalhaes de minas
3120151,Crisólita,MG,crisolita
3120201,Cristais,MG,cristais
3120300,Cristália,MG,cristalia
3120409,Cristiano Otoni,MG,cristiano otoni
3120508,Cristina,MG,cristina
3120607,Crucilândia,MG,crucilandia
3120706,Cruzeiro da Fortaleza,MG,cruzeiro da fortaleza
3120805,Cruzília,MG,cruzilia
3120839,Cuparaque,MG,cuparaque
3120870,Curral de Dentro,MG,curral de dentro
3120904,Curvelo,MG,curvelo
3121001,Datas,MG,datas
3121100,Delfim Moreira,MG,delfim moreira
3121209,Delfinópolis,MG,delfinopolis
3121258,Delta,MG,delta
3121308,Descoberto,MG,descoberto
3121407,Desterro de Entre Rios,MG,desterro de entre rios
3121506,Desterro do Melo,MG,desterro do melo
3121605,Diamantina,MG,diamantina
3121704,Diogo de Vasconcelos,MG,diogo de vasconcelos
3121803,Dionísio,MG,dionisio
3121902,Divinésia,MG,divinesia
3122009,Divino,MG,divino
3122108,Divino das Laranjeiras,MG,divino das laranjeiras
3122207,Divinolândia de Minas,MG,divinolandia de minas
3122306,Divinópolis,MG,divinopolis
3122355,Divisa Alegre,MG,divisa alegre
3122405,Divisa Nova,MG,divisa nova
3122454,Divisópolis,MG,divisopolis
3122470,Dom Bosco,MG,dom bosco
3122504,Dom Cavati,MG,dom cavati
3122603,Dom Joaquim,MG,dom joaquim
3122702,Dom Silvério,MG,dom silverio
3122801,Dom Viçoso,MG,dom vicoso
3122900,Dona Euzébia,MG,dona euzebia
3123007,Dores de Campos,MG,dores de campos
3123106,Dores de Guanhães,MG,dores de guanhaes
3123205,Dores do Indaiá,MG,dores do indaia
3123304,Dores do Turvo,MG,dores do turvo
3123403,Doresópolis,MG,doresopolis
3123502,Douradoquara,MG,douradoquara
3123528,Durandé,MG,durande
3123601,Elói Mendes,MG,eloi mendes
3123700,Engenheiro Caldas,MG,engenheiro caldas
3123809,Engenheiro Navarro,MG,engenheiro navarro
3123858,Entre Folhas,MG,entre folhas
3123908,Entre Rios de Minas,MG,entre rios de minas
3124005,Ervália,MG,ervalia
3124104,Esmeraldas,MG,esmeraldas
3124203,Espera Feliz,MG,espera feliz
3124302,Espinosa,MG,espinosa
3124401,Espírito Santo do Dourado,MG,espirito santo do dourado
3124500,Estiva,MG,estiva
3124609,Estrela Dalva,MG,estrela dalva
3124708,Estrela do Indaiá,MG,estrela do indaia
3124807,Estrela do Sul,MG,estrela do sul
3124906,Eugenópolis,MG,eugenopolis
3125002,Ewbank da Câmara,MG,ewbank da camara
3125101,Extrema,MG,extrema
3125200,Fama,MG,fama
3125309,Faria Lemos,MG,faria lemos
3125408,Felício dos Santos,MG,felicio dos santos
3125606,Felisburgo,MG,felisburgo
3125705,Felixlândia,MG,felixlandia
3125804,Fernandes Tourinho,MG,fernandes tourinho
3125903,Ferros,MG,ferros
3125952,Fervedouro,MG,fervedouro
3126000,Florestal,MG,florestal
3126109,Formiga,MG,formiga
3126208,Formoso,MG,formoso
3126307,Fortaleza de Minas,MG,fortaleza de minas
3126406,Fortuna de Minas,MG,fortuna de minas
3126505,Francisco Badaró,MG,francisco badaro
3126604,Francisco Dumont,MG,francisco dumont
3126703,Francisco Sá,MG,francisco sa
3126752,Franciscópolis,MG,franciscopolis
3126802,Frei Gaspar,MG,frei gaspar
3126901,Frei Inocêncio,MG,frei inocencio
3126950,Frei Lagonegro,MG,frei lagonegro
3127008,Fronteira,MG,fronteira
3127057,Fronteira dos Vales,MG,fronteira dos vales
3127073,Fruta de Leite,MG,fruta de leite
3127107,Frutal,MG,frutal
3127206,Funilândia,MG,funilandia
3127305,Galiléia,MG,galileia
3127339,Gameleiras,MG,gameleiras
3127354,Glaucilândia,MG,glaucilandia
3127370,Goiabeira,MG,goiabeira
3127388,Goianá,MG,goiana
3127404,Gonçalves,MG,goncalves
3127503,Gonzaga,MG,gonzaga
3127602,Gouveia,MG,gouveia
3127701,Governador Valadares,MG,governador valadares
3127800,Grão Mogol,MG,grao mogol
3127909,Grupiara,MG,grupiara
3128006,Guanhães,MG,guanhaes
3128105,Guapé,MG,guape
3128204,Guaraciaba,MG,guaraciaba
3128253,Guaraciama,MG,guaraciama
3128303,Guaranésia,MG,guaranesia
3128402,Guarani,MG,guarani
3128501,Guarará,MG,guarara
3128600,Guarda-Mor,MG,guarda-mor
3128709,Guaxupé,MG,guaxupe
3128808,Guidoval,MG,guidoval
3128907,Guimarânia,MG,guimarania
3129004,Guiricema,MG,guiricema
3129103,Gurinhatã,MG,gurinhata
3129202,Heliodora,MG,heliodora
3129301,Iapu,MG,iapu
3129400,Ibertioga,MG,ibertioga
3129509,Ibiá,MG,ibia
3129608,Ibiaí,MG,ibiai
3129657,Ibiracatu,MG,ibiracatu
3129707,Ibiraci,MG,ibiraci
3129806,Ibirité,MG,ibirite
3129905,Ibitiúra de Minas,MG,ibitiura de minas
3130002,Ibituruna,MG,ibituruna
3130051,Icaraí de Minas,MG,icarai de minas
3130101,Igarapé,MG,igarape
3130200,Igaratinga,MG,igaratinga
3130309,Iguatama,MG,iguatama
3130408,Ijaci,MG,ijaci
3130507,Ilicínea,MG,ilicinea
3130556,Imbé de Minas,MG,imbe de minas
3130606,Inconfidentes,MG,inconfidentes
3130655,Indaiabira,MG,indaiabira
3130705,Indianópolis,MG,indianopolis
3130804,Ingaí,MG,ingai
3130903,Inhapim,MG,inhapim
3131000,Inhaúma,MG,inhauma
3131109,Inimutaba,MG,inimutaba
3131158,Ipaba,MG,ipaba
3131208,Ipanema,MG,ipanema
3131307,Ipatinga,MG,ipatinga
3131406,Ipiaçu,MG,ipiacu
3131505,Ipuiúna,MG,ipuiuna
3131604,Iraí de Minas,MG,irai de minas
3131703,Itabira,MG,itabira
3131802,Itabirinha,MG,itabirinha
3131901,Itabirito,MG,itabirito
3132008,Itacambira,MG,itacambira
3132107,Itacarambi,MG,itacarambi
3132206,Itaguara,MG,itaguara
3132305,Itaipé,MG,itaipe
3132404,Itajubá,MG,itajuba
3132503,Itamarandiba,MG,itamarandiba
3132602,Itamarati de Minas,MG,itamarati de minas
3132701,Itambacuri,MG,itambacuri
3132800,Itambé do Mato Dentro,MG,itambe do mato dentro
3132909,Itamogi,MG,itamogi
3133006,Itamonte,MG,itamonte
3133105,Itanhandu,MG,itanhandu
3133204,Itanhomi,MG,itanhomi
3133303,Itaobim,MG,itaobim
3133402,Itapagipe,MG,itapagipe
3133501,Itapecerica,MG,itapecerica
3133600,Itapeva,MG,itapeva
3133709,Itatiaiuçu,MG,itatiaiucu
3133758,Itaú de Minas,MG,itau de minas
3133808,Itaúna,MG,itauna
3133907,Itaverava,MG,itaverava
3134004,Itinga,MG,itinga
3134103,Itueta,MG,itueta
3134202,Ituiutaba,MG,ituiutaba
3134301,Itumirim,MG,itumirim
3134400,Iturama,MG,iturama
3134509,Itutinga,MG,itutinga
3134608,Jaboticatubas,MG,jaboticatubas
3134707,Jacinto,MG,jacinto
3134806,Jacuí,MG,jacui
3134905,Jacutinga,MG,jacutinga
3135001,Jaguaraçu,MG,jaguaracu
3135050,Jaíba,MG,jaiba
3135076,Jampruca,MG,jampruca
3135100,Janaúba,MG,janauba
3135209,Januária,MG,januaria
3135308,Japaraíba,MG,japaraiba
3135357,Japonvar,MG,japonvar
3135407,Jeceaba,MG,jeceaba
3135456,Jenipapo de Minas,MG,jenipapo de minas
3135506,Jequeri,MG,jequeri
3135605,Jequitaí,MG,jequitai
3135704,Jequitibá,MG,jequitiba
3135803,Jequitinhonha,MG,jequitinhonha
3135902,Jesuânia,MG,jesuania
3136009,Joaíma,MG,joaima
3136108,Joanésia,MG,joanesia
3136207,João Monlevade,MG,joao monlevade
3136306,João Pinheiro,MG,joao pinheiro
3136405,Joaquim Felício,MG,joaquim felicio
3136504,Jordânia,MG,jordania
3136520,José Gonçalves de Minas,MG,jose goncalves de minas
3136553,José Raydan,MG,jose raydan
3136579,Josenópolis,MG,josenopolis
3136652,Juatuba,MG,juatuba
3136702,Juiz de Fora,MG,juiz de fora
3136801,Juramento,MG,juramento
3136900,Juruaia,MG,juruaia
3136959,Juvenília,MG,juvenilia
3137007,Ladainha,MG,ladainha
3137106,Lagamar,MG,lagamar
3137205,Lagoa da Prata,MG,lagoa da prata
3137304,Lagoa dos Patos,MG,lagoa dos patos
3137403,Lagoa Dourada,MG,lagoa dourada
3137502,Lagoa Formosa,MG,lagoa formosa
3137536,Lagoa Grande,MG,lagoa grande
3137601,Lagoa Santa,MG,lagoa santa
3137700,Lajinha,MG,lajinha
3137809,Lambari,MG,lambari
3137908,Lamim,MG,lamim
3138005,Laranjal,MG,laranjal
3138104,Lassance,MG,lassance
3138203,Lavras,MG,lavras
3138302,Leandro Ferreira,MG,leandro ferreira
3138351,Leme do Prado,MG,leme do prado
3138401,Leopoldina,MG,leopoldina
3138500,Liberdade,MG,liberdade
3138609,Lima Duarte,MG,lima duarte
3138625,Limeira do Oeste,MG,limeira do oeste
3138658,Lontra,MG,lontra
3138674,Luisburgo,MG,luisburgo
3138682,Luislândia,MG,luislandia
3138708,Luminárias,MG,luminarias
3138807,Luz,MG,luz
3138906,Machacalis,MG,machacalis
3139003,Machado,MG,machado
3139102,Madre de Deus de Minas,MG,madre de deus de minas
3139201,Malacacheta,MG,malacacheta
3139250,Mamonas,MG,mamonas
3139300,Manga,MG,manga
3139409,Manhuaçu,MG,manhuacu
3139508,Manhumirim,MG,manhumirim
3139607,Mantena,MG,mantena
3139805,Mar de Espanha,MG,mar de espanha
3139706,Maravilhas,MG,maravilhas
3139904,Maria da Fé,MG,maria da fe
3140001,Mariana,MG,mariana
3140100,Marilac,MG,marilac
3140159,Mário Campos,MG,mario campos
3140209,Maripá de Minas,MG,maripa de minas
3140308,Marliéria,MG,marlieria
3140407,Marmelópolis,MG,marmelopolis
3140506,Martinho Campos,MG,martinho campos
3140530,Martins Soares,MG,martins soares
3140555,Mata Verde,MG,mata verde
3140605,Materlândia,MG,materlandia
3140704,Mateus Leme,MG,mateus leme
3171501,Mathias Lobato,MG,mathias lobato
3140803,Matias Barbosa,MG,matias barbosa
3140852,Matias Cardoso,MG,matias cardoso
3140902,Matipó,MG,matipo
3141009,Mato Verde,MG,mato verde
3141108,Matozinhos,MG,matozinhos
3141207,Matutina,MG,matutina
3141306,Medeiros,MG,medeiros
3141405,Medina,MG,medina
3141504,Mendes Pimentel,MG,mendes pimentel
3141603,Mercês,MG,merces
3141702,Mesquita,MG,mesquita
3141801,Minas Novas,MG,minas novas
3141900,Minduri,MG,minduri
3142007,Mirabela,MG,mirabela
3142106,Miradouro,MG,miradouro
3142205,Miraí,MG,mirai
3142254,Miravânia,MG,miravania
3142304,Moeda,MG,moeda
3142403,Moema,MG,moema
3142502,Monjolos,MG,monjolos
3142601,Monsenhor Paulo,MG,monsenhor paulo
3142700,Montalvânia,MG,montalvania
3142809,Monte Alegre de Minas,MG,monte alegre de minas
3142908,Monte Azul,MG,monte azul
3143005,Monte Belo,MG,monte belo
3143104,Monte Carmelo,MG,monte carmelo
3143153,Monte Formoso,MG,monte formoso
3143203,Monte Santo de Minas,MG,monte santo de minas
3143401,Monte Sião,MG,monte siao
3143302,Montes Claros,MG,montes claros
3143450,Montezuma,MG,montezuma
3143500,Morada Nova de Minas,MG,morada nova de minas
3143609,Morro da Garça,MG,morro da garca
3143708,Morro do Pilar,MG,morro do pilar
3143807,Munhoz,MG,munhoz
3143906,Muriaé,MG,muriae
3144003,Mutum,MG,mutum
3144102,Muzambinho,MG,muzambinho
3144201,Nacip Raydan,MG,nacip raydan
3144300,Nanuque,MG,nanuque
3144359,Naque,MG,naque
3144375,Natalândia,MG,natalandia
3144409,Natércia,MG,natercia
3144508,Nazareno,MG,nazareno
3144607,Nepomuceno,MG,nepomuceno
3144656,Ninheira,MG,ninheira
3144672,Nova Belém,MG,nova belem
3144706,Nova Era,MG,nova era
3144805,Nova Lima,MG,nova lima
3144904,Nova Módica,MG,nova modica
3145000,Nova Ponte,MG,nova ponte
3145059,Nova Porteirinha,MG,nova porteirinha
3145109,Nova Resende,MG,nova resende
3145208,Nova Serrana,MG,nova serrana
3136603,Nova União,MG,nova uniao
3145307,Novo Cruzeiro,MG,novo cruzeiro
3145356,Novo Oriente de Minas,MG,novo oriente de minas
3145372,Novorizonte,MG,novorizonte
3145406,Olaria,MG,olaria
3145455,Olhos-d'Água,MG,olhos-d'agua
3145505,Olímpio Noronha,MG,olimpio noronha
3145604,Oliveira,MG,oliveira
3145703,Oliveira Fortes,MG,oliveira fortes
3145802,Onça de Pitangui,MG,onca de pitangui
3145851,Oratórios,MG,oratorios
3145877,Orizânia,MG,orizania
3145901,Ouro Branco,MG,ouro branco
3146008,Ouro Fino,MG,ouro fino
3146107,Ouro Preto,MG,ouro preto
3146206,Ouro Verde de Minas,MG,ouro verde de minas
3146255,Padre Carvalho,MG,padre carvalho
3146305,Padre Paraíso,MG,padre paraiso
3146552,Pai Pedro,MG,pai pedro
3146404,Paineiras,MG,paineiras
3146503,Pains,MG,pains
3146602,Paiva,MG,paiva
3146701,Palma,MG,palma
3146750,Palmópolis,MG,palmopolis
3146909,Papagaios,MG,papagaios
3147105,Pará de Minas,MG,para de minas
3147006,Paracatu,MG,paracatu
3147204,Paraguaçu,MG,paraguacu
3147303,Paraisópolis,MG,paraisopolis
3147402,Paraopeba,MG,paraopeba
3147600,Passa Quatro,MG,passa quatro
3147709,Passa Tempo,MG,passa tempo
3147808,Passa Vinte,MG,passa vinte
3147501,Passabém,MG,passabem
3147907,Passos,MG,passos
3147956,Patis,MG,patis
3148004,Patos de Minas,MG,patos de minas
3148103,Patrocínio,MG,patrocinio
3148202,Patrocínio do Muriaé,MG,patrocinio do muriae
3148301,Paula Cândido,MG,paula candido
3148400,Paulistas,MG,paulistas
3148509,Pavão,MG,pavao
3148608,Peçanha,MG,pecanha
3148707,Pedra Azul,MG,pedra azul
3148756,Pedra Bonita,MG,pedra bonita
3148806,Pedra do Anta,MG,pedra do anta
3148905,Pedra do Indaiá,MG,pedra do indaia
3149002,Pedra Dourada,MG,pedra dourada
3149101,Pedralva,MG,pedralva
3149150,Pedras de Maria da Cruz,MG,pedras de maria da cruz
3149200,Pedrinópolis,MG,pedrinopolis
3149309,Pedro Leopoldo,MG,pedro leopoldo
3149408,Pedro Teixeira,MG,pedro teixeira
3149507,Pequeri,MG,pequeri
3149606,Pequi,MG,pequi
3149705,Perdigão,MG,perdigao
3149804,Perdizes,MG,perdizes
3149903,Perdões,MG,perdoes
3149952,Periquito,MG,periquito
3150000,Pescador,MG,pescador
3150109,Piau,MG,piau
3150158,Piedade de Caratinga,MG,piedade de caratinga
3150208,Piedade de Ponte Nova,MG,piedade de ponte nova
3150307,Piedade do Rio Grande,MG,piedade do rio grande
3150406,Piedade dos Gerais,MG,piedade dos gerais
3150505,Pimenta,MG,pimenta
3150539,Pingo-d'Água,MG,pingo-d'agua
3150570,Pintópolis,MG,pintopolis
3150604,Piracema,MG,piracema
3150703,Pirajuba,MG,pirajuba
3150802,Piranga,MG,piranga
3150901,Piranguçu,MG,pirangucu
3151008,Piranguinho,MG,piranguinho
3151107,Pirapetinga,MG,pirapetinga
3151206,Pirapora,MG,pirapora
3151305,Piraúba,MG,pirauba
3151404,Pitangui,MG,pitangui
3151503,Piumhi,MG,piumhi
3151602,Planura,MG,planura
3151701,Poço Fundo,MG,poco fundo
3151800,Poços de Caldas,MG,pocos de caldas
3151909,Pocrane,MG,pocrane
3152006,Pompéu,MG,pompeu
3152105,Ponte Nova,MG,ponte nova
3152131,Ponto Chique,MG,ponto chique
3152170,Ponto dos Volantes,MG,ponto dos volantes
3152204,Porteirinha,MG,porteirinha
3152303,Porto Firme,MG,porto firme
3152402,Poté,MG,pote
3152501,Pouso Alegre,MG,pouso alegre
3152600,Pouso Alto,MG,pouso alto
3152709,Prados,MG,prados
3152808,Prata,MG,prata
3152907,Pratápolis,MG,pratapolis
3153004,Pratinha,MG,pratinha
3153103,Presidente Bernardes,MG,presidente bernardes
3153202,Presidente Juscelino,MG,presidente juscelino
3153301,Presidente Kubitschek,MG,presidente kubitschek
3153400,Presidente Olegário,MG,presidente olegario
3153608,Prudente de Morais,MG,prudente de morais
3153707,Quartel Geral,MG,quartel geral
3153806,Queluzito,MG,queluzito
3153905,Raposos,MG,raposos
3154002,Raul Soares,MG,raul soares
3154101,Recreio,MG,recreio
3154150,Reduto,MG,reduto
3154200,Resende Costa,MG,resende costa
3154309,Resplendor,MG,resplendor
3154408,Ressaquinha,MG,ressaquinha
3154457,Riachinho,MG,riachinho
3154507,Riacho dos Machados,MG,riacho dos machados
3154606,Ribeirão das Neves,MG,ribeirao das neves
3154705,Ribeirão Vermelho,MG,ribeirao vermelho
3154804,Rio Acima,MG,rio acima
3154903,Rio Casca,MG,rio casca
3155108,Rio do Prado,MG,rio do prado
3155009,Rio Doce,MG,rio doce
3155207,Rio Espera,MG,rio espera
3155306,Rio Manso,MG,rio manso
3155405,Rio Novo,MG,rio novo
3155504,Rio Paranaíba,MG,rio paranaiba
3155603,Rio Pardo de Minas,MG,rio pardo de minas
3155702,Rio Piracicaba,MG,rio piracicaba
3155801,Rio Pomba,MG,rio pomba
3155900,Rio Preto,MG,rio preto
3156007,Rio Vermelho,MG,rio vermelho
3156106,Ritápolis,MG,ritapolis
3156205,Rochedo de Minas,MG,rochedo de minas
3156304,Rodeiro,MG,rodeiro
3156403,Romaria,MG,romaria
3156452,Rosário da Limeira,MG,rosario da limeira
3156502,Rubelita,MG,rubelita
3156601,Rubim,MG,rubim
3156700,Sabará,MG,sabara
3156809,Sabinópolis,MG,sabinopolis
3156908,Sacramento,MG,sacramento
3157005,Salinas,MG,salinas
3157104,Salto da Divisa,MG,salto da divisa
3157203,Santa Bárbara,MG,santa barbara
3157252,Santa Bárbara do Leste,MG,santa barbara do leste
3157278,Santa Bárbara do Monte Verde,MG,santa barbara do monte verde
3157302,Santa Bárbara do Tugúrio,MG,santa barbara do tugurio
3157336,Santa Cruz de Minas,MG,santa cruz de minas
3157377,Santa Cruz de Salinas,MG,santa cruz de salinas
3157401,Santa Cruz do Escalvado,MG,santa cruz do escalvado
3157500,Santa Efigênia de Minas,MG,santa efigenia de minas
3157609,Santa Fé de Minas,MG,santa fe de minas
3157658,Santa Helena de Minas,MG,santa helena de minas
3157708,Santa Juliana,MG,santa juliana
3157807,Santa Luzia,MG,santa luzia
3157906,Santa Margarida,MG,santa margarida
3158003,Santa Maria de Itabira,MG,santa maria de itabira
3158102,Santa Maria do Salto,MG,santa maria do salto
3158201,Santa Maria do Suaçuí,MG,santa maria do suacui
3159209,Santa Rita de Caldas,MG,santa rita de caldas
3159407,Santa Rita de Ibitipoca,MG,santa rita de ibitipoca
3159308,Santa Rita de Jacutinga,MG,santa rita de jacutinga
3159357,Santa Rita de Minas,MG,santa rita de minas
3159506,Santa Rita do Itueto,MG,santa rita do itueto
3159605,Santa Rita do Sapucaí,MG,santa rita do sapucai
3159704,Santa Rosa da Serra,MG,santa rosa da serra
3159803,Santa Vitória,MG,santa vitoria
3158300,Santana da Vargem,MG,santana da vargem
3158409,Santana de Cataguases,MG,santana de cataguases
3158508,Santana de Pirapama,MG,santana de pirapama
3158607,Santana do Deserto,MG,santana do deserto
3158706,Santana do Garambéu,MG,santana do garambeu
3158805,Santana do Jacaré,MG,santana do jacare
3158904,Santana do Manhuaçu,MG,santana do manhuacu
3158953,Santana do Paraíso,MG,santana do paraiso
3159001,Santana do Riacho,MG,santana do riacho
3159100,Santana dos Montes,MG,santana dos montes
3159902,Santo Antônio do Amparo,MG,santo antonio do amparo
3160009,Santo Antônio do Aventureiro,MG,santo antonio do aventureiro
3160108,Santo Antônio do Grama,MG,santo antonio do grama
3160207,Santo Antônio do Itambé,MG,santo antonio do itambe
3160306,Santo Antônio do Jacinto,MG,santo antonio do jacinto
3160405,Santo Antônio do Monte,MG,santo antonio do monte
3160454,Santo Antônio do Retiro,MG,santo antonio do retiro
3160504,Santo Antônio do Rio Abaixo,MG,santo antonio do rio abaixo
3160603,Santo Hipólito,MG,santo hipolito
3160702,Santos Dumont,MG,santos dumont
3160801,São Bento Abade,MG,sao bento abade
3160900,São Brás do Suaçuí,MG,sao bras do suacui
3160959,São Domingos das Dores,MG,sao domingos das dores
3161007,São Domingos do Prata,MG,sao domingos do prata
3161056,São Félix de Minas,MG,sao felix de minas
3161106,São Francisco,MG,sao francisco
3161205,São Francisco de Paula,MG,sao francisco de paula
3161304,São Francisco de Sales,MG,sao francisco de sales
3161403,São Francisco do Glória,MG,sao francisco do gloria
3161502,São Geraldo,MG,sao geraldo
3161601,São Geraldo da Piedade,MG,sao geraldo da piedade
3161650,São Geraldo do Baixio,MG,sao geraldo do baixio
3161700,São Gonçalo do Abaeté,MG,sao goncalo do abaete
3161809,São Gonçalo do Pará,MG,sao goncalo do para
3161908,São Gonçalo do Rio Abaixo,MG,sao goncalo do rio abaixo
3125507,São Gonçalo do Rio Preto,MG,sao goncalo do rio preto
3162005,São Gonçalo do Sapucaí,MG,sao goncalo do sapucai
3162104,São Gotardo,MG,sao gotardo
3162203,São João Batista do Glória,MG,sao joao batista do gloria
3162252,São João da Lagoa,MG,sao joao da lagoa
3162302,São João da Mata,MG,sao joao da mata
3162401,São João da Ponte,MG,sao joao da ponte
3162450,São João das Missões,MG,sao joao das missoes
3162500,São João del Rei,MG,sao joao del rei
3162559,São João do Manhuaçu,MG,sao joao do manhuacu
3162575,São João do Manteninha,MG,sao joao do manteninha
3162609,São João do Oriente,MG,sao joao do oriente
3162658,São João do Pacuí,MG,sao joao do pacui
3162708,São João do Paraíso,MG,sao joao do paraiso
3162807,São João Evangelista,MG,sao joao evangelista
3162906,São João Nepomuceno,MG,sao joao nepomuceno
3162922,São Joaquim de Bicas,MG,sao joaquim de bicas
3162948,São José da Barra,MG,sao jose da barra
3162955,São José da Lapa,MG,sao jose da lapa
3163003,São José da Safira,MG,sao jose da safira
3163102,São José da Varginha,MG,sao jose da varginha
3163201,São José do Alegre,MG,sao jose do alegre
3163300,São José do Divino,MG,sao jose do divino
3163409,São José do Goiabal,MG,sao jose do goiabal
3163508,São José do Jacuri,MG,sao jose do jacuri
3163607,São José do Mantimento,MG,sao jose do mantimento
3163706,São Lourenço,MG,sao lourenco
3163805,São Miguel do Anta,MG,sao miguel do anta
3163904,São Pedro da União,MG,sao pedro da uniao
3164100,São Pedro do Suaçuí,MG,sao pedro do suacui
3164001,São Pedro dos Ferros,MG,sao pedro dos ferros
3164209,São Romão,MG,sao romao
3164308,São Roque de Minas,MG,sao roque de minas
3164407,São Sebastião da Bela Vista,MG,sao sebastiao da bela vista
3164431,São Sebastião da Vargem Alegre,MG,sao sebastiao da vargem alegre
3164472,São Sebastião do Anta,MG,sao sebastiao do anta
3164506,São Sebastião do Maranhão,MG,sao sebastiao do maranhao
3164605,São Sebastião do Oeste,MG,sao sebastiao do oeste
3164704,São Sebastião do Paraíso,MG,sao sebastiao do paraiso
3164803,São Sebastião do Rio Preto,MG,sao sebastiao do rio preto
3164902,São Sebastião do Rio Verde,MG,sao sebastiao do rio verde
3165008,São Tiago,MG,sao tiago
3165107,São Tomás de Aquino,MG,sao tomas de aquino
3165206,São Tomé das Letras,MG,sao tome das letras
3165305,São Vicente de Minas,MG,sao vicente de minas
3165404,Sapucaí-Mirim,MG,sapucai-mirim
3165503,Sardoá,MG,sardoa
3165537,Sarzedo,MG,sarzedo
3165560,Sem-Peixe,MG,sem-peixe
3165578,Senador Amaral,MG,senador amaral
3165602,Senador Cortes,MG,senador cortes
3165701,Senador Firmino,MG,senador firmino
3165800,Senador José Bento,MG,senador jose bento
3165909,Senador Modestino Gonçalves,MG,senador modestino goncalves
3166006,Senhora de Oliveira,MG,senhora de oliveira
3166105,Senhora do Porto,MG,senhora do porto
3166204,Senhora dos Remédios,MG,senhora dos remedios
3166303,Sericita,MG,sericita
3166402,Seritinga,MG,seritinga
3166501,Serra Azul de Minas,MG,serra azul de minas
3166600,Serra da Saudade,MG,serra da saudade
3166808,Serra do Salitre,MG,serra do salitre
3166709,Serra dos Aimorés,MG,serra dos aimores
3166907,Serrania,MG,serrania
3166956,Serranópolis de Minas,MG,serranopolis de minas
3167004,Serranos,MG,serranos
3167103,Serro,MG,serro
3167202,Sete Lagoas,MG,sete lagoas
3165552,Setubinha,MG,setubinha
3167301,Silveirânia,MG,silveirania
3167400,Silvianópolis,MG,silvianopolis
3167509,Simão Pereira,MG,simao pereira
3167608,Simonésia,MG,simonesia
3167707,Sobrália,MG,sobralia
3167806,Soledade de Minas,MG,soledade de minas
3167905,Tabuleiro,MG,tabuleiro
3168002,Taiobeiras,MG,taiobeiras
3168051,Taparuba,MG,taparuba
3168101,Tapira,MG,tapira
3168200,Tapiraí,MG,tapirai
3168309,Taquaraçu de Minas,MG,taquaracu de minas
3168408,Tarumirim,MG,tarumirim
3168507,Teixeiras,MG,teixeiras
3168606,Teófilo Otoni,MG,teofilo otoni
3168705,Timóteo,MG,timoteo
3168804,Tiradentes,MG,tiradentes
3168903,Tiros,MG,tiros
3169000,Tocantins,MG,tocantins
3169059,Tocos do Moji,MG,tocos do moji
3169109,Toledo,MG,toledo
3169208,Tombos,MG,tombos
3169307,Três Corações,MG,tres coracoes
3169356,Três Marias,MG,tres marias
3169406,Três Pontas,MG,tres pontas
3169505,Tumiritinga,MG,tumiritinga
3169604,Tupaciguara,MG,tupaciguara
3169703,Turmalina,MG,turmalina
3169802,Turvolândia,MG,turvolandia
3169901,Ubá,MG,uba
3170008,Ubaí,MG,ubai
3170057,Ubaporanga,MG,ubaporanga
3170107,Uberaba,MG,uberaba
3170206,Uberlândia,MG,uberlandia
3170305,Umburatiba,MG,umburatiba
3170404,Unaí,MG,unai
3170438,União de Minas,MG,uniao de minas
3170479,Uruana de Minas,MG,uruana de minas
3170503,Urucânia,MG,urucania
3170529,Urucuia,MG,urucuia
3170578,Vargem Alegre,MG,vargem alegre
3170602,Vargem Bonita,MG,vargem bonita
3170651,Vargem Grande do Rio Pardo,MG,vargem grande do rio pardo
3170701,Varginha,MG,varginha
3170750,Varjão de Minas,MG,varjao de minas
3170800,Várzea da Palma,MG,varzea da palma
3170909,Varzelândia,MG,varzelandia
3171006,Vazante,MG,vazante
3171030,Verdelândia,MG,verdelandia
3171071,Veredinha,MG,veredinha
3171105,Veríssimo,MG,verissimo
3171154,Vermelho Novo,MG,vermelho novo
3171204,Vespasiano,MG,vespasiano
3171303,Viçosa,MG,vicosa
3171402,Vieiras,MG,vieiras
3171600,Virgem da Lapa,MG,virgem da lapa
3171709,Virgínia,MG,virginia
3171808,Virginópolis,MG,virginopolis
3171907,Virgolândia,MG,virgolandia
3172004,Visconde do Rio Branco,MG,visconde do rio branco
3172103,Volta Grande,MG,volta grande
3172202,Wenceslau Braz,MG,wenceslau braz
5000203,Água Clara,MS,agua clara
5000252,Alcinópolis,MS,alcinopolis
5000609,Amambai,MS,amambai
5000708,Anastácio,MS,anastacio
5000807,Anaurilândia,MS,anaurilandia
5000856,Angélica,MS,angelica
5000906,Antônio João,MS,antonio joao
5001003,Aparecida do Taboado,MS,aparecida do taboado
5001102,Aquidauana,MS,aquidauana
5001243,Aral Moreira,MS,aral moreira
5001508,Bandeirantes,MS,bandeirantes
5001904,Bataguassu,MS,bataguassu
5002001,Batayporã,MS,bataypora
5002100,Bela Vista,MS,bela vista
5002159,Bodoquena,MS,bodoquena
5002209,Bonito,MS,bonito
5002308,Brasilândia,MS,brasilandia
5002407,Caarapó,MS,caarapo
5002605,Camapuã,MS,camapua
5002704,Campo Grande,MS,campo grande
5002803,Caracol,MS,caracol
5002902,Cassilândia,MS,cassilandia
5002951,Chapadão do Sul,MS,chapadao do sul
5003108,Corguinho,MS,corguinho
5003157,Coronel Sapucaia,MS,coronel sapucaia
5003207,Corumbá,MS,corumba
5003256,Costa Rica,MS,costa rica
5003306,Coxim,MS,coxim
5003454,Deodápolis,MS,deodapolis
5003488,Dois Irmãos do Buriti,MS,dois irmaos do buriti
5003504,Douradina,MS,douradina
5003702,Dourados,MS,dourados
5003751,Eldorado,MS,eldorado
5003801,Fátima do Sul,MS,fatima do sul
5003900,Figueirão,MS,figueirao
5004007,Glória de Dourados,MS,gloria de dourados
5004106,Guia Lopes da Laguna,MS,guia lopes da laguna
5004304,Iguatemi,MS,iguatemi
5004403,Inocência,MS,inocencia
5004502,Itaporã,MS,itapora
5004601,Itaquiraí,MS,itaquirai
5004700,Ivinhema,MS,ivinhema
5004809,Japorã,MS,japora
5004908,Jaraguari,MS,jaraguari
5005004,Jardim,MS,jardim
5005103,Jateí,MS,jatei
5005152,Juti,MS,juti
5005202,Ladário,MS,ladario
5005251,Laguna Carapã,MS,laguna carapa
5005400,Maracaju,MS,maracaju
5005608,Miranda,MS,miranda
5005681,Mundo Novo,MS,mundo novo
5005707,Naviraí,MS,navirai
5005806,Nioaque,MS,nioaque
5006002,Nova Alvorada do Sul,MS,nova alvorada do sul
5006200,Nova Andradina,MS,nova andradina
5006259,Novo Horizonte do Sul,MS,novo horizonte do sul
5006275,Paraíso das Águas,MS,paraiso das aguas
5006309,Paranaíba,MS,paranaiba
5006358,Paranhos,MS,paranhos
5006408,Pedro Gomes,MS,pedro gomes
5006606,Ponta Porã,MS,ponta pora
5006903,Porto Murtinho,MS,porto murtinho
5007109,Ribas do Rio Pardo,MS,ribas do rio pardo
5007208,Rio Brilhante,MS,rio brilhante
5007307,Rio Negro,MS,rio negro
5007406,Rio Verde de Mato Grosso,MS,rio verde de mato grosso
5007505,Rochedo,MS,rochedo
5007554,Santa Rita do Pardo,MS,santa rita do pardo
5007695,São Gabriel do Oeste,MS,sao gabriel do oeste
5007802,Selvíria,MS,selviria
5007703,Sete Quedas,MS,sete quedas
5007901,Sidrolândia,MS,sidrolandia
5007935,Sonora,MS,sonora
5007950,Tacuru,MS,tacuru
5007976,Taquarussu,MS,taquarussu
5008008,Terenos,MS,terenos
5008305,Três Lagoas,MS,tres lagoas
5008404,Vicentina,MS,vicentina
5100102,Acorizal,MT,acorizal
5100201,Água Boa,MT,agua boa
5100250,Alta Floresta,MT,alta floresta
5100300,Alto Araguaia,MT,alto araguaia
5100359,Alto Boa Vista,MT,alto boa vista
5100409,Alto Garças,MT,alto garcas
5100508,Alto Paraguai,MT,alto paraguai
5100607,Alto Taquari,MT,alto taquari
5100805,Apiacás,MT,apiacas
5101001,Araguaiana,MT,araguaiana
5101209,Araguainha,MT,araguainha
5101258,Araputanga,MT,araputanga
5101308,Arenápolis,MT,arenapolis
5101407,Aripuanã,MT,aripuana
5101605,Barão de Melgaço,MT,barao de melgaco
5101704,Barra do Bugres,MT,barra do bugres
5101803,Barra do Garças,MT,barra do garcas
5101837,Boa Esperança do Norte,MT,boa esperanca do norte
5101852,Bom Jesus do Araguaia,MT,bom jesus do araguaia
5101902,Brasnorte,MT,brasnorte
5102504,Cáceres,MT,caceres
5102603,Campinápolis,MT,campinapolis
5102637,Campo Novo do Parecis,MT,campo novo do parecis
5102678,Campo Verde,MT,campo verde
5102686,Campos de Júlio,MT,campos de julio
5102694,Canabrava do Norte,MT,canabrava do norte
5102702,Canarana,MT,canarana
5102793,Carlinda,MT,carlinda
5102850,Castanheira,MT,castanheira
5103007,Chapada dos Guimarães,MT,chapada dos guimaraes
5103056,Cláudia,MT,claudia
5103106,Cocalinho,MT,cocalinho
5103205,Colíder,MT,colider
5103254,Colniza,MT,colniza
5103304,Comodoro,MT,comodoro
5103353,Confresa,MT,confresa
5103361,Conquista D'Oeste,MT,conquista d'oeste
5103379,Cotriguaçu,MT,cotriguacu
5103403,Cuiabá,MT,cuiaba
5103437,Curvelândia,MT,curvelandia
5103452,Denise,MT,denise
5103502,Diamantino,MT,diamantino
5103601,Dom Aquino,MT,dom aquino
5103700,Feliz Natal,MT,feliz natal
5103809,Figueirópolis D'Oeste,MT,figueiropolis d'oeste
5103858,Gaúcha do Norte,MT,gaucha do norte
5103908,General Carneiro,MT,general carneiro
5103957,Glória D'Oeste,MT,gloria d'oeste
5104104,Guarantã do Norte,MT,guaranta do norte
5104203,Guiratinga,MT,guiratinga
5104500,Indiavaí,MT,indiavai
5104526,Ipiranga do Norte,MT,ipiranga do norte
5104542,Itanhangá,MT,itanhanga
5104559,Itaúba,MT,itauba
5104609,Itiquira,MT,itiquira
5104807,Jaciara,MT,jaciara
5104906,Jangada,MT,jangada
5105002,Jauru,MT,jauru
5105101,Juara,MT,juara
5105150,Juína,MT,juina
5105176,Juruena,MT,juruena
5105200,Juscimeira,MT,juscimeira
5105234,Lambari D'Oeste,MT,lambari d'oeste
5105259,Lucas do Rio Verde,MT,lucas do rio verde
5105309,Luciara,MT,luciara
5105580,Marcelândia,MT,marcelandia
5105606,Matupá,MT,matupa
5105622,Mirassol d'Oeste,MT,mirassol d'oeste
5105903,Nobres,MT,nobres
5106000,Nortelândia,MT,nortelandia
5106109,Nossa Senhora do Livramento,MT,nossa senhora do livramento
5106158,Nova Bandeirantes,MT,nova bandeirantes
5106208,Nova Brasilândia,MT,nova brasilandia
5106216,Nova Canaã do Norte,MT,nova canaa do norte
5108808,Nova Guarita,MT,nova guarita
5106182,Nova Lacerda,MT,nova lacerda
5108857,Nova Marilândia,MT,nova marilandia
5108907,Nova Maringá,MT,nova maringa
5108956,Nova Monte Verde,MT,nova monte verde
5106224,Nova Mutum,MT,nova mutum
5106174,Nova Nazaré,MT,nova nazare
5106232,Nova Olímpia,MT,nova olimpia
5106190,Nova Santa Helena,MT,nova santa helena
5106240,Nova Ubiratã,MT,nova ubirata
5106257,Nova Xavantina,MT,nova xavantina
5106273,Novo Horizonte do Norte,MT,novo horizonte do norte
5106265,Novo Mundo,MT,novo mundo
5106315,Novo Santo Antônio,MT,novo santo antonio
5106281,Novo São Joaquim,MT,novo sao joaquim
5106299,Paranaíta,MT,paranaita
5106307,Paranatinga,MT,paranatinga
5106372,Pedra Preta,MT,pedra preta
5106422,Peixoto de Azevedo,MT,peixoto de azevedo
5106455,Planalto da Serra,MT,planalto da serra
5106505,Poconé,MT,pocone
5106653,Pontal do Araguaia,MT,pontal do araguaia
5106703,Ponte Branca,MT,ponte branca
5106752,Pontes e Lacerda,MT,pontes e lacerda
5106778,Porto Alegre do Norte,MT,porto alegre do norte
5106802,Porto dos Gaúchos,MT,porto dos gauchos
5106828,Porto Esperidião,MT,porto esperidiao
5106851,Porto Estrela,MT,porto estrela
5107008,Poxoréu,MT,poxoreu
5107040,Primavera do Leste,MT,primavera do leste
5107065,Querência,MT,querencia
5107156,Reserva do Cabaçal,MT,reserva do cabacal
5107180,Ribeirão Cascalheira,MT,ribeirao cascalheira
5107198,Ribeirãozinho,MT,ribeiraozinho
5107206,Rio Branco,MT,rio branco
5107578,Rondolândia,MT,rondolandia
5107602,Rondonópolis,MT,rondonopolis
5107701,Rosário Oeste,MT,rosario oeste
5107750,Salto do Céu,MT,salto do ceu
5107248,Santa Carmem,MT,santa carmem
5107743,Santa Cruz do Xingu,MT,santa cruz do xingu
5107768,Santa Rita do Trivelato,MT,santa rita do trivelato
5107776,Santa Terezinha,MT,santa terezinha
5107263,Santo Afonso,MT,santo afonso
5107800,Santo Antônio de Leverger,MT,santo antonio de leverger
5107792,Santo Antônio do Leste,MT,santo antonio do leste
5107859,São Félix do Araguaia,MT,sao felix do araguaia
5107297,São José do Povo,MT,sao jose do povo
5107305,São José do Rio Claro,MT,sao jose do rio claro
5107354,São José do Xingu,MT,sao jose do xingu
5107107,São José dos Quatro Marcos,MT,sao jose dos quatro marcos
5107404,São Pedro da Cipa,MT,sao pedro da cipa
5107875,Sapezal,MT,sapezal
5107883,Serra Nova Dourada,MT,serra nova dourada
5107909,Sinop,MT,sinop
5107925,Sorriso,MT,sorriso
5107941,Tabaporã,MT,tabapora
5107958,Tangará da Serra,MT,tangara da serra
5108006,Tapurah,MT,tapurah
5108055,Terra Nova do Norte,MT,terra nova do norte
5108105,Tesouro,MT,tesouro
5108204,Torixoréu,MT,torixoreu
5108303,União do Sul,MT,uniao do sul
5108352,Vale de São Domingos,MT,vale de sao domingos
5108402,Várzea Grande,MT,varzea grande
5108501,Vera,MT,vera
5105507,Vila Bela da Santíssima Trindade,MT,vila bela da santissima trindade
5108600,Vila Rica,MT,vila rica
1500107,Abaetetuba,PA,abaetetuba
1500131,Abel Figueiredo,PA,abel figueiredo
1500206,Acará,PA,acara
1500305,Afuá,PA,afua
1500347,Água Azul do Norte,PA,agua azul do norte
1500404,Alenquer,PA,alenquer
1500503,Almeirim,PA,almeirim
1500602,Altamira,PA,altamira
1500701,Anajás,PA,anajas
1500800,Ananindeua,PA,ananindeua
1500859,Anapu,PA,anapu
1500909,Augusto Corrêa,PA,augusto correa
1500958,Aurora do Pará,PA,aurora do para
1501006,Aveiro,PA,aveiro
1501105,Bagre,PA,bagre
1501204,Baião,PA,baiao
1501253,Bannach,PA,bannach
1501303,Barcarena,PA,barcarena
1501402,Belém,PA,belem
1501451,Belterra,PA,belterra
1501501,Benevides,PA,benevides
1501576,Bom Jesus do Tocantins,PA,bom jesus do tocantins
1501600,Bonito,PA,bonito
1501709,Bragança,PA,braganca
1501725,Brasil Novo,PA,brasil novo
1501758,Brejo Grande do Araguaia,PA,brejo grande do araguaia
1501782,Breu Branco,PA,breu branco
1501808,Breves,PA,breves
1501907,Bujaru,PA,bujaru
1502004,Cachoeira do Arari,PA,cachoeira do arari
1501956,Cachoeira do Piriá,PA,cachoeira do piria
1502103,Cametá,PA,cameta
1502152,Canaã dos Carajás,PA,canaa dos carajas
1502202,Capanema,PA,capanema
1502301,Capitão Poço,PA,capitao poco
1502400,Castanhal,PA,castanhal
1502509,Chaves,PA,chaves
1502608,Colares,PA,colares
1502707,Conceição do Araguaia,PA,conceicao do araguaia
1502756,Concórdia do Pará,PA,concordia do para
1502764,Cumaru do Norte,PA,cumaru do norte
1502772,Curionópolis,PA,curionopolis
1502806,Curralinho,PA,curralinho
1502855,Curuá,PA,curua
1502905,Curuçá,PA,curuca
1502939,Dom Eliseu,PA,dom eliseu
1502954,Eldorado do Carajás,PA,eldorado do carajas
1503002,Faro,PA,faro
1503044,Floresta do Araguaia,PA,floresta do araguaia
1503077,Garrafão do Norte,PA,garrafao do norte
1503093,Goianésia do Pará,PA,goianesia do para
1503101,Gurupá,PA,gurupa
1503200,Igarapé-Açu,PA,igarape-acu
1503309,Igarapé-Miri,PA,igarape-miri
1503408,Inhangapi,PA,inhangapi
1503457,Ipixuna do Pará,PA,ipixuna do para
1503507,Irituia,PA,irituia
1503606,Itaituba,PA,itaituba
1503705,Itupiranga,PA,itupiranga
1503754,Jacareacanga,PA,jacareacanga
1503804,Jacundá,PA,jacunda
1503903,Juruti,PA,juruti
1504000,Limoeiro do Ajuru,PA,limoeiro do ajuru
1504059,Mãe do Rio,PA,mae do rio
1504109,Magalhães Barata,PA,magalhaes barata
1504208,Marabá,PA,maraba
1504307,Maracanã,PA,maracana
1504406,Marapanim,PA,marapanim
1504422,Marituba,PA,marituba
1504455,Medicilândia,PA,medicilandia
1504505,Melgaço,PA,melgaco
1504604,Mocajuba,PA,mocajuba
1504703,Moju,PA,moju
1504752,Mojuí dos Campos,PA,mojui dos campos
1504802,Monte Alegre,PA,monte alegre
1504901,Muaná,PA,muana
1504950,Nova Esperança do Piriá,PA,nova esperanca do piria
1504976,Nova Ipixuna,PA,nova ipixuna
1505007,Nova Timboteua,PA,nova timboteua
1505031,Novo Progresso,PA,novo progresso
1505064,Novo Repartimento,PA,novo repartimento
1505106,Óbidos,PA,obidos
1505205,Oeiras do Pará,PA,oeiras do para
1505304,Oriximiná,PA,oriximina
1505403,Ourém,PA,ourem
1505437,Ourilândia do Norte,PA,ourilandia do norte
1505486,Pacajá,PA,pacaja
1505494,Palestina do Pará,PA,palestina do para
1505502,Paragominas,PA,paragominas
1505536,Parauapebas,PA,parauapebas
1505551,Pau D'Arco,PA,pau d'arco
1505601,Peixe-Boi,PA,peixe-boi
1505635,Piçarra,PA,picarra
1505650,Placas,PA,placas
1505700,Ponta de Pedras,PA,ponta de pedras
1505809,Portel,PA,portel
1505908,Porto de Moz,PA,porto de moz
1506005,Prainha,PA,prainha
1506104,Primavera,PA,primavera
1506112,Quatipuru,PA,quatipuru
1506138,Redenção,PA,redencao
1506161,Rio Maria,PA,rio maria
1506187,Rondon do Pará,PA,rondon do para
1506195,Rurópolis,PA,ruropolis
1506203,Salinópolis,PA,salinopolis
1506302,Salvaterra,PA,salvaterra
1506351,Santa Bárbara do Pará,PA,santa barbara do para
1506401,Santa Cruz do Arari,PA,santa cruz do arari
1506500,Santa Izabel do Pará,PA,santa izabel do para
1506559,Santa Luzia do Pará,PA,santa luzia do para
1506583,Santa Maria das Barreiras,PA,santa maria das barreiras
1506609,Santa Maria do Pará,PA,santa maria do para
1506708,Santana do Araguaia,PA,santana do araguaia
1506807,Santarém,PA,santarem
1506906,Santarém Novo,PA,santarem novo
1507003,Santo Antônio do Tauá,PA,santo antonio do taua
1507102,São Caetano de Odivelas,PA,sao caetano de odivelas
1507151,São Domingos do Araguaia,PA,sao domingos do araguaia
1507201,São Domingos do Capim,PA,sao domingos do capim
1507300,São Félix do Xingu,PA,sao felix do xingu
1507409,São Francisco do Pará,PA,sao francisco do para
1507458,São Geraldo do Araguaia,PA,sao geraldo do araguaia
1507466,São João da Ponta,PA,sao joao da ponta
1507474,São João de Pirabas,PA,sao joao de pirabas
1507508,São João do Araguaia,PA,sao joao do araguaia
1507607,São Miguel do Guamá,PA,sao miguel do guama
1507706,São Sebastião da Boa Vista,PA,sao sebastiao da boa vista
1507755,Sapucaia,PA,sapucaia
1507805,Senador José Porfírio,PA,senador jose porfirio
1507904,Soure,PA,soure
1507953,Tailândia,PA,tailandia
1507961,Terra Alta,PA,terra alta
1507979,Terra Santa,PA,terra santa
1508001,Tomé-Açu,PA,tome-acu
1508035,Tracuateua,PA,tracuateua
1508050,Trairão,PA,trairao
1508084,Tucumã,PA,tucuma
1508100,Tucuruí,PA,tucurui
1508126,Ulianópolis,PA,ulianopolis
1508159,Uruará,PA,uruara
1508209,Vigia,PA,vigia
1508308,Viseu,PA,viseu
1508357,Vitória do Xingu,PA,vitoria do xingu
1508407,Xinguara,PA,xinguara
2500106,Água Branca,PB,agua branca
2500205,Aguiar,PB,aguiar
2500304,Alagoa Grande,PB,alagoa grande
2500403,Alagoa Nova,PB,alagoa nova
2500502,Alagoinha,PB,alagoinha
2500536,Alcantil,PB,alcantil
2500577,Algodão de Jandaíra,PB,algodao de jandaira
2500601,Alhandra,PB,alhandra
2500734,Amparo,PB,amparo
2500775,Aparecida,PB,aparecida
2500809,Araçagi,PB,aracagi
2500908,Arara,PB,arara
2501005,Araruna,PB,araruna
2501104,Areia,PB,areia
2501153,Areia de Baraúnas,PB,areia de baraunas
2501203,Areial,PB,areial
2501302,Aroeiras,PB,aroeiras
2501351,Assunção,PB,assuncao
2501401,Baía da Traição,PB,baia da traicao
2501500,Bananeiras,PB,bananeiras
2501534,Baraúna,PB,barauna
2501609,Barra de Santa Rosa,PB,barra de santa rosa
2501575,Barra de Santana,PB,barra de santana
2501708,Barra de São Miguel,PB,barra de sao miguel
2501807,Bayeux,PB,bayeux
2501906,Belém,PB,belem
2502003,Belém do Brejo do Cruz,PB,belem do brejo do cruz
2502052,Bernardino Batista,PB,bernardino batista
2502102,Boa Ventura,PB,boa ventura
2502151,Boa Vista,PB,boa vista
2502201,Bom Jesus,PB,bom jesus
2502300,Bom Sucesso,PB,bom sucesso
2502409,Bonito de Santa Fé,PB,bonito de santa fe
2502508,Boqueirão,PB,boqueirao
2502706,Borborema,PB,borborema
2502805,Brejo do Cruz,PB,brejo do cruz
2502904,Brejo dos Santos,PB,brejo dos santos
2503001,Caaporã,PB,caapora
2503100,Cabaceiras,PB,cabaceiras
2503209,Cabedelo,PB,cabedelo
2503308,Cachoeira dos Índios,PB,cachoeira dos indios
2503407,Cacimba de Areia,PB,cacimba de areia
2503506,Cacimba de Dentro,PB,cacimba de dentro
2503555,Cacimbas,PB,cacimbas
2503605,Caiçara,PB,caicara
2503704,Cajazeiras,PB,cajazeiras
2503753,Cajazeirinhas,PB,cajazeirinhas
2503803,Caldas Brandão,PB,caldas brandao
2503902,Camalaú,PB,camalau
2504009,Campina Grande,PB,campina grande
2504033,Capim,PB,capim
2504074,Caraúbas,PB,caraubas
2504108,Carrapateira,PB,carrapateira
2504157,Casserengue,PB,casserengue
2504207,Catingueira,PB,catingueira
2504306,Catolé do Rocha,PB,catole do rocha
2504355,Caturité,PB,caturite
2504405,Conceição,PB,conceicao
2504504,Condado,PB,condado
2504603,Conde,PB,conde
2504702,Congo,PB,congo
2504801,Coremas,PB,coremas
2504850,Coxixola,PB,coxixola
2504900,Cruz do Espírito Santo,PB,cruz do espirito santo
2505006,Cubati,PB,cubati
2505105,Cuité,PB,cuite
2505238,Cuité de Mamanguape,PB,cuite de mamanguape
2505204,Cuitegi,PB,cuitegi
2505279,Curral de Cima,PB,curral de cima
2505303,Curral Velho,PB,curral velho
2505352,Damião,PB,damiao
2505402,Desterro,PB,desterro
2505600,Diamante,PB,diamante
2505709,Dona Inês,PB,dona ines
2505808,Duas Estradas,PB,duas estradas
2505907,Emas,PB,emas
2506004,Esperança,PB,esperanca
2506103,Fagundes,PB,fagundes
2506202,Frei Martinho,PB,frei martinho
2506251,Gado Bravo,PB,gado bravo
2506301,Guarabira,PB,guarabira
2506400,Gurinhém,PB,gurinhem
2506509,Gurjão,PB,gurjao
2506608,Ibiara,PB,ibiara
2502607,Igaracy,PB,igaracy
2506707,Imaculada,PB,imaculada
2506806,Ingá,PB,inga
2506905,Itabaiana,PB,itabaiana
2507002,Itaporanga,PB,itaporanga
2507101,Itapororoca,PB,itapororoca
2507200,Itatuba,PB,itatuba
2507309,Jacaraú,PB,jacarau
2507408,Jericó,PB,jerico
2507507,João Pessoa,PB,joao pessoa
2513653,Joca Claudino,PB,joca claudino
2507606,Juarez Távora,PB,juarez tavora
2507705,Juazeirinho,PB,juazeirinho
2507804,Junco do Seridó,PB,junco do serido
2507903,Juripiranga,PB,juripiranga
2508000,Juru,PB,juru
2508109,Lagoa,PB,lagoa
2508208,Lagoa de Dentro,PB,lagoa de dentro
2508307,Lagoa Seca,PB,lagoa seca
2508406,Lastro,PB,lastro
2508505,Livramento,PB,livramento
2508554,Logradouro,PB,logradouro
2508604,Lucena,PB,lucena
2508703,Mãe d'Água,PB,mae d'agua
2508802,Malta,PB,malta
2508901,Mamanguape,PB,mamanguape
2509008,Manaíra,PB,manaira
2509057,Marcação,PB,marcacao
2509107,Mari,PB,mari
2509156,Marizópolis,PB,marizopolis
2509206,Massaranduba,PB,massaranduba
2509305,Mataraca,PB,mataraca
2509339,Matinhas,PB,matinhas
2509370,Mato Grosso,PB,mato grosso
2509396,Maturéia,PB,matureia
2509404,Mogeiro,PB,mogeiro
2509503,Montadas,PB,montadas
2509602,Monte Horebe,PB,monte horebe
2509701,Monteiro,PB,monteiro
2509800,Mulungu,PB,mulungu
2509909,Natuba,PB,natuba
2510006,Nazarezinho,PB,nazarezinho
2510105,Nova Floresta,PB,nova floresta
2510204,Nova Olinda,PB,nova olinda
2510303,Nova Palmeira,PB,nova palmeira
2510402,Olho d'Água,PB,olho d'agua
2510501,Olivedos,PB,olivedos
2510600,Ouro Velho,PB,ouro velho
2510659,Parari,PB,parari
2510709,Passagem,PB,passagem
2510808,Patos,PB,patos
2510907,Paulista,PB,paulista
2511004,Pedra Branca,PB,pedra branca
2511103,Pedra Lavrada,PB,pedra lavrada
2511202,Pedras de Fogo,PB,pedras de fogo
2512721,Pedro Régis,PB,pedro regis
2511301,Piancó,PB,pianco
2511400,Picuí,PB,picui
2511509,Pilar,PB,pilar
2511608,Pilões,PB,piloes
2511707,Pilõezinhos,PB,piloezinhos
2511806,Pirpirituba,PB,pirpirituba
2511905,Pitimbu,PB,pitimbu
2512002,Pocinhos,PB,pocinhos
2512036,Poço Dantas,PB,poco dantas
2512077,Poço de José de Moura,PB,poco de jose de moura
2512101,Pombal,PB,pombal
2512200,Prata,PB,prata
2512309,Princesa Isabel,PB,princesa isabel
2512408,Puxinanã,PB,puxinana
2512507,Queimadas,PB,queimadas
2512606,Quixaba,PB,quixaba
2512705,Remígio,PB,remigio
2512747,Riachão,PB,riachao
2512754,Riachão do Bacamarte,PB,riachao do bacamarte
2512762,Riachão do Poço,PB,riachao do poco
2512788,Riacho de Santo Antônio,PB,riacho de santo antonio
2512804,Riacho dos Cavalos,PB,riacho dos cavalos
2512903,Rio Tinto,PB,rio tinto
2513000,Salgadinho,PB,salgadinho
2513109,Salgado de São Félix,PB,salgado de sao felix
2513158,Santa Cecília,PB,santa cecilia
2513208,Santa Cruz,PB,santa cruz
2513307,Santa Helena,PB,santa helena
2513356,Santa Inês,PB,santa ines
2513406,Santa Luzia,PB,santa luzia
2513703,Santa Rita,PB,santa rita
2513802,Santa Teresinha,PB,santa teresinha
2513505,Santana de Mangueira,PB,santana de mangueira
2513604,Santana dos Garrotes,PB,santana dos garrotes
2513851,Santo André,PB,santo andre
2513927,São Bentinho,PB,sao bentinho
2513901,São Bento,PB,sao bento
2513968,São Domingos,PB,sao domingos
2513943,São Domingos do Cariri,PB,sao domingos do cariri
2513984,São Francisco,PB,sao francisco
2514008,São João do Cariri,PB,sao joao do cariri
2500700,São João do Rio do Peixe,PB,sao joao do rio do peixe
2514107,São João do Tigre,PB,sao joao do tigre
2514206,São José da Lagoa Tapada,PB,sao jose da lagoa tapada
2514305,São José de Caiana,PB,sao jose de caiana
2514404,São José de Espinharas,PB,sao jose de espinharas
2514503,São José de Piranhas,PB,sao jose de piranhas
2514552,São José de Princesa,PB,sao jose de princesa
2514602,São José do Bonfim,PB,sao jose do bonfim
2514651,São José do Brejo do Cruz,PB,sao jose do brejo do cruz
2514701,São José do Sabugi,PB,sao jose do sabugi
2514800,São José dos Cordeiros,PB,sao jose dos cordeiros
2514453,São José dos Ramos,PB,sao jose dos ramos
2514909,São Mamede,PB,sao mamede
2515005,São Miguel de Taipu,PB,sao miguel de taipu
2515104,São Sebastião de Lagoa de Roça,PB,sao sebastiao de lagoa de roca
2515203,São Sebastião do Umbuzeiro,PB,sao sebastiao do umbuzeiro
2515401,São Vicente do Seridó,PB,sao vicente do serido
2515302,Sapé,PB,sape
2515500,Serra Branca,PB,serra branca
2515609,Serra da Raiz,PB,serra da raiz
2515708,Serra Grande,PB,serra grande
2515807,Serra Redonda,PB,serra redonda
2515906,Serraria,PB,serraria
2515930,Sertãozinho,PB,sertaozinho
2515971,Sobrado,PB,sobrado
2516003,Solânea,PB,solanea
2516102,Soledade,PB,soledade
2516151,Sossêgo,PB,sossego
2516201,Sousa,PB,sousa
2516300,Sumé,PB,sume
2516409,Tacima,PB,tacima
2516508,Taperoá,PB,taperoa
2516607,Tavares,PB,tavares
2516706,Teixeira,PB,teixeira
2516755,Tenório,PB,tenorio
2516805,Triunfo,PB,triunfo
2516904,Uiraúna,PB,uirauna
2517001,Umbuzeiro,PB,umbuzeiro
2517100,Várzea,PB,varzea
2517209,Vieirópolis,PB,vieiropolis
2505501,Vista Serrana,PB,vista serrana
2517407,Zabelê,PB,zabele
2600054,Abreu e Lima,PE,abreu e lima
2600104,Afogados da Ingazeira,PE,afogados da ingazeira
2600203,Afrânio,PE,afranio
2600302,Agrestina,PE,agrestina
2600401,Água Preta,PE,agua preta
2600500,Águas Belas,PE,aguas belas
2600609,Alagoinha,PE,alagoinha
2600708,Aliança,PE,alianca
2600807,Altinho,PE,altinho
2600906,Amaraji,PE,amaraji
2601003,Angelim,PE,angelim
2601052,Araçoiaba,PE,aracoiaba
2601102,Araripina,PE,araripina
2601201,Arcoverde,PE,arcoverde
2601300,Barra de Guabiraba,PE,barra de guabiraba
2601409,Barreiros,PE,barreiros
2601508,Belém de Maria,PE,belem de maria
2601607,Belém do São Francisco,PE,belem do sao francisco
2601706,Belo Jardim,PE,belo jardim
2601805,Betânia,PE,betania
2601904,Bezerros,PE,bezerros
2602001,Bodocó,PE,bodoco
2602100,Bom Conselho,PE,bom conselho
2602209,Bom Jardim,PE,bom jardim
2602308,Bonito,PE,bonito
2602407,Brejão,PE,brejao
2602506,Brejinho,PE,brejinho
2602605,Brejo da Madre de Deus,PE,brejo da madre de deus
2602704,Buenos Aires,PE,buenos aires
2602803,Buíque,PE,buique
2602902,Cabo de Santo Agostinho,PE,cabo de santo agostinho
2603009,Cabrobó,PE,cabrobo
2603108,Cachoeirinha,PE,cachoeirinha
2603207,Caetés,PE,caetes
2603306,Calçado,PE,calcado
2603405,Calumbi,PE,calumbi
2603454,Camaragibe,PE,camaragibe
2603504,Camocim de São Félix,PE,camocim de sao felix
2603603,Camutanga,PE,camutanga
2603702,Canhotinho,PE,canhotinho
2603801,Capoeiras,PE,capoeiras
2603900,Carnaíba,PE,carnaiba
2603926,Carnaubeira da Penha,PE,carnaubeira da penha
2604007,Carpina,PE,carpina
2604106,Caruaru,PE,caruaru
2604155,Casinhas,PE,casinhas
2604205,Catende,PE,catende
2604304,Cedro,PE,cedro
2604403,Chã de Alegria,PE,cha de alegria
2604502,Chã Grande,PE,cha grande
2604601,Condado,PE,condado
2604700,Correntes,PE,correntes
2604809,Cortês,PE,cortes
2604908,Cumaru,PE,cumaru
2605004,Cupira,PE,cupira
2605103,Custódia,PE,custodia
2605152,Dormentes,PE,dormentes
2605202,Escada,PE,escada
2605301,Exu,PE,exu
2605400,Feira Nova,PE,feira nova
2605459,Fernando de Noronha,PE,fernando de noronha
2605509,Ferreiros,PE,ferreiros
2605608,Flores,PE,flores
2605707,Floresta,PE,floresta
2605806,Frei Miguelinho,PE,frei miguelinho
2605905,Gameleira,PE,gameleira
2606002,Garanhuns,PE,garanhuns
2606101,Glória do Goitá,PE,gloria do goita
2606200,Goiana,PE,goiana
2606309,Granito,PE,granito
2606408,Gravatá,PE,gravata
2606507,Iati,PE,iati
2606606,Ibimirim,PE,ibimirim
2606705,Ibirajuba,PE,ibirajuba
2606804,Igarassu,PE,igarassu
2606903,Iguaracy,PE,iguaracy
2607604,Ilha de Itamaracá,PE,ilha de itamaraca
2607000,Inajá,PE,inaja
2607109,Ingazeira,PE,ingazeira
2607208,Ipojuca,PE,ipojuca
2607307,Ipubi,PE,ipubi
2607406,Itacuruba,PE,itacuruba
2607505,Itaíba,PE,itaiba
2607653,Itambé,PE,itambe
2607703,Itapetim,PE,itapetim
2607752,Itapissuma,PE,itapissuma
2607802,Itaquitinga,PE,itaquitinga
2607901,Jaboatão dos Guararapes,PE,jaboatao dos guararapes
2607950,Jaqueira,PE,jaqueira
2608008,Jataúba,PE,jatauba
2608057,Jatobá,PE,jatoba
2608107,João Alfredo,PE,joao alfredo
2608206,Joaquim Nabuco,PE,joaquim nabuco
2608255,Jucati,PE,jucati
2608305,Jupi,PE,jupi
2608404,Jurema,PE,jurema
2608503,Lagoa de Itaenga,PE,lagoa de itaenga
2608453,Lagoa do Carro,PE,lagoa do carro
2608602,Lagoa do Ouro,PE,lagoa do ouro
2608701,Lagoa dos Gatos,PE,lagoa dos gatos
2608750,Lagoa Grande,PE,lagoa grande
2608800,Lajedo,PE,lajedo
2608909,Limoeiro,PE,limoeiro
2609006,Macaparana,PE,macaparana
2609105,Machados,PE,machados
2609154,Manari,PE,manari
2609204,Maraial,PE,maraial
2609303,Mirandiba,PE,mirandiba
2614303,Moreilândia,PE,moreilandia
2609402,Moreno,PE,moreno
2609501,Nazaré da Mata,PE,nazare da mata
2609600,Olinda,PE,olinda
2609709,Orobó,PE,orobo
2609808,Orocó,PE,oroco
2609907,Ouricuri,PE,ouricuri
2610004,Palmares,PE,palmares
2610103,Palmeirina,PE,palmeirina
2610202,Panelas,PE,panelas
2610301,Paranatama,PE,paranatama
2610400,Parnamirim,PE,parnamirim
2610509,Passira,PE,passira
2610608,Paudalho,PE,paudalho
2610707,Paulista,PE,paulista
2610806,Pedra,PE,pedra
2610905,Pesqueira,PE,pesqueira
2611002,Petrolândia,PE,petrolandia
2611101,Petrolina,PE,petrolina
2611200,Poção,PE,pocao
2611309,Pombos,PE,pombos
2611408,Primavera,PE,primavera
2611507,Quipapá,PE,quipapa
2611533,Quixaba,PE,quixaba
2611606,Recife,PE,recife
2611705,Riacho das Almas,PE,riacho das almas
2611804,Ribeirão,PE,ribeirao
2611903,Rio Formoso,PE,rio formoso
2612000,Sairé,PE,saire
2612109,Salgadinho,PE,salgadinho
2612208,Salgueiro,PE,salgueiro
2612307,Saloá,PE,saloa
2612406,Sanharó,PE,sanharo
2612455,Santa Cruz,PE,santa cruz
2612471,Santa Cruz da Baixa Verde,PE,santa cruz da baixa verde
2612505,Santa Cruz do Capibaribe,PE,santa cruz do capibaribe
2612554,Santa Filomena,PE,santa filomena
2612604,Santa Maria da Boa Vista,PE,santa maria da boa vista
2612703,Santa Maria do Cambucá,PE,santa maria do cambuca
2612802,Santa Terezinha,PE,santa terezinha
2612901,São Benedito do Sul,PE,sao benedito do sul
2613008,São Bento do Una,PE,sao bento do una
2613107,São Caitano,PE,sao caitano
2613206,São João,PE,sao joao
2613305,São Joaquim do Monte,PE,sao joaquim do monte
2613404,São José da Coroa Grande,PE,sao jose da coroa grande
2613503,São José do Belmonte,PE,sao jose do belmonte
2613602,São José do Egito,PE,sao jose do egito
2613701,São Lourenço da Mata,PE,sao lourenco da mata
2613800,São Vicente Férrer,PE,sao vicente ferrer
2613909,Serra Talhada,PE,serra talhada
2614006,Serrita,PE,serrita
2614105,Sertânia,PE,sertania
2614204,Sirinhaém,PE,sirinhaem
2614402,Solidão,PE,solidao
2614501,Surubim,PE,surubim
2614600,Tabira,PE,tabira
2614709,Tacaimbó,PE,tacaimbo
2614808,Tacaratu,PE,tacaratu
2614857,Tamandaré,PE,tamandare
2615003,Taquaritinga do Norte,PE,taquaritinga do norte
2615102,Terezinha,PE,terezinha
2615201,Terra Nova,PE,terra nova
2615300,Timbaúba,PE,timbauba
2615409,Toritama,PE,toritama
2615508,Tracunhaém,PE,tracunhaem
2615607,Trindade,PE,trindade
2615706,Triunfo,PE,triunfo
2615805,Tupanatinga,PE,tupanatinga
2615904,Tuparetama,PE,tuparetama
2616001,Venturosa,PE,venturosa
2616100,Verdejante,PE,verdejante
2616183,Vertente do Lério,PE,vertente do lerio
2616209,Vertentes,PE,vertentes
2616308,Vicência,PE,vicencia
2616407,Vitória de Santo Antão,PE,vitoria de santo antao
2616506,Xexéu,PE,xexeu
2200053,Acauã,PI,acaua
2200103,Agricolândia,PI,agricolandia
2200202,Água Branca,PI,agua branca
2200251,Alagoinha do Piauí,PI,alagoinha do piaui
2200277,Alegrete do Piauí,PI,alegrete do piaui
2200301,Alto Longá,PI,alto longa
2200400,Altos,PI,altos
2200459,Alvorada do Gurguéia,PI,alvorada do gurgueia
2200509,Amarante,PI,amarante
2200608,Angical do Piauí,PI,angical do piaui
2200707,Anísio de Abreu,PI,anisio de abreu
2200806,Antônio Almeida,PI,antonio almeida
2200905,Aroazes,PI,aroazes
2200954,Aroeiras do Itaim,PI,aroeiras do itaim
2201002,Arraial,PI,arraial
2201051,Assunção do Piauí,PI,assuncao do piaui
2201101,Avelino Lopes,PI,avelino lopes
2201150,Baixa Grande do Ribeiro,PI,baixa grande do ribeiro
2201176,Barra D'Alcântara,PI,barra d'alcantara
2201200,Barras,PI,barras
2201309,Barreiras do Piauí,PI,barreiras do piaui
2201408,Barro Duro,PI,barro duro
2201507,Batalha,PI,batalha
2201556,Bela Vista do Piauí,PI,bela vista do piaui
2201572,Belém do Piauí,PI,belem do piaui
2201606,Beneditinos,PI,beneditinos
2201705,Bertolínia,PI,bertolinia
2201739,Betânia do Piauí,PI,betania do piaui
2201770,Boa Hora,PI,boa hora
2201804,Bocaina,PI,bocaina
2201903,Bom Jesus,PI,bom jesus
2201919,Bom Princípio do Piauí,PI,bom principio do piaui
2201929,Bonfim do Piauí,PI,bonfim do piaui
2201945,Boqueirão do Piauí,PI,boqueirao do piaui
2201960,Brasileira,PI,brasileira
2201988,Brejo do Piauí,PI,brejo do piaui
2202000,Buriti dos Lopes,PI,buriti dos lopes
2202026,Buriti dos Montes,PI,buriti dos montes
2202059,Cabeceiras do Piauí,PI,cabeceiras do piaui
2202075,Cajazeiras do Piauí,PI,cajazeiras do piaui
2202083,Cajueiro da Praia,PI,cajueiro da praia
2202091,Caldeirão Grande do Piauí,PI,caldeirao grande do piaui
2202109,Campinas do Piauí,PI,campinas do piaui
2202117,Campo Alegre do Fidalgo,PI,campo alegre do fidalgo
2202133,Campo Grande do Piauí,PI,campo grande do piaui
2202174,Campo Largo do Piauí,PI,campo largo do piaui
2202208,Campo Maior,PI,campo maior
2202251,Canavieira,PI,canavieira
2202307,Canto do Buriti,PI,canto do buriti
2202406,Capitão de Campos,PI,capitao de campos
2202455,Capitão Gervásio Oliveira,PI,capitao gervasio oliveira
2202505,Caracol,PI,caracol
2202539,Caraúbas do Piauí,PI,caraubas do piaui
2202554,Caridade do Piauí,PI,caridade do piaui
2202604,Castelo do Piauí,PI,castelo do piaui
2202653,Caxingó,PI,caxingo
2202703,Cocal,PI,cocal
2202711,Cocal de Telha,PI,cocal de telha
2202729,Cocal dos Alves,PI,cocal dos alves
2202737,Coivaras,PI,coivaras
2202752,Colônia do Gurguéia,PI,colonia do gurgueia
2202778,Colônia do Piauí,PI,colonia do piaui
2202802,Conceição do Canindé,PI,conceicao do caninde
2202851,Coronel José Dias,PI,coronel jose dias
2202901,Corrente,PI,corrente
2203008,Cristalândia do Piauí,PI,cristalandia do piaui
2203107,Cristino Castro,PI,cristino castro
2203206,Curimatá,PI,curimata
2203230,Currais,PI,currais
2203271,Curral Novo do Piauí,PI,curral novo do piaui
2203255,Curralinhos,PI,curralinhos
2203305,Demerval Lobão,PI,demerval lobao
2203354,Dirceu Arcoverde,PI,dirceu arcoverde
2203404,Dom Expedito Lopes,PI,dom expedito lopes
2203453,Dom Inocêncio,PI,dom inocencio
2203420,Domingos Mourão,PI,domingos mourao
2203503,Elesbão Veloso,PI,elesbao veloso
2203602,Eliseu Martins,PI,eliseu martins
2203701,Esperantina,PI,esperantina
2203750,Fartura do Piauí,PI,fartura do piaui
2203800,Flores do Piauí,PI,flores do piaui
2203859,Floresta do Piauí,PI,floresta do piaui
2203909,Floriano,PI,floriano
2204006,Francinópolis,PI,francinopolis
2204105,Francisco Ayres,PI,francisco ayres
2204154,Francisco Macedo,PI,francisco macedo
2204204,Francisco Santos,PI,francisco santos
2204303,Fronteiras,PI,fronteiras
2204352,Geminiano,PI,geminiano
2204402,Gilbués,PI,gilbues
2204501,Guadalupe,PI,guadalupe
2204550,Guaribas,PI,guaribas
2204600,Hugo Napoleão,PI,hugo napoleao
2204659,Ilha Grande,PI,ilha grande
2204709,Inhuma,PI,inhuma
2204808,Ipiranga do Piauí,PI,ipiranga do piaui
2204907,Isaías Coelho,PI,isaias coelho
2205003,Itainópolis,PI,itainopolis
2205102,Itaueira,PI,itaueira
2205151,Jacobina do Piauí,PI,jacobina do piaui
2205201,Jaicós,PI,jaicos
2205250,Jardim do Mulato,PI,jardim do mulato
2205276,Jatobá do Piauí,PI,jatoba do piaui
2205300,Jerumenha,PI,jerumenha
2205359,João Costa,PI,joao costa
2205409,Joaquim Pires,PI,joaquim pires
2205458,Joca Marques,PI,joca marques
2205508,José de Freitas,PI,jose de freitas
2205516,Juazeiro do Piauí,PI,juazeiro do piaui
2205524,Júlio Borges,PI,julio borges
2205532,Jurema,PI,jurema
2205557,Lagoa Alegre,PI,lagoa alegre
2205573,Lagoa de São Francisco,PI,lagoa de sao francisco
2205565,Lagoa do Barro do Piauí,PI,lagoa do barro do piaui
2205581,Lagoa do Piauí,PI,lagoa do piaui
2205599,Lagoa do Sítio,PI,lagoa do sitio
2205540,Lagoinha do Piauí,PI,lagoinha do piaui
2205607,Landri Sales,PI,landri sales
2205706,Luís Correia,PI,luis correia
2205805,Luzilândia,PI,luzilandia
2205854,Madeiro,PI,madeiro
2205904,Manoel Emídio,PI,manoel emidio
2205953,Marcolândia,PI,marcolandia
2206001,Marcos Parente,PI,marcos parente
2206050,Massapê do Piauí,PI,massape do piaui
2206100,Matias Olímpio,PI,matias olimpio
2206209,Miguel Alves,PI,miguel alves
2206308,Miguel Leão,PI,miguel leao
2206357,Milton Brandão,PI,milton brandao
2206407,Monsenhor Gil,PI,monsenhor gil
2206506,Monsenhor Hipólito,PI,monsenhor hipolito
2206605,Monte Alegre do Piauí,PI,monte alegre do piaui
2206654,Morro Cabeça no Tempo,PI,morro cabeca no tempo
2206670,Morro do Chapéu do Piauí,PI,morro do chapeu do piaui
2206696,Murici dos Portelas,PI,murici dos portelas
2206704,Nazaré do Piauí,PI,nazare do piaui
2206720,Nazária,PI,nazaria
2206753,Nossa Senhora de Nazaré,PI,nossa senhora de nazare
2206803,Nossa Senhora dos Remédios,PI,nossa senhora dos remedios
2207959,Nova Santa Rita,PI,nova santa rita
2206902,Novo Oriente do Piauí,PI,novo oriente do piaui
2206951,Novo Santo Antônio,PI,novo santo antonio
2207009,Oeiras,PI,oeiras
2207108,Olho D'Água do Piauí,PI,olho d'agua do piaui
2207207,Padre Marcos,PI,padre marcos
2207306,Paes Landim,PI,paes landim
2207355,Pajeú do Piauí,PI,pajeu do piaui
2207405,Palmeira do Piauí,PI,palmeira do piaui
2207504,Palmeirais,PI,palmeirais
2207553,Paquetá,PI,paqueta
2207603,Parnaguá,PI,parnagua
2207702,Parnaíba,PI,parnaiba
2207751,Passagem Franca do Piauí,PI,passagem franca do piaui
2207777,Patos do Piauí,PI,patos do piaui
2207793,Pau D'Arco do Piauí,PI,pau d'arco do piaui
2207801,Paulistana,PI,paulistana
2207850,Pavussu,PI,pavussu
2207900,Pedro II,PI,pedro ii
2207934,Pedro Laurentino,PI,pedro laurentino
2208007,Picos,PI,picos
2208106,Pimenteiras,PI,pimenteiras
2208205,Pio IX,PI,pio ix
2208304,Piracuruca,PI,piracuruca
2208403,Piripiri,PI,piripiri
2208502,Porto,PI,porto
2208551,Porto Alegre do Piauí,PI,porto alegre do piaui
2208601,Prata do Piauí,PI,prata do piaui
2208650,Queimada Nova,PI,queimada nova
2208700,Redenção do Gurguéia,PI,redencao do gurgueia
2208809,Regeneração,PI,regeneracao
2208858,Riacho Frio,PI,riacho frio
2208874,Ribeira do Piauí,PI,ribeira do piaui
2208908,Ribeiro Gonçalves,PI,ribeiro goncalves
2209005,Rio Grande do Piauí,PI,rio grande do piaui
2209104,Santa Cruz do Piauí,PI,santa cruz do piaui
2209153,Santa Cruz dos Milagres,PI,santa cruz dos milagres
2209203,Santa Filomena,PI,santa filomena
2209302,Santa Luz,PI,santa luz
2209377,Santa Rosa do Piauí,PI,santa rosa do piaui
2209351,Santana do Piauí,PI,santana do piaui
2209401,Santo Antônio de Lisboa,PI,santo antonio de lisboa
2209450,Santo Antônio dos Milagres,PI,santo antonio dos milagres
2209500,Santo Inácio do Piauí,PI,santo inacio do piaui
2209559,São Braz do Piauí,PI,sao braz do piaui
2209609,São Félix do Piauí,PI,sao felix do piaui
2209658,São Francisco de Assis do Piauí,PI,sao francisco de assis do piaui
2209708,São Francisco do Piauí,PI,sao francisco do piaui
2209757,São Gonçalo do Gurguéia,PI,sao goncalo do gurgueia
2209807,São Gonçalo do Piauí,PI,sao goncalo do piaui
2209856,São João da Canabrava,PI,sao joao da canabrava
2209872,São João da Fronteira,PI,sao joao da fronteira
2209906,São João da Serra,PI,sao joao da serra
2209955,São João da Varjota,PI,sao joao da varjota
2209971,São João do Arraial,PI,sao joao do arraial
2210003,São João do Piauí,PI,sao joao do piaui
2210052,São José do Divino,PI,sao jose do divino
2210102,São José do Peixe,PI,sao jose do peixe
2210201,São José do Piauí,PI,sao jose do piaui
2210300,São Julião,PI,sao juliao
2210359,São Lourenço do Piauí,PI,sao lourenco do piaui
2210375,São Luis do Piauí,PI,sao luis do piaui
2210383,São Miguel da Baixa Grande,PI,sao miguel da baixa grande
2210391,São Miguel do Fidalgo,PI,sao miguel do fidalgo
2210409,São Miguel do Tapuio,PI,sao miguel do tapuio
2210508,São Pedro do Piauí,PI,sao pedro do piaui
2210607,São Raimundo Nonato,PI,sao raimundo nonato
2210623,Sebastião Barros,PI,sebastiao barros
2210631,Sebastião Leal,PI,sebastiao leal
2210656,Sigefredo Pacheco,PI,sigefredo pacheco
2210706,Simões,PI,simoes
2210805,Simplício Mendes,PI,simplicio mendes
2210904,Socorro do Piauí,PI,socorro do piaui
2210938,Sussuapara,PI,sussuapara
2210953,Tamboril do Piauí,PI,tamboril do piaui
2210979,Tanque do Piauí,PI,tanque do piaui
2211001,Teresina,PI,teresina
2211100,União,PI,uniao
2211209,Uruçuí,PI,urucui
2211308,Valença do Piauí,PI,valenca do piaui
2211357,Várzea Branca,PI,varzea branca
2211407,Várzea Grande,PI,varzea grande
2211506,Vera Mendes,PI,vera mendes
2211605,Vila Nova do Piauí,PI,vila nova do piaui
2211704,Wall Ferraz,PI,wall ferraz
4100103,Abatiá,PR,abatia
4100202,Adrianópolis,PR,adrianopolis
4100301,Agudos do Sul,PR,agudos do sul
4100400,Almirante Tamandaré,PR,almirante tamandare
4100459,Altamira do Paraná,PR,altamira do parana
4128625,Alto Paraíso,PR,alto paraiso
4100608,Alto Paraná,PR,alto parana
4100707,Alto Piquiri,PR,alto piquiri
4100509,Altônia,PR,altonia
4100806,Alvorada do Sul,PR,alvorada do sul
4100905,Amaporã,PR,amapora
4101002,Ampére,PR,ampere
4101051,Anahy,PR,anahy
4101101,Andirá,PR,andira
4101150,Ângulo,PR,angulo
4101200,Antonina,PR,antonina
4101309,Antônio Olinto,PR,antonio olinto
4101408,Apucarana,PR,apucarana
4101507,Arapongas,PR,arapongas
4101606,Arapoti,PR,arapoti
4101655,Arapuã,PR,arapua
4101705,Araruna,PR,araruna
4101804,Araucária,PR,araucaria
4101853,Ariranha do Ivaí,PR,ariranha do ivai
4101903,Assaí,PR,assai
4102000,Assis Chateaubriand,PR,assis chateaubriand
4102109,Astorga,PR,astorga
4102208,Atalaia,PR,atalaia
4102307,Balsa Nova,PR,balsa nova
4102406,Bandeirantes,PR,bandeirantes
4102505,Barbosa Ferraz,PR,barbosa ferraz
4102703,Barra do Jacaré,PR,barra do jacare
4102604,Barracão,PR,barracao
4102752,Bela Vista da Caroba,PR,bela vista da caroba
4102802,Bela Vista do Paraíso,PR,bela vista do paraiso
4102901,Bituruna,PR,bituruna
4103008,Boa Esperança,PR,boa esperanca
4103024,Boa Esperança do Iguaçu,PR,boa esperanca do iguacu
4103040,Boa Ventura de São Roque,PR,boa ventura de sao roque
4103057,Boa Vista da Aparecida,PR,boa vista da aparecida
4103107,Bocaiúva do Sul,PR,bocaiuva do sul
4103156,Bom Jesus do Sul,PR,bom jesus do sul
4103206,Bom Sucesso,PR,bom sucesso
4103222,Bom Sucesso do Sul,PR,bom sucesso do sul
4103305,Borrazópolis,PR,borrazopolis
4103354,Braganey,PR,braganey
4103370,Brasilândia do Sul,PR,brasilandia do sul
4103404,Cafeara,PR,cafeara
4103453,Cafelândia,PR,cafelandia
4103479,Cafezal do Sul,PR,cafezal do sul
4103503,Califórnia,PR,california
4103602,Cambará,PR,cambara
4103701,Cambé,PR,cambe
4103800,Cambira,PR,cambira
4103909,Campina da Lagoa,PR,campina da lagoa
4103958,Campina do Simão,PR,campina do simao
4104006,Campina Grande do Sul,PR,campina grande do sul
4104055,Campo Bonito,PR,campo bonito
4104105,Campo do Tenente,PR,campo do tenente
4104204,Campo Largo,PR,campo largo
4104253,Campo Magro,PR,campo magro
4104303,Campo Mourão,PR,campo mourao
4104402,Cândido de Abreu,PR,candido de abreu
4104428,Candói,PR,candoi
4104451,Cantagalo,PR,cantagalo
4104501,Capanema,PR,capanema
4104600,Capitão Leônidas Marques,PR,capitao leonidas marques
4104659,Carambeí,PR,carambei
4104709,Carlópolis,PR,carlopolis
4104808,Cascavel,PR,cascavel
4104907,Castro,PR,castro
4105003,Catanduvas,PR,catanduvas
4105102,Centenário do Sul,PR,centenario do sul
4105201,Cerro Azul,PR,cerro azul
4105300,Céu Azul,PR,ceu azul
4105409,Chopinzinho,PR,chopinzinho
4105508,Cianorte,PR,cianorte
4105607,Cidade Gaúcha,PR,cidade gaucha
4105706,Clevelândia,PR,clevelandia
4105805,Colombo,PR,colombo
4105904,Colorado,PR,colorado
4106001,Congonhinhas,PR,congonhinhas
4106100,Conselheiro Mairinck,PR,conselheiro mairinck
4106209,Contenda,PR,contenda
4106308,Corbélia,PR,corbelia
4106407,Cornélio Procópio,PR,cornelio procopio
4106456,Coronel Domingos Soares,PR,coronel domingos soares
4106506,Coronel Vivida,PR,coronel vivida
4106555,Corumbataí do Sul,PR,corumbatai do sul
4106803,Cruz Machado,PR,cruz machado
4106571,Cruzeiro do Iguaçu,PR,cruzeiro do iguacu
4106605,Cruzeiro do Oeste,PR,cruzeiro do oeste
4106704,Cruzeiro do Sul,PR,cruzeiro do sul
4106852,Cruzmaltina,PR,cruzmaltina
4106902,Curitiba,PR,curitiba
4107009,Curiúva,PR,curiuva
4107157,Diamante D'Oeste,PR,diamante d'oeste
4107108,Diamante do Norte,PR,diamante do norte
4107124,Diamante do Sul,PR,diamante do sul
4107207,Dois Vizinhos,PR,dois vizinhos
4107256,Douradina,PR,douradina
4107306,Doutor Camargo,PR,doutor camargo
4128633,Doutor Ulysses,PR,doutor ulysses
4107405,Enéas Marques,PR,eneas marques
4107504,Engenheiro Beltrão,PR,engenheiro beltrao
4107538,Entre Rios do Oeste,PR,entre rios do oeste
4107520,Esperança Nova,PR,esperanca nova
4107546,Espigão Alto do Iguaçu,PR,espigao alto do iguacu
4107553,Farol,PR,farol
4107603,Faxinal,PR,faxinal
4107652,Fazenda Rio Grande,PR,fazenda rio grande
4107702,Fênix,PR,fenix
4107736,Fernandes Pinheiro,PR,fernandes pinheiro
4107751,Figueira,PR,figueira
4107850,Flor da Serra do Sul,PR,flor da serra do sul
4107801,Floraí,PR,florai
4107900,Floresta,PR,floresta
4108007,Florestópolis,PR,florestopolis
4108106,Flórida,PR,florida
4108205,Formosa do Oeste,PR,formosa do oeste
4108304,Foz do Iguaçu,PR,foz do iguacu
4108452,Foz do Jordão,PR,foz do jordao
4108320,Francisco Alves,PR,francisco alves
4108403,Francisco Beltrão,PR,francisco beltrao
4108502,General Carneiro,PR,general carneiro
4108551,Godoy Moreira,PR,godoy moreira
4108601,Goioerê,PR,goioere
4108650,Goioxim,PR,goioxim
4108700,Grandes Rios,PR,grandes rios
4108809,Guaíra,PR,guaira
4108908,Guairaçá,PR,guairaca
4108957,Guamiranga,PR,guamiranga
4109005,Guapirama,PR,guapirama
4109104,Guaporema,PR,guaporema
4109203,Guaraci,PR,guaraci
4109302,Guaraniaçu,PR,guaraniacu
4109401,Guarapuava,PR,guarapuava
4109500,Guaraqueçaba,PR,guaraquecaba
4109609,Guaratuba,PR,guaratuba
4109658,Honório Serpa,PR,honorio serpa
4109708,Ibaiti,PR,ibaiti
4109757,Ibema,PR,ibema
4109807,Ibiporã,PR,ibipora
4109906,Icaraíma,PR,icaraima
4110003,Iguaraçu,PR,iguaracu
4110052,Iguatu,PR,iguatu
4110078,Imbaú,PR,imbau
4110102,Imbituva,PR,imbituva
4110201,Inácio Martins,PR,inacio martins
4110300,Inajá,PR,inaja
4110409,Indianópolis,PR,indianopolis
4110508,Ipiranga,PR,ipiranga
4110607,Iporã,PR,ipora
4110656,Iracema do Oeste,PR,iracema do oeste
4110706,Irati,PR,irati
4110805,Iretama,PR,iretama
4110904,Itaguajé,PR,itaguaje
4110953,Itaipulândia,PR,itaipulandia
4111001,Itambaracá,PR,itambaraca
4111100,Itambé,PR,itambe
4111209,Itapejara d'Oeste,PR,itapejara d'oeste
4111258,Itaperuçu,PR,itaperucu
4111308,Itaúna do Sul,PR,itauna do sul
4111407,Ivaí,PR,ivai
4111506,Ivaiporã,PR,ivaipora
4111555,Ivaté,PR,ivate
4111605,Ivatuba,PR,ivatuba
4111704,Jaboti,PR,jaboti
4111803,Jacarezinho,PR,jacarezinho
4111902,Jaguapitã,PR,jaguapita
4112009,Jaguariaíva,PR,jaguariaiva
4112108,Jandaia do Sul,PR,jandaia do sul
4112207,Janiópolis,PR,janiopolis
4112306,Japira,PR,japira
4112405,Japurá,PR,japura
4112504,Jardim Alegre,PR,jardim alegre
4112603,Jardim Olinda,PR,jardim olinda
4112702,Jataizinho,PR,jataizinho
4112751,Jesuítas,PR,jesuitas
4112801,Joaquim Távora,PR,joaquim tavora
4112900,Jundiaí do Sul,PR,jundiai do sul
4112959,Juranda,PR,juranda
4113007,Jussara,PR,jussara
4113106,Kaloré,PR,kalore
4113205,Lapa,PR,lapa
4113254,Laranjal,PR,laranjal
4113304,Laranjeiras do Sul,PR,laranjeiras do sul
4113403,Leópolis,PR,leopolis
4113429,Lidianópolis,PR,lidianopolis
4113452,Lindoeste,PR,lindoeste
4113502,Loanda,PR,loanda
4113601,Lobato,PR,lobato
4113700,Londrina,PR,londrina
4113734,Luiziana,PR,luiziana
4113759,Lunardelli,PR,lunardelli
4113809,Lupionópolis,PR,lupionopolis
4113908,Mallet,PR,mallet
4114005,Mamborê,PR,mambore
4114104,Mandaguaçu,PR,mandaguacu
4114203,Mandaguari,PR,mandaguari
4114302,Mandirituba,PR,mandirituba
4114351,Manfrinópolis,PR,manfrinopolis
4114401,Mangueirinha,PR,mangueirinha
4114500,Manoel Ribas,PR,manoel ribas
4114609,Marechal Cândido Rondon,PR,marechal candido rondon
4114708,Maria Helena,PR,maria helena
4114807,Marialva,PR,marialva
4114906,Marilândia do Sul,PR,marilandia do sul
4115002,Marilena,PR,marilena
4115101,Mariluz,PR,mariluz
4115200,Maringá,PR,maringa
4115309,Mariópolis,PR,mariopolis
4115358,Maripá,PR,maripa
4115408,Marmeleiro,PR,marmeleiro
4115457,Marquinho,PR,marquinho
4115507,Marumbi,PR,marumbi
4115606,Matelândia,PR,matelandia
4115705,Matinhos,PR,matinhos
4115739,Mato Rico,PR,mato rico
4115754,Mauá da Serra,PR,maua da serra
4115804,Medianeira,PR,medianeira
4115853,Mercedes,PR,mercedes
4115903,Mirador,PR,mirador
4116000,Miraselva,PR,miraselva
4116059,Missal,PR,missal
4116109,Moreira Sales,PR,moreira sales
4116208,Morretes,PR,morretes
4116307,Munhoz de Melo,PR,munhoz de melo
4116406,Nossa Senhora das Graças,PR,nossa senhora das gracas
4116505,Nova Aliança do Ivaí,PR,nova alianca do ivai
4116604,Nova América da Colina,PR,nova america da colina
4116703,Nova Aurora,PR,nova aurora
4116802,Nova Cantu,PR,nova cantu
4116901,Nova Esperança,PR,nova esperanca
4116950,Nova Esperança do Sudoeste,PR,nova esperanca do sudoeste
4117008,Nova Fátima,PR,nova fatima
4117057,Nova Laranjeiras,PR,nova laranjeiras
4117107,Nova Londrina,PR,nova londrina
4117206,Nova Olímpia,PR,nova olimpia
4117255,Nova Prata do Iguaçu,PR,nova prata do iguacu
4117214,Nova Santa Bárbara,PR,nova santa barbara
4117222,Nova Santa Rosa,PR,nova santa rosa
4117271,Nova Tebas,PR,nova tebas
4117297,Novo Itacolomi,PR,novo itacolomi
4117305,Ortigueira,PR,ortigueira
4117404,Ourizona,PR,ourizona
4117453,Ouro Verde do Oeste,PR,ouro verde do oeste
4117503,Paiçandu,PR,paicandu
4117602,Palmas,PR,palmas
4117701,Palmeira,PR,palmeira
4117800,Palmital,PR,palmital
4117909,Palotina,PR,palotina
4118006,Paraíso do Norte,PR,paraiso do norte
4118105,Paranacity,PR,paranacity
4118204,Paranaguá,PR,paranagua
4118303,Paranapoema,PR,paranapoema
4118402,Paranavaí,PR,paranavai
4118451,Pato Bragado,PR,pato bragado
4118501,Pato Branco,PR,pato branco
4118600,Paula Freitas,PR,paula freitas
4118709,Paulo Frontin,PR,paulo frontin
4118808,Peabiru,PR,peabiru
4118857,Perobal,PR,perobal
4118907,Pérola,PR,perola
4119004,Pérola d'Oeste,PR,perola d'oeste
4119103,Piên,PR,pien
4119152,Pinhais,PR,pinhais
4119251,Pinhal de São Bento,PR,pinhal de sao bento
4119202,Pinhalão,PR,pinhalao
4119301,Pinhão,PR,pinhao
4119400,Piraí do Sul,PR,pirai do sul
4119509,Piraquara,PR,piraquara
4119608,Pitanga,PR,pitanga
4119657,Pitangueiras,PR,pitangueiras
4119707,Planaltina do Paraná,PR,planaltina do parana
4119806,Planalto,PR,planalto
4119905,Ponta Grossa,PR,ponta grossa
4119954,Pontal do Paraná,PR,pontal do parana
4120002,Porecatu,PR,porecatu
4120101,Porto Amazonas,PR,porto amazonas
4120150,Porto Barreiro,PR,porto barreiro
4120200,Porto Rico,PR,porto rico
4120309,Porto Vitória,PR,porto vitoria
4120333,Prado Ferreira,PR,prado ferreira
4120358,Pranchita,PR,pranchita
4120408,Presidente Castelo Branco,PR,presidente castelo branco
4120507,Primeiro de Maio,PR,primeiro de maio
4120606,Prudentópolis,PR,prudentopolis
4120655,Quarto Centenário,PR,quarto centenario
4120705,Quatiguá,PR,quatigua
4120804,Quatro Barras,PR,quatro barras
4120853,Quatro Pontes,PR,quatro pontes
4120903,Quedas do Iguaçu,PR,quedas do iguacu
4121000,Querência do Norte,PR,querencia do norte
4121109,Quinta do Sol,PR,quinta do sol
4121208,Quitandinha,PR,quitandinha
4121257,Ramilândia,PR,ramilandia
4121307,Rancho Alegre,PR,rancho alegre
4121356,Rancho Alegre D'Oeste,PR,rancho alegre d'oeste
4121406,Realeza,PR,realeza
4121505,Rebouças,PR,reboucas
4121604,Renascença,PR,renascenca
4121703,Reserva,PR,reserva
4121752,Reserva do Iguaçu,PR,reserva do iguacu
4121802,Ribeirão Claro,PR,ribeirao claro
4121901,Ribeirão do Pinhal,PR,ribeirao do pinhal
4122008,Rio Azul,PR,rio azul
4122107,Rio Bom,PR,rio bom
4122156,Rio Bonito do Iguaçu,PR,rio bonito do iguacu
4122172,Rio Branco do Ivaí,PR,rio branco do ivai
4122206,Rio Branco do Sul,PR,rio branco do sul
4122305,Rio Negro,PR,rio negro
4122404,Rolândia,PR,rolandia
4122503,Roncador,PR,roncador
4122602,Rondon,PR,rondon
4122651,Rosário do Ivaí,PR,rosario do ivai
4122701,Sabáudia,PR,sabaudia
4122800,Salgado Filho,PR,salgado filho
4122909,Salto do Itararé,PR,salto do itarare
4123006,Salto do Lontra,PR,salto do lontra
4123105,Santa Amélia,PR,santa amelia
4123204,Santa Cecília do Pavão,PR,santa cecilia do pavao
4123303,Santa Cruz de Monte Castelo,PR,santa cruz de monte castelo
4123402,Santa Fé,PR,santa fe
4123501,Santa Helena,PR,santa helena
4123600,Santa Inês,PR,santa ines
4123709,Santa Isabel do Ivaí,PR,santa isabel do ivai
4123808,Santa Izabel do Oeste,PR,santa izabel do oeste
4123824,Santa Lúcia,PR,santa lucia
4123857,Santa Maria do Oeste,PR,santa maria do oeste
4123907,Santa Mariana,PR,santa mariana
4123956,Santa Mônica,PR,santa monica
4124020,Santa Tereza do Oeste,PR,santa tereza do oeste
4124053,Santa Terezinha de Itaipu,PR,santa terezinha de itaipu
4124004,Santana do Itararé,PR,santana do itarare
4124103,Santo Antônio da Platina,PR,santo antonio da platina
4124202,Santo Antônio do Caiuá,PR,santo antonio do caiua
4124301,Santo Antônio do Paraíso,PR,santo antonio do paraiso
4124400,Santo Antônio do Sudoeste,PR,santo antonio do sudoeste
4124509,Santo Inácio,PR,santo inacio
4124608,São Carlos do Ivaí,PR,sao carlos do ivai
4124707,São Jerônimo da Serra,PR,sao jeronimo da serra
4124806,São João,PR,sao joao
4124905,São João do Caiuá,PR,sao joao do caiua
4125001,São João do Ivaí,PR,sao joao do ivai
4125100,São João do Triunfo,PR,sao joao do triunfo
4125209,São Jorge d'Oeste,PR,sao jorge d'oeste
4125308,São Jorge do Ivaí,PR,sao jorge do ivai
4125357,São Jorge do Patrocínio,PR,sao jorge do patrocinio
4125407,São José da Boa Vista,PR,sao jose da boa vista
4125456,São José das Palmeiras,PR,sao jose das palmeiras
4125506,São José dos Pinhais,PR,sao jose dos pinhais
4125555,São Manoel do Paraná,PR,sao manoel do parana
4125605,São Mateus do Sul,PR,sao mateus do sul
4125704,São Miguel do Iguaçu,PR,sao miguel do iguacu
4125753,São Pedro do Iguaçu,PR,sao pedro do iguacu
4125803,São Pedro do Ivaí,PR,sao pedro do ivai
4125902,São Pedro do Paraná,PR,sao pedro do parana
4126009,São Sebastião da Amoreira,PR,sao sebastiao da amoreira
4126108,São Tomé,PR,sao tome
4126207,Sapopema,PR,sapopema
4126256,Sarandi,PR,sarandi
4126272,Saudade do Iguaçu,PR,saudade do iguacu
4126306,Sengés,PR,senges
4126355,Serranópolis do Iguaçu,PR,serranopolis do iguacu
4126405,Sertaneja,PR,sertaneja
4126504,Sertanópolis,PR,sertanopolis
4126603,Siqueira Campos,PR,siqueira campos
4126652,Sulina,PR,sulina
4126678,Tamarana,PR,tamarana
4126702,Tamboara,PR,tamboara
4126801,Tapejara,PR,tapejara
4126900,Tapira,PR,tapira
4127007,Teixeira Soares,PR,teixeira soares
4127106,Telêmaco Borba,PR,telemaco borba
4127205,Terra Boa,PR,terra boa
4127304,Terra Rica,PR,terra rica
4127403,Terra Roxa,PR,terra roxa
4127502,Tibagi,PR,tibagi
4127601,Tijucas do Sul,PR,tijucas do sul
4127700,Toledo,PR,toledo
4127809,Tomazina,PR,tomazina
4127858,Três Barras do Paraná,PR,tres barras do parana
4127882,Tunas do Paraná,PR,tunas do parana
4127908,Tuneiras do Oeste,PR,tuneiras do oeste
4127957,Tupãssi,PR,tupassi
4127965,Turvo,PR,turvo
4128005,Ubiratã,PR,ubirata
4128104,Umuarama,PR,umuarama
4128203,União da Vitória,PR,uniao da vitoria
4128302,Uniflor,PR,uniflor
4128401,Uraí,PR,urai
4128534,Ventania,PR,ventania
4128559,Vera Cruz do Oeste,PR,vera cruz do oeste
4128609,Verê,PR,vere
4128658,Virmond,PR,virmond
4128708,Vitorino,PR,vitorino
4128500,Wenceslau Braz,PR,wenceslau braz
4128807,Xambrê,PR,xambre
3300100,Angra dos Reis,RJ,angra dos reis
3300159,Aperibé,RJ,aperibe
3300209,Araruama,RJ,araruama
3300225,Areal,RJ,areal
3300233,Armação dos Búzios,RJ,armacao dos buzios
3300258,Arraial do Cabo,RJ,arraial do cabo
3300308,Barra do Piraí,RJ,barra do pirai
3300407,Barra Mansa,RJ,barra mansa
3300456,Belford Roxo,RJ,belford roxo
3300506,Bom Jardim,RJ,bom jardim
3300605,Bom Jesus do Itabapoana,RJ,bom jesus do itabapoana
3300704,Cabo Frio,RJ,cabo frio
3300803,Cachoeiras de Macacu,RJ,cachoeiras de macacu
3300902,Cambuci,RJ,cambuci
3301009,Campos dos Goytacazes,RJ,campos dos goytacazes
3301108,Cantagalo,RJ,cantagalo
3300936,Carapebus,RJ,carapebus
3301157,Cardoso Moreira,RJ,cardoso moreira
3301207,Carmo,RJ,carmo
3301306,Casimiro de Abreu,RJ,casimiro de abreu
3300951,Comendador Levy Gasparian,RJ,comendador levy gasparian
3301405,Conceição de Macabu,RJ,conceicao de macabu
3301504,Cordeiro,RJ,cordeiro
3301603,Duas Barras,RJ,duas barras
3301702,Duque de Caxias,RJ,duque de caxias
3301801,Engenheiro Paulo de Frontin,RJ,engenheiro paulo de frontin
3301850,Guapimirim,RJ,guapimirim
3301876,Iguaba Grande,RJ,iguaba grande
3301900,Itaboraí,RJ,itaborai
3302007,Itaguaí,RJ,itaguai
3302056,Italva,RJ,italva
3302106,Itaocara,RJ,itaocara
3302205,Itaperuna,RJ,itaperuna
3302254,Itatiaia,RJ,itatiaia
3302270,Japeri,RJ,japeri
3302304,Laje do Muriaé,RJ,laje do muriae
3302403,Macaé,RJ,macae
3302452,Macuco,RJ,macuco
3302502,Magé,RJ,mage
3302601,Mangaratiba,RJ,mangaratiba
3302700,Maricá,RJ,marica
3302809,Mendes,RJ,mendes
3302858,Mesquita,RJ,mesquita
3302908,Miguel Pereira,RJ,miguel pereira
3303005,Miracema,RJ,miracema
3303104,Natividade,RJ,natividade
3303203,Nilópolis,RJ,nilopolis
3303302,Niterói,RJ,niteroi
3303401,Nova Friburgo,RJ,nova friburgo
3303500,Nova Iguaçu,RJ,nova iguacu
3303609,Paracambi,RJ,paracambi
3303708,Paraíba do Sul,RJ,paraiba do sul
3303807,Paraty,RJ,paraty
3303856,Paty do Alferes,RJ,paty do alferes
3303906,Petrópolis,RJ,petropolis
3303955,Pinheiral,RJ,pinheiral
3304003,Piraí,RJ,pirai
3304102,Porciúncula,RJ,porciuncula
3304110,Porto Real,RJ,porto real
3304128,Quatis,RJ,quatis
3304144,Queimados,RJ,queimados
3304151,Quissamã,RJ,quissama
3304201,Resende,RJ,resende
3304300,Rio Bonito,RJ,rio bonito
3304409,Rio Claro,RJ,rio claro
3304508,Rio das Flores,RJ,rio das flores
3304524,Rio das Ostras,RJ,rio das ostras
3304557,Rio de Janeiro,RJ,rio de janeiro
3304607,Santa Maria Madalena,RJ,santa maria madalena
3304706,Santo Antônio de Pádua,RJ,santo antonio de padua
3304805,São Fidélis,RJ,sao fidelis
3304755,São Francisco de Itabapoana,RJ,sao francisco de itabapoana
3304904,São Gonçalo,RJ,sao goncalo
3305000,São João da Barra,RJ,sao joao da barra
3305109,São João de Meriti,RJ,sao joao de meriti
3305133,São José de Ubá,RJ,sao jose de uba
3305158,São José do Vale do Rio Preto,RJ,sao jose do vale do rio preto
3305208,São Pedro da Aldeia,RJ,sao pedro da aldeia
3305307,São Sebastião do Alto,RJ,sao sebastiao do alto
3305406,Sapucaia,RJ,sapucaia
3305505,Saquarema,RJ,saquarema
3305554,Seropédica,RJ,seropedica
3305604,Silva Jardim,RJ,silva jardim
3305703,Sumidouro,RJ,sumidouro
3305752,Tanguá,RJ,tangua
3305802,Teresópolis,RJ,teresopolis
3305901,Trajano de Moraes,RJ,trajano de moraes
3306008,Três Rios,RJ,tres rios
3306107,Valença,RJ,valenca
3306156,Varre-Sai,RJ,varre-sai
3306206,Vassouras,RJ,vassouras
3306305,Volta Redonda,RJ,volta redonda
2400109,Acari,RN,acari
2400307,Afonso Bezerra,RN,afonso bezerra
2400406,Água Nova,RN,agua nova
2400505,Alexandria,RN,alexandria
2400604,Almino Afonso,RN,almino afonso
2400703,Alto do Rodrigues,RN,alto do rodrigues
2400802,Angicos,RN,angicos
2400901,Antônio Martins,RN,antonio martins
2401008,Apodi,RN,apodi
2401107,Areia Branca,RN,areia branca
2401206,Arez,RN,arez
2400208,Assú,RN,assu
2401404,Baía Formosa,RN,baia formosa
2401453,Baraúna,RN,barauna
2401503,Barcelona,RN,barcelona
2401602,Bento Fernandes,RN,bento fernandes
2401651,Bodó,RN,bodo
2401701,Bom Jesus,RN,bom jesus
2401800,Brejinho,RN,brejinho
2401859,Caiçara do Norte,RN,caicara do norte
2401909,Caiçara do Rio do Vento,RN,caicara do rio do vento
2402006,Caicó,RN,caico
2401305,Campo Grande,RN,campo grande
2402105,Campo Redondo,RN,campo redondo
2402204,Canguaretama,RN,canguaretama
2402303,Caraúbas,RN,caraubas
2402402,Carnaúba dos Dantas,RN,carnauba dos dantas
2402501,Carnaubais,RN,carnaubais
2402600,Ceará-Mirim,RN,ceara-mirim
2402709,Cerro Corá,RN,cerro cora
2402808,Coronel Ezequiel,RN,coronel ezequiel
2402907,Coronel João Pessoa,RN,coronel joao pessoa
2403004,Cruzeta,RN,cruzeta
2403103,Currais Novos,RN,currais novos
2403202,Doutor Severiano,RN,doutor severiano
2403301,Encanto,RN,encanto
2403400,Equador,RN,equador
2403509,Espírito Santo,RN,espirito santo
2403608,Extremoz,RN,extremoz
2403707,Felipe Guerra,RN,felipe guerra
2403756,Fernando Pedroza,RN,fernando pedroza
2403806,Florânia,RN,florania
2403905,Francisco Dantas,RN,francisco dantas
2404002,Frutuoso Gomes,RN,frutuoso gomes
2404101,Galinhos,RN,galinhos
2404200,Goianinha,RN,goianinha
2404309,Governador Dix-Sept Rosado,RN,governador dix-sept rosado
2404408,Grossos,RN,grossos
2404507,Guamaré,RN,guamare
2404606,Ielmo Marinho,RN,ielmo marinho
2404705,Ipanguaçu,RN,ipanguacu
2404804,Ipueira,RN,ipueira
2404853,Itajá,RN,itaja
2404903,Itaú,RN,itau
2405009,Jaçanã,RN,jacana
2405108,Jandaíra,RN,jandaira
2405207,Janduís,RN,janduis
2405306,Januário Cicco,RN,januario cicco
2405405,Japi,RN,japi
2405504,Jardim de Angicos,RN,jardim de angicos
2405603,Jardim de Piranhas,RN,jardim de piranhas
2405702,Jardim do Seridó,RN,jardim do serido
2405801,João Câmara,RN,joao camara
2405900,João Dias,RN,joao dias
2406007,José da Penha,RN,jose da penha
2406106,Jucurutu,RN,jucurutu
2406155,Jundiá,RN,jundia
2406205,Lagoa d'Anta,RN,lagoa d'anta
2406304,Lagoa de Pedras,RN,lagoa de pedras
2406403,Lagoa de Velhos,RN,lagoa de velhos
2406502,Lagoa Nova,RN,lagoa nova
2406601,Lagoa Salgada,RN,lagoa salgada
2406700,Lajes,RN,lajes
2406809,Lajes Pintadas,RN,lajes pintadas
2406908,Lucrécia,RN,lucrecia
2407005,Luís Gomes,RN,luis gomes
2407104,Macaíba,RN,macaiba
2407203,Macau,RN,macau
2407252,Major Sales,RN,major sales
2407302,Marcelino Vieira,RN,marcelino vieira
2407401,Martins,RN,martins
2407500,Maxaranguape,RN,maxaranguape
2407609,Messias Targino,RN,messias targino
2407708,Montanhas,RN,montanhas
2407807,Monte Alegre,RN,monte alegre
2407906,Monte das Gameleiras,RN,monte das gameleiras
2408003,Mossoró,RN,mossoro
2408102,Natal,RN,natal
2408201,Nísia Floresta,RN,nisia floresta
2408300,Nova Cruz,RN,nova cruz
2408409,Olho d'Água do Borges,RN,olho d'agua do borges
2408508,Ouro Branco,RN,ouro branco
2408607,Paraná,RN,parana
2408706,Paraú,RN,parau
2408805,Parazinho,RN,parazinho
2408904,Parelhas,RN,parelhas
2403251,Parnamirim,RN,parnamirim
2409100,Passa e Fica,RN,passa e fica
2409209,Passagem,RN,passagem
2409308,Patu,RN,patu
2409407,Pau dos Ferros,RN,pau dos ferros
2409506,Pedra Grande,RN,pedra grande
2409605,Pedra Preta,RN,pedra preta
2409704,Pedro Avelino,RN,pedro avelino
2409803,Pedro Velho,RN,pedro velho
2409902,Pendências,RN,pendencias
2410009,Pilões,RN,piloes
2410108,Poço Branco,RN,poco branco
2410207,Portalegre,RN,portalegre
2410256,Porto do Mangue,RN,porto do mangue
2410405,Pureza,RN,pureza
2410504,Rafael Fernandes,RN,rafael fernandes
2410603,Rafael Godeiro,RN,rafael godeiro
2410702,Riacho da Cruz,RN,riacho da cruz
2410801,Riacho de Santana,RN,riacho de santana
2410900,Riachuelo,RN,riachuelo
2408953,Rio do Fogo,RN,rio do fogo
2411007,Rodolfo Fernandes,RN,rodolfo fernandes
2411106,Ruy Barbosa,RN,ruy barbosa
2411205,Santa Cruz,RN,santa cruz
2409332,Santa Maria,RN,santa maria
2411403,Santana do Matos,RN,santana do matos
2411429,Santana do Seridó,RN,santana do serido
2411502,Santo Antônio,RN,santo antonio
2411601,São Bento do Norte,RN,sao bento do norte
2411700,São Bento do Trairí,RN,sao bento do trairi
2411809,São Fernando,RN,sao fernando
2411908,São Francisco do Oeste,RN,sao francisco do oeste
2412005,São Gonçalo do Amarante,RN,sao goncalo do amarante
2412104,São João do Sabugi,RN,sao joao do sabugi
2412203,São José de Mipibu,RN,sao jose de mipibu
2412302,São José do Campestre,RN,sao jose do campestre
2412401,São José do Seridó,RN,sao jose do serido
2412500,São Miguel,RN,sao miguel
2412559,São Miguel do Gostoso,RN,sao miguel do gostoso
2412609,São Paulo do Potengi,RN,sao paulo do potengi
2412708,São Pedro,RN,sao pedro
2412807,São Rafael,RN,sao rafael
2412906,São Tomé,RN,sao tome
2413003,São Vicente,RN,sao vicente
2413102,Senador Elói de Souza,RN,senador eloi de souza
2413201,Senador Georgino Avelino,RN,senador georgino avelino
2410306,Serra Caiada,RN,serra caiada
2413300,Serra de São Bento,RN,serra de sao bento
2413359,Serra do Mel,RN,serra do mel
2413409,Serra Negra do Norte,RN,serra negra do norte
2413508,Serrinha,RN,serrinha
2413557,Serrinha dos Pintos,RN,serrinha dos pintos
2413607,Severiano Melo,RN,severiano melo
2413706,Sítio Novo,RN,sitio novo
2413805,Taboleiro Grande,RN,taboleiro grande
2413904,Taipu,RN,taipu
2414001,Tangará,RN,tangara
2414100,Tenente Ananias,RN,tenente ananias
2414159,Tenente Laurentino Cruz,RN,tenente laurentino cruz
2411056,Tibau,RN,tibau
2414209,Tibau do Sul,RN,tibau do sul
2414308,Timbaúba dos Batistas,RN,timbauba dos batistas
2414407,Touros,RN,touros
2414456,Triunfo Potiguar,RN,triunfo potiguar
2414506,Umarizal,RN,umarizal
2414605,Upanema,RN,upanema
2414704,Várzea,RN,varzea
2414753,Venha-Ver,RN,venha-ver
2414803,Vera Cruz,RN,vera cruz
2414902,Viçosa,RN,vicosa
2415008,Vila Flor,RN,vila flor
1100015,Alta Floresta D'Oeste,RO,alta floresta d'oeste
1100379,Alto Alegre dos Parecis,RO,alto alegre dos parecis
1100403,Alto Paraíso,RO,alto paraiso
1100346,Alvorada D'Oeste,RO,alvorada d'oeste
1100023,Ariquemes,RO,ariquemes
1100452,Buritis,RO,buritis
1100031,Cabixi,RO,cabixi
1100601,Cacaulândia,RO,cacaulandia
1100049,Cacoal,RO,cacoal
1100700,Campo Novo de Rondônia,RO,campo novo de rondonia
1100809,Candeias do Jamari,RO,candeias do jamari
1100908,Castanheiras,RO,castanheiras
1100056,Cerejeiras,RO,cerejeiras
1100924,Chupinguaia,RO,chupinguaia
1100064,Colorado do Oeste,RO,colorado do oeste
1100072,Corumbiara,RO,corumbiara
1100080,Costa Marques,RO,costa marques
1100940,Cujubim,RO,cujubim
1100098,Espigão D'Oeste,RO,espigao d'oeste
1101005,Governador Jorge Teixeira,RO,governador jorge teixeira
1100106,Guajará-Mirim,RO,guajara-mirim
1101104,Itapuã do Oeste,RO,itapua do oeste
1100114,Jaru,RO,jaru
1100122,Ji-Paraná,RO,ji-parana
1100130,Machadinho D'Oeste,RO,machadinho d'oeste
1101203,Ministro Andreazza,RO,ministro andreazza
1101302,Mirante da Serra,RO,mirante da serra
1101401,Monte Negro,RO,monte negro
1100148,Nova Brasilândia D'Oeste,RO,nova brasilandia d'oeste
1100338,Nova Mamoré,RO,nova mamore
1101435,Nova União,RO,nova uniao
1100502,Novo Horizonte do Oeste,RO,novo horizonte do oeste
1100155,Ouro Preto do Oeste,RO,ouro preto do oeste
1101450,Parecis,RO,parecis
1100189,Pimenta Bueno,RO,pimenta bueno
1101468,Pimenteiras do Oeste,RO,pimenteiras do oeste
1100205,Porto Velho,RO,porto velho
1100254,Presidente Médici,RO,presidente medici
1101476,Primavera de Rondônia,RO,primavera de rondonia
1100262,Rio Crespo,RO,rio crespo
1100288,Rolim de Moura,RO,rolim de moura
1100296,Santa Luzia D'Oeste,RO,santa luzia d'oeste
1101484,São Felipe D'Oeste,RO,sao felipe d'oeste
1101492,São Francisco do Guaporé,RO,sao francisco do guapore
1100320,São Miguel do Guaporé,RO,sao miguel do guapore
1101500,Seringueiras,RO,seringueiras
1101559,Teixeirópolis,RO,teixeiropolis
1101609,Theobroma,RO,theobroma
1101708,Urupá,RO,urupa
1101757,Vale do Anari,RO,vale do anari
1101807,Vale do Paraíso,RO,vale do paraiso
1100304,Vilhena,RO,vilhena
1400050,Alto Alegre,RR,alto alegre
1400027,Amajari,RR,amajari
1400100,Boa Vista,RR,boa vista
1400159,Bonfim,RR,bonfim
1400175,Cantá,RR,canta
1400209,Caracaraí,RR,caracarai
1400233,Caroebe,RR,caroebe
1400282,Iracema,RR,iracema
1400308,Mucajaí,RR,mucajai
1400407,Normandia,RR,normandia
1400456,Pacaraima,RR,pacaraima
1400472,Rorainópolis,RR,rorainopolis
1400506,São João da Baliza,RR,sao joao da baliza
1400605,São Luiz do Anauá,RR,sao luiz do anaua
1400704,Uiramutã,RR,uiramuta
4300034,Aceguá,RS,acegua
4300059,Água Santa,RS,agua santa
4300109,Agudo,RS,agudo
4300208,Ajuricaba,RS,ajuricaba
4300307,Alecrim,RS,alecrim
4300406,Alegrete,RS,alegrete
4300455,Alegria,RS,alegria
4300471,Almirante Tamandaré do Sul,RS,almirante tamandare do sul
4300505,Alpestre,RS,alpestre
4300554,Alto Alegre,RS,alto alegre
4300570,Alto Feliz,RS,alto feliz
4300604,Alvorada,RS,alvorada
4300638,Amaral Ferrador,RS,amaral ferrador
4300646,Ametista do Sul,RS,ametista do sul
4300661,André da Rocha,RS,andre da rocha
4300703,Anta Gorda,RS,anta gorda
4300802,Antônio Prado,RS,antonio prado
4300851,Arambaré,RS,arambare
4300877,Araricá,RS,ararica
4300901,Aratiba,RS,aratiba
4301008,Arroio do Meio,RS,arroio do meio
4301073,Arroio do Padre,RS,arroio do padre
4301057,Arroio do Sal,RS,arroio do sal
4301206,Arroio do Tigre,RS,arroio do tigre
4301107,Arroio dos Ratos,RS,arroio dos ratos
4301305,Arroio Grande,RS,arroio grande
4301404,Arvorezinha,RS,arvorezinha
4301503,Augusto Pestana,RS,augusto pestana
4301552,Áurea,RS,aurea
4301602,Bagé,RS,bage
4301636,Balneário Pinhal,RS,balneario pinhal
4301651,Barão,RS,barao
4301701,Barão de Cotegipe,RS,barao de cotegipe
4301750,Barão do Triunfo,RS,barao do triunfo
4301859,Barra do Guarita,RS,barra do guarita
4301875,Barra do Quaraí,RS,barra do quarai
4301909,Barra do Ribeiro,RS,barra do ribeiro
4301925,Barra do Rio Azul,RS,barra do rio azul
4301958,Barra Funda,RS,barra funda
4301800,Barracão,RS,barracao
4302006,Barros Cassal,RS,barros cassal
4302055,Benjamin Constant do Sul,RS,benjamin constant do sul
4302105,Bento Gonçalves,RS,bento goncalves
4302154,Boa Vista das Missões,RS,boa vista das missoes
4302204,Boa Vista do Buricá,RS,boa vista do burica
4302220,Boa Vista do Cadeado,RS,boa vista do cadeado
4302238,Boa Vista do Incra,RS,boa vista do incra
4302253,Boa Vista do Sul,RS,boa vista do sul
4302303,Bom Jesus,RS,bom jesus
4302352,Bom Princípio,RS,bom principio
4302378,Bom Progresso,RS,bom progresso
4302402,Bom Retiro do Sul,RS,bom retiro do sul
4302451,Boqueirão do Leão,RS,boqueirao do leao
4302501,Bossoroca,RS,bossoroca
4302584,Bozano,RS,bozano
4302600,Braga,RS,braga
4302659,Brochier,RS,brochier
4302709,Butiá,RS,butia
4302808,Caçapava do Sul,RS,cacapava do sul
4302907,Cacequi,RS,cacequi
4303004,Cachoeira do Sul,RS,cachoeira do sul
4303103,Cachoeirinha,RS,cachoeirinha
4303202,Cacique Doble,RS,cacique doble
4303301,Caibaté,RS,caibate
4303400,Caiçara,RS,caicara
4303509,Camaquã,RS,camaqua
4303558,Camargo,RS,camargo
4303608,Cambará do Sul,RS,cambara do sul
4303673,Campestre da Serra,RS,campestre da serra
4303707,Campina das Missões,RS,campina das missoes
4303806,Campinas do Sul,RS,campinas do sul
4303905,Campo Bom,RS,campo bom
4304002,Campo Novo,RS,campo novo
4304101,Campos Borges,RS,campos borges
4304200,Candelária,RS,candelaria
4304309,Cândido Godói,RS,candido godoi
4304358,Candiota,RS,candiota
4304408,Canela,RS,canela
4304507,Canguçu,RS,cangucu
4304606,Canoas,RS,canoas
4304614,Canudos do Vale,RS,canudos do vale
4304622,Capão Bonito do Sul,RS,capao bonito do sul
4304630,Capão da Canoa,RS,capao da canoa
4304655,Capão do Cipó,RS,capao do cipo
4304663,Capão do Leão,RS,capao do leao
4304689,Capela de Santana,RS,capela de santana
4304697,Capitão,RS,capitao
4304671,Capivari do Sul,RS,capivari do sul
4304713,Caraá,RS,caraa
4304705,Carazinho,RS,carazinho
4304804,Carlos Barbosa,RS,carlos barbosa
4304853,Carlos Gomes,RS,carlos gomes
4304903,Casca,RS,casca
4304952,Caseiros,RS,caseiros
4305009,Catuípe,RS,catuipe
4305108,Caxias do Sul,RS,caxias do sul
4305116,Centenário,RS,centenario
4305124,Cerrito,RS,cerrito
4305132,Cerro Branco,RS,cerro branco
4305157,Cerro Grande,RS,cerro grande
4305173,Cerro Grande do Sul,RS,cerro grande do sul
4305207,Cerro Largo,RS,cerro largo
4305306,Chapada,RS,chapada
4305355,Charqueadas,RS,charqueadas
4305371,Charrua,RS,charrua
4305405,Chiapetta,RS,chiapetta
4305439,Chuí,RS,chui
4305447,Chuvisca,RS,chuvisca
4305454,Cidreira,RS,cidreira
4305504,Ciríaco,RS,ciriaco
4305587,Colinas,RS,colinas
4305603,Colorado,RS,colorado
4305702,Condor,RS,condor
4305801,Constantina,RS,constantina
4305835,Coqueiro Baixo,RS,coqueiro baixo
4305850,Coqueiros do Sul,RS,coqueiros do sul
4305871,Coronel Barros,RS,coronel barros
4305900,Coronel Bicaco,RS,coronel bicaco
4305934,Coronel Pilar,RS,coronel pilar
4305959,Cotiporã,RS,cotipora
4305975,Coxilha,RS,coxilha
4306007,Crissiumal,RS,crissiumal
4306056,Cristal,RS,cristal
4306072,Cristal do Sul,RS,cristal do sul
4306106,Cruz Alta,RS,cruz alta
4306130,Cruzaltense,RS,cruzaltense
4306205,Cruzeiro do Sul,RS,cruzeiro do sul
4306304,David Canabarro,RS,david canabarro
4306320,Derrubadas,RS,derrubadas
4306353,Dezesseis de Novembro,RS,dezesseis de novembro
4306379,Dilermando de Aguiar,RS,dilermando de aguiar
4306403,Dois Irmãos,RS,dois irmaos
4306429,Dois Irmãos das Missões,RS,dois irmaos das missoes
4306452,Dois Lajeados,RS,dois lajeados
4306502,Dom Feliciano,RS,dom feliciano
4306601,Dom Pedrito,RS,dom pedrito
4306551,Dom Pedro de Alcântara,RS,dom pedro de alcantara
4306700,Dona Francisca,RS,dona francisca
4306734,Doutor Maurício Cardoso,RS,doutor mauricio cardoso
4306759,Doutor Ricardo,RS,doutor ricardo
4306767,Eldorado do Sul,RS,eldorado do sul
4306809,Encantado,RS,encantado
4306908,Encruzilhada do Sul,RS,encruzilhada do sul
4306924,Engenho Velho,RS,engenho velho
4306957,Entre Rios do Sul,RS,entre rios do sul
4306932,Entre-Ijuís,RS,entre-ijuis
4306973,Erebango,RS,erebango
4307005,Erechim,RS,erechim
4307054,Ernestina,RS,ernestina
4307203,Erval Grande,RS,erval grande
4307302,Erval Seco,RS,erval seco
4307401,Esmeralda,RS,esmeralda
4307450,Esperança do Sul,RS,esperanca do sul
4307500,Espumoso,RS,espumoso
4307559,Estação,RS,estacao
4307609,Estância Velha,RS,estancia velha
4307708,Esteio,RS,esteio
4307807,Estrela,RS,estrela
4307815,Estrela Velha,RS,estrela velha
4307831,Eugênio de Castro,RS,eugenio de castro
4307864,Fagundes Varela,RS,fagundes varela
4307906,Farroupilha,RS,farroupilha
4308003,Faxinal do Soturno,RS,faxinal do soturno
4308052,Faxinalzinho,RS,faxinalzinho
4308078,Fazenda Vilanova,RS,fazenda vilanova
4308102,Feliz,RS,feliz
4308201,Flores da Cunha,RS,flores da cunha
4308250,Floriano Peixoto,RS,floriano peixoto
4308300,Fontoura Xavier,RS,fontoura xavier
4308409,Formigueiro,RS,formigueiro
4308433,Forquetinha,RS,forquetinha
4308458,Fortaleza dos Valos,RS,fortaleza dos valos
4308508,Frederico Westphalen,RS,frederico westphalen
4308607,Garibaldi,RS,garibaldi
4308656,Garruchos,RS,garruchos
4308706,Gaurama,RS,gaurama
4308805,General Câmara,RS,general camara
4308854,Gentil,RS,gentil
4308904,Getúlio Vargas,RS,getulio vargas
4309001,Giruá,RS,girua
4309050,Glorinha,RS,glorinha
4309100,Gramado,RS,gramado
4309126,Gramado dos Loureiros,RS,gramado dos loureiros
4309159,Gramado Xavier,RS,gramado xavier
4309209,Gravataí,RS,gravatai
4309258,Guabiju,RS,guabiju
4309308,Guaíba,RS,guaiba
4309407,Guaporé,RS,guapore
4309506,Guarani das Missões,RS,guarani das missoes
4309555,Harmonia,RS,harmonia
4307104,Herval,RS,herval
4309571,Herveiras,RS,herveiras
4309605,Horizontina,RS,horizontina
4309654,Hulha Negra,RS,hulha negra
4309704,Humaitá,RS,humaita
4309753,Ibarama,RS,ibarama
4309803,Ibiaçá,RS,ibiaca
4309902,Ibiraiaras,RS,ibiraiaras
4309951,Ibirapuitã,RS,ibirapuita
4310009,Ibirubá,RS,ibiruba
4310108,Igrejinha,RS,igrejinha
4310207,Ijuí,RS,ijui
4310306,Ilópolis,RS,ilopolis
4310330,Imbé,RS,imbe
4310363,Imigrante,RS,imigrante
4310405,Independência,RS,independencia
4310413,Inhacorá,RS,inhacora
4310439,Ipê,RS,ipe
4310462,Ipiranga do Sul,RS,ipiranga do sul
4310504,Iraí,RS,irai
4310538,Itaara,RS,itaara
4310553,Itacurubi,RS,itacurubi
4310579,Itapuca,RS,itapuca
4310603,Itaqui,RS,itaqui
4310652,Itati,RS,itati
4310702,Itatiba do Sul,RS,itatiba do sul
4310751,Ivorá,RS,ivora
4310801,Ivoti,RS,ivoti
4310850,Jaboticaba,RS,jaboticaba
4310876,Jacuizinho,RS,jacuizinho
4310900,Jacutinga,RS,jacutinga
4311007,Jaguarão,RS,jaguarao
4311106,Jaguari,RS,jaguari
4311122,Jaquirana,RS,jaquirana
4311130,Jari,RS,jari
4311155,Jóia,RS,joia
4311205,Júlio de Castilhos,RS,julio de castilhos
4311239,Lagoa Bonita do Sul,RS,lagoa bonita do sul
4311270,Lagoa dos Três Cantos,RS,lagoa dos tres cantos
4311304,Lagoa Vermelha,RS,lagoa vermelha
4311254,Lagoão,RS,lagoao
4311403,Lajeado,RS,lajeado
4311429,Lajeado do Bugre,RS,lajeado do bugre
4311502,Lavras do Sul,RS,lavras do sul
4311601,Liberato Salzano,RS,liberato salzano
4311627,Lindolfo Collor,RS,lindolfo collor
4311643,Linha Nova,RS,linha nova
4311718,Maçambará,RS,macambara
4311700,Machadinho,RS,machadinho
4311734,Mampituba,RS,mampituba
4311759,Manoel Viana,RS,manoel viana
4311775,Maquiné,RS,maquine
4311791,Maratá,RS,marata
4311809,Marau,RS,marau
4311908,Marcelino Ramos,RS,marcelino ramos
4311981,Mariana Pimentel,RS,mariana pimentel
4312005,Mariano Moro,RS,mariano moro
4312054,Marques de Souza,RS,marques de souza
4312104,Mata,RS,mata
4312138,Mato Castelhano,RS,mato castelhano
4312153,Mato Leitão,RS,mato leitao
4312179,Mato Queimado,RS,mato queimado
4312203,Maximiliano de Almeida,RS,maximiliano de almeida
4312252,Minas do Leão,RS,minas do leao
4312302,Miraguaí,RS,miraguai
4312351,Montauri,RS,montauri
4312377,Monte Alegre dos Campos,RS,monte alegre dos campos
4312385,Monte Belo do Sul,RS,monte belo do sul
4312401,Montenegro,RS,montenegro
4312427,Mormaço,RS,mormaco
4312443,Morrinhos do Sul,RS,morrinhos do sul
4312450,Morro Redondo,RS,morro redondo
4312476,Morro Reuter,RS,morro reuter
4312500,Mostardas,RS,mostardas
4312609,Muçum,RS,mucum
4312617,Muitos Capões,RS,muitos capoes
4312625,Muliterno,RS,muliterno
4312658,Não-Me-Toque,RS,nao-me-toque
4312674,Nicolau Vergueiro,RS,nicolau vergueiro
4312708,Nonoai,RS,nonoai
4312757,Nova Alvorada,RS,nova alvorada
4312807,Nova Araçá,RS,nova araca
4312906,Nova Bassano,RS,nova bassano
4312955,Nova Boa Vista,RS,nova boa vista
4313003,Nova Bréscia,RS,nova brescia
4313011,Nova Candelária,RS,nova candelaria
4313037,Nova Esperança do Sul,RS,nova esperanca do sul
4313060,Nova Hartz,RS,nova hartz
4313086,Nova Pádua,RS,nova padua
4313102,Nova Palma,RS,nova palma
4313201,Nova Petrópolis,RS,nova petropolis
4313300,Nova Prata,RS,nova prata
4313334,Nova Ramada,RS,nova ramada
4313359,Nova Roma do Sul,RS,nova roma do sul
4313375,Nova Santa Rita,RS,nova santa rita
4313490,Novo Barreiro,RS,novo barreiro
4313391,Novo Cabrais,RS,novo cabrais
4313409,Novo Hamburgo,RS,novo hamburgo
4313425,Novo Machado,RS,novo machado
4313441,Novo Tiradentes,RS,novo tiradentes
4313466,Novo Xingu,RS,novo xingu
4313508,Osório,RS,osorio
4313607,Paim Filho,RS,paim filho
4313656,Palmares do Sul,RS,palmares do sul
4313706,Palmeira das Missões,RS,palmeira das missoes
4313805,Palmitinho,RS,palmitinho
4313904,Panambi,RS,panambi
4313953,Pantano Grande,RS,pantano grande
4314001,Paraí,RS,parai
4314027,Paraíso do Sul,RS,paraiso do sul
4314035,Pareci Novo,RS,pareci novo
4314050,Parobé,RS,parobe
4314068,Passa Sete,RS,passa sete
4314076,Passo do Sobrado,RS,passo do sobrado
4314100,Passo Fundo,RS,passo fundo
4314134,Paulo Bento,RS,paulo bento
4314159,Paverama,RS,paverama
4314175,Pedras Altas,RS,pedras altas
4314209,Pedro Osório,RS,pedro osorio
4314308,Pejuçara,RS,pejucara
4314407,Pelotas,RS,pelotas
4314423,Picada Café,RS,picada cafe
4314456,Pinhal,RS,pinhal
4314464,Pinhal da Serra,RS,pinhal da serra
4314472,Pinhal Grande,RS,pinhal grande
4314498,Pinheirinho do Vale,RS,pinheirinho do vale
4314506,Pinheiro Machado,RS,pinheiro machado
4314548,Pinto Bandeira,RS,pinto bandeira
4314555,Pirapó,RS,pirapo
4314605,Piratini,RS,piratini
4314704,Planalto,RS,planalto
4314753,Poço das Antas,RS,poco das antas
4314779,Pontão,RS,pontao
4314787,Ponte Preta,RS,ponte preta
4314803,Portão,RS,portao
4314902,Porto Alegre,RS,porto alegre
4315008,Porto Lucena,RS,porto lucena
4315057,Porto Mauá,RS,porto maua
4315073,Porto Vera Cruz,RS,porto vera cruz
4315107,Porto Xavier,RS,porto xavier
4315131,Pouso Novo,RS,pouso novo
4315149,Presidente Lucena,RS,presidente lucena
4315156,Progresso,RS,progresso
4315172,Protásio Alves,RS,protasio alves
4315206,Putinga,RS,putinga
4315305,Quaraí,RS,quarai
4315313,Quatro Irmãos,RS,quatro irmaos
4315321,Quevedos,RS,quevedos
4315354,Quinze de Novembro,RS,quinze de novembro
4315404,Redentora,RS,redentora
4315453,Relvado,RS,relvado
4315503,Restinga Sêca,RS,restinga seca
4315552,Rio dos Índios,RS,rio dos indios
4315602,Rio Grande,RS,rio grande
4315701,Rio Pardo,RS,rio pardo
4315750,Riozinho,RS,riozinho
4315800,Roca Sales,RS,roca sales
4315909,Rodeio Bonito,RS,rodeio bonito
4315958,Rolador,RS,rolador
4316006,Rolante,RS,rolante
4316105,Ronda Alta,RS,ronda alta
4316204,Rondinha,RS,rondinha
4316303,Roque Gonzales,RS,roque gonzales
4316402,Rosário do Sul,RS,rosario do sul
4316428,Sagrada Família,RS,sagrada familia
4316436,Saldanha Marinho,RS,saldanha marinho
4316451,Salto do Jacuí,RS,salto do jacui
4316477,Salvador das Missões,RS,salvador das missoes
4316501,Salvador do Sul,RS,salvador do sul
4316600,Sananduva,RS,sananduva
4317103,Sant'Ana do Livramento,RS,sant'ana do livramento
4316709,Santa Bárbara do Sul,RS,santa barbara do sul
4316733,Santa Cecília do Sul,RS,santa cecilia do sul
4316758,Santa Clara do Sul,RS,santa clara do sul
4316808,Santa Cruz do Sul,RS,santa cruz do sul
4316972,Santa Margarida do Sul,RS,santa margarida do sul
4316907,Santa Maria,RS,santa maria
4316956,Santa Maria do Herval,RS,santa maria do herval
4317202,Santa Rosa,RS,santa rosa
4317251,Santa Tereza,RS,santa tereza
4317301,Santa Vitória do Palmar,RS,santa vitoria do palmar
4317004,Santana da Boa Vista,RS,santana da boa vista
4317400,Santiago,RS,santiago
4317509,Santo Ângelo,RS,santo angelo
4317608,Santo Antônio da Patrulha,RS,santo antonio da patrulha
4317707,Santo Antônio das Missões,RS,santo antonio das missoes
4317558,Santo Antônio do Palma,RS,santo antonio do palma
4317756,Santo Antônio do Planalto,RS,santo antonio do planalto
4317806,Santo Augusto,RS,santo augusto
4317905,Santo Cristo,RS,santo cristo
4317954,Santo Expedito do Sul,RS,santo expedito do sul
4318002,São Borja,RS,sao borja
4318051,São Domingos do Sul,RS,sao domingos do sul
4318101,São Francisco de Assis,RS,sao francisco de assis
4318200,São Francisco de Paula,RS,sao francisco de paula
4318309,São Gabriel,RS,sao gabriel
4318408,São Jerônimo,RS,sao jeronimo
4318424,São João da Urtiga,RS,sao joao da urtiga
4318432,São João do Polêsine,RS,sao joao do polesine
4318440,São Jorge,RS,sao jorge
4318457,São José das Missões,RS,sao jose das missoes
4318465,São José do Herval,RS,sao jose do herval
4318481,São José do Hortêncio,RS,sao jose do hortencio
4318499,São José do Inhacorá,RS,sao jose do inhacora
4318507,São José do Norte,RS,sao jose do norte
4318606,São José do Ouro,RS,sao jose do ouro
4318614,São José do Sul,RS,sao jose do sul
4318622,São José dos Ausentes,RS,sao jose dos ausentes
4318705,São Leopoldo,RS,sao leopoldo
4318804,São Lourenço do Sul,RS,sao lourenco do sul
4318903,São Luiz Gonzaga,RS,sao luiz gonzaga
4319000,São Marcos,RS,sao marcos
4319109,São Martinho,RS,sao martinho
4319125,São Martinho da Serra,RS,sao martinho da serra
4319158,São Miguel das Missões,RS,sao miguel das missoes
4319208,São Nicolau,RS,sao nicolau
4319307,São Paulo das Missões,RS,sao paulo das missoes
4319356,São Pedro da Serra,RS,sao pedro da serra
4319364,São Pedro das Missões,RS,sao pedro das missoes
4319372,São Pedro do Butiá,RS,sao pedro do butia
4319406,São Pedro do Sul,RS,sao pedro do sul
4319505,São Sebastião do Caí,RS,sao sebastiao do cai
4319604,São Sepé,RS,sao sepe
4319703,São Valentim,RS,sao valentim
4319711,São Valentim do Sul,RS,sao valentim do sul
4319737,São Valério do Sul,RS,sao valerio do sul
4319752,São Vendelino,RS,sao vendelino
4319802,São Vicente do Sul,RS,sao vicente do sul
4319901,Sapiranga,RS,sapiranga
4320008,Sapucaia do Sul,RS,sapucaia do sul
4320107,Sarandi,RS,sarandi
4320206,Seberi,RS,seberi
4320230,Sede Nova,RS,sede nova
4320263,Segredo,RS,segredo
4320305,Selbach,RS,selbach
4320321,Senador Salgado Filho,RS,senador salgado filho
4320354,Sentinela do Sul,RS,sentinela do sul
4320404,Serafina Corrêa,RS,serafina correa
4320453,Sério,RS,serio
4320503,Sertão,RS,sertao
4320552,Sertão Santana,RS,sertao santana
4320578,Sete de Setembro,RS,sete de setembro
4320602,Severiano de Almeida,RS,severiano de almeida
4320651,Silveira Martins,RS,silveira martins
4320677,Sinimbu,RS,sinimbu
4320701,Sobradinho,RS,sobradinho
4320800,Soledade,RS,soledade
4320859,Tabaí,RS,tabai
4320909,Tapejara,RS,tapejara
4321006,Tapera,RS,tapera
4321105,Tapes,RS,tapes
4321204,Taquara,RS,taquara
4321303,Taquari,RS,taquari
4321329,Taquaruçu do Sul,RS,taquarucu do sul
4321352,Tavares,RS,tavares
4321402,Tenente Portela,RS,tenente portela
4321436,Terra de Areia,RS,terra de areia
4321451,Teutônia,RS,teutonia
4321469,Tio Hugo,RS,tio hugo
4321477,Tiradentes do Sul,RS,tiradentes do sul
4321493,Toropi,RS,toropi
4321501,Torres,RS,torres
4321600,Tramandaí,RS,tramandai
4321626,Travesseiro,RS,travesseiro
4321634,Três Arroios,RS,tres arroios
4321667,Três Cachoeiras,RS,tres cachoeiras
4321709,Três Coroas,RS,tres coroas
4321808,Três de Maio,RS,tres de maio
4321832,Três Forquilhas,RS,tres forquilhas
4321857,Três Palmeiras,RS,tres palmeiras
4321907,Três Passos,RS,tres passos
4321956,Trindade do Sul,RS,trindade do sul
4322004,Triunfo,RS,triunfo
4322103,Tucunduva,RS,tucunduva
4322152,Tunas,RS,tunas
4322186,Tupanci do Sul,RS,tupanci do sul
4322202,Tupanciretã,RS,tupancireta
4322251,Tupandi,RS,tupandi
4322301,Tuparendi,RS,tuparendi
4322327,Turuçu,RS,turucu
4322343,Ubiretama,RS,ubiretama
4322350,União da Serra,RS,uniao da serra
4322376,Unistalda,RS,unistalda
4322400,Uruguaiana,RS,uruguaiana
4322509,Vacaria,RS,vacaria
4322533,Vale do Sol,RS,vale do sol
4322541,Vale Real,RS,vale real
4322525,Vale Verde,RS,vale verde
4322558,Vanini,RS,vanini
4322608,Venâncio Aires,RS,venancio aires
4322707,Vera Cruz,RS,vera cruz
4322806,Veranópolis,RS,veranopolis
4322855,Vespasiano Corrêa,RS,vespasiano correa
4322905,Viadutos,RS,viadutos
4323002,Viamão,RS,viamao
4323101,Vicente Dutra,RS,vicente dutra
4323200,Victor Graeff,RS,victor graeff
4323309,Vila Flores,RS,vila flores
4323358,Vila Lângaro,RS,vila langaro
4323408,Vila Maria,RS,vila maria
4323457,Vila Nova do Sul,RS,vila nova do sul
4323507,Vista Alegre,RS,vista alegre
4323606,Vista Alegre do Prata,RS,vista alegre do prata
4323705,Vista Gaúcha,RS,vista gaucha
4323754,Vitória das Missões,RS,vitoria das missoes
4323770,Westfália,RS,westfalia
4323804,Xangri-lá,RS,xangri-la
4200051,Abdon Batista,SC,abdon batista
4200101,Abelardo Luz,SC,abelardo luz
4200200,Agrolândia,SC,agrolandia
4200309,Agronômica,SC,agronomica
4200408,Água Doce,SC,agua doce
4200507,Águas de Chapecó,SC,aguas de chapeco
4200556,Águas Frias,SC,aguas frias
4200606,Águas Mornas,SC,aguas mornas
4200705,Alfredo Wagner,SC,alfredo wagner
4200754,Alto Bela Vista,SC,alto bela vista
4200804,Anchieta,SC,anchieta
4200903,Angelina,SC,angelina
4201000,Anita Garibaldi,SC,anita garibaldi
4201109,Anitápolis,SC,anitapolis
4201208,Antônio Carlos,SC,antonio carlos
4201257,Apiúna,SC,apiuna
4201273,Arabutã,SC,arabuta
4201307,Araquari,SC,araquari
4201406,Araranguá,SC,ararangua
4201505,Armazém,SC,armazem
4201604,Arroio Trinta,SC,arroio trinta
4201653,Arvoredo,SC,arvoredo
4201703,Ascurra,SC,ascurra
4201802,Atalanta,SC,atalanta
4201901,Aurora,SC,aurora
4201950,Balneário Arroio do Silva,SC,balneario arroio do silva
4202057,Balneário Barra do Sul,SC,balneario barra do sul
4202008,Balneário Camboriú,SC,balneario camboriu
4202073,Balneário Gaivota,SC,balneario gaivota
4212809,Balneário Piçarras,SC,balneario picarras
4220000,Balneário Rincão,SC,balneario rincao
4202081,Bandeirante,SC,bandeirante
4202099,Barra Bonita,SC,barra bonita
4202107,Barra Velha,SC,barra velha
4202131,Bela Vista do Toldo,SC,bela vista do toldo
4202156,Belmonte,SC,belmonte
4202206,Benedito Novo,SC,benedito novo
4202305,Biguaçu,SC,biguacu
4202404,Blumenau,SC,blumenau
4202438,Bocaina do Sul,SC,bocaina do sul
4202503,Bom Jardim da Serra,SC,bom jardim da serra
4202537,Bom Jesus,SC,bom jesus
4202578,Bom Jesus do Oeste,SC,bom jesus do oeste
4202602,Bom Retiro,SC,bom retiro
4202453,Bombinhas,SC,bombinhas
4202701,Botuverá,SC,botuvera
4202800,Braço do Norte,SC,braco do norte
4202859,Braço do Trombudo,SC,braco do trombudo
4202875,Brunópolis,SC,brunopolis
4202909,Brusque,SC,brusque
4203006,Caçador,SC,cacador
4203105,Caibi,SC,caibi
4203154,Calmon,SC,calmon
4203204,Camboriú,SC,camboriu
4203303,Campo Alegre,SC,campo alegre
4203402,Campo Belo do Sul,SC,campo belo do sul
4203501,Campo Erê,SC,campo ere
4203600,Campos Novos,SC,campos novos
4203709,Canelinha,SC,canelinha
4203808,Canoinhas,SC,canoinhas
4203253,Capão Alto,SC,capao alto
4203907,Capinzal,SC,capinzal
4203956,Capivari de Baixo,SC,capivari de baixo
4204004,Catanduvas,SC,catanduvas
4204103,Caxambu do Sul,SC,caxambu do sul
4204152,Celso Ramos,SC,celso ramos
4204178,Cerro Negro,SC,cerro negro
4204194,Chapadão do Lageado,SC,chapadao do lageado
4204202,Chapecó,SC,chapeco
4204251,Cocal do Sul,SC,cocal do sul
4204301,Concórdia,SC,concordia
4204350,Cordilheira Alta,SC,cordilheira alta
4204400,Coronel Freitas,SC,coronel freitas
4204459,Coronel Martins,SC,coronel martins
4204558,Correia Pinto,SC,correia pinto
4204509,Corupá,SC,corupa
4204608,Criciúma,SC,criciuma
4204707,Cunha Porã,SC,cunha pora
4204756,Cunhataí,SC,cunhatai
4204806,Curitibanos,SC,curitibanos
4204905,Descanso,SC,descanso
4205001,Dionísio Cerqueira,SC,dionisio cerqueira
4205100,Dona Emma,SC,dona emma
4205159,Doutor Pedrinho,SC,doutor pedrinho
4205175,Entre Rios,SC,entre rios
4205191,Ermo,SC,ermo
4205209,Erval Velho,SC,erval velho
4205308,Faxinal dos Guedes,SC,faxinal dos guedes
4205357,Flor do Sertão,SC,flor do sertao
4205407,Florianópolis,SC,florianopolis
4205431,Formosa do Sul,SC,formosa do sul
4205456,Forquilhinha,SC,forquilhinha
4205506,Fraiburgo,SC,fraiburgo
4205555,Frei Rogério,SC,frei rogerio
4205605,Galvão,SC,galvao
4205704,Garopaba,SC,garopaba
4205803,Garuva,SC,garuva
4205902,Gaspar,SC,gaspar
4206009,Governador Celso Ramos,SC,governador celso ramos
4206108,Grão-Pará,SC,grao-para
4206207,Gravatal,SC,gravatal
4206306,Guabiruba,SC,guabiruba
4206405,Guaraciaba,SC,guaraciaba
4206504,Guaramirim,SC,guaramirim
4206603,Guarujá do Sul,SC,guaruja do sul
4206652,Guatambú,SC,guatambu
4206702,Herval d'Oeste,SC,herval d'oeste
4206751,Ibiam,SC,ibiam
4206801,Ibicaré,SC,ibicare
4206900,Ibirama,SC,ibirama
4207007,Içara,SC,icara
4207106,Ilhota,SC,ilhota
4207205,Imaruí,SC,imarui
4207304,Imbituba,SC,imbituba
4207403,Imbuia,SC,imbuia
4207502,Indaial,SC,indaial
4207577,Iomerê,SC,iomere
4207601,Ipira,SC,ipira
4207650,Iporã do Oeste,SC,ipora do oeste
4207684,Ipuaçu,SC,ipuacu
4207700,Ipumirim,SC,ipumirim
4207759,Iraceminha,SC,iraceminha
4207809,Irani,SC,irani
4207858,Irati,SC,irati
4207908,Irineópolis,SC,irineopolis
4208005,Itá,SC,ita
4208104,Itaiópolis,SC,itaiopolis
4208203,Itajaí,SC,itajai
4208302,Itapema,SC,itapema
4208401,Itapiranga,SC,itapiranga
4208450,Itapoá,SC,itapoa
4208500,Ituporanga,SC,ituporanga
4208609,Jaborá,SC,jabora
4208708,Jacinto Machado,SC,jacinto machado
4208807,Jaguaruna,SC,jaguaruna
4208906,Jaraguá do Sul,SC,jaragua do sul
4208955,Jardinópolis,SC,jardinopolis
4209003,Joaçaba,SC,joacaba
4209102,Joinville,SC,joinville
4209151,José Boiteux,SC,jose boiteux
4209177,Jupiá,SC,jupia
4209201,Lacerdópolis,SC,lacerdopolis
4209300,Lages,SC,lages
4209409,Laguna,SC,laguna
4209458,Lajeado Grande,SC,lajeado grande
4209508,Laurentino,SC,laurentino
4209607,Lauro Müller,SC,lauro muller
4209706,Lebon Régis,SC,lebon regis
4209805,Leoberto Leal,SC,leoberto leal
4209854,Lindóia do Sul,SC,lindoia do sul
4209904,Lontras,SC,lontras
4210001,Luiz Alves,SC,luiz alves
4210035,Luzerna,SC,luzerna
4210050,Macieira,SC,macieira
4210100,Mafra,SC,mafra
4210209,Major Gercino,SC,major gercino
4210308,Major Vieira,SC,major vieira
4210407,Maracajá,SC,maracaja
4210506,Maravilha,SC,maravilha
4210555,Marema,SC,marema
4210605,Massaranduba,SC,massaranduba
4210704,Matos Costa,SC,matos costa
4210803,Meleiro,SC,meleiro
4210852,Mirim Doce,SC,mirim doce
4210902,Modelo,SC,modelo
4211009,Mondaí,SC,mondai
4211058,Monte Carlo,SC,monte carlo
4211108,Monte Castelo,SC,monte castelo
4211207,Morro da Fumaça,SC,morro da fumaca
4211256,Morro Grande,SC,morro grande
4211306,Navegantes,SC,navegantes
4211405,Nova Erechim,SC,nova erechim
4211454,Nova Itaberaba,SC,nova itaberaba
4211504,Nova Trento,SC,nova trento
4211603,Nova Veneza,SC,nova veneza
4211652,Novo Horizonte,SC,novo horizonte
4211702,Orleans,SC,orleans
4211751,Otacílio Costa,SC,otacilio costa
4211801,Ouro,SC,ouro
4211850,Ouro Verde,SC,ouro verde
4211876,Paial,SC,paial
4211892,Painel,SC,painel
4211900,Palhoça,SC,palhoca
4212007,Palma Sola,SC,palma sola
4212056,Palmeira,SC,palmeira
4212106,Palmitos,SC,palmitos
4212205,Papanduva,SC,papanduva
4212239,Paraíso,SC,paraiso
4212254,Passo de Torres,SC,passo de torres
4212270,Passos Maia,SC,passos maia
4212304,Paulo Lopes,SC,paulo lopes
4212403,Pedras Grandes,SC,pedras grandes
4212502,Penha,SC,penha
4212601,Peritiba,SC,peritiba
4212650,Pescaria Brava,SC,pescaria brava
4212700,Petrolândia,SC,petrolandia
4212908,Pinhalzinho,SC,pinhalzinho
4213005,Pinheiro Preto,SC,pinheiro preto
4213104,Piratuba,SC,piratuba
4213153,Planalto Alegre,SC,planalto alegre
4213203,Pomerode,SC,pomerode
4213302,Ponte Alta,SC,ponte alta
4213351,Ponte Alta do Norte,SC,ponte alta do norte
4213401,Ponte Serrada,SC,ponte serrada
4213500,Porto Belo,SC,porto belo
4213609,Porto União,SC,porto uniao
4213708,Pouso Redondo,SC,pouso redondo
4213807,Praia Grande,SC,praia grande
4213906,Presidente Castello Branco,SC,presidente castello branco
4214003,Presidente Getúlio,SC,presidente getulio
4214102,Presidente Nereu,SC,presidente nereu
4214151,Princesa,SC,princesa
4214201,Quilombo,SC,quilombo
4214300,Rancho Queimado,SC,rancho queimado
4214409,Rio das Antas,SC,rio das antas
4214508,Rio do Campo,SC,rio do campo
4214607,Rio do Oeste,SC,rio do oeste
4214805,Rio do Sul,SC,rio do sul
4214706,Rio dos Cedros,SC,rio dos cedros
4214904,Rio Fortuna,SC,rio fortuna
4215000,Rio Negrinho,SC,rio negrinho
4215059,Rio Rufino,SC,rio rufino
4215075,Riqueza,SC,riqueza
4215109,Rodeio,SC,rodeio
4215208,Romelândia,SC,romelandia
4215307,Salete,SC,salete
4215356,Saltinho,SC,saltinho
4215406,Salto Veloso,SC,salto veloso
4215455,Sangão,SC,sangao
4215505,Santa Cecília,SC,santa cecilia
4215554,Santa Helena,SC,santa helena
4215604,Santa Rosa de Lima,SC,santa rosa de lima
4215653,Santa Rosa do Sul,SC,santa rosa do sul
4215679,Santa Terezinha,SC,santa terezinha
4215687,Santa Terezinha do Progresso,SC,santa terezinha do progresso
4215695,Santiago do Sul,SC,santiago do sul
4215703,Santo Amaro da Imperatriz,SC,santo amaro da imperatriz
4215802,São Bento do Sul,SC,sao bento do sul
4215752,São Bernardino,SC,sao bernardino
4215901,São Bonifácio,SC,sao bonifacio
4216008,São Carlos,SC,sao carlos
4216057,São Cristóvão do Sul,SC,sao cristovao do sul
4216107,São Domingos,SC,sao domingos
4216206,São Francisco do Sul,SC,sao francisco do sul
4216305,São João Batista,SC,sao joao batista
4216354,São João do Itaperiú,SC,sao joao do itaperiu
4216255,São João do Oeste,SC,sao joao do oeste
4216404,São João do Sul,SC,sao joao do sul
4216503,São Joaquim,SC,sao joaquim
4216602,São José,SC,sao jose
4216701,São José do Cedro,SC,sao jose do cedro
4216800,São José do Cerrito,SC,sao jose do cerrito
4216909,São Lourenço do Oeste,SC,sao lourenco do oeste
4217006,São Ludgero,SC,sao ludgero
4217105,São Martinho,SC,sao martinho
4217154,São Miguel da Boa Vista,SC,sao miguel da boa vista
4217204,São Miguel do Oeste,SC,sao miguel do oeste
4217253,São Pedro de Alcântara,SC,sao pedro de alcantara
4217303,Saudades,SC,saudades
4217402,Schroeder,SC,schroeder
4217501,Seara,SC,seara
4217550,Serra Alta,SC,serra alta
4217600,Siderópolis,SC,sideropolis
4217709,Sombrio,SC,sombrio
4217758,Sul Brasil,SC,sul brasil
4217808,Taió,SC,taio
4217907,Tangará,SC,tangara
4217956,Tigrinhos,SC,tigrinhos
4218004,Tijucas,SC,tijucas
4218103,Timbé do Sul,SC,timbe do sul
4218202,Timbó,SC,timbo
4218251,Timbó Grande,SC,timbo grande
4218301,Três Barras,SC,tres barras
4218350,Treviso,SC,treviso
4218400,Treze de Maio,SC,treze de maio
4218509,Treze Tílias,SC,treze tilias
4218608,Trombudo Central,SC,trombudo central
4218707,Tubarão,SC,tubarao
4218756,Tunápolis,SC,tunapolis
4218806,Turvo,SC,turvo
4218855,União do Oeste,SC,uniao do oeste
4218905,Urubici,SC,urubici
4218954,Urupema,SC,urupema
4219002,Urussanga,SC,urussanga
4219101,Vargeão,SC,vargeao
4219150,Vargem,SC,vargem
4219176,Vargem Bonita,SC,vargem bonita
4219200,Vidal Ramos,SC,vidal ramos
4219309,Videira,SC,videira
4219358,Vitor Meireles,SC,vitor meireles
4219408,Witmarsum,SC,witmarsum
4219507,Xanxerê,SC,xanxere
4219606,Xavantina,SC,xavantina
4219705,Xaxim,SC,xaxim
4219853,Zortéa,SC,zortea
2800100,Amparo do São Francisco,SE,amparo do sao francisco
2800209,Aquidabã,SE,aquidaba
2800308,Aracaju,SE,aracaju
2800407,Arauá,SE,araua
2800506,Areia Branca,SE,areia branca
2800605,Barra dos Coqueiros,SE,barra dos coqueiros
2800670,Boquim,SE,boquim
2800704,Brejo Grande,SE,brejo grande
2801009,Campo do Brito,SE,campo do brito
2801108,Canhoba,SE,canhoba
2801207,Canindé de São Francisco,SE,caninde de sao francisco
2801306,Capela,SE,capela
2801405,Carira,SE,carira
2801504,Carmópolis,SE,carmopolis
2801603,Cedro de São João,SE,cedro de sao joao
2801702,Cristinápolis,SE,cristinapolis
2801900,Cumbe,SE,cumbe
2802007,Divina Pastora,SE,divina pastora
2802106,Estância,SE,estancia
2802205,Feira Nova,SE,feira nova
2802304,Frei Paulo,SE,frei paulo
2802403,Gararu,SE,gararu
2802502,General Maynard,SE,general maynard
2802601,Graccho Cardoso,SE,graccho cardoso
2802700,Ilha das Flores,SE,ilha das flores
2802809,Indiaroba,SE,indiaroba
2802908,Itabaiana,SE,itabaiana
2803005,Itabaianinha,SE,itabaianinha
2803104,Itabi,SE,itabi
2803203,Itaporanga d'Ajuda,SE,itaporanga d'ajuda
2803302,Japaratuba,SE,japaratuba
2803401,Japoatã,SE,japoata
2803500,Lagarto,SE,lagarto
2803609,Laranjeiras,SE,laranjeiras
2803708,Macambira,SE,macambira
2803807,Malhada dos Bois,SE,malhada dos bois
2803906,Malhador,SE,malhador
2804003,Maruim,SE,maruim
2804102,Moita Bonita,SE,moita bonita
2804201,Monte Alegre de Sergipe,SE,monte alegre de sergipe
2804300,Muribeca,SE,muribeca
2804409,Neópolis,SE,neopolis
2804458,Nossa Senhora Aparecida,SE,nossa senhora aparecida
2804508,Nossa Senhora da Glória,SE,nossa senhora da gloria
2804607,Nossa Senhora das Dores,SE,nossa senhora das dores
2804706,Nossa Senhora de Lourdes,SE,nossa senhora de lourdes
2804805,Nossa Senhora do Socorro,SE,nossa senhora do socorro
2804904,Pacatuba,SE,pacatuba
2805000,Pedra Mole,SE,pedra mole
2805109,Pedrinhas,SE,pedrinhas
2805208,Pinhão,SE,pinhao
2805307,Pirambu,SE,pirambu
2805406,Poço Redondo,SE,poco redondo
2805505,Poço Verde,SE,poco verde
2805604,Porto da Folha,SE,porto da folha
2805703,Propriá,SE,propria
2805802,Riachão do Dantas,SE,riachao do dantas
2805901,Riachuelo,SE,riachuelo
2806008,Ribeirópolis,SE,ribeiropolis
2806107,Rosário do Catete,SE,rosario do catete
2806206,Salgado,SE,salgado
2806305,Santa Luzia do Itanhy,SE,santa luzia do itanhy
2806503,Santa Rosa de Lima,SE,santa rosa de lima
2806404,Santana do São Francisco,SE,santana do sao francisco
2806602,Santo Amaro das Brotas,SE,santo amaro das brotas
2806701,São Cristóvão,SE,sao cristovao
2806800,São Domingos,SE,sao domingos
2806909,São Francisco,SE,sao francisco
2807006,São Miguel do Aleixo,SE,sao miguel do aleixo
2807105,Simão Dias,SE,simao dias
2807204,Siriri,SE,siriri
2807303,Telha,SE,telha
2807402,Tobias Barreto,SE,tobias barreto
2807501,Tomar do Geru,SE,tomar do geru
2807600,Umbaúba,SE,umbauba
3500105,Adamantina,SP,adamantina
3500204,Adolfo,SP,adolfo
3500303,Aguaí,SP,aguai
3500402,Águas da Prata,SP,aguas da prata
3500501,Águas de Lindóia,SP,aguas de lindoia
3500550,Águas de Santa Bárbara,SP,aguas de santa barbara
3500600,Águas de São Pedro,SP,aguas de sao pedro
3500709,Agudos,SP,agudos
3500758,Alambari,SP,alambari
3500808,Alfredo Marcondes,SP,alfredo marcondes
3500907,Altair,SP,altair
3501004,Altinópolis,SP,altinopolis
3501103,Alto Alegre,SP,alto alegre
3501152,Alumínio,SP,aluminio
3501202,Álvares Florence,SP,alvares florence
3501301,Álvares Machado,SP,alvares machado
3501400,Álvaro de Carvalho,SP,alvaro de carvalho
3501509,Alvinlândia,SP,alvinlandia
3501608,Americana,SP,americana
3501707,Américo Brasiliense,SP,americo brasiliense
3501806,Américo de Campos,SP,americo de campos
3501905,Amparo,SP,amparo
3502002,Analândia,SP,analandia
3502101,Andradina,SP,andradina
3502200,Angatuba,SP,angatuba
3502309,Anhembi,SP,anhembi
3502408,Anhumas,SP,anhumas
3502507,Aparecida,SP,aparecida
3502606,Aparecida d'Oeste,SP,aparecida d'oeste
3502705,Apiaí,SP,apiai
3502754,Araçariguama,SP,aracariguama
3502804,Araçatuba,SP,aracatuba
3502903,Araçoiaba da Serra,SP,aracoiaba da serra
3503000,Aramina,SP,aramina
3503109,Arandu,SP,arandu
3503158,Arapeí,SP,arapei
3503208,Araraquara,SP,araraquara
3503307,Araras,SP,araras
3503356,Arco-Íris,SP,arco-iris
3503406,Arealva,SP,arealva
3503505,Areias,SP,areias
3503604,Areiópolis,SP,areiopolis
3503703,Ariranha,SP,ariranha
3503802,Artur Nogueira,SP,artur nogueira
3503901,Arujá,SP,aruja
3503950,Aspásia,SP,aspasia
3504008,Assis,SP,assis
3504107,Atibaia,SP,atibaia
3504206,Auriflama,SP,auriflama
3504305,Avaí,SP,avai
3504404,Avanhandava,SP,avanhandava
3504503,Avaré,SP,avare
3504602,Bady Bassitt,SP,bady bassitt
3504701,Balbinos,SP,balbinos
3504800,Bálsamo,SP,balsamo
3504909,Bananal,SP,bananal
3505005,Barão de Antonina,SP,barao de antonina
3505104,Barbosa,SP,barbosa
3505203,Bariri,SP,bariri
3505302,Barra Bonita,SP,barra bonita
3505351,Barra do Chapéu,SP,barra do chapeu
3505401,Barra do Turvo,SP,barra do turvo
3505500,Barretos,SP,barretos
3505609,Barrinha,SP,barrinha
3505708,Barueri,SP,barueri
3505807,Bastos,SP,bastos
3505906,Batatais,SP,batatais
3506003,Bauru,SP,bauru
3506102,Bebedouro,SP,bebedouro
3506201,Bento de Abreu,SP,bento de abreu
3506300,Bernardino de Campos,SP,bernardino de campos
3506359,Bertioga,SP,bertioga
3506409,Bilac,SP,bilac
3506508,Birigui,SP,birigui
3506607,Biritiba Mirim,SP,biritiba mirim
3506706,Boa Esperança do Sul,SP,boa esperanca do sul
3506805,Bocaina,SP,bocaina
3506904,Bofete,SP,bofete
3507001,Boituva,SP,boituva
3507100,Bom Jesus dos Perdões,SP,bom jesus dos perdoes
3507159,Bom Sucesso de Itararé,SP,bom sucesso de itarare
3507209,Borá,SP,bora
3507308,Boracéia,SP,boraceia
3507407,Borborema,SP,borborema
3507456,Borebi,SP,borebi
3507506,Botucatu,SP,botucatu
3507605,Bragança Paulista,SP,braganca paulista
3507704,Braúna,SP,brauna
3507753,Brejo Alegre,SP,brejo alegre
3507803,Brodowski,SP,brodowski
3507902,Brotas,SP,brotas
3508009,Buri,SP,buri
3508108,Buritama,SP,buritama
3508207,Buritizal,SP,buritizal
3508306,Cabrália Paulista,SP,cabralia paulista
3508405,Cabreúva,SP,cabreuva
3508504,Caçapava,SP,cacapava
3508603,Cachoeira Paulista,SP,cachoeira paulista
3508702,Caconde,SP,caconde
3508801,Cafelândia,SP,cafelandia
3508900,Caiabu,SP,caiabu
3509007,Caieiras,SP,caieiras
3509106,Caiuá,SP,caiua
3509205,Cajamar,SP,cajamar
3509254,Cajati,SP,cajati
3509304,Cajobi,SP,cajobi
3509403,Cajuru,SP,cajuru
3509452,Campina do Monte Alegre,SP,campina do monte alegre
3509502,Campinas,SP,campinas
3509601,Campo Limpo Paulista,SP,campo limpo paulista
3509700,Campos do Jordão,SP,campos do jordao
3509809,Campos Novos Paulista,SP,campos novos paulista
3509908,Cananéia,SP,cananeia
3509957,Canas,SP,canas
3510005,Cândido Mota,SP,candido mota
3510104,Cândido Rodrigues,SP,candido rodrigues
3510153,Canitar,SP,canitar
3510203,Capão Bonito,SP,capao bonito
3510302,Capela do Alto,SP,capela do alto
3510401,Capivari,SP,capivari
3510500,Caraguatatuba,SP,caraguatatuba
3510609,Carapicuíba,SP,carapicuiba
3510708,Cardoso,SP,cardoso
3510807,Casa Branca,SP,casa branca
3510906,Cássia dos Coqueiros,SP,cassia dos coqueiros
3511003,Castilho,SP,castilho
3511102,Catanduva,SP,catanduva
3511201,Catiguá,SP,catigua
3511300,Cedral,SP,cedral
3511409,Cerqueira César,SP,cerqueira cesar
3511508,Cerquilho,SP,cerquilho
3511607,Cesário Lange,SP,cesario lange
3511706,Charqueada,SP,charqueada
3557204,Chavantes,SP,chavantes
3511904,Clementina,SP,clementina
3512001,Colina,SP,colina
3512100,Colômbia,SP,colombia
3512209,Conchal,SP,conchal
3512308,Conchas,SP,conchas
3512407,Cordeirópolis,SP,cordeiropolis
3512506,Coroados,SP,coroados
3512605,Coronel Macedo,SP,coronel macedo
3512704,Corumbataí,SP,corumbatai
3512803,Cosmópolis,SP,cosmopolis
3512902,Cosmorama,SP,cosmorama
3513009,Cotia,SP,cotia
3513108,Cravinhos,SP,cravinhos
3513207,Cristais Paulista,SP,cristais paulista
3513306,Cruzália,SP,cruzalia
3513405,Cruzeiro,SP,cruzeiro
3513504,Cubatão,SP,cubatao
3513603,Cunha,SP,cunha
3513702,Descalvado,SP,descalvado
3513801,Diadema,SP,diadema
3513850,Dirce Reis,SP,dirce reis
3513900,Divinolândia,SP,divinolandia
3514007,Dobrada,SP,dobrada
3514106,Dois Córregos,SP,dois corregos
3514205,Dolcinópolis,SP,dolcinopolis
3514304,Dourado,SP,dourado
3514403,Dracena,SP,dracena
3514502,Duartina,SP,duartina
3514601,Dumont,SP,dumont
3514700,Echaporã,SP,echapora
3514809,Eldorado,SP,eldorado
3514908,Elias Fausto,SP,elias fausto
3514924,Elisiário,SP,elisiario
3514957,Embaúba,SP,embauba
3515004,Embu das Artes,SP,embu das artes
3515103,Embu-Guaçu,SP,embu-guacu
3515129,Emilianópolis,SP,emilianopolis
3515152,Engenheiro Coelho,SP,engenheiro coelho
3515186,Espírito Santo do Pinhal,SP,espirito santo do pinhal
3515194,Espírito Santo do Turvo,SP,espirito santo do turvo
3557303,Estiva Gerbi,SP,estiva gerbi
3515202,Estrela d'Oeste,SP,estrela d'oeste
3515301,Estrela do Norte,SP,estrela do norte
3515350,Euclides da Cunha Paulista,SP,euclides da cunha paulista
3515400,Fartura,SP,fartura
3515608,Fernando Prestes,SP,fernando prestes
3515509,Fernandópolis,SP,fernandopolis
3515657,Fernão,SP,fernao
3515707,Ferraz de Vasconcelos,SP,ferraz de vasconcelos
3515806,Flora Rica,SP,flora rica
3515905,Floreal,SP,floreal
3516002,Flórida Paulista,SP,florida paulista
3516101,Florínea,SP,florinea
3516200,Franca,SP,franca
3516309,Francisco Morato,SP,francisco morato
3516408,Franco da Rocha,SP,franco da rocha
3516507,Gabriel Monteiro,SP,gabriel monteiro
3516606,Gália,SP,galia
3516705,Garça,SP,garca
3516804,Gastão Vidigal,SP,gastao vidigal
3516853,Gavião Peixoto,SP,gaviao peixoto
3516903,General Salgado,SP,general salgado
3517000,Getulina,SP,getulina
3517109,Glicério,SP,glicerio
3517208,Guaiçara,SP,guaicara
3517307,Guaimbê,SP,guaimbe
3517406,Guaíra,SP,guaira
3517505,Guapiaçu,SP,guapiacu
3517604,Guapiara,SP,guapiara
3517703,Guará,SP,guara
3517802,Guaraçaí,SP,guaracai
3517901,Guaraci,SP,guaraci
3518008,Guarani d'Oeste,SP,guarani d'oeste
3518107,Guarantã,SP,guaranta
3518206,Guararapes,SP,guararapes
3518305,Guararema,SP,guararema
3518404,Guaratinguetá,SP,guaratingueta
3518503,Guareí,SP,guarei
3518602,Guariba,SP,guariba
3518701,Guarujá,SP,guaruja
3518800,Guarulhos,SP,guarulhos
3518859,Guatapará,SP,guatapara
3518909,Guzolândia,SP,guzolandia
3519006,Herculândia,SP,herculandia
3519055,Holambra,SP,holambra
3519071,Hortolândia,SP,hortolandia
3519105,Iacanga,SP,iacanga
3519204,Iacri,SP,iacri
3519253,Iaras,SP,iaras
3519303,Ibaté,SP,ibate
3519402,Ibirá,SP,ibira
3519501,Ibirarema,SP,ibirarema
3519600,Ibitinga,SP,ibitinga
3519709,Ibiúna,SP,ibiuna
3519808,Icém,SP,icem
3519907,Iepê,SP,iepe
3520004,Igaraçu do Tietê,SP,igaracu do tiete
3520103,Igarapava,SP,igarapava
3520202,Igaratá,SP,igarata
3520301,Iguape,SP,iguape
3520426,Ilha Comprida,SP,ilha comprida
3520442,Ilha Solteira,SP,ilha solteira
3520400,Ilhabela,SP,ilhabela
3520509,Indaiatuba,SP,indaiatuba
3520608,Indiana,SP,indiana
3520707,Indiaporã,SP,indiapora
3520806,Inúbia Paulista,SP,inubia paulista
3520905,Ipaussu,SP,ipaussu
3521002,Iperó,SP,ipero
3521101,Ipeúna,SP,ipeuna
3521150,Ipiguá,SP,ipigua
3521200,Iporanga,SP,iporanga
3521309,Ipuã,SP,ipua
3521408,Iracemápolis,SP,iracemapolis
3521507,Irapuã,SP,irapua
3521606,Irapuru,SP,irapuru
3521705,Itaberá,SP,itabera
3521804,Itaí,SP,itai
3521903,Itajobi,SP,itajobi
3522000,Itaju,SP,itaju
3522109,Itanhaém,SP,itanhaem
3522158,Itaoca,SP,itaoca
3522208,Itapecerica da Serra,SP,itapecerica da serra
3522307,Itapetininga,SP,itapetininga
3522406,Itapeva,SP,itapeva
3522505,Itapevi,SP,itapevi
3522604,Itapira,SP,itapira
3522653,Itapirapuã Paulista,SP,itapirapua paulista
3522703,Itápolis,SP,itapolis
3522802,Itaporanga,SP,itaporanga
3522901,Itapuí,SP,itapui
3523008,Itapura,SP,itapura
3523107,Itaquaquecetuba,SP,itaquaquecetuba
3523206,Itararé,SP,itarare
3523305,Itariri,SP,itariri
3523404,Itatiba,SP,itatiba
3523503,Itatinga,SP,itatinga
3523602,Itirapina,SP,itirapina
3523701,Itirapuã,SP,itirapua
3523800,Itobi,SP,itobi
3523909,Itu,SP,itu
3524006,Itupeva,SP,itupeva
3524105,Ituverava,SP,ituverava
3524204,Jaborandi,SP,jaborandi
3524303,Jaboticabal,SP,jaboticabal
3524402,Jacareí,SP,jacarei
3524501,Jaci,SP,jaci
3524600,Jacupiranga,SP,jacupiranga
3524709,Jaguariúna,SP,jaguariuna
3524808,Jales,SP,jales
3524907,Jambeiro,SP,jambeiro
3525003,Jandira,SP,jandira
3525102,Jardinópolis,SP,jardinopolis
3525201,Jarinu,SP,jarinu
3525300,Jaú,SP,jau
3525409,Jeriquara,SP,jeriquara
3525508,Joanópolis,SP,joanopolis
3525607,João Ramalho,SP,joao ramalho
3525706,José Bonifácio,SP,jose bonifacio
3525805,Júlio Mesquita,SP,julio mesquita
3525854,Jumirim,SP,jumirim
3525904,Jundiaí,SP,jundiai
3526001,Junqueirópolis,SP,junqueiropolis
3526100,Juquiá,SP,juquia
3526209,Juquitiba,SP,juquitiba
3526308,Lagoinha,SP,lagoinha
3526407,Laranjal Paulista,SP,laranjal paulista
3526506,Lavínia,SP,lavinia
3526605,Lavrinhas,SP,lavrinhas
3526704,Leme,SP,leme
3526803,Lençóis Paulista,SP,lencois paulista
3526902,Limeira,SP,limeira
3527009,Lindóia,SP,lindoia
3527108,Lins,SP,lins
3527207,Lorena,SP,lorena
3527256,Lourdes,SP,lourdes
3527306,Louveira,SP,louveira
3527405,Lucélia,SP,lucelia
3527504,Lucianópolis,SP,lucianopolis
3527603,Luís Antônio,SP,luis antonio
3527702,Luiziânia,SP,luiziania
3527801,Lupércio,SP,lupercio
3527900,Lutécia,SP,lutecia
3528007,Macatuba,SP,macatuba
3528106,Macaubal,SP,macaubal
3528205,Macedônia,SP,macedonia
3528304,Magda,SP,magda
3528403,Mairinque,SP,mairinque
3528502,Mairiporã,SP,mairipora
3528601,Manduri,SP,manduri
3528700,Marabá Paulista,SP,maraba paulista
3528809,Maracaí,SP,maracai
3528858,Marapoama,SP,marapoama
3528908,Mariápolis,SP,mariapolis
3529005,Marília,SP,marilia
3529104,Marinópolis,SP,marinopolis
3529203,Martinópolis,SP,martinopolis
3529302,Matão,SP,matao
3529401,Mauá,SP,maua
3529500,Mendonça,SP,mendonca
3529609,Meridiano,SP,meridiano
3529658,Mesópolis,SP,mesopolis
3529708,Miguelópolis,SP,miguelopolis
3529807,Mineiros do Tietê,SP,mineiros do tiete
3530003,Mira Estrela,SP,mira estrela
3529906,Miracatu,SP,miracatu
3530102,Mirandópolis,SP,mirandopolis
3530201,Mirante do Paranapanema,SP,mirante do paranapanema
3530300,Mirassol,SP,mirassol
3530409,Mirassolândia,SP,mirassolandia
3530508,Mococa,SP,mococa
3530607,Mogi das Cruzes,SP,mogi das cruzes
3530706,Mogi Guaçu,SP,mogi guacu
3530805,Mogi Mirim,SP,mogi mirim
3530904,Mombuca,SP,mombuca
3531001,Monções,SP,moncoes
3531100,Mongaguá,SP,mongagua
3531209,Monte Alegre do Sul,SP,monte alegre do sul
3531308,Monte Alto,SP,monte alto
3531407,Monte Aprazível,SP,monte aprazivel
3531506,Monte Azul Paulista,SP,monte azul paulista
3531605,Monte Castelo,SP,monte castelo
3531803,Monte Mor,SP,monte mor
3531704,Monteiro Lobato,SP,monteiro lobato
3531902,Morro Agudo,SP,morro agudo
3532009,Morungaba,SP,morungaba
3532058,Motuca,SP,motuca
3532108,Murutinga do Sul,SP,murutinga do sul
3532157,Nantes,SP,nantes
3532207,Narandiba,SP,narandiba
3532306,Natividade da Serra,SP,natividade da serra
3532405,Nazaré Paulista,SP,nazare paulista
3532504,Neves Paulista,SP,neves paulista
3532603,Nhandeara,SP,nhandeara
3532702,Nipoã,SP,nipoa
3532801,Nova Aliança,SP,nova alianca
3532827,Nova Campina,SP,nova campina
3532843,Nova Canaã Paulista,SP,nova canaa paulista
3532868,Nova Castilho,SP,nova castilho
3532900,Nova Europa,SP,nova europa
3533007,Nova Granada,SP,nova granada
3533106,Nova Guataporanga,SP,nova guataporanga
3533205,Nova Independência,SP,nova independencia
3533304,Nova Luzitânia,SP,nova luzitania
3533403,Nova Odessa,SP,nova odessa
3533254,Novais,SP,novais
3533502,Novo Horizonte,SP,novo horizonte
3533601,Nuporanga,SP,nuporanga
3533700,Ocauçu,SP,ocaucu
3533809,Óleo,SP,oleo
3533908,Olímpia,SP,olimpia
3534005,Onda Verde,SP,onda verde
3534104,Oriente,SP,oriente
3534203,Orindiúva,SP,orindiuva
3534302,Orlândia,SP,orlandia
3534401,Osasco,SP,osasco
3534500,Oscar Bressane,SP,oscar bressane
3534609,Osvaldo Cruz,SP,osvaldo cruz
3534708,Ourinhos,SP,ourinhos
3534807,Ouro Verde,SP,ouro verde
3534757,Ouroeste,SP,ouroeste
3534906,Pacaembu,SP,pacaembu
3535002,Palestina,SP,palestina
3535101,Palmares Paulista,SP,palmares paulista
3535200,Palmeira d'Oeste,SP,palmeira d'oeste
3535309,Palmital,SP,palmital
3535408,Panorama,SP,panorama
3535507,Paraguaçu Paulista,SP,paraguacu paulista
3535606,Paraibuna,SP,paraibuna
3535705,Paraíso,SP,paraiso
3535804,Paranapanema,SP,paranapanema
3535903,Paranapuã,SP,paranapua
3536000,Parapuã,SP,parapua
3536109,Pardinho,SP,pardinho
3536208,Pariquera-Açu,SP,pariquera-acu
3536257,Parisi,SP,parisi
3536307,Patrocínio Paulista,SP,patrocinio paulista
3536406,Paulicéia,SP,pauliceia
3536505,Paulínia,SP,paulinia
3536570,Paulistânia,SP,paulistania
3536604,Paulo de Faria,SP,paulo de faria
3536703,Pederneiras,SP,pederneiras
3536802,Pedra Bela,SP,pedra bela
3536901,Pedranópolis,SP,pedranopolis
3537008,Pedregulho,SP,pedregulho
3537107,Pedreira,SP,pedreira
3537156,Pedrinhas Paulista,SP,pedrinhas paulista
3537206,Pedro de Toledo,SP,pedro de toledo
3537305,Penápolis,SP,penapolis
3537404,Pereira Barreto,SP,pereira barreto
3537503,Pereiras,SP,pereiras
3537602,Peruíbe,SP,peruibe
3537701,Piacatu,SP,piacatu
3537800,Piedade,SP,piedade
3537909,Pilar do Sul,SP,pilar do sul
3538006,Pindamonhangaba,SP,pindamonhangaba
3538105,Pindorama,SP,pindorama
3538204,Pinhalzinho,SP,pinhalzinho
3538303,Piquerobi,SP,piquerobi
3538501,Piquete,SP,piquete
3538600,Piracaia,SP,piracaia
3538709,Piracicaba,SP,piracicaba
3538808,Piraju,SP,piraju
3538907,Pirajuí,SP,pirajui
3539004,Pirangi,SP,pirangi
3539103,Pirapora do Bom Jesus,SP,pirapora do bom jesus
3539202,Pirapozinho,SP,pirapozinho
3539301,Pirassununga,SP,pirassununga
3539400,Piratininga,SP,piratininga
3539509,Pitangueiras,SP,pitangueiras
3539608,Planalto,SP,planalto
3539707,Platina,SP,platina
3539806,Poá,SP,poa
3539905,Poloni,SP,poloni
3540002,Pompéia,SP,pompeia
3540101,Pongaí,SP,pongai
3540200,Pontal,SP,pontal
3540259,Pontalinda,SP,pontalinda
3540309,Pontes Gestal,SP,pontes gestal
3540408,Populina,SP,populina
3540507,Porangaba,SP,porangaba
3540606,Porto Feliz,SP,porto feliz
3540705,Porto Ferreira,SP,porto ferreira
3540754,Potim,SP,potim
3540804,Potirendaba,SP,potirendaba
3540853,Pracinha,SP,pracinha
3540903,Pradópolis,SP,pradopolis
3541000,Praia Grande,SP,praia grande
3541059,Pratânia,SP,pratania
3541109,Presidente Alves,SP,presidente alves
3541208,Presidente Bernardes,SP,presidente bernardes
3541307,Presidente Epitácio,SP,presidente epitacio
3541406,Presidente Prudente,SP,presidente prudente
3541505,Presidente Venceslau,SP,presidente venceslau
3541604,Promissão,SP,promissao
3541653,Quadra,SP,quadra
3541703,Quatá,SP,quata
3541802,Queiroz,SP,queiroz
3541901,Queluz,SP,queluz
3542008,Quintana,SP,quintana
3542107,Rafard,SP,rafard
3542206,Rancharia,SP,rancharia
3542305,Redenção da Serra,SP,redencao da serra
3542404,Regente Feijó,SP,regente feijo
3542503,Reginópolis,SP,reginopolis
3542602,Registro,SP,registro
3542701,Restinga,SP,restinga
3542800,Ribeira,SP,ribeira
3542909,Ribeirão Bonito,SP,ribeirao bonito
3543006,Ribeirão Branco,SP,ribeirao branco
3543105,Ribeirão Corrente,SP,ribeirao corrente
3543204,Ribeirão do Sul,SP,ribeirao do sul
3543238,Ribeirão dos Índios,SP,ribeirao dos indios
3543253,Ribeirão Grande,SP,ribeirao grande
3543303,Ribeirão Pires,SP,ribeirao pires
3543402,Ribeirão Preto,SP,ribeirao preto
3543600,Rifaina,SP,rifaina
3543709,Rincão,SP,rincao
3543808,Rinópolis,SP,rinopolis
3543907,Rio Claro,SP,rio claro
3544004,Rio das Pedras,SP,rio das pedras
3544103,Rio Grande da Serra,SP,rio grande da serra
3544202,Riolândia,SP,riolandia
3543501,Riversul,SP,riversul
3544251,Rosana,SP,rosana
3544301,Roseira,SP,roseira
3544400,Rubiácea,SP,rubiacea
3544509,Rubinéia,SP,rubineia
3544608,Sabino,SP,sabino
3544707,Sagres,SP,sagres
3544806,Sales,SP,sales
3544905,Sales Oliveira,SP,sales oliveira
3545001,Salesópolis,SP,salesopolis
3545100,Salmourão,SP,salmourao
3545159,Saltinho,SP,saltinho
3545209,Salto,SP,salto
3545308,Salto de Pirapora,SP,salto de pirapora
3545407,Salto Grande,SP,salto grande
3545506,Sandovalina,SP,sandovalina
3545605,Santa Adélia,SP,santa adelia
3545704,Santa Albertina,SP,santa albertina
3545803,Santa Bárbara d'Oeste,SP,santa barbara d'oeste
3546009,Santa Branca,SP,santa branca
3546108,Santa Clara d'Oeste,SP,santa clara d'oeste
3546207,Santa Cruz da Conceição,SP,santa cruz da conceicao
3546256,Santa Cruz da Esperança,SP,santa cruz da esperanca
3546306,Santa Cruz das Palmeiras,SP,santa cruz das palmeiras
3546405,Santa Cruz do Rio Pardo,SP,santa cruz do rio pardo
3546504,Santa Ernestina,SP,santa ernestina
3546603,Santa Fé do Sul,SP,santa fe do sul
3546702,Santa Gertrudes,SP,santa gertrudes
3546801,Santa Isabel,SP,santa isabel
3546900,Santa Lúcia,SP,santa lucia
3547007,Santa Maria da Serra,SP,santa maria da serra
3547106,Santa Mercedes,SP,santa mercedes
3547403,Santa Rita d'Oeste,SP,santa rita d'oeste
3547502,Santa Rita do Passa Quatro,SP,santa rita do passa quatro
3547601,Santa Rosa de Viterbo,SP,santa rosa de viterbo
3547650,Santa Salete,SP,santa salete
3547205,Santana da Ponte Pensa,SP,santana da ponte pensa
3547304,Santana de Parnaíba,SP,santana de parnaiba
3547700,Santo Anastácio,SP,santo anastacio
3547809,Santo André,SP,santo andre
3547908,Santo Antônio da Alegria,SP,santo antonio da alegria
3548005,Santo Antônio de Posse,SP,santo antonio de posse
3548054,Santo Antônio do Aracanguá,SP,santo antonio do aracangua
3548104,Santo Antônio do Jardim,SP,santo antonio do jardim
3548203,Santo Antônio do Pinhal,SP,santo antonio do pinhal
3548302,Santo Expedito,SP,santo expedito
3548401,Santópolis do Aguapeí,SP,santopolis do aguapei
3548500,Santos,SP,santos
3548609,São Bento do Sapucaí,SP,sao bento do sapucai
3548708,São Bernardo do Campo,SP,sao bernardo do campo
3548807,São Caetano do Sul,SP,sao caetano do sul
3548906,São Carlos,SP,sao carlos
3549003,São Francisco,SP,sao francisco
3549102,São João da Boa Vista,SP,sao joao da boa vista
3549201,São João das Duas Pontes,SP,sao joao das duas pontes
3549250,São João de Iracema,SP,sao joao de iracema
3549300,São João do Pau d'Alho,SP,sao joao do pau d'alho
3549409,São Joaquim da Barra,SP,sao joaquim da barra
3549508,São José da Bela Vista,SP,sao jose da bela vista
3549607,São José do Barreiro,SP,sao jose do barreiro
3549706,São José do Rio Pardo,SP,sao jose do rio pardo
3549805,São José do Rio Preto,SP,sao jose do rio preto
3549904,São José dos Campos,SP,sao jose dos campos
3549953,São Lourenço da Serra,SP,sao lourenco da serra
3550001,São Luiz do Paraitinga,SP,sao luiz do paraitinga
3550100,São Manuel,SP,sao manuel
3550209,São Miguel Arcanjo,SP,sao miguel arcanjo
3550308,São Paulo,SP,sao paulo
3550407,São Pedro,SP,sao pedro
3550506,São Pedro do Turvo,SP,sao pedro do turvo
3550605,São Roque,SP,sao roque
3550704,São Sebastião,SP,sao sebastiao
3550803,São Sebastião da Grama,SP,sao sebastiao da grama
3550902,São Simão,SP,sao simao
3551009,São Vicente,SP,sao vicente
3551108,Sarapuí,SP,sarapui
3551207,Sarutaiá,SP,sarutaia
3551306,Sebastianópolis do Sul,SP,sebastianopolis do sul
3551405,Serra Azul,SP,serra azul
3551603,Serra Negra,SP,serra negra
3551504,Serrana,SP,serrana
3551702,Sertãozinho,SP,sertaozinho
3551801,Sete Barras,SP,sete barras
3551900,Severínia,SP,severinia
3552007,Silveiras,SP,silveiras
3552106,Socorro,SP,socorro
3552205,Sorocaba,SP,sorocaba
3552304,Sud Mennucci,SP,sud mennucci
3552403,Sumaré,SP,sumare
3552551,Suzanápolis,SP,suzanapolis
3552502,Suzano,SP,suzano
3552601,Tabapuã,SP,tabapua
3552700,Tabatinga,SP,tabatinga
3552809,Taboão da Serra,SP,taboao da serra
3552908,Taciba,SP,taciba
3553005,Taguaí,SP,taguai
3553104,Taiaçu,SP,taiacu
3553203,Taiúva,SP,taiuva
3553302,Tambaú,SP,tambau
3553401,Tanabi,SP,tanabi
3553500,Tapiraí,SP,tapirai
3553609,Tapiratiba,SP,tapiratiba
3553658,Taquaral,SP,taquaral
3553708,Taquaritinga,SP,taquaritinga
3553807,Taquarituba,SP,taquarituba
3553856,Taquarivaí,SP,taquarivai
3553906,Tarabai,SP,tarabai
3553955,Tarumã,SP,taruma
3554003,Tatuí,SP,tatui
3554102,Taubaté,SP,taubate
3554201,Tejupá,SP,tejupa
3554300,Teodoro Sampaio,SP,teodoro sampaio
3554409,Terra Roxa,SP,terra roxa
3554508,Tietê,SP,tiete
3554607,Timburi,SP,timburi
3554656,Torre de Pedra,SP,torre de pedra
3554706,Torrinha,SP,torrinha
3554755,Trabiju,SP,trabiju
3554805,Tremembé,SP,tremembe
3554904,Três Fronteiras,SP,tres fronteiras
3554953,Tuiuti,SP,tuiuti
3555000,Tupã,SP,tupa
3555109,Tupi Paulista,SP,tupi paulista
3555208,Turiúba,SP,turiuba
3555307,Turmalina,SP,turmalina
3555356,Ubarana,SP,ubarana
3555406,Ubatuba,SP,ubatuba
3555505,Ubirajara,SP,ubirajara
3555604,Uchoa,SP,uchoa
3555703,União Paulista,SP,uniao paulista
3555802,Urânia,SP,urania
3555901,Uru,SP,uru
3556008,Urupês,SP,urupes
3556107,Valentim Gentil,SP,valentim gentil
3556206,Valinhos,SP,valinhos
3556305,Valparaíso,SP,valparaiso
3556354,Vargem,SP,vargem
3556404,Vargem Grande do Sul,SP,vargem grande do sul
3556453,Vargem Grande Paulista,SP,vargem grande paulista
3556503,Várzea Paulista,SP,varzea paulista
3556602,Vera Cruz,SP,vera cruz
3556701,Vinhedo,SP,vinhedo
3556800,Viradouro,SP,viradouro
3556909,Vista Alegre do Alto,SP,vista alegre do alto
3556958,Vitória Brasil,SP,vitoria brasil
3557006,Votorantim,SP,votorantim
3557105,Votuporanga,SP,votuporanga
3557154,Zacarias,SP,zacarias
1700251,Abreulândia,TO,abreulandia
1700301,Aguiarnópolis,TO,aguiarnopolis
1700350,Aliança do Tocantins,TO,alianca do tocantins
1700400,Almas,TO,almas
1700707,Alvorada,TO,alvorada
1701002,Ananás,TO,ananas
1701051,Angico,TO,angico
1701101,Aparecida do Rio Negro,TO,aparecida do rio negro
1701309,Aragominas,TO,aragominas
1701903,Araguacema,TO,araguacema
1702000,Araguaçu,TO,araguacu
1702109,Araguaína,TO,araguaina
1702158,Araguanã,TO,araguana
1702208,Araguatins,TO,araguatins
1702307,Arapoema,TO,arapoema
1702406,Arraias,TO,arraias
1702554,Augustinópolis,TO,augustinopolis
1702703,Aurora do Tocantins,TO,aurora do tocantins
1702901,Axixá do Tocantins,TO,axixa do tocantins
1703008,Babaçulândia,TO,babaculandia
1703057,Bandeirantes do Tocantins,TO,bandeirantes do tocantins
1703073,Barra do Ouro,TO,barra do ouro
1703107,Barrolândia,TO,barrolandia
1703206,Bernardo Sayão,TO,bernardo sayao
1703305,Bom Jesus do Tocantins,TO,bom jesus do tocantins
1703602,Brasilândia do Tocantins,TO,brasilandia do tocantins
1703701,Brejinho de Nazaré,TO,brejinho de nazare
1703800,Buriti do Tocantins,TO,buriti do tocantins
1703826,Cachoeirinha,TO,cachoeirinha
1703842,Campos Lindos,TO,campos lindos
1703867,Cariri do Tocantins,TO,cariri do tocantins
1703883,Carmolândia,TO,carmolandia
1703891,Carrasco Bonito,TO,carrasco bonito
1703909,Caseara,TO,caseara
1704105,Centenário,TO,centenario
1705102,Chapada da Natividade,TO,chapada da natividade
1704600,Chapada de Areia,TO,chapada de areia
1705508,Colinas do Tocantins,TO,colinas do tocantins
1716703,Colméia,TO,colmeia
1705557,Combinado,TO,combinado
1705607,Conceição do Tocantins,TO,conceicao do tocantins
1706001,Couto Magalhães,TO,couto magalhaes
1706100,Cristalândia,TO,cristalandia
1706258,Crixás do Tocantins,TO,crixas do tocantins
1706506,Darcinópolis,TO,darcinopolis
1707009,Dianópolis,TO,dianopolis
1707108,Divinópolis do Tocantins,TO,divinopolis do tocantins
1707207,Dois Irmãos do Tocantins,TO,dois irmaos do tocantins
1707306,Dueré,TO,duere
1707405,Esperantina,TO,esperantina
1707553,Fátima,TO,fatima
1707652,Figueirópolis,TO,figueiropolis
1707702,Filadélfia,TO,filadelfia
1708205,Formoso do Araguaia,TO,formoso do araguaia
1708304,Goianorte,TO,goianorte
1709005,Goiatins,TO,goiatins
1709302,Guaraí,TO,guarai
1709500,Gurupi,TO,gurupi
1709807,Ipueiras,TO,ipueiras
1710508,Itacajá,TO,itacaja
1710706,Itaguatins,TO,itaguatins
1710904,Itapiratins,TO,itapiratins
1711100,Itaporã do Tocantins,TO,itapora do tocantins
1711506,Jaú do Tocantins,TO,jau do tocantins
1711803,Juarina,TO,juarina
1711902,Lagoa da Confusão,TO,lagoa da confusao
1711951,Lagoa do Tocantins,TO,lagoa do tocantins
1712009,Lajeado,TO,lajeado
1712157,Lavandeira,TO,lavandeira
1712405,Lizarda,TO,lizarda
1712454,Luzinópolis,TO,luzinopolis
1712504,Marianópolis do Tocantins,TO,marianopolis do tocantins
1712702,Mateiros,TO,mateiros
1712801,Maurilândia do Tocantins,TO,maurilandia do tocantins
1713205,Miracema do Tocantins,TO,miracema do tocantins
1713304,Miranorte,TO,miranorte
1713601,Monte do Carmo,TO,monte do carmo
1713700,Monte Santo do Tocantins,TO,monte santo do tocantins
1713957,Muricilândia,TO,muricilandia
1714203,Natividade,TO,natividade
1714302,Nazaré,TO,nazare
1714880,Nova Olinda,TO,nova olinda
1715002,Nova Rosalândia,TO,nova rosalandia
1715101,Novo Acordo,TO,novo acordo
1715150,Novo Alegre,TO,novo alegre
1715259,Novo Jardim,TO,novo jardim
1715507,Oliveira de Fátima,TO,oliveira de fatima
1721000,Palmas,TO,palmas
1715705,Palmeirante,TO,palmeirante
1713809,Palmeiras do Tocantins,TO,palmeiras do tocantins
1715754,Palmeirópolis,TO,palmeiropolis
1716109,Paraíso do Tocantins,TO,paraiso do tocantins
1716208,Paranã,TO,parana
1716307,Pau D'Arco,TO,pau d'arco
1716505,Pedro Afonso,TO,pedro afonso
1716604,Peixe,TO,peixe
1716653,Pequizeiro,TO,pequizeiro
1717008,Pindorama do Tocantins,TO,pindorama do tocantins
1717206,Piraquê,TO,piraque
1717503,Pium,TO,pium
1717800,Ponte Alta do Bom Jesus,TO,ponte alta do bom jesus
1717909,Ponte Alta do Tocantins,TO,ponte alta do tocantins
1718006,Porto Alegre do Tocantins,TO,porto alegre do tocantins
1718204,Porto Nacional,TO,porto nacional
1718303,Praia Norte,TO,praia norte
1718402,Presidente Kennedy,TO,presidente kennedy
1718451,Pugmil,TO,pugmil
1718501,Recursolândia,TO,recursolandia
1718550,Riachinho,TO,riachinho
1718659,Rio da Conceição,TO,rio da conceicao
1718709,Rio dos Bois,TO,rio dos bois
1718758,Rio Sono,TO,rio sono
1718808,Sampaio,TO,sampaio
1718840,Sandolândia,TO,sandolandia
1718865,Santa Fé do Araguaia,TO,santa fe do araguaia
1718881,Santa Maria do Tocantins,TO,santa maria do tocantins
1718899,Santa Rita do Tocantins,TO,santa rita do tocantins
1718907,Santa Rosa do Tocantins,TO,santa rosa do tocantins
1719004,Santa Tereza do Tocantins,TO,santa tereza do tocantins
1720002,Santa Terezinha do Tocantins,TO,santa terezinha do tocantins
1720101,São Bento do Tocantins,TO,sao bento do tocantins
1720150,São Félix do Tocantins,TO,sao felix do tocantins
1720200,São Miguel do Tocantins,TO,sao miguel do tocantins
1720259,São Salvador do Tocantins,TO,sao salvador do tocantins
1720309,São Sebastião do Tocantins,TO,sao sebastiao do tocantins
1720499,São Valério,TO,sao valerio
1720655,Silvanópolis,TO,silvanopolis
1720804,Sítio Novo do Tocantins,TO,sitio novo do tocantins
1720853,Sucupira,TO,sucupira
1708254,Tabocão,TO,tabocao
1720903,Taguatinga,TO,taguatinga
1720937,Taipas do Tocantins,TO,taipas do tocantins
1720978,Talismã,TO,talisma
1721109,Tocantínia,TO,tocantinia
1721208,Tocantinópolis,TO,tocantinopolis
1721257,Tupirama,TO,tupirama
1721307,Tupiratins,TO,tupiratins
1722081,Wanderlândia,TO,wanderlandia
1722107,Xambioá,TO,xambioa
