tipo,codigo,nome,nome_norm,uf,area_ha,detalhe,sul,oeste,norte,leste
conservacao,0455.33.1783,APA DA FAZENDA DA TAQUARA,apa da fazenda da taquara,RJ,8.69,Área de Proteção Ambiental · Municipal,-22.92446,-43.38559,-22.92148,-43.38098
conservacao,1501.43.4618,APA DA LAGOA DE ITAPEVA,apa da lagoa de itapeva,RS,437.11,Área de Proteção Ambiental · Municipal,-29.42778,-49.8357,-29.37212,-49.77801
conservacao,0455.33.1793,APA DA ORLA MARÍTIMA,apa da orla maritima,RJ,268.3,Área de Proteção Ambiental · Municipal,-23.02382,-43.44808,-22.96302,-43.16562
conservacao,0455.33.1777,APA DA ORLA MARÍTIMA DA BAÍA DE SEPETIBA,apa da orla maritima da baia de sepetiba,RJ,11611.75,Área de Proteção Ambiental · Municipal,-23.08339,-43.79516,-22.898,-43.5301
conservacao,0455.33.1791,APA DA PAISAGEM E DO AREAL DA PRAIA DO PONTAL,apa da paisagem e do areal da praia do pontal,RJ,24.45,Área de Proteção Ambiental · Municipal,-23.03426,-43.48619,-23.0308,-43.47112
conservacao,0455.33.1795,APA DA PEDRA BRANCA,apa da pedra branca,RJ,5387.74,Área de Proteção Ambiental · Municipal,-23.06993,-43.5602,-22.89451,-43.37481
conservacao,0455.33.1796,APA DA PRAINHA,apa da prainha,RJ,157.47,Área de Proteção Ambiental · Municipal,-23.04893,-43.51555,-23.03522,-43.49435
conservacao,0455.33.1764,APA DA SERRA DA CAPOEIRA GRANDE,apa da serra da capoeira grande,RJ,479.02,Área de Proteção Ambiental · Municipal,-22.99416,-43.65247,-22.96886,-43.61292
conservacao,0455.33.1797,APA DA SERRA DOS PRETOS FORROS,apa da serra dos pretos forros,RJ,2715.3,Área de Proteção Ambiental · Municipal,-22.93306,-43.36212,-22.88267,-43.28236
conservacao,0455.33.1824,APA DAS PONTAS DE COPACABANA E ARPOADOR E SEUS ENTORNOS,apa das pontas de copacabana e arpoador e seus entornos,RJ,30.09,Área de Proteção Ambiental · Municipal,-22.99131,-43.1952,-22.98601,-43.1839
conservacao,0455.33.1787,APA DAS TABEBUIAS,apa das tabebuias,RJ,61.76,Área de Proteção Ambiental · Municipal,-23.00572,-43.43461,-22.99709,-43.42089
conservacao,0455.33.1823,APA DE GRUMARI,apa de grumari,RJ,966.56,Área de Proteção Ambiental · Municipal,-23.07681,-43.55895,-23.03353,-43.50286
conservacao,0455.33.1825,APA DE SÃO JOSÉ,apa de sao jose,RJ,108.88,Área de Proteção Ambiental · Municipal,-22.93739,-43.20002,-22.92467,-43.17968
conservacao,0455.33.1784,APA DO BAIRRO DA FREGUESIA,apa do bairro da freguesia,RJ,379.52,Área de Proteção Ambiental · Municipal,-22.95879,-43.35976,-22.9367,-43.33705
conservacao,0455.33.1817,APA DO MORRO DA SAUDADE,apa do morro da saudade,RJ,59.46,Área de Proteção Ambiental · Municipal,-22.96684,-43.20228,-22.95936,-43.19087
conservacao,0455.33.1799,APA DO MORRO DO LEME,apa do morro do leme,RJ,123.52,Área de Proteção Ambiental · Municipal,-22.96735,-43.16583,-22.95771,-43.14771
conservacao,0455.33.1766,APA DO MORRO DO SILVÉRIO,apa do morro do silverio,RJ,150.17,Área de Proteção Ambiental · Municipal,-23.00246,-43.65103,-22.9908,-43.63483
conservacao,0455.33.1782,APA DO MORRO DO VALQUEIRE,apa do morro do valqueire,RJ,166.1,Área de Proteção Ambiental · Municipal,-22.90691,-43.38177,-22.88991,-43.36833
conservacao,0455.33.1816,APA DO MORRO DOS CABRITOS,apa do morro dos cabritos,RJ,135.46,Área de Proteção Ambiental · Municipal,-22.9772,-43.20836,-22.96486,-43.19073
conservacao,3157.50.5281,APA DO RIO IGUATEMI,apa do rio iguatemi,MS,90963.13,Área de Proteção Ambiental · Municipal,-23.56953,-55.56212,-23.17492,-55.15359
conservacao,0455.33.1822,APA DO VÁRZEA COUNTRY CLUB,apa do varzea country club,RJ,10.3,Área de Proteção Ambiental · Municipal,-22.91054,-43.31926,-22.90674,-43.31554
conservacao,0455.33.1798,APA DOS MORROS DA BABILÔNIA E DE SÃO JOÃO,apa dos morros da babilonia e de sao joao,RJ,112.66,Área de Proteção Ambiental · Municipal,-22.9665,-43.18966,-22.95568,-43.16308
conservacao,0000.35.1723,APA MARINHA DO LITORAL CENTRO,apa marinha do litoral centro,SP,455858.18,Área de Proteção Ambiental · Estadual,-24.63555,-47.07721,-23.73409,-45.80015
conservacao,0000.35.1724,APA MARINHA DO LITORAL SUL,apa marinha do litoral sul,SP,368394.87,Área de Proteção Ambiental · Estadual,-25.48732,-48.09492,-24.44544,-46.95864
conservacao,3157.50.5289,APA NASCENTE DO RIO AMAMBAI,apa nascente do rio amambai,MS,9454.31,Área de Proteção Ambiental · Municipal,-23.24972,-55.49642,-23.09026,-55.39415
conservacao,0205.11.4601,APA PARQUE DAS MANGUEIRAS,apa parque das mangueiras,RO,7.14,Área de Proteção Ambiental · Municipal,-8.75691,-63.86256,-8.75329,-63.85922
conservacao,3404.31.5247,APA PEDRA ITAÚNA,apa pedra itauna,MG,367.31,Área de Proteção Ambiental · Municipal,-19.8175,-42.135,-19.79075,-42.115
conservacao,2502.31.5144,APA QUEBRA-PÉ,apa quebra-pe,MG,40154.73,Área de Proteção Ambiental · Municipal,-18.57059,-44.10396,-18.3225,-43.81495
conservacao,3903.15.4456,ÁREA  DE PROTEÇÃO AMBIENTAL JARÁ,area  de protecao ambiental jara,PA,4852.91,Área de Proteção Ambiental · Municipal,-2.19413,-56.09355,-2.11202,-56.01511
conservacao,1550.52.3594,ÁREA DE PRESERVAÇÃO AMBIENTAL DO CÓRREGO DA LAGOA,area de preservacao ambiental do corrego da lagoa,GO,1806.56,Área de Proteção Ambiental · Municipal,-18.23294,-47.83752,-18.16343,-47.80504
conservacao,5702.31.4752,ÁREA DE PRESERVAÇÃO AMBIENTAL RIO PIRACICABA,area de preservacao ambiental rio piracicaba,MG,7157.67,Área de Proteção Ambiental · Municipal,-20.00457,-43.17063,-19.92652,-43.05089
conservacao,0330.33.3965,ÁREA DE PROTEÇÃO AMBIENTAL  DA FORTALEZA DE SANTA CRUZ E DOS FORTES DO PICO E DO RIO BRANCO,area de protecao ambiental  da fortaleza de santa cruz e dos fortes do pico e do rio branco,RJ,124.9,Área de Proteção Ambiental · Municipal,-22.9393,-43.13539,-22.92753,-43.11335
conservacao,0100.33.4999,ÁREA DE PROTEÇÃO AMBIENTAL - APA DA BACIA HIDROGRÁFICA DO RIO JAPUÍBA,area de protecao ambiental - apa da bacia hidrografica do rio japuiba,RJ,2596.49,Área de Proteção Ambiental · Municipal,-22.97838,-44.28113,-22.91699,-44.20905
conservacao,0410.33.3000,ÁREA DE PROTEÇÃO AMBIENTAL - APA DA PERDIÇÃO,area de protecao ambiental - apa da perdicao,RJ,6131.14,Área de Proteção Ambiental · Municipal,-21.02299,-42.15131,-20.93558,-42.03883
conservacao,4144.33.4726,ÁREA DE PROTEÇÃO AMBIENTAL - HORTO MUNICIPAL LUIZ GONZAGA DE MACEDO,area de protecao ambiental - horto municipal luiz gonzaga de macedo,RJ,8.28,Área de Proteção Ambiental · Municipal,-22.70342,-43.57454,-22.70067,-43.56974
conservacao,2390.35.3434,AREA DE PROTEÇÃO AMBIENTAL - PEDREGULHO,area de protecao ambiental - pedregulho,SP,7496.79,Área de Proteção Ambiental · Municipal,-23.26243,-47.26067,-23.18686,-47.11642
conservacao,0082.52.4299,ÁREA DE PROTEÇÃO AMBIENTAL ÁGUA FRIA,area de protecao ambiental agua fria,GO,1331.58,Área de Proteção Ambiental · Municipal,-13.75331,-49.96364,-13.68154,-49.90214
conservacao,6920.31.1527,ÁREA DE PROTEÇÃO AMBIENTAL ÁGUA SANTA DE MINAS,area de protecao ambiental agua santa de minas,MG,16095.06,Área de Proteção Ambiental · Municipal,-20.97913,-42.18768,-20.80505,-42.04223
conservacao,1680.52.4313,ÁREA DE PROTEÇÃO AMBIENTAL ÁGUAS CLARAS,area de protecao ambiental aguas claras,GO,2655.63,Área de Proteção Ambiental · Municipal,-16.17279,-49.33595,-16.09325,-49.27612
conservacao,0803.52.5217,ÁREA DE PROTEÇÃO AMBIENTAL ÁGUAS DA SERRA,area de protecao ambiental aguas da serra,GO,85463.17,Área de Proteção Ambiental · Municipal,-14.82447,-46.71744,-14.4643,-46.3681
conservacao,0000.26.1928,ÁREA DE PROTEÇÃO AMBIENTAL ALDEIA-BEBERIBE,area de protecao ambiental aldeia-beberibe,PE,31661.75,Área de Proteção Ambiental · Estadual,-8.01588,-35.14482,-7.78049,-34.89879
conservacao,0456.33.5161,ÁREA DE PROTEÇÃO AMBIENTAL ALTO IGUAÇU,area de protecao ambiental alto iguacu,RJ,996.55,Área de Proteção Ambiental · Municipal,-22.71773,-43.41654,-22.69319,-43.31917
conservacao,4409.33.4961,ÁREA DE PROTEÇÃO AMBIENTAL ALTO PIRAÍ - APA ALTO PIRAÍ,area de protecao ambiental alto pirai - apa alto pirai,RJ,34332.9,Área de Proteção Ambiental · Municipal,-22.93179,-44.31806,-22.68161,-43.87933
conservacao,2420.31.2906,ÁREA DE PROTEÇÃO AMBIENTAL ALTO TABOÃO,area de protecao ambiental alto taboao,MG,0.0,Área de Proteção Ambiental · Municipal,-20.61382,-42.07734,-20.51577,-41.97706
conservacao,0000.00.0001,ÁREA DE PROTEÇÃO AMBIENTAL ANHATOMIRIM,area de protecao ambiental anhatomirim,SC,4436.52,Área de Proteção Ambiental · Federal,-27.45098,-48.6063,-27.36534,-48.53345
conservacao,1740.42.4099,ÁREA DE PROTEÇÃO AMBIENTAL ARROIO MACACO,area de protecao ambiental arroio macaco,SC,1616.89,Área de Proteção Ambiental · Municipal,-26.35024,-49.14638,-26.29214,-49.09935
conservacao,0000.29.0321,ÁREA DE PROTEÇÃO AMBIENTAL BACIA DO COBRE / SÃO BARTOLOMEU,area de protecao ambiental bacia do cobre / sao bartolomeu,BA,1152.97,Área de Proteção Ambiental · Estadual,-12.90663,-38.47755,-12.84501,-38.44083
conservacao,0000.00.1521,ÁREA DE PROTEÇÃO AMBIENTAL BACIA DO PARAÍBA DO SUL,area de protecao ambiental bacia do paraiba do sul,"MG, RJ, SP",292595.93,Área de Proteção Ambiental · Federal,-23.59404,-46.43333,-22.42257,-44.34105
conservacao,0000.29.0305,ÁREA DE PROTEÇÃO AMBIENTAL BACIA DO RIO DE JANEIRO,area de protecao ambiental bacia do rio de janeiro,BA,352731.55,Área de Proteção Ambiental · Estadual,-12.13975,-46.37637,-11.62243,-45.14286
conservacao,0000.31.0355,ÁREA DE PROTEÇÃO AMBIENTAL BACIA DO RIO PANDEIROS,area de protecao ambiental bacia do rio pandeiros,MG,396401.47,Área de Proteção Ambiental · Estadual,-15.71812,-45.46141,-14.99999,-44.52025
conservacao,0530.32.3815,AREA DE PROTEÇÃO AMBIENTAL BAÍA DAS TARTARUGAS,area de protecao ambiental baia das tartarugas,ES,1686.07,Área de Proteção Ambiental · Municipal,-20.31823,-40.29094,-20.26417,-40.2471
conservacao,0000.29.0328,ÁREA DE PROTEÇÃO AMBIENTAL BAÍA DE CAMAMU,area de protecao ambiental baia de camamu,BA,122689.44,Área de Proteção Ambiental · Estadual,-14.35054,-39.27085,-13.85036,-38.92779
conservacao,0000.29.0320,ÁREA DE PROTEÇÃO AMBIENTAL BAÍA DE TODOS OS SANTOS,area de protecao ambiental baia de todos os santos,BA,138507.33,Área de Proteção Ambiental · Estadual,-13.14559,-38.93888,-12.57849,-38.42514
conservacao,0520.50.3861,ÁREA DE PROTEÇÃO AMBIENTAL BAÍA NEGRA,area de protecao ambiental baia negra,MS,5990.49,Área de Proteção Ambiental · Municipal,-19.09164,-57.59899,-19.0067,-57.46729
conservacao,5070.35.3577,ÁREA DE PROTEÇÃO AMBIENTAL BALEIA SAHY,area de protecao ambiental baleia sahy,SP,392.54,Área de Proteção Ambiental · Municipal,-23.77708,-45.69424,-23.74443,-45.6594
conservacao,0000.35.3885,AREA DE PROTEÇÃO AMBIENTAL BARREIRO RICO,area de protecao ambiental barreiro rico,SP,30100.73,Área de Proteção Ambiental · Estadual,-22.75904,-48.35163,-22.59924,-47.87813
conservacao,0600.33.3747,ÁREA DE PROTEÇÃO AMBIENTAL BEMPOSTA,area de protecao ambiental bemposta,RJ,19620.54,Área de Proteção Ambiental · Municipal,-22.20697,-43.16795,-22.03778,-42.95534
conservacao,0000.23.4640,ÁREA DE PROTEÇÃO AMBIENTAL BERÇÁRIOS DA VIDA MARINHA,area de protecao ambiental bercarios da vida marinha,CE,13230.89,Área de Proteção Ambiental · Estadual,-4.69087,-37.4771,-4.55735,-37.33206
conservacao,2200.31.1528,ÁREA DE PROTEÇÃO AMBIENTAL BOM JESUS,area de protecao ambiental bom jesus,MG,4566.34,Área de Proteção Ambiental · Municipal,-20.60281,-42.35941,-20.53587,-42.23452
conservacao,7802.31.4864,ÁREA DE PROTEÇÃO AMBIENTAL BOM JESUS,area de protecao ambiental bom jesus,MG,30014.82,Área de Proteção Ambiental · Municipal,-19.8299,-42.52613,-19.5247,-42.29188
conservacao,0000.24.1471,ÁREA DE PROTEÇÃO AMBIENTAL BONFIM/GUARAÍRA,area de protecao ambiental bonfim/guaraira,RN,42470.09,Área de Proteção Ambiental · Estadual,-6.28656,-35.30948,-5.9518,-35.0346
conservacao,5030.35.1961,ÁREA DE PROTEÇÃO AMBIENTAL BORORÉ-COLÔNIA,area de protecao ambiental borore-colonia,SP,8961.06,Área de Proteção Ambiental · Municipal,-23.8656,-46.73856,-23.75633,-46.6228
conservacao,0000.35.1695,ÁREA DE PROTEÇÃO AMBIENTAL CABREUVA,area de protecao ambiental cabreuva,SP,37007.81,Área de Proteção Ambiental · Estadual,-23.40405,-47.2479,-23.15737,-46.95862
conservacao,0000.31.0399,ÁREA DE PROTEÇÃO AMBIENTAL CACHOEIRA DAS ANDORINHAS,area de protecao ambiental cachoeira das andorinhas,MG,14269.36,Área de Proteção Ambiental · Estadual,-20.37649,-43.65376,-20.19389,-43.46056
conservacao,0000.35.1696,ÁREA DE PROTEÇÃO AMBIENTAL CAJAMAR,area de protecao ambiental cajamar,SP,13102.34,Área de Proteção Ambiental · Estadual,-23.43003,-46.93992,-23.27793,-46.81942
conservacao,0000.35.1697,ÁREA DE PROTEÇÃO AMBIENTAL CAJATI,area de protecao ambiental cajati,SP,2972.26,Área de Proteção Ambiental · Estadual,-24.88968,-48.27206,-24.78679,-48.20342
conservacao,0000.29.0301,ÁREA DE PROTEÇÃO AMBIENTAL CAMINHOS ECOLÓGICOS DA BOA ESPERANÇA,area de protecao ambiental caminhos ecologicos da boa esperanca,BA,232003.47,Área de Proteção Ambiental · Estadual,-13.77313,-39.81417,-13.20406,-38.93235
conservacao,0000.35.1698,ÁREA DE PROTEÇÃO AMBIENTAL CAMPOS DO JORDÃO,area de protecao ambiental campos do jordao,SP,28887.09,Área de Proteção Ambiental · Estadual,-22.79686,-45.67577,-22.58897,-45.39975
conservacao,0000.29.0310,ÁREA DE PROTEÇÃO AMBIENTAL CARAÍVA/ TRANCOSO,area de protecao ambiental caraiva/ trancoso,BA,31926.82,Área de Proteção Ambiental · Estadual,-16.85059,-39.23467,-16.58842,-39.05623
conservacao,0412.33.2956,ÁREA DE PROTEÇÃO AMBIENTAL CARAPIÁ,area de protecao ambiental carapia,RJ,3488.23,Área de Proteção Ambiental · Municipal,-22.48622,-44.29353,-22.30129,-44.18186
conservacao,0000.00.0020,ÁREA DE PROTEÇÃO AMBIENTAL CARSTE DE LAGOA SANTA,area de protecao ambiental carste de lagoa santa,MG,37735.31,Área de Proteção Ambiental · Federal,-19.68799,-44.10996,-19.39664,-43.89164
conservacao,0505.52.4155,ÁREA DE PROTEÇÃO AMBIENTAL CASTELANDIA,area de protecao ambiental castelandia,GO,52.1,Área de Proteção Ambiental · Municipal,-18.09796,-50.23125,-18.09099,-50.2202
conservacao,0000.00.0002,ÁREA DE PROTEÇÃO AMBIENTAL CAVERNAS DO PERUAÇU,area de protecao ambiental cavernas do peruacu,MG,143353.29,Área de Proteção Ambiental · Federal,-15.25241,-44.81868,-14.83809,-44.10205
conservacao,1160.26.4288,ÁREA DE PROTEÇÃO AMBIENTAL CAXANGÁ,area de protecao ambiental caxanga,PE,107.77,Área de Proteção Ambiental · Municipal,-8.03086,-34.95727,-8.02057,-34.94289
conservacao,0000.31.0894,ÁREA DE PROTEÇÃO AMBIENTAL COCHÁ E GIBÃO,area de protecao ambiental cocha e gibao,MG,285547.5,Área de Proteção Ambiental · Estadual,-15.08736,-45.62048,-14.46328,-44.68892
conservacao,0000.32.0336,ÁREA DE PROTEÇÃO AMBIENTAL CONCEIÇÃO DA BARRA,area de protecao ambiental conceicao da barra,ES,7906.97,Área de Proteção Ambiental · Estadual,-18.72145,-39.81868,-18.56705,-39.72824
conservacao,0000.29.0308,ÁREA DE PROTEÇÃO AMBIENTAL COROA VERMELHA,area de protecao ambiental coroa vermelha,BA,3810.13,Área de Proteção Ambiental · Estadual,-16.38864,-39.06854,-16.31905,-38.99786
conservacao,6805.31.4231,ÁREA DE PROTEÇÃO AMBIENTAL CORREDEIRAS,area de protecao ambiental corredeiras,MG,0.0,Área de Proteção Ambiental · Municipal,-19.77027,-41.68859,-19.66746,-41.49485
conservacao,0440.43.4293,ÁREA DE PROTEÇÃO AMBIENTAL CORREDORES DE BIODIVERSIDADE DE CANELA,area de protecao ambiental corredores de biodiversidade de canela,RS,2690.14,Área de Proteção Ambiental · Municipal,-29.35869,-50.8901,-29.24757,-50.75672
conservacao,5800.31.3026,AREA DE PROTECAO AMBIENTAL CORREGO DA MATA,area de protecao ambiental corrego da mata,MG,0.0,Área de Proteção Ambiental · Municipal,-19.56548,-43.19457,-19.38937,-43.05596
conservacao,2050.52.4321,ÁREA DE PROTEÇÃO AMBIENTAL CÓRREGO DA MORANGA.,area de protecao ambiental corrego da moranga.,GO,155.15,Área de Proteção Ambiental · Municipal,-18.32048,-51.99041,-18.24616,-51.94284
conservacao,2056.33.4989,ÁREA DE PROTEÇÃO AMBIENTAL CÓRREGO DO MARIMBONDO,area de protecao ambiental corrego do marimbondo,RJ,357.76,Área de Proteção Ambiental · Municipal,-21.44224,-41.61903,-21.41265,-41.59792
conservacao,0300.51.4907,ÁREA DE PROTEÇÃO AMBIENTAL CÓRREGOS GORDURA E BOIADEIRO,area de protecao ambiental corregos gordura e boiadeiro,MT,9224.45,Área de Proteção Ambiental · Municipal,-17.42705,-53.40754,-17.2961,-53.22412
conservacao,0000.00.1912,ÁREA DE PROTEÇÃO AMBIENTAL COSTA DAS ALGAS,area de protecao ambiental costa das algas,ES,114994.94,Área de Proteção Ambiental · Federal,-20.23385,-40.18441,-19.85937,-39.70538
conservacao,0000.29.0309,ÁREA DE PROTEÇÃO AMBIENTAL COSTA DE ITACARÉ/ SERRA GRANDE,area de protecao ambiental costa de itacare/ serra grande,BA,62607.88,Área de Proteção Ambiental · Estadual,-14.533,-39.28163,-14.21819,-38.98013
conservacao,0000.00.0009,ÁREA DE PROTEÇÃO AMBIENTAL COSTA DOS CORAIS,area de protecao ambiental costa dos corais,"AL, PE",495077.14,Área de Proteção Ambiental · Federal,-9.82815,-35.63542,-8.70442,-34.76686
conservacao,6404.52.4564,ÁREA DE PROTEÇÃO AMBIENTAL CRIXÁS,area de protecao ambiental crixas,GO,36.35,Área de Proteção Ambiental · Municipal,-14.57678,-50.00488,-14.55972,-49.98337
conservacao,0000.35.1700,ÁREA DE PROTEÇÃO AMBIENTAL CUESTA CORUMBATAÍ,area de protecao ambiental cuesta corumbatai,SP,274897.68,Área de Proteção Ambiental · Estadual,-22.665,-48.49697,-22.04517,-47.54996
conservacao,0000.35.1972,ÁREA DE PROTEÇÃO AMBIENTAL CUESTA GUARANI,area de protecao ambiental cuesta guarani,SP,214576.18,Área de Proteção Ambiental · Estadual,-23.38812,-48.96586,-22.73511,-48.12872
conservacao,0000.35.1973,ÁREA DE PROTEÇÃO AMBIENTAL CUESTA PARAPANEMA,area de protecao ambiental cuesta parapanema,SP,142544.45,Área de Proteção Ambiental · Estadual,-23.68614,-49.71769,-23.11264,-49.27271
conservacao,0000.00.3696,ÁREA DE PROTEÇÃO AMBIENTAL DA ARARINHA AZUL,area de protecao ambiental da ararinha azul,BA,90640.26,Área de Proteção Ambiental · Federal,-9.42597,-39.98264,-9.01712,-39.58865
conservacao,1480.52.3787,AREA DE PROTECAO AMBIENTAL DA BACIA DO CORREGO CAPAO GRANDE,area de protecao ambiental da bacia do corrego capao grande,GO,800.36,Área de Proteção Ambiental · Municipal,-18.06071,-48.29215,-18.02797,-48.25298
conservacao,2704.50.4797,ÁREA DE PROTEÇÃO AMBIENTAL DA BACIA DO CÓRREGO CEROULA - APA DO CEROULA,area de protecao ambiental da bacia do corrego ceroula - apa do ceroula,MS,56547.24,Área de Proteção Ambiental · Municipal,-20.47648,-54.92305,-20.16558,-54.59351
conservacao,8807.31.4563,ÁREA DE PROTEÇÃO AMBIENTAL DA BACIA DO CÓRREGO DA VELHA,area de protecao ambiental da bacia do corrego da velha,MG,4003.5,Área de Proteção Ambiental · Municipal,-19.82052,-45.80787,-19.76213,-45.67696
conservacao,0060.50.4333,ÁREA DE PROTEÇÃO AMBIENTAL DA BACIA DO IGUATEMI NO MUNICÍPIO DE AMAMBAI,area de protecao ambiental da bacia do iguatemi no municipio de amambai,MS,141066.41,Área de Proteção Ambiental · Municipal,-23.56533,-55.38395,-23.13482,-54.79976
conservacao,0000.00.0003,ÁREA DE PROTEÇÃO AMBIENTAL DA BACIA DO RIO DESCOBERTO,area de protecao ambiental da bacia do rio descoberto,"DF, GO",41783.33,Área de Proteção Ambiental · Federal,-15.80215,-48.29093,-15.59362,-48.04556
conservacao,0000.33.0736,ÁREA DE PROTEÇÃO AMBIENTAL DA BACIA DO RIO DOS FRADES,area de protecao ambiental da bacia do rio dos frades,RJ,2871.73,Área de Proteção Ambiental · Estadual,-22.37967,-42.82667,-22.31309,-42.73515
conservacao,0770.50.4326,ÁREA DE PROTEÇÃO AMBIENTAL DA BACIA DO RIO IGUATEMI,area de protecao ambiental da bacia do rio iguatemi,MS,82523.93,Área de Proteção Ambiental · Municipal,-24.00134,-55.27856,-23.73249,-54.68728
conservacao,4809.50.4459,ÁREA DE PROTEÇÃO AMBIENTAL DA BACIA DO RIO IGUATEMI DO MUNICÍPIO DE JAPORÃ-MS,area de protecao ambiental da bacia do rio iguatemi do municipio de japora-ms,MS,41660.54,Área de Proteção Ambiental · Municipal,-23.93109,-54.70983,-23.71851,-54.3621
conservacao,0770.50.4328,ÁREA DE PROTEÇÃO AMBIENTAL DA BACIA DO RIO IGUATEMI DO MUNICÍPIO DE MUNDO NOVO,area de protecao ambiental da bacia do rio iguatemi do municipio de mundo novo,MS,16897.11,Área de Proteção Ambiental · Municipal,-23.97182,-54.42572,-23.82564,-54.14333
conservacao,0795.50.4329,ÁREA DE PROTEÇÃO AMBIENTAL DA BACIA DO RIO IGUATEMI DO MUNICÍPIO DE TACURU,area de protecao ambiental da bacia do rio iguatemi do municipio de tacuru,MS,178505.81,Área de Proteção Ambiental · Municipal,-23.89262,-55.27153,-23.37642,-54.64867
conservacao,0430.50.4331,ÁREA DE PROTEÇÃO AMBIENTAL DA BACIA DO RIO IGUATEMI NO MUNICÍPIO DE IGUATEMI,area de protecao ambiental da bacia do rio iguatemi no municipio de iguatemi,MS,115354.92,Área de Proteção Ambiental · Municipal,-23.79312,-54.8813,-23.30477,-54.35436
conservacao,0635.50.4330,ÁREA DE PROTEÇÃO AMBIENTAL DA BACIA DO RIO IGUATEMI NO MUNICIPIO DE PARANHOS,area de protecao ambiental da bacia do rio iguatemi no municipio de paranhos,MS,130135.58,Área de Proteção Ambiental · Municipal,-23.99563,-55.56167,-23.45669,-55.12859
conservacao,0000.33.0737,ÁREA DE PROTEÇÃO AMBIENTAL DA BACIA DO RIO MACACU,area de protecao ambiental da bacia do rio macacu,RJ,19502.14,Área de Proteção Ambiental · Estadual,-22.69957,-43.06071,-22.35955,-42.55177
conservacao,0000.53.1637,ÁREA DE PROTEÇÃO AMBIENTAL DA BACIA DO RIO SÃO BARTOLOMEU,area de protecao ambiental da bacia do rio sao bartolomeu,DF,83310.25,Área de Proteção Ambiental · Estadual,-15.96923,-47.85949,-15.56649,-47.5058
conservacao,0000.00.0005,ÁREA DE PROTEÇÃO AMBIENTAL DA BACIA DO RIO SÃO JOÃO - MICO-LEÃO-DOURADO,area de protecao ambiental da bacia do rio sao joao - mico-leao-dourado,RJ,150372.42,Área de Proteção Ambiental · Federal,-22.74483,-42.66002,-22.40156,-41.98105
conservacao,0000.31.1771,ÁREA DE PROTEÇÃO AMBIENTAL DA BACIA HIDROGRÁFICA DO RIO MACHADO,area de protecao ambiental da bacia hidrografica do rio machado,MG,117371.25,Área de Proteção Ambiental · Estadual,-22.10202,-46.15614,-21.40702,-45.76509
conservacao,0000.31.1772,ÁREA DE PROTEÇÃO AMBIENTAL DA BACIA HIDROGRÁFICA DO RIO UBERABA,area de protecao ambiental da bacia hidrografica do rio uberaba,MG,45492.46,Área de Proteção Ambiental · Estadual,-19.7202,-47.97988,-19.51932,-47.64999
conservacao,0380.33.3524,ÁREA DE PROTEÇÃO AMBIENTAL DA BAÍA DE PARATY,area de protecao ambiental da baia de paraty,RJ,6460.56,Área de Proteção Ambiental · Municipal,-23.30236,-44.72108,-23.13049,-44.59639
conservacao,0000.21.1887,ÁREA DE PROTEÇÃO AMBIENTAL DA BAIXADA MARANHENSE,area de protecao ambiental da baixada maranhense,MA,1728296.91,Área de Proteção Ambiental · Estadual,-4.00038,-45.53277,-1.9837,-44.40039
conservacao,0000.00.0006,ÁREA DE PROTEÇÃO AMBIENTAL DA BALEIA FRANCA,area de protecao ambiental da baleia franca,SC,154867.71,Área de Proteção Ambiental · Federal,-28.83592,-49.24511,-27.7697,-48.40819
conservacao,0000.00.0007,ÁREA DE PROTEÇÃO AMBIENTAL DA BARRA DO RIO MAMANGUAPE,area de protecao ambiental da barra do rio mamanguape,PB,14918.26,Área de Proteção Ambiental · Federal,-6.88624,-35.08756,-6.70874,-34.88885
conservacao,0000.23.0954,ÁREA DE PROTEÇÃO AMBIENTAL DA BICA DO IPÚ,area de protecao ambiental da bica do ipu,CE,3469.68,Área de Proteção Ambiental · Estadual,-4.33129,-40.76244,-4.23779,-40.70429
conservacao,0605.33.4825,ÁREA DE PROTEÇÃO AMBIENTAL DA CACHOEIRA DA FUMAÇA,area de protecao ambiental da cachoeira da fumaca,RJ,30.26,Área de Proteção Ambiental · Municipal,-21.02919,-41.72575,-21.02034,-41.71533
conservacao,0000.22.4841,ÁREA DE PROTEÇÃO AMBIENTAL DA CACHOEIRA DO URUBU,area de protecao ambiental da cachoeira do urubu,PI,3057.87,Área de Proteção Ambiental · Estadual,-3.93223,-42.1758,-3.88582,-42.07288
conservacao,0605.33.4824,ÁREA DE PROTEÇÃO AMBIENTAL DA CACHOEIRA SANTA ROSA,area de protecao ambiental da cachoeira santa rosa,RJ,17.01,Área de Proteção Ambiental · Municipal,-21.12872,-41.71113,-21.12068,-41.70326
conservacao,0093.33.3629,ÁREA DE PROTEÇÃO AMBIENTAL DA CARAPEBA BOA,area de protecao ambiental da carapeba boa,RJ,1561.64,Área de Proteção Ambiental · Municipal,-22.22563,-41.68306,-22.17127,-41.59156
conservacao,0500.33.4300,ÁREA DE PROTEÇÃO AMBIENTAL DA CEHAB,area de protecao ambiental da cehab,RJ,64.51,Área de Proteção Ambiental · Municipal,-21.62945,-41.03141,-21.61887,-41.01531
conservacao,0000.00.0008,ÁREA DE PROTEÇÃO AMBIENTAL DA CHAPADA DO ARARIPE,area de protecao ambiental da chapada do araripe,"CE, PE, PI",1017366.0,Área de Proteção Ambiental · Federal,-7.84667,-40.88549,-6.99986,-39.01688
conservacao,0000.51.0461,ÁREA DE PROTEÇÃO AMBIENTAL DA CHAPADA DOS GUIMARÃES,area de protecao ambiental da chapada dos guimaraes,MT,253440.45,Área de Proteção Ambiental · Estadual,-15.78814,-56.04289,-15.08903,-55.35261
conservacao,0000.16.0886,ÁREA DE PROTEÇÃO AMBIENTAL DA FAZENDINHA,area de protecao ambiental da fazendinha,AP,148.52,Área de Proteção Ambiental · Estadual,-0.05522,-51.14027,-0.04612,-51.11858
conservacao,0000.21.1889,ÁREA DE PROTEÇÃO AMBIENTAL DA FOZ DO RIO DAS PREGUIÇAS - PEQUENOS LENÇÓIS - REGIÃO LAGUNAR ADJACENTE,area de protecao ambiental da foz do rio das preguicas - pequenos lencois - regiao lagunar adjacente,MA,206129.77,Área de Proteção Ambiental · Estadual,-2.91704,-42.85344,-2.55001,-41.81376
conservacao,0000.00.5126,ÁREA DE PROTEÇÃO AMBIENTAL DA FOZ DO RIO DOCE,area de protecao ambiental da foz do rio doce,ES,45417.04,Área de Proteção Ambiental · Federal,-19.7923,-40.0375,-19.27855,-39.66549
conservacao,0000.15.1027,ÁREA DE PROTEÇÃO AMBIENTAL DA ILHA DO COMBU,area de protecao ambiental da ilha do combu,PA,1502.66,Área de Proteção Ambiental · Estadual,-1.52056,-48.49388,-1.48972,-48.43189
conservacao,0000.23.0962,ÁREA DE PROTEÇÃO AMBIENTAL DA LAGOA DA JIJOCA,area de protecao ambiental da lagoa da jijoca,CE,3944.49,Área de Proteção Ambiental · Estadual,-2.92616,-40.47383,-2.83652,-40.40296
conservacao,0440.23.3900,ÁREA DE PROTEÇÃO AMBIENTAL DA LAGOA DA MARAPONGA,area de protecao ambiental da lagoa da maraponga,CE,31.41,Área de Proteção Ambiental · Municipal,-3.79362,-38.57419,-3.78729,-38.56704
conservacao,0000.23.4867,ÁREA DE PROTEÇÃO AMBIENTAL DA LAGOA DA PRECABURA,area de protecao ambiental da lagoa da precabura,CE,629.42,Área de Proteção Ambiental · Estadual,-3.86764,-38.48219,-3.80525,-38.42761
conservacao,4151.33.4635,ÁREA DE PROTEÇÃO AMBIENTAL DA LAGOA DA RIBEIRA,area de protecao ambiental da lagoa da ribeira,RJ,4385.14,Área de Proteção Ambiental · Municipal,-22.14079,-41.49509,-22.08768,-41.32507
conservacao,0100.33.3115,ÁREA DE PROTEÇÃO AMBIENTAL DA LAGOA DE CIMA,area de protecao ambiental da lagoa de cima,RJ,1707.69,Área de Proteção Ambiental · Municipal,-21.80054,-41.55892,-21.74719,-41.48359
conservacao,0000.22.4827,ÁREA DE PROTEÇÃO AMBIENTAL DA LAGOA DE NAZARÉ,area de protecao ambiental da lagoa de nazare,PI,9271.6,Área de Proteção Ambiental · Estadual,-7.09088,-42.67977,-6.97493,-42.58877
conservacao,0452.33.2551,ÁREA DE PROTEÇÃO AMBIENTAL DA LAGOA DO IRIRY,area de protecao ambiental da lagoa do iriry,RJ,98.21,Área de Proteção Ambiental · Municipal,-22.51227,-41.92226,-22.49819,-41.90681
conservacao,0000.23.0953,ÁREA DE PROTEÇÃO AMBIENTAL DA LAGOA DO URUAÚ,area de protecao ambiental da lagoa do uruau,CE,3169.24,Área de Proteção Ambiental · Estadual,-4.25186,-38.13584,-4.201,-38.04412
conservacao,0520.32.2920,ÁREA DE PROTEÇÃO AMBIENTAL DA LAGOA GRANDE,area de protecao ambiental da lagoa grande,ES,2612.27,Área de Proteção Ambiental · Municipal,-20.53661,-40.39615,-20.45342,-40.33521
conservacao,0000.32.0333,ÁREA DE PROTEÇÃO AMBIENTAL DA LAGOA GUANANDY,area de protecao ambiental da lagoa guanandy,ES,5195.21,Área de Proteção Ambiental · Estadual,-21.01003,-40.85044,-20.86022,-40.7558
conservacao,1560.43.1757,AREA DE PROTEÇÃO AMBIENTAL DA LAGOA VERDE,area de protecao ambiental da lagoa verde,RS,470.83,Área de Proteção Ambiental · Municipal,-32.17939,-52.20919,-32.11147,-52.15455
conservacao,0000.27.0921,ÁREA DE PROTEÇÃO AMBIENTAL DA MARITUBA DO PEIXE,area de protecao ambiental da marituba do peixe,AL,18534.25,Área de Proteção Ambiental · Estadual,-10.40655,-36.52077,-10.24341,-36.30258
conservacao,1504.33.4856,ÁREA DE PROTEÇÃO AMBIENTAL DA MATA DO POSTO ZOOTÉCNICO,area de protecao ambiental da mata do posto zootecnico,RJ,113.02,Área de Proteção Ambiental · Municipal,-22.02631,-42.36512,-22.01711,-42.3509
conservacao,0325.50.1643,ÁREA DE PROTEÇÃO AMBIENTAL DA NASCENTE DO RIO SUCURIÚ,area de protecao ambiental da nascente do rio sucuriu,MS,294295.91,Área de Proteção Ambiental · Municipal,-18.98692,-53.49109,-18.03375,-52.75806
conservacao,0227.33.2849,ÁREA DE PROTEÇÃO AMBIENTAL DA PEDRA LISA,area de protecao ambiental da pedra lisa,RJ,2177.62,Área de Proteção Ambiental · Municipal,-22.67619,-43.6234,-22.60995,-43.53421
conservacao,1207.33.4763,ÁREA DE PROTEÇÃO AMBIENTAL DA PEDREIRA DA PRATA,area de protecao ambiental da pedreira da prata,RJ,4435.57,Área de Proteção Ambiental · Municipal,-21.90484,-42.51954,-21.82752,-42.43026
conservacao,0000.29.0302,ÁREA DE PROTEÇÃO AMBIENTAL DA PLATAFORMA CONTINENTAL DO LITORAL NORTE,area de protecao ambiental da plataforma continental do litoral norte,BA,352764.03,Área de Proteção Ambiental · Estadual,-12.95435,-38.35522,-11.45009,-37.11379
conservacao,3500.42.4940,ÁREA DE PROTEÇÃO AMBIENTAL DA PONTA DO ARAÇÁ,area de protecao ambiental da ponta do araca,SC,140.61,Área de Proteção Ambiental · Municipal,-27.13181,-48.531,-27.11039,-48.50763
conservacao,0535.23.3034,ÁREA DE PROTEÇÃO AMBIENTAL DA PRAIA DE PONTA GROSSA,area de protecao ambiental da praia de ponta grossa,CE,16055.09,Área de Proteção Ambiental · Municipal,-4.65178,-37.5409,-4.47196,-37.42627
conservacao,0000.21.1893,ÁREA DE PROTEÇÃO AMBIENTAL DA REGIÃO DO MARACANÃ,area de protecao ambiental da regiao do maracana,MA,2190.15,Área de Proteção Ambiental · Estadual,-2.66208,-44.31086,-2.59991,-44.2457
conservacao,0000.15.1025,ÁREA DE PROTEÇÃO AMBIENTAL DA REGIÃO METROLPOLITANA DE BELÉM,area de protecao ambiental da regiao metrolpolitana de belem,PA,5646.57,Área de Proteção Ambiental · Estadual,-1.47873,-48.46,-1.38342,-48.33832
conservacao,0000.00.0010,ÁREA DE PROTEÇÃO AMBIENTAL DA REGIÃO SERRANA DE PETRÓPOLIS,area de protecao ambiental da regiao serrana de petropolis,RJ,58690.9,Área de Proteção Ambiental · Federal,-22.62753,-43.37727,-22.32479,-42.89364
conservacao,1500.42.2945,ÁREA DE PROTEÇÃO AMBIENTAL DA REPRESA ALTO RIO PRETO,area de protecao ambiental da represa alto rio preto,SC,15558.15,Área de Proteção Ambiental · Municipal,-26.70395,-49.7082,-26.5341,-49.56529
conservacao,0000.23.0948,ÁREA DE PROTEÇÃO AMBIENTAL DA SERRA DA ARATANHA,area de protecao ambiental da serra da aratanha,CE,6453.16,Área de Proteção Ambiental · Estadual,-4.07628,-38.73307,-3.94442,-38.61736
conservacao,0015.33.3002,ÁREA DE PROTEÇÃO AMBIENTAL DA SERRA DA BOLÍVIA,area de protecao ambiental da serra da bolivia,RJ,1664.21,Área de Proteção Ambiental · Municipal,-21.70404,-42.15385,-21.62821,-42.08422
conservacao,0000.27.4375,ÁREA DE PROTEÇÃO AMBIENTAL DA SERRA DA CAIÇARA,area de protecao ambiental da serra da caicara,AL,103290.77,Área de Proteção Ambiental · Estadual,-9.4364,-37.55272,-9.07433,-37.06675
conservacao,0555.33.3689,ÁREA DE PROTEÇÃO AMBIENTAL DA SERRA DA CAMBRAIA,area de protecao ambiental da serra da cambraia,RJ,2433.8,Área de Proteção Ambiental · Municipal,-22.7111,-43.75088,-22.64538,-43.67444
conservacao,0000.52.1753,ÁREA DE PROTEÇÃO AMBIENTAL DA SERRA DAS GALÉS E DA PORTARIA,area de protecao ambiental da serra das gales e da portaria,GO,35302.82,Área de Proteção Ambiental · Estadual,-17.05361,-50.74528,-16.85917,-50.50833
conservacao,0000.23.0946,ÁREA DE PROTEÇÃO AMBIENTAL DA SERRA DE BATURITÉ,area de protecao ambiental da serra de baturite,CE,30238.28,Área de Proteção Ambiental · Estadual,-4.46162,-39.09541,-4.13792,-38.83769
conservacao,6405.23.4960,ÁREA DE PROTEÇÃO AMBIENTAL DA SERRA DE ITAPIPOCA,area de protecao ambiental da serra de itapipoca,CE,28584.2,Área de Proteção Ambiental · Municipal,-3.655,-39.77305,-3.4751,-39.46772
conservacao,7700.23.4915,ÁREA DE PROTEÇÃO AMBIENTAL DA SERRA DE MARANGUAPE,area de protecao ambiental da serra de maranguape,CE,5941.07,Área de Proteção Ambiental · Municipal,-3.98379,-38.79415,-3.85668,-38.66997
conservacao,1870.35.4298,ÁREA DE PROTEÇÃO AMBIENTAL DA SERRA DE SANTO AMARO,area de protecao ambiental da serra de santo amaro,SP,5415.71,Área de Proteção Ambiental · Municipal,-24.00601,-46.28679,-23.9097,-46.16061
conservacao,0000.33.0727,ÁREA DE PROTEÇÃO AMBIENTAL DA SERRA DE SAPIATIBA,area de protecao ambiental da serra de sapiatiba,RJ,5959.78,Área de Proteção Ambiental · Estadual,-22.85727,-42.21761,-22.77619,-42.11222
conservacao,5554.33.4924,ÁREA DE PROTEÇÃO AMBIENTAL DA SERRA DO CATUMBI,area de protecao ambiental da serra do catumbi,RJ,1976.03,Área de Proteção Ambiental · Municipal,-22.78683,-43.79692,-22.70879,-43.72465
conservacao,0000.29.1569,ÁREA DE PROTEÇÃO AMBIENTAL DA SERRA DO OURO,area de protecao ambiental da serra do ouro,BA,50689.45,Área de Proteção Ambiental · Estadual,-14.75728,-40.22725,-14.48302,-39.96242
conservacao,0850.35.3219,ÁREA DE PROTEÇÃO AMBIENTAL DA SERRA DO PALMITAL,area de protecao ambiental da serra do palmital,SP,5766.7,Área de Proteção Ambiental · Municipal,-23.06397,-45.8425,-22.96921,-45.70126
conservacao,0680.15.3566,ÁREA DE PROTEÇÃO AMBIENTAL DA SERRA DO SAUBAL,area de protecao ambiental da serra do saubal,PA,167.34,Área de Proteção Ambiental · Municipal,-2.48545,-54.71174,-2.47115,-54.69693
conservacao,0000.52.1749,ÁREA DE PROTEÇÃO AMBIENTAL DA SERRA DOURADA,area de protecao ambiental da serra dourada,GO,37039.72,Área de Proteção Ambiental · Estadual,-16.1399,-50.45961,-15.88684,-50.0356
conservacao,2106.33.5180,ÁREA DE PROTEÇÃO AMBIENTAL DA SERRA VERMELHA,area de protecao ambiental da serra vermelha,RJ,4801.61,Área de Proteção Ambiental · Municipal,-21.81967,-42.12581,-21.73014,-42.03796
conservacao,0190.50.4337,ÁREA DE PROTEÇÃO AMBIENTAL DA SUB BACIA DO RIO PARDO,area de protecao ambiental da sub bacia do rio pardo,MS,110865.35,Área de Proteção Ambiental · Municipal,-22.05555,-53.08039,-21.6155,-52.20608
conservacao,0290.50.3505,ÁREA DE PROTEÇÃO AMBIENTAL DA SUB-BACIA DO RIO APORÉ,area de protecao ambiental da sub-bacia do rio apore,MS,137159.85,Área de Proteção Ambiental · Municipal,-19.28319,-52.44695,-18.74398,-51.53916
conservacao,6259.50.4458,ÁREA DE PROTEÇÃO AMBIENTAL DA SUB-BACIA DO RIO IVINHEMA,area de protecao ambiental da sub-bacia do rio ivinhema,MS,15410.67,Área de Proteção Ambiental · Municipal,-22.63477,-54.02531,-22.43329,-53.74688
conservacao,1207.33.4761,ÁREA DE PROTEÇÃO AMBIENTAL DA USINA,area de protecao ambiental da usina,RJ,858.44,Área de Proteção Ambiental · Municipal,-21.86395,-42.62502,-21.82979,-42.55012
conservacao,0000.42.3962,ÁREA DE PROTEÇÃO AMBIENTAL DA VARGEM DO BRAÇO,area de protecao ambiental da vargem do braco,SC,920.48,Área de Proteção Ambiental · Estadual,-27.80922,-48.84076,-27.73363,-48.77708
conservacao,0233.33.5010,ÁREA DE PROTEÇÃO AMBIENTAL DAS ÁGUAS DE TUCUNS,area de protecao ambiental das aguas de tucuns,RJ,191.69,Área de Proteção Ambiental · Municipal,-22.7997,-41.94142,-22.77995,-41.92286
conservacao,0000.53.1639,ÁREA DE PROTEÇÃO AMBIENTAL DAS BACIAS GAMA E CABEÇA DE VEADO,area de protecao ambiental das bacias gama e cabeca de veado,DF,23624.52,Área de Proteção Ambiental · Estadual,-15.994,-48.02077,-15.84058,-47.81562
conservacao,0455.33.1767,ÁREA DE PROTEÇÃO AMBIENTAL DAS BRISAS,area de protecao ambiental das brisas,RJ,102.84,Área de Proteção Ambiental · Municipal,-23.0006,-43.65973,-22.98455,-43.65011
conservacao,0000.51.0453,ÁREA DE PROTEÇÃO AMBIENTAL DAS CABECEIRAS DO RIO CUIABÁ,area de protecao ambiental das cabeceiras do rio cuiaba,MT,473209.59,Área de Proteção Ambiental · Estadual,-14.77584,-55.77553,-14.10312,-54.86273
conservacao,0000.23.0958,ÁREA DE PROTEÇÃO AMBIENTAL DAS DUNAS DA LAGOINHA,area de protecao ambiental das dunas da lagoinha,CE,498.45,Área de Proteção Ambiental · Estadual,-3.3481,-39.18005,-3.32877,-39.14255
conservacao,0000.23.0950,ÁREA DE PROTEÇÃO AMBIENTAL DAS DUNAS DO LITORAL OESTE,area de protecao ambiental das dunas do litoral oeste,CE,9022.17,Área de Proteção Ambiental · Estadual,-3.56461,-38.97382,-3.42486,-38.82016
conservacao,5000.33.4420,ÁREA DE PROTEÇÃO AMBIENTAL DAS DUNAS E RESTINGAS,area de protecao ambiental das dunas e restingas,RJ,415.96,Área de Proteção Ambiental · Municipal,-21.79159,-41.02652,-21.61979,-41.011
conservacao,0490.33.3698,ÁREA DE PROTEÇÃO AMBIENTAL DAS ESTÂNCIAS DE PENDOTIBA,area de protecao ambiental das estancias de pendotiba,RJ,92.91,Área de Proteção Ambiental · Municipal,-22.87632,-43.04041,-22.86185,-43.02084
conservacao,0000.29.0304,ÁREA DE PROTEÇÃO AMBIENTAL DAS ILHAS DE TINHARÉ E BOIPEBA,area de protecao ambiental das ilhas de tinhare e boipeba,BA,36160.92,Área de Proteção Ambiental · Estadual,-13.67822,-39.07189,-13.37209,-38.89113
conservacao,0330.33.3969,ÁREA DE PROTEÇÃO AMBIENTAL DAS LAGUNAS E FLORESTAS DE NITERÓI,area de protecao ambiental das lagunas e florestas de niteroi,RJ,8689.25,Área de Proteção Ambiental · Municipal,-22.98966,-43.12039,-22.87529,-42.94308
conservacao,0000.17.1491,ÁREA DE PROTEÇÃO AMBIENTAL DAS NASCENTES DE ARAGUAINA,area de protecao ambiental das nascentes de araguaina,TO,15596.92,Área de Proteção Ambiental · Estadual,-7.30802,-48.18816,-7.12202,-48.08081
conservacao,6606.50.4658,ÁREA DE PROTEÇÃO AMBIENTAL DAS NASCENTES DO RIO APA,area de protecao ambiental das nascentes do rio apa,MS,19590.36,Área de Proteção Ambiental · Municipal,-22.13071,-56.11222,-21.89498,-55.86738
conservacao,0000.22.4808,ÁREA DE PROTEÇÃO AMBIENTAL DAS NASCENTES DO RIO CANINDÉ,area de protecao ambiental das nascentes do rio caninde,PI,22758.82,Área de Proteção Ambiental · Estadual,-8.44634,-40.98638,-8.23953,-40.77824
conservacao,0000.22.4828,ÁREA DE PROTEÇÃO AMBIENTAL DAS NASCENTES DO RIO LONGÁ,area de protecao ambiental das nascentes do rio longa,PI,11489.1,Área de Proteção Ambiental · Estadual,-5.26412,-42.19656,-5.11972,-42.07024
conservacao,0000.22.4811,ÁREA DE PROTEÇÃO AMBIENTAL DAS NASCENTES DO RIO URUÇUÍ-PRETO,area de protecao ambiental das nascentes do rio urucui-preto,PI,60070.59,Área de Proteção Ambiental · Estadual,-9.54921,-45.48492,-9.08664,-45.02569
conservacao,0000.00.0028,ÁREA DE PROTEÇÃO AMBIENTAL DAS NASCENTES DO RIO VERMELHO,area de protecao ambiental das nascentes do rio vermelho,"BA, GO",173967.45,Área de Proteção Ambiental · Federal,-14.68198,-46.33456,-14.1544,-45.90866
conservacao,0000.25.0485,ÁREA DE PROTEÇÃO AMBIENTAL DAS ONÇAS,area de protecao ambiental das oncas,PB,31906.35,Área de Proteção Ambiental · Estadual,-8.30008,-36.97046,-8.00078,-36.62602
conservacao,0000.21.1885,ÁREA DE PROTEÇÃO AMBIENTAL DAS REENTRÂNCIAS MARANHENSES,area de protecao ambiental das reentrancias maranhenses,MA,2633545.61,Área de Proteção Ambiental · Estadual,-2.5837,-46.16289,-0.83369,-43.84205
conservacao,0455.33.4378,"ÁREA DE PROTEÇÃO AMBIENTAL DAS SERRAS DE INHOAÍBA, CANTAGALO E SANTA EUGÊNIA","area de protecao ambiental das serras de inhoaiba, cantagalo e santa eugenia",RJ,2228.38,Área de Proteção Ambiental · Municipal,-22.96992,-43.64994,-22.91097,-43.56591
conservacao,4603.29.5045,ÁREA DE PROTEÇÃO AMBIENTAL DAS SERRAS DE PINDOBAÇU,area de protecao ambiental das serras de pindobacu,BA,3491.0,Área de Proteção Ambiental · Municipal,-10.71555,-40.39744,-10.61731,-40.34345
conservacao,5505.33.4673,ÁREA DE PROTEÇÃO AMBIENTAL DAS SERRAS DO MATO GROSSO - TINGUI - CASTELHAÑAS,area de protecao ambiental das serras do mato grosso - tingui - castelhanas,RJ,9878.92,Área de Proteção Ambiental · Municipal,-22.93279,-42.68107,-22.80501,-42.45393
conservacao,0000.15.1024,ÁREA DE PROTEÇÃO AMBIENTAL DE ALGODOAL-MAIANDEUA,area de protecao ambiental de algodoal-maiandeua,PA,3109.68,Área de Proteção Ambiental · Estadual,-0.6386,-47.59176,-0.57606,-47.5319
conservacao,0680.15.3564,ÁREA DE PROTEÇÃO AMBIENTAL DE ALTER DO CHÃO,area de protecao ambiental de alter do chao,PA,16121.27,Área de Proteção Ambiental · Municipal,-2.57059,-54.98199,-2.42044,-54.85722
conservacao,0000.53.1640,ÁREA DE PROTEÇÃO AMBIENTAL DE CAFURINGA,area de protecao ambiental de cafuringa,DF,46279.69,Área de Proteção Ambiental · Estadual,-15.68839,-48.19949,-15.50054,-47.83941
conservacao,0440.52.4174,AREA DE PROTEÇÃO AMBIENTAL DE CAIAPONIA,area de protecao ambiental de caiaponia,GO,341.32,Área de Proteção Ambiental · Municipal,-17.11114,-51.6515,-17.08592,-51.62887
conservacao,0000.00.0013,ÁREA DE PROTEÇÃO AMBIENTAL DE CAIRUÇU,area de protecao ambiental de cairucu,RJ,32610.33,Área de Proteção Ambiental · Federal,-23.36887,-44.84042,-23.03551,-44.50215
conservacao,0950.35.1570,AREA DE PROTEÇÃO AMBIENTAL DE CAMPINAS,area de protecao ambiental de campinas,SP,22294.27,Área de Proteção Ambiental · Municipal,-22.93462,-47.01679,-22.72901,-46.81471
conservacao,0000.00.0014,ÁREA DE PROTEÇÃO AMBIENTAL DE CANANÉIA-IGUAPÉ-PERUÍBE,area de protecao ambiental de cananeia-iguape-peruibe,SP,202307.0,Área de Proteção Ambiental · Federal,-25.23399,-48.15897,-24.19339,-47.00073
conservacao,2200.29.3803,ÁREA DE PROTEÇÃO AMBIENTAL DE COSTA DOURADA,area de protecao ambiental de costa dourada,BA,3346.27,Área de Proteção Ambiental · Municipal,-18.33426,-39.6715,-18.08347,-39.5494
conservacao,0420.33.3165,ÁREA DE PROTEÇÃO AMBIENTAL DE ENGENHEIRO PASSOS APAEP,area de protecao ambiental de engenheiro passos apaep,RJ,0.0,Área de Proteção Ambiental · Municipal,-22.50182,-44.68642,-22.39934,-44.63684
conservacao,0000.00.0015,ÁREA DE PROTEÇÃO AMBIENTAL DE FERNANDO DE NORONHA - ROCAS - SÃO PEDRO E SÃO PAULO,area de protecao ambiental de fernando de noronha - rocas - sao pedro e sao paulo,PE,154365.88,Área de Proteção Ambiental · Federal,-3.98331,-33.98326,0.9663,-29.26691
conservacao,0000.33.0735,ÁREA DE PROTEÇÃO AMBIENTAL DE GERICINÓ/MENDANHA,area de protecao ambiental de gericino/mendanha,RJ,7974.14,Área de Proteção Ambiental · Estadual,-22.8518,-43.60342,-22.7646,-43.43647
conservacao,0000.26.0967,ÁREA DE PROTEÇÃO AMBIENTAL DE GUADALUPE,area de protecao ambiental de guadalupe,PE,43920.23,Área de Proteção Ambiental · Estadual,-8.81624,-35.27613,-8.58911,-35.00128
conservacao,0000.00.0016,ÁREA DE PROTEÇÃO AMBIENTAL DE GUAPI-MIRIM,area de protecao ambiental de guapi-mirim,RJ,13890.26,Área de Proteção Ambiental · Federal,-22.78214,-43.11141,-22.65976,-42.95174
conservacao,0000.00.0017,ÁREA DE PROTEÇÃO AMBIENTAL DE GUARAQUEÇABA,area de protecao ambiental de guaraquecaba,PR,245640.63,Área de Proteção Ambiental · Federal,-25.48997,-48.77931,-24.97788,-48.08273
conservacao,0000.22.4842,ÁREA DE PROTEÇÃO AMBIENTAL DE INGAZEIRAS,area de protecao ambiental de ingazeiras,PI,653.53,Área de Proteção Ambiental · Estadual,-8.18612,-41.16524,-8.13365,-41.12016
conservacao,0490.33.3699,ÁREA DE PROTEÇÃO AMBIENTAL DE ITAOCA,area de protecao ambiental de itaoca,RJ,3068.41,Área de Proteção Ambiental · Municipal,-22.80415,-43.07321,-22.73414,-42.97009
conservacao,0000.24.1470,AREA DE PROTEÇÃO AMBIENTAL DE JENIPABU,area de protecao ambiental de jenipabu,RN,1872.33,Área de Proteção Ambiental · Estadual,-5.73929,-35.23393,-5.67853,-35.19284
conservacao,0000.29.0299,ÁREA DE PROTEÇÃO AMBIENTAL DE JOANES - IPITANGA,area de protecao ambiental de joanes - ipitanga,BA,66303.95,Área de Proteção Ambiental · Estadual,-12.90551,-38.64819,-12.52946,-38.21136
conservacao,0000.33.0738,ÁREA DE PROTEÇÃO AMBIENTAL DE MACAÉ DE CIMA,area de protecao ambiental de macae de cima,RJ,35003.08,Área de Proteção Ambiental · Estadual,-22.45836,-42.5768,-22.29408,-42.20666
conservacao,3401.33.4819,ÁREA DE PROTEÇÃO AMBIENTAL DE MACAÉ DE CIMA,area de protecao ambiental de macae de cima,RJ,8155.23,Área de Proteção Ambiental · Municipal,-22.45783,-42.57568,-22.35541,-42.44298
conservacao,0000.33.0726,ÁREA DE PROTEÇÃO AMBIENTAL DE MANGARATIBA,area de protecao ambiental de mangaratiba,RJ,25312.35,Área de Proteção Ambiental · Estadual,-23.10084,-44.19311,-22.84235,-43.87979
conservacao,0000.29.0326,ÁREA DE PROTEÇÃO AMBIENTAL DE MANGUE SECO,area de protecao ambiental de mangue seco,BA,2477.62,Área de Proteção Ambiental · Estadual,-11.53826,-37.44434,-11.44779,-37.34269
conservacao,0000.33.0729,ÁREA DE PROTEÇÃO AMBIENTAL DE MARICÁ,area de protecao ambiental de marica,RJ,969.24,Área de Proteção Ambiental · Estadual,-22.97271,-42.90354,-22.94066,-42.80493
conservacao,0000.33.1514,ÁREA DE PROTEÇÃO AMBIENTAL DE MASSAMBABA,area de protecao ambiental de massambaba,RJ,9124.34,Área de Proteção Ambiental · Estadual,-22.94454,-42.47748,-22.87395,-42.17949
conservacao,0000.27.0923,ÁREA DE PROTEÇÃO AMBIENTAL DE MURICÍ,area de protecao ambiental de murici,AL,0.0,Área de Proteção Ambiental · Estadual,-9.36931,-36.0549,-8.89927,-35.63374
conservacao,5406.33.5097,ÁREA DE PROTEÇÃO AMBIENTAL DE NOSSA SENHORA APARECIDA,area de protecao ambiental de nossa senhora aparecida,RJ,5773.98,Área de Proteção Ambiental · Municipal,-22.12375,-42.81365,-22.01125,-42.73211
conservacao,5406.33.4742,ÁREA DE PROTEÇÃO AMBIENTAL DE NOSSA SENHORA DE SANTANA,area de protecao ambiental de nossa senhora de santana,RJ,2770.97,Área de Proteção Ambiental · Municipal,-22.08782,-43.01321,-22.02973,-42.93435
conservacao,0385.33.3690,ÁREA DE PROTEÇÃO AMBIENTAL DE PALMARES - APA PALMARES,area de protecao ambiental de palmares - apa palmares,RJ,1500.15,Área de Proteção Ambiental · Municipal,-22.47624,-43.43752,-22.43898,-43.37045
conservacao,2254.33.4710,ÁREA DE PROTEÇÃO AMBIENTAL DE PENEDO,area de protecao ambiental de penedo,RJ,2219.6,Área de Proteção Ambiental · Municipal,-22.47864,-44.56347,-22.41313,-44.50008
conservacao,0000.00.0018,ÁREA DE PROTEÇÃO AMBIENTAL DE PIAÇABUÇU,area de protecao ambiental de piacabucu,AL,9106.83,Área de Proteção Ambiental · Federal,-10.50114,-36.40546,-10.31613,-36.2935
conservacao,0000.32.0335,ÁREA DE PROTEÇÃO AMBIENTAL DE PRAIA MOLE,area de protecao ambiental de praia mole,ES,398.33,Área de Proteção Ambiental · Estadual,-20.24308,-40.24121,-20.21205,-40.20951
conservacao,0000.13.0993,ÁREA DE PROTEÇÃO AMBIENTAL DE PRESIDENTE FIGUEIREDO - CAVERNA DO MOROAGA,area de protecao ambiental de presidente figueiredo - caverna do moroaga,AM,408553.18,Área de Proteção Ambiental · Estadual,-2.2697,-60.4152,-1.19348,-59.29189
conservacao,0000.26.1929,ÁREA DE PROTEÇÃO AMBIENTAL DE SANTA CRUZ,area de protecao ambiental de santa cruz,PE,38749.15,Área de Proteção Ambiental · Estadual,-7.8146,-34.94331,-7.56757,-34.76303
conservacao,0000.27.0887,ÁREA DE PROTEÇÃO AMBIENTAL DE SANTA RITA,area de protecao ambiental de santa rita,AL,0.0,Área de Proteção Ambiental · Estadual,-9.77543,-35.89317,-9.63638,-35.76502
conservacao,0170.33.3232,ÁREA DE PROTEÇÃO AMBIENTAL DE SÃO BENTO,area de protecao ambiental de sao bento,RJ,766.7,Área de Proteção Ambiental · Municipal,-22.74647,-43.32,-22.71015,-43.25417
conservacao,0000.29.1017,ÁREA DE PROTEÇÃO AMBIENTAL DE SÃO DESIDÉRIO,area de protecao ambiental de sao desiderio,BA,10969.79,Área de Proteção Ambiental · Estadual,-12.5004,-44.9995,-12.3532,-44.83734
conservacao,0000.15.1026,ÁREA DE PROTEÇÃO AMBIENTAL DE SÃO GERALDO DO ARAGUAIA,area de protecao ambiental de sao geraldo do araguaia,PA,26703.03,Área de Proteção Ambiental · Estadual,-6.37074,-48.6036,-6.05946,-48.38095
conservacao,0000.33.1837,ÁREA DE PROTEÇÃO AMBIENTAL DE SEPETIBA II,area de protecao ambiental de sepetiba ii,RJ,171.66,Área de Proteção Ambiental · Estadual,-22.97631,-43.67492,-22.95882,-43.65719
conservacao,0000.32.0338,ÁREA DE PROTEÇÃO AMBIENTAL DE SETIBA,area de protecao ambiental de setiba,ES,10971.45,Área de Proteção Ambiental · Estadual,-20.68058,-40.45927,-20.51158,-40.33195
conservacao,0000.26.0975,ÁREA DE PROTEÇÃO AMBIENTAL DE SIRINHAÉM,area de protecao ambiental de sirinhaem,PE,0.0,Área de Proteção Ambiental · Estadual,-8.6841,-35.23088,-8.57272,-35.05157
conservacao,0000.25.0490,ÁREA DE PROTEÇÃO AMBIENTAL DE TAMBABA,area de protecao ambiental de tambaba,PB,0.0,Área de Proteção Ambiental · Estadual,-7.41524,-34.91515,-7.28082,-34.79455
conservacao,0350.33.1879,ÀREA DE PROTEÇÃO AMBIENTAL DE TINGUÁ,area de protecao ambiental de tingua,RJ,5331.36,Área de Proteção Ambiental · Municipal,-22.68148,-43.47249,-22.57228,-43.38174
conservacao,3401.33.4820,ÁREA DE PROTEÇÃO AMBIENTAL DE TRÊS PICOS,area de protecao ambiental de tres picos,RJ,5581.18,Área de Proteção Ambiental · Municipal,-22.39341,-42.72768,-22.26843,-42.66498
conservacao,0000.21.1888,ÁREA DE PROTEÇÃO AMBIENTAL DE UPAON-AÇU / MIRITIBA / ALTO PREGUIÇAS,area de protecao ambiental de upaon-acu / miritiba / alto preguicas,MA,1558699.76,Área de Proteção Ambiental · Estadual,-3.25,-44.37499,-2.16667,-42.78333
conservacao,0000.00.0019,ÁREA DE PROTEÇÃO AMBIENTAL DELTA DO PARNAIBA,area de protecao ambiental delta do parnaiba,"CE, MA, PI",309583.08,Área de Proteção Ambiental · Federal,-3.10112,-42.49102,-2.62814,-41.1383
conservacao,0000.00.5310,ÁREA DE PROTEÇÃO AMBIENTAL DO ALBARDÃO,area de protecao ambiental do albardao,RS,55968.03,Área de Proteção Ambiental · Federal,-34.0116,-53.3705,-32.97622,-52.02985
conservacao,0490.33.3700,ÁREA DE PROTEÇÃO AMBIENTAL DO ALTO DO GAIA,area de protecao ambiental do alto do gaia,RJ,529.7,Área de Proteção Ambiental · Municipal,-22.90181,-42.98109,-22.86072,-42.88546
conservacao,0000.31.2612,ÁREA DE PROTEÇÃO AMBIENTAL DO ALTO DO MUCURI,area de protecao ambiental do alto do mucuri,MG,324754.81,Área de Proteção Ambiental · Estadual,-17.94094,-42.06003,-17.14798,-41.25606
conservacao,0000.33.2805,ÁREA DE PROTEÇÃO AMBIENTAL DO ALTO IGUAÇU,area de protecao ambiental do alto iguacu,RJ,22111.28,Área de Proteção Ambiental · Estadual,-22.72052,-43.47021,-22.55704,-43.28513
conservacao,3303.42.4599,ÁREA DE PROTEÇÃO AMBIENTAL DO ALTO RIO TURVO,area de protecao ambiental do alto rio turvo,SC,8245.87,Área de Proteção Ambiental · Municipal,-26.26935,-49.32593,-26.16454,-49.16841
conservacao,0240.33.2028,ÁREA DE PROTEÇÃO AMBIENTAL DO ARQUIPELAGO DE SANTANA,area de protecao ambiental do arquipelago de santana,RJ,0.0,Área de Proteção Ambiental · Municipal,-22.4505,-41.78373,-22.35883,-41.61707
conservacao,0000.00.3643,ÁREA DE PROTEÇÃO AMBIENTAL DO ARQUIPÉLAGO DE SÃO PEDRO E SÃO PAULO,area de protecao ambiental do arquipelago de sao pedro e sao paulo,RN,38455481.45,Área de Proteção Ambiental · Federal,-2.43631,-32.67645,4.27012,-26.01448
conservacao,0000.00.3633,ÁREA DE PROTEÇÃO AMBIENTAL DO ARQUIPÉLAGO DE TRINDADE E MARTIM VAZ,area de protecao ambiental do arquipelago de trindade e martim vaz,ES,40383874.67,Área de Proteção Ambiental · Federal,-23.87189,-32.89643,-17.12147,-25.29114
conservacao,0000.15.1023,ÁREA DE PROTEÇÃO AMBIENTAL DO ARQUIPÉLAGO DO MARAJÓ,area de protecao ambiental do arquipelago do marajo,PA,4524746.89,Área de Proteção Ambiental · Estadual,-1.91269,-51.43386,0.74653,-48.39009
conservacao,0606.35.4663,ÁREA DE PROTEÇÃO AMBIENTAL DO AVECUIA,area de protecao ambiental do avecuia,SP,13296.14,Área de Proteção Ambiental · Municipal,-23.3623,-47.53415,-23.19123,-47.41786
conservacao,0000.35.1694,ÁREA DE PROTEÇÃO AMBIENTAL DO BANHADO,area de protecao ambiental do banhado,SP,3121.42,Área de Proteção Ambiental · Estadual,-23.25523,-45.99857,-23.16026,-45.88872
conservacao,0000.43.1988,ÁREA DE PROTEÇÃO AMBIENTAL DO BANHADO GRANDE,area de protecao ambiental do banhado grande,RS,136815.82,Área de Proteção Ambiental · Estadual,-30.20355,-51.09819,-29.7668,-50.46659
conservacao,5930.31.3727,ÁREA DE PROTEÇÃO AMBIENTAL DO BOQUEIRÃO DA MIRA,area de protecao ambiental do boqueirao da mira,MG,8542.24,Área de Proteção Ambiental · Municipal,-22.10227,-44.12517,-22.01813,-43.93646
conservacao,0000.00.3655,ÁREA DE PROTEÇÃO AMBIENTAL DO BOQUEIRÃO DA ONÇA,area de protecao ambiental do boqueirao da onca,BA,505693.86,Área de Proteção Ambiental · Federal,-10.80934,-41.8874,-9.63651,-40.62576
conservacao,0000.23.4246,ÁREA DE PROTEÇÃO AMBIENTAL DO BOQUEIRÃO DO POTI,area de protecao ambiental do boqueirao do poti,CE,63307.32,Área de Proteção Ambiental · Estadual,-5.24725,-41.13828,-4.84106,-40.83383
conservacao,0820.42.1865,ÁREA DE PROTEÇÃO AMBIENTAL DO BRILHANTE,area de protecao ambiental do brilhante,SC,2014.95,Área de Proteção Ambiental · Municipal,-27.10028,-48.83705,-27.04623,-48.77479
conservacao,1880.35.2783,ÁREA DE PROTEÇÃO AMBIENTAL DO CABUÇU TANQUE GRANDE,area de protecao ambiental do cabucu tanque grande,SP,3207.66,Área de Proteção Ambiental · Municipal,-23.43143,-46.56751,-23.3559,-46.44533
conservacao,0950.35.2638,ÁREA DE PROTEÇÃO AMBIENTAL DO CAMPO GRANDE,area de protecao ambiental do campo grande,SP,945.2,Área de Proteção Ambiental · Municipal,-22.9359,-47.24624,-22.90397,-47.18652
conservacao,0415.33.4178,ÁREA DE PROTEÇÃO AMBIENTAL DO CANAL CAMPOS-MACAÉ,area de protecao ambiental do canal campos-macae,RJ,719.79,Área de Proteção Ambiental · Municipal,-22.17851,-41.58362,-21.99209,-41.42851
conservacao,0000.25.0902,ÁREA DE PROTEÇÃO AMBIENTAL DO CARIRI,area de protecao ambiental do cariri,PB,0.0,Área de Proteção Ambiental · Estadual,-7.42761,-36.42812,-7.33844,-36.22256
conservacao,0253.16.4562,ÁREA DE PROTEÇÃO AMBIENTAL DO CARMO,area de protecao ambiental do carmo,AP,5.38,Área de Proteção Ambiental · Municipal,0.465,-50.67817,0.46795,-50.6722
conservacao,0000.27.0920,ÁREA DE PROTEÇÃO AMBIENTAL DO CATOLÉ E FERNÃO VELHO,area de protecao ambiental do catole e fernao velho,AL,3712.17,Área de Proteção Ambiental · Estadual,-9.61894,-35.82432,-9.53373,-35.76138
conservacao,0000.52.1755,ÁREA DE PROTEÇÃO AMBIENTAL DO ENCANTADO,area de protecao ambiental do encantado,GO,0.0,Área de Proteção Ambiental · Estadual,-16.35847,-52.68448,-16.27254,-52.53621
conservacao,0606.35.4895,ÁREA DE PROTEÇÃO AMBIENTAL DO ENGENHO D?AGUA,area de protecao ambiental do engenho d?agua,SP,3089.56,Área de Proteção Ambiental · Municipal,-23.17253,-47.54694,-23.09257,-47.48575
conservacao,0490.33.3214,ÁREA DE PROTEÇÃO AMBIENTAL DO ENGENHO PEQUENO,area de protecao ambiental do engenho pequeno,RJ,1363.75,Área de Proteção Ambiental · Municipal,-22.8733,-43.0871,-22.83865,-43.01683
conservacao,0000.42.3963,ÁREA DE PROTEÇÃO AMBIENTAL DO ENTORNO COSTEIRO,area de protecao ambiental do entorno costeiro,SC,5340.41,Área de Proteção Ambiental · Estadual,-28.01173,-48.67419,-27.78576,-48.55907
conservacao,0040.33.3390,ÁREA DE PROTEÇÃO AMBIENTAL DO ENTORNO DA CICUTA,area de protecao ambiental do entorno da cicuta,RJ,525.62,Área de Proteção Ambiental · Municipal,-22.56967,-44.11224,-22.52932,-44.08715
conservacao,0000.23.0951,ÁREA DE PROTEÇÃO AMBIENTAL DO ESTUÁRIO DO RIO CEARÁ,area de protecao ambiental do estuario do rio ceara,CE,2737.06,Área de Proteção Ambiental · Estadual,-3.75781,-38.65924,-3.69216,-38.58648
conservacao,0000.23.0956,ÁREA DE PROTEÇÃO AMBIENTAL DO ESTUÁRIO DO RIO MUNDAÚ,area de protecao ambiental do estuario do rio mundau,CE,1558.78,Área de Proteção Ambiental · Estadual,-3.21815,-39.43242,-3.17541,-39.37733
conservacao,0055.52.3961,ÁREA DE PROTEÇÃO AMBIENTAL DO FANHA,area de protecao ambiental do fanha,GO,1581.0,Área de Proteção Ambiental · Municipal,-14.12266,-49.50692,-14.08036,-49.44385
conservacao,0000.23.4868,ÁREA DE PROTEÇÃO AMBIENTAL DO HORTO DO PADRE CÍCERO,area de protecao ambiental do horto do padre cicero,CE,1375.5,Área de Proteção Ambiental · Estadual,-7.18676,-39.36163,-7.15302,-39.30705
conservacao,0000.00.0021,ÁREA DE PROTEÇÃO AMBIENTAL DO IBIRAPUITÃ,area de protecao ambiental do ibirapuita,RS,316788.02,Área de Proteção Ambiental · Federal,-30.86306,-55.92235,-29.95614,-55.34988
conservacao,0000.00.0022,ÁREA DE PROTEÇÃO AMBIENTAL DO IGARAPÉ GELADO,area de protecao ambiental do igarape gelado,PA,23136.4,Área de Proteção Ambiental · Federal,-6.00348,-50.48027,-5.85612,-49.96682
conservacao,0690.41.2746,ÁREA DE PROTEÇÃO AMBIENTAL DO IGUAÇÚ,area de protecao ambiental do iguacu,PR,4288.19,Área de Proteção Ambiental · Municipal,-25.64489,-49.36581,-25.44381,-49.18546
conservacao,0000.41.0501,ÁREA DE PROTEÇÃO AMBIENTAL DO IRAÍ,area de protecao ambiental do irai,PR,10742.46,Área de Proteção Ambiental · Estadual,-25.44645,-49.14544,-25.31448,-48.99612
conservacao,3280.31.1532,ÁREA DE PROTEÇÃO AMBIENTAL DO ITACURU,area de protecao ambiental do itacuru,MG,23450.76,Área de Proteção Ambiental · Municipal,-19.51129,-43.38533,-19.30987,-43.19235
conservacao,0000.21.1890,ÁREA DE PROTEÇÃO AMBIENTAL DO ITAPIRACÓ,area de protecao ambiental do itapiraco,MA,355.32,Área de Proteção Ambiental · Estadual,-2.53295,-44.22344,-2.51805,-44.18998
conservacao,0680.15.3573,ÁREA DE PROTEÇÃO AMBIENTAL DO JUÁ,area de protecao ambiental do jua,PA,126.35,Área de Proteção Ambiental · Municipal,-2.44561,-54.78915,-2.43348,-54.77055
conservacao,0000.23.0949,ÁREA DE PROTEÇÃO AMBIENTAL DO LAGAMAR DO CAUIPE,area de protecao ambiental do lagamar do cauipe,CE,1691.1,Área de Proteção Ambiental · Estadual,-3.66216,-38.80796,-3.58184,-38.77315
conservacao,0000.29.0318,ÁREA DE PROTEÇÃO AMBIENTAL DO LAGO DE PEDRA DO CAVALO,area de protecao ambiental do lago de pedra do cavalo,BA,47244.59,Área de Proteção Ambiental · Estadual,-12.62087,-39.31263,-12.25883,-38.95968
conservacao,0000.15.1029,ÁREA DE PROTEÇÃO AMBIENTAL DO LAGO DE TUCURUI,area de protecao ambiental do lago de tucurui,PA,568217.64,Área de Proteção Ambiental · Estadual,-5.00054,-49.97661,-3.71705,-49.19803
conservacao,0000.53.1636,ÁREA DE PROTEÇÃO AMBIENTAL DO LAGO PARANOÁ,area de protecao ambiental do lago paranoa,DF,15948.01,Área de Proteção Ambiental · Estadual,-15.85756,-47.91679,-15.68822,-47.77421
conservacao,0660.52.3592,ÁREA DE PROTEÇÃO AMBIENTAL DO LIMOEIRO,area de protecao ambiental do limoeiro,GO,10602.88,Área de Proteção Ambiental · Municipal,-18.43016,-48.2274,-18.29833,-48.02921
conservacao,0000.29.0323,ÁREA DE PROTEÇÃO AMBIENTAL DO LITORAL NORTE DO ESTADO DA BAHIA,area de protecao ambiental do litoral norte do estado da bahia,BA,137179.41,Área de Proteção Ambiental · Estadual,-12.59594,-38.07058,-11.44083,-37.33196
conservacao,0000.28.0793,ÁREA DE PROTEÇÃO AMBIENTAL DO LITORAL SUL,area de protecao ambiental do litoral sul,SE,50366.28,Área de Proteção Ambiental · Estadual,-11.52342,-37.48943,-11.0845,-37.14093
conservacao,1207.33.4787,ÁREA DE PROTEÇÃO AMBIENTAL DO LIVRAMENTO,area de protecao ambiental do livramento,RJ,421.82,Área de Proteção Ambiental · Municipal,-21.98186,-42.6624,-21.95001,-42.63799
conservacao,0530.32.2652,ÁREA DE PROTEÇÃO AMBIENTAL DO MACIÇO CENTRAL,area de protecao ambiental do macico central,ES,638.93,Área de Proteção Ambiental · Municipal,-20.32067,-40.34956,-20.27154,-40.31441
conservacao,1504.33.4857,ÁREA DE PROTEÇÃO AMBIENTAL DO MANANCIAL,area de protecao ambiental do manancial,RJ,31.38,Área de Proteção Ambiental · Municipal,-22.04696,-42.38632,-22.03598,-42.37725
conservacao,0535.23.3128,ÁREA DE PROTEÇÃO AMBIENTAL DO MANGUEZAL DA BARRA GRANDE,area de protecao ambiental do manguezal da barra grande,CE,18109.68,Área de Proteção Ambiental · Municipal,-4.72178,-37.38619,-4.54824,-37.23121
conservacao,5752.33.4880,ÁREA DE PROTEÇÃO AMBIENTAL DO MORRO DE MUTUAPIRA,area de protecao ambiental do morro de mutuapira,RJ,594.57,Área de Proteção Ambiental · Municipal,-22.80402,-42.80309,-22.77313,-42.75765
conservacao,0605.33.4823,ÁREA DE PROTEÇÃO AMBIENTAL DO MORRO DO CALVÁRIO,area de protecao ambiental do morro do calvario,RJ,2.73,Área de Proteção Ambiental · Municipal,-21.1331,-41.68275,-21.13096,-41.68074
conservacao,9258.52.5192,ÁREA DE PROTEÇÃO AMBIENTAL DO MUNICÍPIO DE SANTA FÉ,area de protecao ambiental do municipio de santa fe,GO,471.63,Área de Proteção Ambiental · Municipal,-15.78449,-51.1617,-15.76602,-51.10972
conservacao,0455.33.1788,ÁREA DE PROTEÇÃO AMBIENTAL DO PARQUE MUNICIPAL ECOLÓGICO DE MARAPENDI,area de protecao ambiental do parque municipal ecologico de marapendi,RJ,940.19,Área de Proteção Ambiental · Municipal,-23.02307,-43.45025,-23.00058,-43.31326
conservacao,0000.41.0526,ÁREA DE PROTEÇÃO AMBIENTAL DO PASSAUNA,area de protecao ambiental do passauna,PR,15562.13,Área de Proteção Ambiental · Estadual,-25.54619,-49.42688,-25.30324,-49.32574
conservacao,0000.33.0724,ÁREA DE PROTEÇÃO AMBIENTAL DO PAU BRASIL,area de protecao ambiental do pau brasil,RJ,10546.77,Área de Proteção Ambiental · Estadual,-22.91482,-42.01041,-22.78052,-41.87769
conservacao,9800.29.4708,ÁREA DE PROTEÇÃO AMBIENTAL DO PAULISTA,area de protecao ambiental do paulista,BA,3079.12,Área de Proteção Ambiental · Municipal,-11.05716,-40.48172,-10.9572,-40.43645
conservacao,0000.41.0658,ÁREA DE PROTEÇÃO AMBIENTAL DO PEQUENO,area de protecao ambiental do pequeno,PR,0.0,Área de Proteção Ambiental · Estadual,-25.61724,-49.10408,-25.52197,-48.96174
conservacao,0000.32.0334,ÁREA DE PROTEÇÃO AMBIENTAL DO PICO DO GOIAPABA-AÇU,area de protecao ambiental do pico do goiapaba-acu,ES,3523.85,Área de Proteção Ambiental · Estadual,-19.93741,-40.49434,-19.86456,-40.4327
conservacao,0000.00.0023,ÁREA DE PROTEÇÃO AMBIENTAL DO PLANALTO CENTRAL,area de protecao ambiental do planalto central,"DF, GO",503419.0,Área de Proteção Ambiental · Federal,-16.05073,-48.28579,-15.18016,-47.30818
conservacao,0000.29.0319,ÁREA DE PROTEÇÃO AMBIENTAL DO PRATIGI,area de protecao ambiental do pratigi,BA,93086.75,Área de Proteção Ambiental · Estadual,-14.01831,-39.48777,-13.57402,-38.96396
conservacao,1405.33.4896,ÁREA DE PROTEÇÃO AMBIENTAL DO PROCURA,area de protecao ambiental do procura,RJ,21357.6,Área de Proteção Ambiental · Municipal,-22.27491,-41.97289,-22.04865,-41.79827
conservacao,1504.33.4858,ÁREA DE PROTEÇÃO AMBIENTAL DO RECANTO DAS PALMEIRAS,area de protecao ambiental do recanto das palmeiras,RJ,10.57,Área de Proteção Ambiental · Municipal,-22.04006,-42.37984,-22.03647,-42.37471
conservacao,0060.50.2607,ÁREA DE PROTEÇÃO AMBIENTAL DO RIO AMAMBAI,area de protecao ambiental do rio amambai,MS,58500.0,Área de Proteção Ambiental · Municipal,-23.11405,-55.43359,-22.87168,-54.46935
conservacao,3401.33.4821,ÁREA DE PROTEÇÃO AMBIENTAL DO RIO BONITO,area de protecao ambiental do rio bonito,RJ,6812.46,Área de Proteção Ambiental · Municipal,-22.43343,-42.48647,-22.38598,-42.27817
conservacao,0000.16.0293,ÁREA DE PROTEÇÃO AMBIENTAL DO RIO CURIAÚ,area de protecao ambiental do rio curiau,AP,21872.62,Área de Proteção Ambiental · Estadual,0.10347,-51.13011,0.24437,-50.93911
conservacao,0000.51.5308,ÁREA DE PROTEÇÃO AMBIENTAL DO RIO DA CASCA,area de protecao ambiental do rio da casca,MT,39851.89,Área de Proteção Ambiental · Estadual,-15.63119,-55.49991,-15.36393,-55.30722
conservacao,1500.42.2944,ÁREA DE PROTEÇÃO AMBIENTAL DO RIO DOS BUGRES,area de protecao ambiental do rio dos bugres,SC,7057.85,Área de Proteção Ambiental · Municipal,-26.43916,-49.56623,-26.27565,-49.47845
conservacao,0000.33.1512,AREA DE PROTEÇÃO AMBIENTAL DO RIO GUANDU,area de protecao ambiental do rio guandu,RJ,74295.22,Área de Proteção Ambiental · Estadual,-22.81555,-43.90612,-22.44552,-43.28904
conservacao,0000.11.2065,ÁREA DE PROTEÇÃO AMBIENTAL DO RIO MADEIRA,area de protecao ambiental do rio madeira,RO,5637.97,Área de Proteção Ambiental · Estadual,-8.8146,-63.95091,-8.62576,-63.89155
conservacao,0000.23.4278,ÁREA DE PROTEÇÃO AMBIENTAL DO RIO MARANGUAPINHO,area de protecao ambiental do rio maranguapinho,CE,1781.55,Área de Proteção Ambiental · Estadual,-3.90503,-38.67646,-3.74124,-38.58873
conservacao,0000.23.0959,ÁREA DE PROTEÇÃO AMBIENTAL DO RIO PACOTI,area de protecao ambiental do rio pacoti,CE,2910.99,Área de Proteção Ambiental · Estadual,-3.90385,-38.42877,-3.80344,-38.38083
conservacao,0000.11.4444,ÁREA DE PROTEÇÃO AMBIENTAL DO RIO PARDO,area de protecao ambiental do rio pardo,RO,113814.18,Área de Proteção Ambiental · Estadual,-10.00039,-64.13155,-9.48338,-63.65888
conservacao,0000.29.1016,ÁREA DE PROTEÇÃO AMBIENTAL DO RIO PRETO,area de protecao ambiental do rio preto,BA,1146862.01,Área de Proteção Ambiental · Estadual,-11.52791,-46.57073,-10.10748,-43.8275
conservacao,9308.52.5188,ÁREA DE PROTEÇÃO AMBIENTAL DO RIO SÃO TOMÁS,area de protecao ambiental do rio sao tomas,GO,196.85,Área de Proteção Ambiental · Municipal,-17.87661,-50.64126,-17.85659,-50.557
conservacao,0627.50.4094,ÁREA DE PROTEÇÃO AMBIENTAL DO RIO SUCURIU- PARAÍSO,area de protecao ambiental do rio sucuriu- paraiso,MS,308869.55,Área de Proteção Ambiental · Municipal,-19.55492,-53.40269,-18.7813,-52.56529
conservacao,0000.41.0506,ÁREA DE PROTEÇÃO AMBIENTAL DO RIO VERDE,area de protecao ambiental do rio verde,PR,14811.6,Área de Proteção Ambiental · Estadual,-25.55452,-49.53385,-25.37626,-49.40714
conservacao,2605.50.5312,ÁREA DE PROTEÇÃO AMBIENTAL DO RIO VERDE,area de protecao ambiental do rio verde,MS,197713.97,Área de Proteção Ambiental · Municipal,-19.58376,-53.63753,-19.04617,-53.07594
conservacao,1580.42.4310,ÁREA DE PROTEÇÃO AMBIENTAL DO RIO VERMELHO,area de protecao ambiental do rio vermelho,SC,23842.17,Área de Proteção Ambiental · Municipal,-26.39625,-49.40422,-26.23957,-49.16875
conservacao,0200.33.3984,ÁREA DE PROTEÇÃO AMBIENTAL DO SACO DE COROA GRANDE,area de protecao ambiental do saco de coroa grande,RJ,595.44,Área de Proteção Ambiental · Municipal,-22.92316,-43.88881,-22.89168,-43.8223
conservacao,0455.33.1820,ÁREA DE PROTEÇÃO AMBIENTAL DO SACOPÃ,area de protecao ambiental do sacopa,RJ,248.53,Área de Proteção Ambiental · Municipal,-22.97688,-43.20815,-22.95808,-43.18884
conservacao,0500.33.4320,ÁREA DE PROTEÇÃO AMBIENTAL DO SALGADO,area de protecao ambiental do salgado,RJ,910.2,Área de Proteção Ambiental · Municipal,-21.91136,-41.04696,-21.87717,-40.99927
conservacao,4100.31.4557,ÁREA DE PROTEÇÃO AMBIENTAL DO SALTO DO SUAÇUÍ,area de protecao ambiental do salto do suacui,MG,8097.76,Área de Proteção Ambiental · Municipal,-18.36622,-42.60395,-18.23905,-42.49173
conservacao,0000.51.0478,ÁREA DE PROTEÇÃO AMBIENTAL DO SALTO MAGESSI,area de protecao ambiental do salto magessi,MT,7845.37,Área de Proteção Ambiental · Estadual,-13.6173,-55.31854,-13.55743,-55.20724
conservacao,0240.33.2047,ÀREA DE PROTEÇÃO AMBIENTAL DO SANA,area de protecao ambiental do sana,RJ,0.0,Área de Proteção Ambiental · Municipal,-22.42439,-42.17318,-22.20939,-42.10207
conservacao,0455.33.4295,ÁREA DE PROTEÇÃO AMBIENTAL DO SERTÃO CARIOCA,area de protecao ambiental do sertao carioca,RJ,3248.05,Área de Proteção Ambiental · Municipal,-23.03095,-43.5284,-22.9569,-43.41489
conservacao,0000.00.0268,ÁREA DE PROTEÇÃO AMBIENTAL DO TAPAJÓS,area de protecao ambiental do tapajos,PA,2039258.1,Área de Proteção Ambiental · Federal,-7.94067,-57.64389,-5.31617,-55.83489
conservacao,3104.33.4585,ÁREA DE PROTEÇÃO AMBIENTAL DO TRIUNFO,area de protecao ambiental do triunfo,RJ,2770.89,Área de Proteção Ambiental · Municipal,-21.04224,-42.00536,-20.95649,-41.95399
conservacao,0000.22.4991,ÁREA DE PROTEÇÃO AMBIENTAL DO VALE DOS BURITIS E CARNAUBAIS,area de protecao ambiental do vale dos buritis e carnaubais,PI,25904.13,Área de Proteção Ambiental · Estadual,-8.20033,-42.93606,-8.04118,-42.6428
conservacao,5000.33.4767,ÁREA DE PROTEÇÃO AMBIENTAL DO VEIGA,area de protecao ambiental do veiga,RJ,284.03,Área de Proteção Ambiental · Municipal,-21.91109,-41.0052,-21.84966,-40.98127
conservacao,0000.22.4812,ÁREA DE PROTEÇÃO AMBIENTAL DOS ALTOS CURSOS DOS RIOS GURGUEIA E URUÇUÍ-VERMELHO,area de protecao ambiental dos altos cursos dos rios gurgueia e urucui-vermelho,PI,119918.71,Área de Proteção Ambiental · Estadual,-10.21704,-45.65716,-9.73924,-45.10743
conservacao,0134.52.3062,ÁREA DE PROTEÇÃO AMBIENTAL DOS BURITIS,area de protecao ambiental dos buritis,GO,184.79,Área de Proteção Ambiental · Municipal,-17.40107,-50.39694,-17.35947,-50.38518
conservacao,0000.00.3407,ÁREA DE PROTEÇÃO AMBIENTAL DOS CAMPOS DE MANICORÉ,area de protecao ambiental dos campos de manicore,AM,152389.93,Área de Proteção Ambiental · Federal,-7.46844,-61.55076,-6.81446,-61.18837
conservacao,8450.42.4583,ÁREA DE PROTEÇÃO AMBIENTAL DOS GUAIAMUNS,area de protecao ambiental dos guaiamuns,SC,1245.22,Área de Proteção Ambiental · Municipal,-26.02298,-48.63965,-25.97429,-48.59495
conservacao,2704.50.4796,ÁREA DE PROTEÇÃO AMBIENTAL DOS MANANCIAIS DO CÓRREGO GUARIROBA - APA DO GUARIROBA,area de protecao ambiental dos mananciais do corrego guariroba - apa do guariroba,MS,36153.68,Área de Proteção Ambiental · Municipal,-20.71068,-54.48668,-20.49902,-54.2172
conservacao,2704.50.4795,ÁREA DE PROTEÇÃO AMBIENTAL DOS MANANCIAIS DO CÓRREGO LAJEADO - APA DO LAJEADO,area de protecao ambiental dos mananciais do corrego lajeado - apa do lajeado,MS,5227.19,Área de Proteção Ambiental · Municipal,-20.54809,-54.57512,-20.4604,-54.49305
conservacao,2100.50.4439,ÁREA DE PROTEÇÃO AMBIENTAL DOS MANANCIAIS SUPERFICIAIS DAS NASCENTES DO RIO APA,area de protecao ambiental dos mananciais superficiais das nascentes do rio apa,MS,151708.52,Área de Proteção Ambiental · Municipal,-22.18773,-56.5597,-21.7969,-55.97166
conservacao,0000.00.0024,ÁREA DE PROTEÇÃO AMBIENTAL DOS MEANDROS DO RIO ARAGUAIA,area de protecao ambiental dos meandros do rio araguaia,"GO, MT, TO",359186.67,Área de Proteção Ambiental · Federal,-13.73828,-50.91505,-12.39483,-50.12923
conservacao,0330.33.3169,ÁREA DE PROTEÇÃO AMBIENTAL DOS MORROS DA GUANABARA,area de protecao ambiental dos morros da guanabara,RJ,526.49,Área de Proteção Ambiental · Municipal,-22.89621,-43.11666,-22.85341,-43.03916
conservacao,0000.21.1892,ÁREA DE PROTEÇÃO AMBIENTAL DOS MORROS GARAPENSES,area de protecao ambiental dos morros garapenses,MA,234319.2,Área de Proteção Ambiental · Estadual,-4.2341,-43.42921,-3.69025,-42.71979
conservacao,0000.52.1750,ÁREA DE PROTEÇÃO AMBIENTAL DOS PIRENEUS,area de protecao ambiental dos pireneus,GO,19183.33,Área de Proteção Ambiental · Estadual,-15.88248,-48.97768,-15.74468,-48.75948
conservacao,0000.24.1469,ÁREA DE PROTEÇÃO AMBIENTAL DOS RECIFES DE CORAIS,area de protecao ambiental dos recifes de corais,RN,136231.13,Área de Proteção Ambiental · Estadual,-5.49126,-35.50057,-4.99981,-35.16685
conservacao,0000.24.4031,ÁREA DE PROTEÇÃO AMBIENTAL DUNAS DO ROSADO,area de protecao ambiental dunas do rosado,RN,16584.15,Área de Proteção Ambiental · Estadual,-5.08793,-37.00558,-4.91258,-36.76976
conservacao,0000.29.0317,ÁREA DE PROTEÇÃO AMBIENTAL DUNAS E VEREDAS DO BAIXO MÉDIO SÃO FRANCISCO,area de protecao ambiental dunas e veredas do baixo medio sao francisco,BA,1024850.25,Área de Proteção Ambiental · Estadual,-11.17347,-43.39536,-9.82646,-42.55442
conservacao,6305.33.4955,ÁREA DE PROTEÇÃO AMBIENTAL ENTORNO CICUTA,area de protecao ambiental entorno cicuta,RJ,895.6,Área de Proteção Ambiental · Municipal,-22.58836,-44.09793,-22.53789,-44.06833
conservacao,0000.41.0498,ÁREA DE PROTEÇÃO AMBIENTAL ESTADUAL DA ESCARPA DEVONIANA,area de protecao ambiental estadual da escarpa devoniana,PR,392970.85,Área de Proteção Ambiental · Estadual,-25.94329,-50.38339,-24.11209,-49.29772
conservacao,0000.41.0548,ÁREA DE PROTEÇÃO AMBIENTAL ESTADUAL DA SERRA DA ESPERANÇA,area de protecao ambiental estadual da serra da esperanca,PR,204513.5,Área de Proteção Ambiental · Estadual,-26.18406,-51.33622,-25.06736,-50.87263
conservacao,0000.31.0405,ÁREA DE PROTEÇÃO AMBIENTAL ESTADUAL DAS ÁGUAS VERTENTES,area de protecao ambiental estadual das aguas vertentes,MG,76284.88,Área de Proteção Ambiental · Estadual,-18.53033,-43.53924,-18.23412,-43.19282
conservacao,0000.41.0500,ÁREA DE PROTEÇÃO AMBIENTAL ESTADUAL DE GUARATUBA,area de protecao ambiental estadual de guaratuba,"PR, SC",199376.9,Área de Proteção Ambiental · Estadual,-26.01539,-49.13495,-25.53896,-48.54212
conservacao,0000.33.0731,ÁREA DE PROTEÇÃO AMBIENTAL ESTADUAL DE TAMOIOS,area de protecao ambiental estadual de tamoios,RJ,22545.75,Área de Proteção Ambiental · Estadual,-23.2282,-44.53019,-22.91342,-44.09096
conservacao,0000.43.1987,ÁREA DE PROTEÇÃO AMBIENTAL ESTADUAL DELTA DO JACUÍ,area de protecao ambiental estadual delta do jacui,RS,22849.44,Área de Proteção Ambiental · Estadual,-30.06496,-51.48441,-29.8943,-51.20123
conservacao,0000.41.0502,ÁREA DE PROTEÇÃO AMBIENTAL ESTADUAL DO PIRAQUARA,area de protecao ambiental estadual do piraquara,PR,8976.87,Área de Proteção Ambiental · Estadual,-25.54303,-49.11585,-25.45989,-48.95791
conservacao,0000.41.0496,ÁREA DE PROTEÇÃO AMBIENTAL ESTADUAL GUARAQUEÇABA,area de protecao ambiental estadual guaraquecaba,"PR, SP",231582.2,Área de Proteção Ambiental · Estadual,-25.49347,-48.65722,-24.85821,-48.02352
conservacao,0500.32.2566,ÁREA DE PROTEÇÃO AMBIENTAL ESTADUAL MESTRE ÁLVARO,area de protecao ambiental estadual mestre alvaro,ES,2393.16,Área de Proteção Ambiental · Municipal,-20.19373,-40.34134,-20.14263,-40.27755
conservacao,0000.50.1579,ÁREA DE PROTEÇÃO AMBIENTAL ESTRADA PARQUE DE PIRAPUTANGA,area de protecao ambiental estrada parque de piraputanga,MS,10127.06,Área de Proteção Ambiental · Estadual,-20.53523,-55.6857,-20.43507,-55.4153
conservacao,0951.33.4686,ÁREA DE PROTEÇÃO AMBIENTAL FÁBRICA,area de protecao ambiental fabrica,RJ,1553.15,Área de Proteção Ambiental · Municipal,-22.06354,-43.19629,-22.02232,-43.12835
conservacao,6305.33.4956,ÁREA DE PROTEÇÃO AMBIENTAL FAZENDA BEATRIZ GAMA,area de protecao ambiental fazenda beatriz gama,RJ,142.18,Área de Proteção Ambiental · Municipal,-22.48413,-44.15354,-22.47278,-44.13097
conservacao,0760.52.3855,ÁREA DE PROTEÇÃO AMBIENTAL FAZENDA NOVA,area de protecao ambiental fazenda nova,GO,1294.44,Área de Proteção Ambiental · Municipal,-16.11106,-51.04874,-16.05387,-50.98569
conservacao,1910.52.3858,ÁREA DE PROTEÇÃO AMBIENTAL FAZENDA PRIMAVERA,area de protecao ambiental fazenda primavera,GO,2120.22,Área de Proteção Ambiental · Municipal,-16.67194,-49.70666,-16.61687,-49.64619
conservacao,0000.31.0402,ÁREA DE PROTEÇÃO AMBIENTAL FERNÃO DIAS,area de protecao ambiental fernao dias,MG,182213.99,Área de Proteção Ambiental · Estadual,-22.92128,-46.48,-22.5148,-45.56525
conservacao,0040.33.3389,ÁREA DE PROTEÇÃO AMBIENTAL FLORESTA DO CAFUNDÓ,area de protecao ambiental floresta do cafundo,RJ,1106.47,Área de Proteção Ambiental · Municipal,-22.56284,-44.29514,-22.51736,-44.24019
conservacao,6506.22.5183,ÁREA DE PROTEÇÃO AMBIENTAL FONTE DA NASCENTE (NASCENÇAS),area de protecao ambiental fonte da nascente (nascencas),PI,1.52,Área de Proteção Ambiental · Municipal,-6.98365,-41.06674,-6.98161,-41.06531
conservacao,0000.17.1500,ÁREA DE PROTEÇÃO AMBIENTAL FOZ DO RIO SANTA TEREZA,area de protecao ambiental foz do rio santa tereza,TO,50143.29,Área de Proteção Ambiental · Estadual,-12.00043,-48.66636,-11.75038,-48.49967
conservacao,1207.33.5197,ÁREA DE PROTEÇÃO AMBIENTAL FRANCISCO MENDES,area de protecao ambiental francisco mendes,RJ,0.94,Área de Proteção Ambiental · Municipal,-21.8783,-42.57946,-21.87702,-42.57862
conservacao,0951.33.5189,ÁREA DE PROTEÇÃO AMBIENTAL GROTÃO,area de protecao ambiental grotao,RJ,1.47,Área de Proteção Ambiental · Municipal,-22.03855,-43.21145,-22.03687,-43.20898
conservacao,0000.29.0314,ÁREA DE PROTEÇÃO AMBIENTAL GRUTAS DOS BREJÕES / VEREDAS DO ROMÃO GRAMACHO,area de protecao ambiental grutas dos brejoes / veredas do romao gramacho,BA,11868.89,Área de Proteção Ambiental · Estadual,-11.10221,-41.48827,-10.93615,-41.37622
conservacao,0000.29.0303,ÁREA DE PROTEÇÃO AMBIENTAL GUAIBIM,area de protecao ambiental guaibim,BA,2036.24,Área de Proteção Ambiental · Estadual,-13.38032,-38.97673,-13.20941,-38.92127
conservacao,0350.33.1872,ÁREA DE PROTEÇÃO AMBIENTAL GUANDÚ-AÇU,area de protecao ambiental guandu-acu,RJ,935.89,Área de Proteção Ambiental · Municipal,-22.80896,-43.63516,-22.77045,-43.59264
conservacao,0000.35.3742,ÁREA DE PROTEÇÃO AMBIENTAL HARAS SÃO BERNARDO,area de protecao ambiental haras sao bernardo,SP,34.84,Área de Proteção Ambiental · Estadual,-23.69714,-46.53927,-23.68855,-46.53224
conservacao,0000.35.1701,ÁREA DE PROTEÇÃO AMBIENTAL IBITINGA,area de protecao ambiental ibitinga,SP,69087.95,Área de Proteção Ambiental · Estadual,-21.92727,-49.08351,-21.65077,-48.64279
conservacao,0000.12.0940,ÁREA DE PROTEÇÃO AMBIENTAL IGARAPÉ SÃO FRANCISCO,area de protecao ambiental igarape sao francisco,AC,30019.26,Área de Proteção Ambiental · Estadual,-10.01022,-68.16583,-9.84902,-67.77787
conservacao,0000.35.1702,ÁREA DE PROTEÇÃO AMBIENTAL ILHA COMPRIDA,area de protecao ambiental ilha comprida,SP,18907.47,Área de Proteção Ambiental · Estadual,-25.05402,-47.91855,-24.67442,-47.43259
conservacao,0000.17.1501,ÁREA DE PROTEÇÃO AMBIENTAL ILHA DO BANANAL/CANTÃO,area de protecao ambiental ilha do bananal/cantao,TO,1569995.64,Área de Proteção Ambiental · Estadual,-10.39275,-50.15263,-8.54111,-48.89468
conservacao,2601.33.4884,ÁREA DE PROTEÇÃO AMBIENTAL ILHA VERDE,area de protecao ambiental ilha verde,RJ,7.0,Área de Proteção Ambiental · Municipal,-22.93019,-43.94092,-22.92761,-43.93681
conservacao,0000.00.0025,ÁREA DE PROTEÇÃO AMBIENTAL ILHAS E VÁRZEAS DO RIO PARANÁ,area de protecao ambiental ilhas e varzeas do rio parana,"MS, PR, SP",1005173.3,Área de Proteção Ambiental · Federal,-24.08541,-54.37874,-22.27038,-52.87911
conservacao,0993.52.3857,ÁREA DE PROTEÇÃO AMBIENTAL INACIOLÂNDIA,area de protecao ambiental inaciolandia,GO,107.72,Área de Proteção Ambiental · Municipal,-18.49889,-49.98029,-18.47176,-49.94572
conservacao,0200.33.3981,ÁREA DE PROTEÇÃO AMBIENTAL ITAGUAÍ ITINGUSSÚ ESPIGÃO TAQUARA,area de protecao ambiental itaguai itingussu espigao taquara,RJ,13589.9,Área de Proteção Ambiental · Municipal,-22.94796,-43.93908,-22.69361,-43.7369
conservacao,0000.35.1703,ÁREA DE PROTEÇÃO AMBIENTAL ITUPARARANGA,area de protecao ambiental itupararanga,SP,93441.23,Área de Proteção Ambiental · Estadual,-23.84644,-47.41375,-23.55293,-46.98575
conservacao,0350.33.1878,ÁREA DE PROTEÇÃO AMBIENTAL JACERUBA,area de protecao ambiental jaceruba,RJ,2338.89,Área de Proteção Ambiental · Municipal,-22.64249,-43.62909,-22.57675,-43.55052
conservacao,0000.17.1499,ÁREA DE PROTEÇÃO AMBIENTAL JALAPÃO,area de protecao ambiental jalapao,TO,0.0,Área de Proteção Ambiental · Estadual,-10.66055,-47.38064,-10.02007,-46.2271
conservacao,0000.52.0353,ÁREA DE PROTEÇÃO AMBIENTAL JOÃO LEITE,area de protecao ambiental joao leite,GO,71341.1,Área de Proteção Ambiental · Estadual,-16.58166,-49.22934,-16.20976,-48.96142
conservacao,0000.35.1704,ÁREA DE PROTEÇÃO AMBIENTAL JUNDIAÍ,area de protecao ambiental jundiai,SP,50071.43,Área de Proteção Ambiental · Estadual,-23.3273,-47.05558,-23.07632,-46.7354
conservacao,0830.50.2846,ÁREA DE PROTEÇÃO AMBIENTAL JUPIÁ,area de protecao ambiental jupia,MS,0.0,Área de Proteção Ambiental · Municipal,-20.79483,-51.65989,-20.78588,-51.64471
conservacao,0300.27.4843,ÁREA DE PROTEÇÃO AMBIENTAL JUREMA,area de protecao ambiental jurema,AL,242.67,Área de Proteção Ambiental · Municipal,-9.79064,-36.67843,-9.77021,-36.65179
conservacao,0000.17.1497,ÁREA DE PROTEÇÃO AMBIENTAL LAGO DE PALMAS,area de protecao ambiental lago de palmas,TO,63858.34,Área de Proteção Ambiental · Estadual,-10.37002,-48.58075,-10.01703,-48.36506
conservacao,0000.17.1494,ÁREA DE PROTEÇÃO AMBIENTAL LAGO DE PEIXE/ANGICAL,area de protecao ambiental lago de peixe/angical,TO,75450.75,Área de Proteção Ambiental · Estadual,-12.79924,-48.39431,-12.19367,-47.80863
conservacao,0000.17.1493,ÁREA DE PROTEÇÃO AMBIENTAL LAGO DE SANTA ISABEL,area de protecao ambiental lago de santa isabel,TO,18585.37,Área de Proteção Ambiental · Estadual,-6.51008,-48.64268,-6.13442,-48.30612
conservacao,0000.17.1492,"ÁREA DE PROTEÇÃO AMBIENTAL LAGO DE SÃO SALVADOR DO TOCANTINS, PARANÃ E PALMEIRÓPOLIS","area de protecao ambiental lago de sao salvador do tocantins, parana e palmeiropolis",TO,14224.55,Área de Proteção Ambiental · Estadual,-13.31083,-48.26904,-12.7958,-48.11948
conservacao,0000.29.1015,ÁREA DE PROTEÇÃO AMBIENTAL LAGO DE SOBRADINHO,area de protecao ambiental lago de sobradinho,BA,1235597.86,Área de Proteção Ambiental · Estadual,-10.45254,-42.85457,-8.99407,-40.69509
conservacao,0000.12.0941,ÁREA DE PROTEÇÃO AMBIENTAL LAGO DO AMAPÁ,area de protecao ambiental lago do amapa,AC,5176.69,Área de Proteção Ambiental · Estadual,-10.08433,-67.89036,-10.00533,-67.80588
conservacao,0456.33.5164,ÁREA DE PROTEÇÃO AMBIENTAL LAGO DO BARRO VERMELHO,area de protecao ambiental lago do barro vermelho,RJ,18.22,Área de Proteção Ambiental · Municipal,-22.74948,-43.38306,-22.74358,-43.37791
conservacao,0000.29.0329,ÁREA DE PROTEÇÃO AMBIENTAL LAGOA DE ITAPARICA,area de protecao ambiental lagoa de itaparica,BA,78147.89,Área de Proteção Ambiental · Estadual,-11.2187,-42.88372,-10.91554,-42.66705
conservacao,0000.29.0312,ÁREA DE PROTEÇÃO AMBIENTAL LAGOA ENCANTADA,area de protecao ambiental lagoa encantada,BA,158400.36,Área de Proteção Ambiental · Estadual,-14.8094,-39.71871,-14.47178,-39.03026
conservacao,0080.52.3927,ÁREA DE PROTEÇÃO AMBIENTAL LAGOA GRANDE,area de protecao ambiental lagoa grande,GO,402.33,Área de Proteção Ambiental · Municipal,-14.61704,-46.67063,-14.57941,-46.64545
conservacao,3404.31.5244,ÁREA DE PROTEÇÃO AMBIENTAL LAGOAS DE CARATINGA,area de protecao ambiental lagoas de caratinga,MG,19899.98,Área de Proteção Ambiental · Municipal,-19.60399,-42.52154,-19.43976,-42.32056
conservacao,0000.29.0316,ÁREA DE PROTEÇÃO AMBIENTAL LAGOAS DE GUARAJUBA,area de protecao ambiental lagoas de guarajuba,BA,2026.65,Área de Proteção Ambiental · Estadual,-12.71224,-38.14325,-12.58599,-38.03292
conservacao,0000.29.0315,ÁREA DE PROTEÇÃO AMBIENTAL LAGOAS E DUNAS DO ABAETÉ,area de protecao ambiental lagoas e dunas do abaete,BA,1242.41,Área de Proteção Ambiental · Estadual,-12.95457,-38.36278,-12.90761,-38.31122
conservacao,0000.31.0407,ÁREA DE PROTEÇÃO AMBIENTAL LAJEDÃO,area de protecao ambiental lajedao,MG,12004.35,Área de Proteção Ambiental · Estadual,-14.91511,-43.8894,-14.78938,-43.70992
conservacao,0040.33.4334,ÁREA DE PROTEÇÃO AMBIENTAL LESTE,area de protecao ambiental leste,RJ,665.79,Área de Proteção Ambiental · Municipal,-22.55343,-44.15402,-22.53183,-44.10936
conservacao,0515.33.3978,ÁREA DE PROTEÇÃO AMBIENTAL MARAVILHA,area de protecao ambiental maravilha,RJ,11449.33,Área de Proteção Ambiental · Municipal,-22.26461,-43.02903,-22.13846,-42.82464
conservacao,0000.13.0994,ÁREA DE PROTEÇÃO AMBIENTAL MARGEM DIREITA DO RIO NEGRO- SETOR PADUARI-SOLIMÕES,area de protecao ambiental margem direita do rio negro- setor paduari-solimoes,AM,461731.66,Área de Proteção Ambiental · Estadual,-3.31561,-61.51603,-2.10403,-59.98624
conservacao,0000.13.0996,ÁREA DE PROTEÇÃO AMBIENTAL MARGEM ESQUERDA DO RIO NEGRO-SETOR ATURIÁ-APUAUZINHO,area de protecao ambiental margem esquerda do rio negro-setor aturia-apuauzinho,AM,568319.41,Área de Proteção Ambiental · Estadual,-2.95941,-61.18016,-1.78977,-60.02637
conservacao,0000.13.0995,ÁREA DE PROTEÇÃO AMBIENTAL MARGEM ESQUERDA DO RIO NEGRO-SETOR TARUMÃ AÇU-TARUMÃ MIRIMA,area de protecao ambiental margem esquerda do rio negro-setor taruma acu-taruma mirima,AM,55935.99,Área de Proteção Ambiental · Estadual,-3.04209,-60.29263,-2.71309,-60.08016
conservacao,0000.29.0311,ÁREA DE PROTEÇÃO AMBIENTAL MARIMBUS / IRAQUARA,area de protecao ambiental marimbus / iraquara,BA,124883.99,Área de Proteção Ambiental · Estadual,-12.68545,-41.7406,-12.17898,-41.2456
conservacao,0260.33.3205,ÁREA DE PROTEÇÃO AMBIENTAL MARINHA BOTO CINZA,area de protecao ambiental marinha boto cinza,RJ,26146.41,Área de Proteção Ambiental · Municipal,-23.0936,-44.05477,-22.91673,-43.79432
conservacao,0000.35.1721,ÁREA DE PROTEÇÃO AMBIENTAL MARINHA DO LITORAL NORTE,area de protecao ambiental marinha do litoral norte,SP,317193.67,Área de Proteção Ambiental · Estadual,-24.03402,-45.84997,-23.33346,-44.60001
conservacao,0000.26.3751,ÁREA DE PROTEÇÃO AMBIENTAL MARINHA RECIFES SERRAMBI,area de protecao ambiental marinha recifes serrambi,PE,84015.13,Área de Proteção Ambiental · Estadual,-8.80431,-35.04653,-8.535,-34.69958
conservacao,1940.31.4085,ÁREA DE PROTEÇÃO AMBIENTAL MATA DA BIQUINHA,area de protecao ambiental mata da biquinha,MG,329.02,Área de Proteção Ambiental · Municipal,-19.52168,-42.66206,-19.50245,-42.63531
conservacao,0000.35.1705,ÁREA DE PROTEÇÃO AMBIENTAL MATA DO IGUATEMÍ,area de protecao ambiental mata do iguatemi,SP,29.7,Área de Proteção Ambiental · Estadual,-23.57654,-46.42336,-23.57044,-46.41589
conservacao,2858.33.4624,ÁREA DE PROTEÇÃO AMBIENTAL MESQUITA,area de protecao ambiental mesquita,RJ,2713.25,Área de Proteção Ambiental · Municipal,-22.84051,-43.50239,-22.77521,-43.43591
conservacao,1308.52.3849,ÁREA DE PROTEÇÃO AMBIENTAL MINAÇU,area de protecao ambiental minacu,GO,2419.79,Área de Proteção Ambiental · Municipal,-13.64567,-48.28918,-13.57207,-48.24129
conservacao,0300.33.1944,AREA DE PROTEÇÃO AMBIENTAL MIRACEMA,area de protecao ambiental miracema,RJ,6781.2,Área de Proteção Ambiental · Municipal,-21.3884,-42.23729,-21.30604,-42.09277
conservacao,0040.32.2957,ÁREA DE PROTEÇÃO AMBIENTAL MONTE URUBU,area de protecao ambiental monte urubu,ES,523.62,Área de Proteção Ambiental · Municipal,-20.75755,-40.6391,-20.73613,-40.60493
conservacao,0350.33.1875,ÁREA DE PROTEÇÃO AMBIENTAL MORRO AGUDO,area de protecao ambiental morro agudo,RJ,0.0,Área de Proteção Ambiental · Municipal,-22.72391,-43.48208,-22.701,-43.44915
conservacao,0000.00.0027,ÁREA DE PROTEÇÃO AMBIENTAL MORRO DA PEDREIRA,area de protecao ambiental morro da pedreira,MG,131768.43,Área de Proteção Ambiental · Federal,-19.60184,-43.71178,-19.05227,-43.36967
conservacao,1350.43.1976,ÁREA DE PROTEÇÃO AMBIENTAL MORRO DE OSÓRIO,area de protecao ambiental morro de osorio,RS,0.0,Área de Proteção Ambiental · Municipal,-29.89599,-50.38471,-29.82603,-50.24718
conservacao,0000.35.1706,ÁREA DE PROTEÇÃO AMBIENTAL MORRO DE SÃO BENTO,area de protecao ambiental morro de sao bento,SP,3.17,Área de Proteção Ambiental · Estadual,-21.17606,-47.79899,-21.17362,-47.7968
conservacao,0120.52.4413,ÁREA DE PROTEÇÃO AMBIENTAL MOYSES DE CARVALHO ALVES,area de protecao ambiental moyses de carvalho alves,GO,23.55,Área de Proteção Ambiental · Municipal,-18.3288,-48.21095,-18.32309,-48.20397
conservacao,0500.32.2582,ÁREA DE PROTEÇÃO AMBIENTAL MUNICIPAL DA LAGOA JACUNÉM,area de protecao ambiental municipal da lagoa jacunem,ES,1331.77,Área de Proteção Ambiental · Municipal,-20.19401,-40.27668,-20.13682,-40.19722
conservacao,3856.33.4591,ÁREA DE PROTEÇÃO AMBIENTAL MUNICIPAL DA MARAVILHA,area de protecao ambiental municipal da maravilha,RJ,2114.78,Área de Proteção Ambiental · Municipal,-22.44845,-43.41433,-22.38937,-43.35892
conservacao,7906.31.4427,ÁREA DE PROTEÇÃO AMBIENTAL MUNICIPAL DA SERITINGA,area de protecao ambiental municipal da seritinga,MG,179.54,Área de Proteção Ambiental · Municipal,-20.39422,-42.19368,-20.37361,-42.18034
conservacao,1870.35.3977,ÁREA DE PROTEÇÃO AMBIENTAL MUNICIPAL DA SERRA DO GUARARU,area de protecao ambiental municipal da serra do guararu,SP,2559.86,Área de Proteção Ambiental · Municipal,-23.93758,-46.2172,-23.85688,-46.12388
conservacao,4144.33.4782,ÁREA DE PROTEÇÃO AMBIENTAL MUNICIPAL DAS FONTES,area de protecao ambiental municipal das fontes,RJ,675.15,Área de Proteção Ambiental · Municipal,-22.73159,-43.6247,-22.70447,-43.58773
conservacao,0270.33.3503,ÁREA DE PROTEÇÃO AMBIENTAL MUNICIPAL DAS SERRAS DE MARICÁ,area de protecao ambiental municipal das serras de marica,RJ,2652.23,Área de Proteção Ambiental · Municipal,-22.96105,-42.97695,-22.84379,-42.64581
conservacao,3404.31.5245,ÁREA DE PROTEÇÃO AMBIENTAL MUNICIPAL DE CARATINGA,area de protecao ambiental municipal de caratinga,MG,424.17,Área de Proteção Ambiental · Municipal,-19.84326,-42.12688,-19.81612,-42.10337
conservacao,0340.51.2832,ÁREA DE PROTEÇÃO AMBIENTAL MUNICIPAL DO ARICÁ-AÇU,area de protecao ambiental municipal do arica-acu,MT,75442.83,Área de Proteção Ambiental · Municipal,-15.71124,-55.95641,-15.44575,-55.56252
conservacao,5030.35.1959,ÁREA DE PROTEÇÃO AMBIENTAL MUNICIPAL DO CAPIVARI-MONOS,area de protecao ambiental municipal do capivari-monos,SP,25135.5,Área de Proteção Ambiental · Municipal,-24.00794,-46.81255,-23.84405,-46.60654
conservacao,4144.33.4891,ÁREA DE PROTEÇÃO AMBIENTAL MUNICIPAL DO CARMO,area de protecao ambiental municipal do carmo,RJ,8.64,Área de Proteção Ambiental · Municipal,-22.69712,-43.56371,-22.69467,-43.55987
conservacao,0525.51.4307,ÁREA DE PROTEÇÃO AMBIENTAL MUNICIPAL DO CÓRREGO LUCAS,area de protecao ambiental municipal do corrego lucas,MT,235.03,Área de Proteção Ambiental · Municipal,-13.10899,-55.95918,-13.086,-55.93194
conservacao,0130.32.2601,ÁREA DE PROTEÇÃO AMBIENTAL MUNICIPAL DO MONTE MOCHUARA,area de protecao ambiental municipal do monte mochuara,ES,2618.81,Área de Proteção Ambiental · Municipal,-20.32385,-40.50139,-20.26544,-40.41805
conservacao,0209.33.5206,ÁREA DE PROTEÇÃO AMBIENTAL MUNICIPAL DO MORRO DA BOA VISTA,area de protecao ambiental municipal do morro da boa vista,RJ,1011.21,Área de Proteção Ambiental · Municipal,-22.80373,-42.34152,-22.75471,-42.30588
conservacao,0209.33.5207,ÁREA DE PROTEÇÃO AMBIENTAL MUNICIPAL DO MORRO DE IGARAPIAPUNHA,area de protecao ambiental municipal do morro de igarapiapunha,RJ,120.76,Área de Proteção Ambiental · Municipal,-22.85475,-42.25844,-22.83811,-42.2449
conservacao,0500.32.2586,ÁREA DE PROTEÇÃO AMBIENTAL MUNICIPAL DO MORRO DO VILANTE,area de protecao ambiental municipal do morro do vilante,ES,249.96,Área de Proteção Ambiental · Municipal,-20.10833,-40.33354,-20.09071,-40.30947
conservacao,4144.33.4885,ÁREA DE PROTEÇÃO AMBIENTAL MUNICIPAL GUANDU-JACATIRÃO,area de protecao ambiental municipal guandu-jacatirao,RJ,91.8,Área de Proteção Ambiental · Municipal,-22.73159,-43.6289,-22.71973,-43.61568
conservacao,4144.33.4753,ÁREA DE PROTEÇÃO AMBIENTAL MUNICIPAL JACATIRÃO,area de protecao ambiental municipal jacatirao,RJ,46.13,Área de Proteção Ambiental · Municipal,-22.73829,-43.63362,-22.73016,-43.62502
conservacao,3856.33.4586,ÁREA DE PROTEÇÃO AMBIENTAL MUNICIPAL LAMEIRÃO/GOIABAL,area de protecao ambiental municipal lameirao/goiabal,RJ,336.41,Área de Proteção Ambiental · Municipal,-22.4433,-43.42192,-22.42195,-43.39764
conservacao,0500.32.2728,ÁREA DE PROTEÇÃO AMBIENTAL MUNICÍPAL MANGUEZAL SUL DA SERRA,area de protecao ambiental municipal manguezal sul da serra,ES,1061.5,Área de Proteção Ambiental · Municipal,-20.26055,-40.35218,-20.21907,-40.2894
conservacao,4144.33.4731,ÁREA DE PROTEÇÃO AMBIENTAL MUNICIPAL MONTE DA FÉ,area de protecao ambiental municipal monte da fe,RJ,43.61,Área de Proteção Ambiental · Municipal,-22.73838,-43.56864,-22.73062,-43.55876
conservacao,6753.22.5209,ÁREA DE PROTEÇÃO AMBIENTAL MUNICIPAL NOSSA SENHORA DE NAZARÉ,area de protecao ambiental municipal nossa senhora de nazare,PI,113.18,Área de Proteção Ambiental · Municipal,-4.62969,-42.17503,-4.61717,-42.16452
conservacao,0815.52.3865,ÁREA DE PROTECAO AMBIENTAL MUNICIPAL PIRACANJUBINHA,area de protecao ambiental municipal piracanjubinha,GO,924.88,Área de Proteção Ambiental · Municipal,-16.49815,-48.73684,-16.46069,-48.67552
conservacao,0430.33.1897,AREA DE PROTEÇÃO AMBIENTAL MUNICIPAL SERRA DO SAMBÊ,area de protecao ambiental municipal serra do sambe,RJ,3151.9,Área de Proteção Ambiental · Municipal,-22.70369,-42.6923,-22.63743,-42.6025
conservacao,0040.32.2575,ÁREA DE PROTEÇÃO AMBIENTAL MUNICIPAL TARTARUGAS,area de protecao ambiental municipal tartarugas,ES,1091.87,Área de Proteção Ambiental · Municipal,-20.84601,-40.6384,-20.78318,-40.57528
conservacao,9600.26.4569,ÁREA DE PROTEÇÃO AMBIENTAL NASCENTES DA ZONA RURAL,area de protecao ambiental nascentes da zona rural,PE,592.55,Área de Proteção Ambiental · Municipal,-8.00007,-34.89268,-7.97522,-34.85711
conservacao,0000.51.1896,ÁREA DE PROTEÇÃO AMBIENTAL NASCENTES DO RIO PARAGUAI,area de protecao ambiental nascentes do rio paraguai,MT,70856.58,Área de Proteção Ambiental · Estadual,-14.75059,-56.67577,-14.45564,-56.25049
conservacao,0000.25.3846,ÁREA DE PROTEÇÃO AMBIENTAL NAUFRÁGIO QUEIMADO,area de protecao ambiental naufragio queimado,PB,42265.07,Área de Proteção Ambiental · Estadual,-7.20899,-34.84233,-6.96454,-34.49204
conservacao,0000.13.0997,ÁREA DE PROTEÇÃO AMBIENTAL NHAMUNDÁ,area de protecao ambiental nhamunda,AM,201595.49,Área de Proteção Ambiental · Estadual,-2.57968,-57.05017,-2.13874,-56.33224
conservacao,0227.33.3487,ÁREA DE PROTEÇÃO AMBIENTAL NORMANDIA,area de protecao ambiental normandia,RJ,264.66,Área de Proteção Ambiental · Municipal,-22.66369,-43.63157,-22.64267,-43.60758
conservacao,1520.52.4156,ÁREA DE PROTEÇÃO AMBIENTAL NOVO BRASIL,area de protecao ambiental novo brasil,GO,121.07,Área de Proteção Ambiental · Municipal,-16.05497,-50.66981,-16.03877,-50.65421
conservacao,0455.33.2903,ÁREA DE PROTEÇÃO AMBIENTAL PAISAGEM CARIOCA,area de protecao ambiental paisagem carioca,RJ,203.98,Área de Proteção Ambiental · Municipal,-22.96756,-43.19239,-22.94836,-43.15102
conservacao,1580.52.3856,ÁREA DE PROTEÇÃO AMBIENTAL PALMELO,area de protecao ambiental palmelo,GO,450.56,Área de Proteção Ambiental · Municipal,-17.32432,-48.41287,-17.29021,-48.38237
conservacao,1600.52.3860,ÁREA DE PROTEÇÃO AMBIENTAL PANAMÁ,area de protecao ambiental panama,GO,64.75,Área de Proteção Ambiental · Municipal,-18.1705,-49.37406,-18.1573,-49.36369
conservacao,0000.31.3873,ÁREA DE PROTEÇÃO AMBIENTAL PARQUE CATAGUÁS,area de protecao ambiental parque cataguas,MG,98.51,Área de Proteção Ambiental · Estadual,-19.94599,-44.09068,-19.93526,-44.07656
conservacao,0000.35.1707,ÁREA DE PROTEÇÃO AMBIENTAL PARQUE E FAZENDA DO CARMO,area de protecao ambiental parque e fazenda do carmo,SP,865.59,Área de Proteção Ambiental · Estadual,-23.59792,-46.49105,-23.56588,-46.44192
conservacao,0260.13.2742,ÁREA DE PROTEÇÃO AMBIENTAL PARQUE LINEAR DO BINDÁ,area de protecao ambiental parque linear do binda,AM,0.0,Área de Proteção Ambiental · Municipal,-3.0737,-60.01106,-3.06537,-60.00883
conservacao,4000.31.3618,ÁREA DE PROTEÇÃO AMBIENTAL PARQUE MUNICIPAL DA ESTÂNCIA ECOLÓGICA DO CRUZEIRO,area de protecao ambiental parque municipal da estancia ecologica do cruzeiro,MG,27.59,Área de Proteção Ambiental · Municipal,-20.38678,-43.41756,-20.37953,-43.40851
conservacao,0000.15.1028,ÁREA DE PROTEÇÃO AMBIENTAL PAYTUNA,area de protecao ambiental paytuna,PA,57417.27,Área de Proteção Ambiental · Estadual,-2.21957,-54.36223,-1.97092,-54.0907
conservacao,0000.24.1472,ÁREA DE PROTEÇÃO AMBIENTAL PIQUIRI-UNA,area de protecao ambiental piquiri-una,RN,41344.71,Área de Proteção Ambiental · Estadual,-6.46877,-35.38757,-6.23932,-35.11952
conservacao,3170.31.3168,ÁREA DE PROTEÇÃO AMBIENTAL PIRACICABA,area de protecao ambiental piracicaba,MG,38030.65,Área de Proteção Ambiental · Municipal,-19.79045,-43.34137,-19.55783,-43.05361
conservacao,0000.35.1974,ÁREA DE PROTEÇÃO AMBIENTAL PIRACICABA JUQUERI MIRIM ÁREA I,area de protecao ambiental piracicaba juqueri mirim area i,SP,114191.76,Área de Proteção Ambiental · Estadual,-22.52323,-47.91608,-22.07983,-47.46157
conservacao,0000.35.1708,ÁREA DE PROTEÇÃO AMBIENTAL PIRACICABA JUQUERÍ-MIRIM AREA II,area de protecao ambiental piracicaba juqueri-mirim area ii,SP,285349.64,Área de Proteção Ambiental · Estadual,-23.31629,-47.05177,-22.57815,-46.04103
conservacao,0000.35.1709,ÁREA DE PROTEÇÃO AMBIENTAL PLANALTO DO TURVO,area de protecao ambiental planalto do turvo,SP,2719.13,Área de Proteção Ambiental · Estadual,-24.96784,-48.41401,-24.89118,-48.25338
conservacao,0000.29.0306,ÁREA DE PROTEÇÃO AMBIENTAL PONTA DA BALEIA / ABROLHOS,area de protecao ambiental ponta da baleia / abrolhos,BA,345551.24,Área de Proteção Ambiental · Estadual,-18.10015,-39.37756,-17.33347,-38.74999
conservacao,7103.29.4561,ÁREA DE PROTEÇÃO AMBIENTAL PONTAL/PERIPERI,area de protecao ambiental pontal/periperi,BA,574.56,Área de Proteção Ambiental · Municipal,-14.33673,-43.79566,-14.3024,-43.76552
conservacao,0350.33.2749,AREA DE PROTEÇÃO AMBIENTAL POSSE/GUARITA,area de protecao ambiental posse/guarita,RJ,0.0,Área de Proteção Ambiental · Municipal,-22.7249,-43.46253,-22.71798,-43.44903
conservacao,0000.52.0900,ÁREA DE PROTEÇÃO AMBIENTAL POUSO ALTO,area de protecao ambiental pouso alto,GO,839486.29,Área de Proteção Ambiental · Estadual,-14.46365,-48.24516,-13.45751,-47.06748
conservacao,1001.22.4446,ÁREA DE PROTEÇÃO AMBIENTAL PREFEITO JOÃO MENDES OLÍMPIO,area de protecao ambiental prefeito joao mendes olimpio,PI,14.91,Área de Proteção Ambiental · Municipal,-5.05829,-42.81221,-5.05437,-42.8084
conservacao,0000.35.1710,ÁREA DE PROTEÇÃO AMBIENTAL QUILOMBOS DO MÉDIO RIBEIRA,area de protecao ambiental quilombos do medio ribeira,SP,64797.63,Área de Proteção Ambiental · Estadual,-24.7411,-48.71802,-24.40431,-48.26676
conservacao,0220.33.3035,ÁREA DE PROTEÇÃO AMBIENTAL RAPOSO,area de protecao ambiental raposo,RJ,6160.78,Área de Proteção Ambiental · Municipal,-21.13172,-42.11995,-21.03067,-42.01583
conservacao,0000.35.1711,ÁREA DE PROTEÇÃO AMBIENTAL REPRESA BAIRRO DA USINA,area de protecao ambiental represa bairro da usina,SP,997.46,Área de Proteção Ambiental · Estadual,-23.1122,-46.65495,-23.07232,-46.61541
conservacao,5210.31.3627,ÁREA DE PROTEÇÃO AMBIENTAL RESERVA ECOLÓGICA VAU AÇU,area de protecao ambiental reserva ecologica vau acu,MG,277.02,Área de Proteção Ambiental · Municipal,-20.4685,-42.90736,-20.44694,-42.88993
conservacao,0350.33.1873,ÀREA DE PROTEÇÃO AMBIENTAL RETIRO,area de protecao ambiental retiro,RJ,1029.87,Área de Proteção Ambiental · Municipal,-22.70044,-43.42315,-22.67198,-43.36442
conservacao,0300.51.4911,"ÁREA DE PROTEÇÃO AMBIENTAL RIBEIRÃO CLARO, ÁGUA EMENDADA, PARAÍSO E RIO ARAGUAINHA","area de protecao ambiental ribeirao claro, agua emendada, paraiso e rio araguainha",MT,15451.19,Área de Proteção Ambiental · Municipal,-17.29716,-53.45147,-17.10785,-53.19446
conservacao,1340.31.2815,AREA DE PROTEÇÃO AMBIENTAL RIBEIRÃO D LAJE,area de protecao ambiental ribeirao d laje,MG,2553.27,Área de Proteção Ambiental · Municipal,-19.82353,-42.12844,-19.78028,-42.05889
conservacao,0300.51.4905,"ÁREA DE PROTEÇÃO AMBIENTAL RIO ARAGUAIA, CÓRREGO RICO, COUTO MAGALHÃES E RIO ARAGUAINHA,","area de protecao ambiental rio araguaia, corrego rico, couto magalhaes e rio araguainha,",MT,48774.34,Área de Proteção Ambiental · Municipal,-17.01241,-53.36318,-16.80726,-53.01235
conservacao,0000.35.1712,ÁREA DE PROTEÇÃO AMBIENTAL RIO BATALHA,area de protecao ambiental rio batalha,SP,236275.38,Área de Proteção Ambiental · Estadual,-22.50212,-49.52656,-21.66969,-49.01739
conservacao,0000.29.0313,ÁREA DE PROTEÇÃO AMBIENTAL RIO CAPIVARA,area de protecao ambiental rio capivara,BA,1890.73,Área de Proteção Ambiental · Estadual,-12.81488,-38.21521,-12.70766,-38.12268
conservacao,0000.50.1578,ÁREA DE PROTEÇÃO AMBIENTAL RIO CÊNICO ROTAS MONÇOEIRAS,area de protecao ambiental rio cenico rotas moncoeiras,MS,15422.63,Área de Proteção Ambiental · Estadual,-19.43038,-54.61439,-18.66982,-54.17579
conservacao,0350.33.1871,ÀREA DE PROTEÇÃO AMBIENTAL RIO D´OURO,area de protecao ambiental rio d ouro,RJ,2828.65,Área de Proteção Ambiental · Municipal,-22.68893,-43.55071,-22.638,-43.45135
conservacao,0480.33.2912,ÁREA DE PROTEÇÃO AMBIENTAL RIO DO COLÉGIO,area de protecao ambiental rio do colegio,RJ,5376.38,Área de Proteção Ambiental · Municipal,-21.82473,-41.89858,-21.73777,-41.78054
conservacao,1405.52.4227,ÁREA DE PROTEÇÃO AMBIENTAL RIO PALMEIRAL,area de protecao ambiental rio palmeiral,GO,614.36,Área de Proteção Ambiental · Municipal,-14.00522,-50.26674,-13.65463,-50.15643
conservacao,0000.35.1713,ÁREA DE PROTEÇÃO AMBIENTAL RIO PARDINHO E RIO VERMELHO,area de protecao ambiental rio pardinho e rio vermelho,SP,3233.08,Área de Proteção Ambiental · Estadual,-25.08482,-48.58429,-24.93883,-48.48252
conservacao,0000.25.2309,ÁREA DE PROTEÇÃO AMBIENTAL RONCADOR,area de protecao ambiental roncador,PB,0.0,Área de Proteção Ambiental · Estadual,-6.79663,-35.60632,-6.72094,-35.50372
conservacao,0000.43.1996,ÁREA DE PROTEÇÃO AMBIENTAL ROTA DO SOL,area de protecao ambiental rota do sol,RS,54705.63,Área de Proteção Ambiental · Estadual,-29.48141,-50.38588,-29.23925,-50.0251
conservacao,0600.33.3746,ÁREA DE PROTEÇÃO AMBIENTAL SANTA FÉ,area de protecao ambiental santa fe,RJ,1813.39,Área de Proteção Ambiental · Municipal,-22.11064,-43.1858,-22.03596,-43.12799
conservacao,1207.33.4764,ÁREA DE PROTEÇÃO AMBIENTAL SANTA FÉ,area de protecao ambiental santa fe,RJ,3806.12,Área de Proteção Ambiental · Municipal,-22.00082,-42.59952,-21.88654,-42.53704
conservacao,0000.29.0327,ÁREA DE PROTEÇÃO AMBIENTAL SANTO ANTÔNIO,area de protecao ambiental santo antonio,BA,25922.64,Área de Proteção Ambiental · Estadual,-16.29904,-39.07007,-15.86521,-38.86547
conservacao,3170.31.3170,ÁREA DE PROTEÇÃO AMBIENTAL SANTO ANTÔNIO,area de protecao ambiental santo antonio,MG,63470.19,Área de Proteção Ambiental · Municipal,-19.68543,-43.54318,-19.42211,-43.10316
conservacao,4607.33.4704,ÁREA DE PROTEÇÃO AMBIENTAL SÃO DOMINGOS,area de protecao ambiental sao domingos,RJ,557.61,Área de Proteção Ambiental · Municipal,-21.98036,-42.03595,-21.94103,-41.98423
conservacao,0000.35.1714,ÁREA DE PROTEÇÃO AMBIENTAL SÃO FRANCISCO XAVIER,area de protecao ambiental sao francisco xavier,SP,11951.9,Área de Proteção Ambiental · Estadual,-22.93272,-46.0507,-22.81627,-45.86386
conservacao,2028.52.4172,ÁREA DE PROTEÇÃO AMBIENTAL SÃO PATRICIO,area de protecao ambiental sao patricio,GO,148.93,Área de Proteção Ambiental · Municipal,-15.37418,-49.82872,-15.35173,-49.79209
conservacao,0000.35.1715,ÁREA DE PROTEÇÃO AMBIENTAL SAPUCAÍ MIRIM,area de protecao ambiental sapucai mirim,SP,38820.58,Área de Proteção Ambiental · Estadual,-22.89106,-45.82,-22.57339,-45.5552
conservacao,0000.29.0322,ÁREA DE PROTEÇÃO AMBIENTAL SERRA BRANCA / RASO DA CATARINA,area de protecao ambiental serra branca / raso da catarina,BA,67283.87,Área de Proteção Ambiental · Estadual,-10.00045,-38.87227,-9.74174,-38.43476
conservacao,2190.52.4287,ÁREA DE PROTEÇÃO AMBIENTAL SERRA DA ARNICA,area de protecao ambiental serra da arnica,GO,1127.71,Área de Proteção Ambiental · Municipal,-17.12695,-49.56641,-17.08979,-49.51581
conservacao,0000.00.0029,ÁREA DE PROTEÇÃO AMBIENTAL SERRA DA IBIAPABA,area de protecao ambiental serra da ibiapaba,"CE, PI",1628729.07,Área de Proteção Ambiental · Federal,-4.96207,-41.9958,-3.04138,-40.74088
conservacao,0000.52.1751,ÁREA DE PROTEÇÃO AMBIENTAL SERRA DA JIBÓIA,area de protecao ambiental serra da jiboia,GO,17161.47,Área de Proteção Ambiental · Estadual,-16.76483,-49.83349,-16.56563,-49.71766
conservacao,0000.00.0011,ÁREA DE PROTEÇÃO AMBIENTAL SERRA DA MANTIQUEIRA,area de protecao ambiental serra da mantiqueira,"MG, RJ, SP",437517.1,Área de Proteção Ambiental · Federal,-22.88287,-45.81993,-21.91997,-44.18785
conservacao,0000.00.1683,ÁREA DE PROTEÇÃO AMBIENTAL SERRA DA MERUOCA,area de protecao ambiental serra da meruoca,CE,29361.16,Área de Proteção Ambiental · Federal,-3.71379,-40.60136,-3.49902,-40.35371
conservacao,1157.33.5112,ÁREA DE PROTEÇÃO AMBIENTAL SERRA DA ONÇA,area de protecao ambiental serra da onca,RJ,2192.35,Área de Proteção Ambiental · Municipal,-21.55872,-41.46591,-21.49683,-41.39654
conservacao,0000.00.0012,ÁREA DE PROTEÇÃO AMBIENTAL SERRA DA TABATINGA,area de protecao ambiental serra da tabatinga,"BA, MA, PI, TO",41779.16,Área de Proteção Ambiental · Federal,-10.40435,-46.01065,-10.15872,-45.69822
conservacao,2420.31.2941,ÁREA DE PROTEÇÃO AMBIENTAL SERRA DA VARGEM ALEGRE,area de protecao ambiental serra da vargem alegre,MG,0.0,Área de Proteção Ambiental · Municipal,-20.66049,-41.90318,-20.47854,-41.80151
conservacao,0000.29.0307,ÁREA DE PROTEÇÃO AMBIENTAL SERRA DO BARBADO,area de protecao ambiental serra do barbado,BA,68037.72,Área de Proteção Ambiental · Estadual,-13.54217,-42.04376,-13.1461,-41.70863
conservacao,0000.35.3887,ÁREA DE PROTEÇÃO AMBIENTAL SERRA DO ITAPETI,area de protecao ambiental serra do itapeti,SP,5141.2,Área de Proteção Ambiental · Estadual,-23.52641,-46.27029,-23.44427,-46.08028
conservacao,0000.17.1498,ÁREA DE PROTEÇÃO AMBIENTAL SERRA DO LAJEADO,area de protecao ambiental serra do lajeado,TO,111881.52,Área de Proteção Ambiental · Estadual,-10.44205,-48.36205,-9.71071,-48.07118
conservacao,0000.35.1716,ÁREA DE PROTEÇÃO AMBIENTAL SERRA DO MAR,area de protecao ambiental serra do mar,SP,417290.69,Área de Proteção Ambiental · Estadual,-24.63952,-48.52108,-23.9131,-47.01374
conservacao,0000.31.0408,ÁREA DE PROTEÇÃO AMBIENTAL SERRA DO SABONETAL,area de protecao ambiental serra do sabonetal,MG,85442.87,Área de Proteção Ambiental · Estadual,-15.5322,-44.17333,-15.09313,-43.78164
conservacao,6870.31.2806,ÁREA DE PROTEÇÃO AMBIENTAL SERRA DO TIMÓTEO,area de protecao ambiental serra do timoteo,MG,3165.64,Área de Proteção Ambiental · Municipal,-19.61567,-42.64609,-19.53442,-42.57504
conservacao,0910.42.2923,ÁREA DE PROTEÇÃO AMBIENTAL SERRA DONA FRANCISCA,area de protecao ambiental serra dona francisca,SC,40491.47,Área de Proteção Ambiental · Municipal,-26.33631,-49.19128,-26.07471,-48.90788
conservacao,1940.31.4070,ÁREA DE PROTEÇÃO AMBIENTAL SERRA DOS COCAIS,area de protecao ambiental serra dos cocais,MG,16692.89,Área de Proteção Ambiental · Municipal,-19.53402,-42.79309,-19.34331,-42.59536
conservacao,0000.52.1748,ÁREA DE PROTEÇÃO AMBIENTAL SERRA GERAL DE GOIÁS,area de protecao ambiental serra geral de goias,GO,44146.52,Área de Proteção Ambiental · Estadual,-13.8945,-46.46518,-13.45663,-46.16186
conservacao,0000.31.0361,ÁREA DE PROTEÇÃO AMBIENTAL SERRA SÃO JOSÉ,area de protecao ambiental serra sao jose,MG,4651.11,Área de Proteção Ambiental · Estadual,-21.12247,-44.21831,-21.03781,-44.10508
conservacao,0000.23.5212,ÁREA DE PROTEÇÃO AMBIENTAL SERRAS DA CAATINGA,area de protecao ambiental serras da caatinga,CE,66432.2,Área de Proteção Ambiental · Estadual,-4.61219,-39.81811,-4.32848,-39.45355
conservacao,0000.23.5213,ÁREA DE PROTEÇÃO AMBIENTAL SERRAS DE IRAUÇUBA,area de protecao ambiental serras de iraucuba,CE,4969.34,Área de Proteção Ambiental · Estadual,-4.08556,-39.80321,-3.9747,-39.72857
conservacao,0000.26.4193,ÁREA DE PROTEÇÃO AMBIENTAL SERRAS E BREJOS DO CAPIBARIBE,area de protecao ambiental serras e brejos do capibaribe,PE,73781.52,Área de Proteção Ambiental · Estadual,-8.30321,-36.52545,-7.86714,-35.99137
conservacao,0000.35.1717,ÁREA DE PROTEÇÃO AMBIENTAL SILVEIRAS,area de protecao ambiental silveiras,SP,41507.63,Área de Proteção Ambiental · Estadual,-22.89637,-44.92637,-22.59877,-44.74374
conservacao,0000.35.1718,ÁREA DE PROTEÇÃO AMBIENTAL SISTEMA CANTAREIRA,area de protecao ambiental sistema cantareira,SP,254092.42,Área de Proteção Ambiental · Estadual,-23.43095,-46.72067,-22.807,-46.04108
conservacao,1160.26.4257,ÁREA DE PROTEÇÃO AMBIENTAL SÍTIO DOS PINTOS,area de protecao ambiental sitio dos pintos,PE,152.5,Área de Proteção Ambiental · Municipal,-8.02254,-34.96285,-8.00727,-34.95133
conservacao,0000.31.0400,ÁREA DE PROTEÇÃO AMBIENTAL SUL-RMBH,area de protecao ambiental sul-rmbh,MG,164429.26,Área de Proteção Ambiental · Estadual,-20.26288,-44.20431,-19.91897,-43.42437
conservacao,0250.33.2801,ÁREA DE PROTEÇÃO AMBIENTAL SURUÍ,area de protecao ambiental surui,RJ,0.0,Área de Proteção Ambiental · Municipal,-22.71505,-43.17999,-22.53661,-43.035
conservacao,0000.35.3888,ÁREA DE PROTEÇÃO AMBIENTAL TANQUÃ-RIO PIRACICABA,area de protecao ambiental tanqua-rio piracicaba,SP,14038.2,Área de Proteção Ambiental · Estadual,-22.73202,-48.35018,-22.54268,-47.89615
conservacao,0360.13.3557,ÁREA DE PROTEÇÃO AMBIENTAL TAPURUQUARA,area de protecao ambiental tapuruquara,AM,3042455.6,Área de Proteção Ambiental · Municipal,-1.65217,-67.64948,0.78123,-63.96405
conservacao,0260.13.2738,AREA DE PROTEÇÃO AMBIENTAL TARUMA/PONTA NEGRA,area de protecao ambiental taruma/ponta negra,AM,0.0,Área de Proteção Ambiental · Municipal,-3.09607,-60.14521,-2.68331,-60.01702
conservacao,0000.35.1719,ÁREA DE PROTEÇÃO AMBIENTAL TIETÊ,area de protecao ambiental tiete,SP,46161.44,Área de Proteção Ambiental · Estadual,-23.22333,-47.83935,-22.87636,-47.58336
conservacao,0350.33.1876,ÀREA DE PROTEÇÃO AMBIENTAL TINGUAZINHO,area de protecao ambiental tinguazinho,RJ,1100.8,Área de Proteção Ambiental · Municipal,-22.72332,-43.51838,-22.68872,-43.47516
conservacao,1290.52.3915,ÁREA DE PROTEÇÃO AMBIENTAL TORRE DE PEDRA,area de protecao ambiental torre de pedra,GO,1590.19,Área de Proteção Ambiental · Municipal,-18.00653,-48.74623,-17.94895,-48.69258
conservacao,0000.15.1039,ÁREA DE PROTEÇÃO AMBIENTAL TRIUNFO DO XINGU,area de protecao ambiental triunfo do xingu,PA,1679623.65,Área de Proteção Ambiental · Estadual,-7.21395,-53.93916,-5.61882,-51.97906
conservacao,0330.21.3485,ÁREA DE PROTEÇÃO AMBIENTAL TRIZIDELA DE USO SUSTENTÁVEL,area de protecao ambiental trizidela de uso sustentavel,MA,26.11,Área de Proteção Ambiental · Municipal,-4.45695,-43.88236,-4.44682,-43.87057
conservacao,1007.31.4450,ÁREA DE PROTEÇÃO AMBIENTAL TUNICO FARIAS,area de protecao ambiental tunico farias,MG,53.96,Área de Proteção Ambiental · Municipal,-19.86189,-42.95555,-19.85006,-42.94933
conservacao,7047.31.3706,ÁREA DE PROTEÇÃO AMBIENTAL URUANA DE MINAS,area de protecao ambiental uruana de minas,MG,0.0,Área de Proteção Ambiental · Municipal,-16.29342,-46.46137,-15.88826,-46.22197
conservacao,3536.13.5018,ÁREA DE PROTEÇÃO AMBIENTAL URUBUÍ,area de protecao ambiental urubui,AM,35553.98,Área de Proteção Ambiental · Municipal,-2.11939,-60.22617,-1.84101,-59.99161
conservacao,0600.33.3745,ÁREA DE PROTEÇÃO AMBIENTAL VALE DO MORRO DA TORRE,area de protecao ambiental vale do morro da torre,RJ,4246.79,Área de Proteção Ambiental · Municipal,-22.19851,-43.2362,-22.12132,-43.15527
conservacao,0225.33.4690,ÁREA DE PROTEÇÃO AMBIENTAL VALE DO PIABANHA,area de protecao ambiental vale do piabanha,RJ,3816.69,Área de Proteção Ambiental · Municipal,-22.25768,-43.16728,-22.18375,-43.08223
conservacao,0830.52.3878,ÁREA DE PROTEÇÃO AMBIENTAL VALE DO RIO MANSO,area de protecao ambiental vale do rio manso,GO,5250.44,Área de Proteção Ambiental · Municipal,-13.20825,-46.48787,-13.10096,-46.39809
conservacao,0225.33.4688,ÁREA DE PROTEÇÃO AMBIENTAL VALE FAGUNDES,area de protecao ambiental vale fagundes,RJ,4717.61,Área de Proteção Ambiental · Municipal,-22.31048,-43.1828,-22.22647,-43.07967
conservacao,0225.33.4691,ÁREA DE PROTEÇÃO AMBIENTAL VALE LAGOA DO MORRO GRANDE.,area de protecao ambiental vale lagoa do morro grande.,RJ,928.65,Área de Proteção Ambiental · Municipal,-22.23094,-43.0974,-22.1899,-43.04776
conservacao,4144.33.4736,ÁREA DE PROTEÇÃO AMBIENTAL VALE OURO,area de protecao ambiental vale ouro,RJ,138.67,Área de Proteção Ambiental · Municipal,-22.7033,-43.54759,-22.69253,-43.52982
conservacao,0000.31.0370,ÁREA DE PROTEÇÃO AMBIENTAL VARGEM DAS FLORES,area de protecao ambiental vargem das flores,MG,12279.21,Área de Proteção Ambiental · Estadual,-19.93296,-44.18258,-19.79893,-44.06063
conservacao,0000.35.1720,ÁREA DE PROTEÇÃO AMBIENTAL VÁRZEA DO RIO TIETÊ,area de protecao ambiental varzea do rio tiete,SP,8744.26,Área de Proteção Ambiental · Estadual,-23.60908,-46.91852,-23.45231,-45.97354
conservacao,0100.33.3060,ÁREA DE PROTEÇÃO AMBIENTAL WALDEIR GONÇALVES - SERRA DO ITAÓCA,area de protecao ambiental waldeir goncalves - serra do itaoca,RJ,616.99,Área de Proteção Ambiental · Municipal,-21.82082,-41.46617,-21.7847,-41.43269
conservacao,0020.14.2976,AREA DE PROTECAO AMBIENTAL XERIUINI,area de protecao ambiental xeriuini,RR,0.0,Área de Proteção Ambiental · Municipal,-1.39869,-62.51663,1.15382,-61.34134
conservacao,1220.21.3605,"ÁREA DE PROTEÇÃO AMBIENTAL, DE USO SUSTENTÁVEL, SUCUPIRA","area de protecao ambiental, de uso sustentavel, sucupira",MA,6.85,Área de Proteção Ambiental · Municipal,-5.07944,-42.84263,-5.07611,-42.83964
conservacao,7602.51.4904,ÁREA DE RELEVANTE INTERESSE ECOLÓGICO  (ARIE) NA REGIÃO DA GLEBA A.,area de relevante interesse ecologico  (arie) na regiao da gleba a.,MT,86.65,Área de Relevante Interesse Ecológico · Municipal,-16.51885,-54.63878,-16.5028,-54.62755
conservacao,8204.41.4837,ÁREA DE RELEVANTE INTERESSE ECOLÓGICO (ARIE) DA ILHA DOS VALADARES,area de relevante interesse ecologico (arie) da ilha dos valadares,PR,49.98,Área de Relevante Interesse Ecológico · Municipal,-25.54912,-48.52096,-25.53951,-48.50644
conservacao,0877.43.4785,ÁREA DE RELEVANTE INTERESSE ECOLÓGICO - MORRO FERRABRAZ - ARARICÁ,area de relevante interesse ecologico - morro ferrabraz - ararica,RS,389.91,Área de Relevante Interesse Ecológico · Municipal,-29.6147,-50.96178,-29.59605,-50.92853
conservacao,1160.26.4262,ÁREA DE RELEVANTE INTERESSE ECOLÓGICO AÇUDE DE APIPUCOS,area de relevante interesse ecologico acude de apipucos,PE,89.2,Área de Relevante Interesse Ecológico · Municipal,-8.02447,-34.94095,-8.00942,-34.92886
conservacao,0000.52.1752,ÁREA DE RELEVANTE INTERESSE ECOLÓGICO ÁGUAS DE SÃO JOÃO,area de relevante interesse ecologico aguas de sao joao,GO,24.53,Área de Relevante Interesse Ecológico · Estadual,-15.65064,-50.58715,-15.64473,-50.58023
conservacao,7602.51.4715,ÁREA DE RELEVANTE INTERESSE ECOLÓGICO ARIE  KAYAPÓ,area de relevante interesse ecologico arie  kayapo,MT,6.22,Área de Relevante Interesse Ecológico · Municipal,-16.44116,-54.65645,-16.43668,-54.65443
conservacao,1160.26.4312,ÁREA DE RELEVANTE INTERESSE ECOLÓGICO BEBERIBE,area de relevante interesse ecologico beberibe,PE,3938.8,Área de Relevante Interesse Ecológico · Municipal,-8.00245,-35.01009,-7.92649,-34.92312
conservacao,7602.51.4766,ÁREA DE RELEVANTE INTERESSE ECOLÓGICO BOE BORORO,area de relevante interesse ecologico boe bororo,MT,7.27,Área de Relevante Interesse Ecológico · Municipal,-16.47274,-54.5488,-16.46957,-54.54474
conservacao,0000.00.0030,ÁREA DE RELEVANTE INTERESSE ECOLÓGICO BURITI DE VASSUNUNGA,area de relevante interesse ecologico buriti de vassununga,SP,150.97,Área de Relevante Interesse Ecológico · Federal,-21.70869,-47.42294,-21.69816,-47.40994
conservacao,0000.53.4657,ÁREA DE RELEVANTE INTERESSE ECOLÓGICO CACHOEIRA DO PIPIRIPAU,area de relevante interesse ecologico cachoeira do pipiripau,DF,85.9,Área de Relevante Interesse Ecológico · Estadual,-15.66742,-47.60387,-15.65786,-47.58385
conservacao,0000.00.0031,ÁREA DE RELEVANTE INTERESSE ECOLÓGICO CAPETINGA/TAQUARA,area de relevante interesse ecologico capetinga/taquara,DF,2057.15,Área de Relevante Interesse Ecológico · Federal,-15.98417,-47.98494,-15.93102,-47.88921
conservacao,1160.26.4274,ÁREA DE RELEVANTE INTERESSE ECOLÓGICO CAPIVARAS,area de relevante interesse ecologico capivaras,PE,23.15,Área de Relevante Interesse Ecológico · Municipal,-8.02736,-34.94287,-8.0212,-34.93785
conservacao,0000.00.0032,ÁREA DE RELEVANTE INTERESSE ECOLÓGICO CERRADO PÉ-DE-GIGANTE,area de relevante interesse ecologico cerrado pe-de-gigante,SP,1199.03,Área de Relevante Interesse Ecológico · Federal,-21.6505,-47.65358,-21.60983,-47.6118
conservacao,1360.29.3177,ÁREA DE RELEVANTE INTERESSE ECOLÓGICO CORREDOR ECOLÓGICO LAGOA ENCANTADA / SERRA DO CONDURU,area de relevante interesse ecologico corredor ecologico lagoa encantada / serra do conduru,BA,10578.21,Área de Relevante Interesse Ecológico · Municipal,-14.59077,-39.1705,-14.50368,-39.04169
conservacao,0000.53.1658,ÁREA DE RELEVANTE INTERESSE ECOLÓGICO CRULS,area de relevante interesse ecologico cruls,DF,54.97,Área de Relevante Interesse Ecológico · Estadual,-15.75743,-47.92164,-15.74144,-47.91557
conservacao,1160.26.4289,ÁREA DE RELEVANTE INTERESSE ECOLÓGICO CURADO,area de relevante interesse ecologico curado,PE,118.41,Área de Relevante Interesse Ecológico · Municipal,-8.08096,-34.97012,-8.07113,-34.9519
conservacao,0930.25.1727,ÁREA DE RELEVANTE INTERESSE ECOLÓGICO DA BARRA DO RIO CAMARATUBA,area de relevante interesse ecologico da barra do rio camaratuba,PB,167.5,Área de Relevante Interesse Ecológico · Municipal,-6.60476,-34.99096,-6.59298,-34.96569
conservacao,0060.52.3234,ÁREA DE RELEVANTE INTERESSE ECOLÓGICO DA CABECEIRA DO CÓRREGO MAHANA,area de relevante interesse ecologico da cabeceira do corrego mahana,GO,56.0,Área de Relevante Interesse Ecológico · Municipal,-14.0575,-47.4662,-14.04747,-47.45433
conservacao,0000.53.1644,ÁREA DE RELEVANTE INTERESSE ECOLÓGICO DA GRANJA DO IPÊ,area de relevante interesse ecologico da granja do ipe,DF,1140.86,Área de Relevante Interesse Ecológico · Estadual,-15.94693,-48.01081,-15.889,-47.97697
conservacao,0000.22.4801,ÁREA DE RELEVANTE INTERESSE ECOLÓGICO DA LAGOA DO PORTINHO,area de relevante interesse ecologico da lagoa do portinho,PI,3726.55,Área de Relevante Interesse Ecológico · Estadual,-3.00946,-41.7151,-2.92118,-41.65467
conservacao,0000.35.3731,ÁREA DE RELEVANTE INTERESSE ECOLÓGICO DA PEDRA BRANCA,area de relevante interesse ecologico da pedra branca,SP,636.25,Área de Relevante Interesse Ecológico · Estadual,-22.95497,-45.69497,-22.92414,-45.65816
conservacao,0000.41.0544,ÁREA DE RELEVANTE INTERESSE ECOLÓGICO DA SERRA DO TIGRE,area de relevante interesse ecologico da serra do tigre,PR,33.94,Área de Relevante Interesse Ecológico · Estadual,-25.94718,-50.81266,-25.93805,-50.8054
conservacao,0000.23.3483,ÁREA DE RELEVANTE INTERESSE ECOLÓGICO DAS ÁGUAS EMENDADAS DOS INHAMUNS,area de relevante interesse ecologico das aguas emendadas dos inhamuns,CE,407.22,Área de Relevante Interesse Ecológico · Estadual,-5.421,-40.07796,-5.3908,-40.0566
conservacao,3536.13.5017,ÁREA DE RELEVANTE INTERESSE ECOLÓGICO DAS AVES,area de relevante interesse ecologico das aves,AM,9.35,Área de Relevante Interesse Ecológico · Municipal,-2.05715,-60.03151,-2.053,-60.02828
conservacao,0100.33.4998,ÁREA DE RELEVANTE INTERESSE ECOLÓGICO DAS ILHAS CATAGUÁS,area de relevante interesse ecologico das ilhas cataguas,RJ,914.12,Área de Relevante Interesse Ecológico · Municipal,-23.04284,-44.30405,-23.00906,-44.26507
conservacao,0227.33.3467,ÁREA DE RELEVANTE INTERESSE ECOLÓGICO DAS MARITACAS,area de relevante interesse ecologico das maritacas,RJ,0.0,Área de Relevante Interesse Ecológico · Municipal,-22.68227,-43.60462,-22.68128,-43.60341
conservacao,0000.25.2330,ÁREA DE RELEVANTE INTERESSE ECOLÓGICO DE GOIAMUNDUBA,area de relevante interesse ecologico de goiamunduba,PB,0.0,Área de Relevante Interesse Ecológico · Estadual,-6.74252,-35.61604,-6.72792,-35.6051
conservacao,0452.33.2553,ÁREA DE RELEVANTE INTERESSE ECOLÓGICO DE ITAPEBUSSUS,area de relevante interesse ecologico de itapebussus,RJ,874.86,Área de Relevante Interesse Ecológico · Municipal,-22.49417,-41.91076,-22.41714,-41.81912
conservacao,0000.41.0545,ÁREA DE RELEVANTE INTERESSE ECOLÓGICO DE SÃO DOMINGOS,area de relevante interesse ecologico de sao domingos,PR,0.0,Área de Relevante Interesse Ecológico · Estadual,-24.56529,-52.4936,-24.55878,-52.48523
conservacao,6305.52.4803,AREA DE RELEVANTE INTERESSE ECOLÓGICO DÉCIO RIBEIRO DOS REIS,area de relevante interesse ecologico decio ribeiro dos reis,GO,17.87,Área de Relevante Interesse Ecológico · Municipal,-17.18648,-48.72594,-17.17813,-48.71635
conservacao,0000.41.0543,ÁREA DE RELEVANTE INTERESSE ECOLÓGICO DO BURITI,area de relevante interesse ecologico do buriti,PR,83.1,Área de Relevante Interesse Ecológico · Estadual,-26.19318,-52.7673,-26.17836,-52.76004
conservacao,0000.23.3807,ÁREA DE RELEVANTE INTERESSE ECOLÓGICO DO CAMBEBA,area de relevante interesse ecologico do cambeba,CE,11.02,Área de Relevante Interesse Ecológico · Estadual,-3.81464,-38.4898,-3.80892,-38.48504
conservacao,0227.33.3471,ÁREA DE RELEVANTE INTERESSE ECOLÓGICO DO CITRÓPOLIS,area de relevante interesse ecologico do citropolis,RJ,0.0,Área de Relevante Interesse Ecológico · Municipal,-22.68315,-43.60358,-22.68175,-43.6017
conservacao,0320.32.2054,ÁREA DE RELEVANTE INTERESSE ECOLÓGICO DO DEGREDO,area de relevante interesse ecologico do degredo,ES,2357.03,Área de Relevante Interesse Ecológico · Municipal,-19.42313,-39.7301,-19.27849,-39.68945
conservacao,0910.52.3584,ÁREA DE RELEVANTE INTERESSE ECOLÓGICO DO LAGO DOS BURITIS,area de relevante interesse ecologico do lago dos buritis,GO,5.23,Área de Relevante Interesse Ecológico · Municipal,-18.02981,-49.37499,-18.02785,-49.37218
conservacao,0000.43.5005,ÁREA DE RELEVANTE INTERESSE ECOLÓGICO DO LITORAL NORTE,area de relevante interesse ecologico do litoral norte,RS,51.03,Área de Relevante Interesse Ecológico · Estadual,-30.01882,-50.16176,-30.00189,-50.13701
conservacao,0000.32.1012,ÁREA DE RELEVANTE INTERESSE ECOLÓGICO DO MORRO DA VARGEM,area de relevante interesse ecologico do morro da vargem,ES,564.44,Área de Relevante Interesse Ecológico · Estadual,-19.90317,-40.39117,-19.8686,-40.3633
conservacao,0910.42.2924,ÁREA DE RELEVANTE INTERESSE ECOLÓGICO DO MORRO DO BOA VISTA,area de relevante interesse ecologico do morro do boa vista,SC,390.84,Área de Relevante Interesse Ecológico · Municipal,-26.30635,-48.84115,-26.27749,-48.81061
conservacao,0910.42.2925,ÁREA DE RELEVANTE INTERESSE ECOLÓGICO DO MORRO DO IRIRIÚ,area de relevante interesse ecologico do morro do iririu,SC,497.73,Área de Relevante Interesse Ecológico · Municipal,-26.27215,-48.8425,-26.22732,-48.81804
conservacao,1990.43.3613,ÁREA DE RELEVANTE INTERESSE ECOLÓGICO DO MORRO FERRABRAZ,area de relevante interesse ecologico do morro ferrabraz,RS,5929.96,Área de Relevante Interesse Ecológico · Municipal,-29.62077,-51.05093,-29.53899,-50.94474
conservacao,1405.33.4671,ÁREA DE RELEVANTE INTERESSE ECOLÓGICO DO SÃO HENRY,area de relevante interesse ecologico do sao henry,RJ,15.49,Área de Relevante Interesse Ecológico · Municipal,-22.08669,-41.85,-22.08213,-41.84527
conservacao,0000.23.1932,ÁREA DE RELEVANTE INTERESSE ECOLÓGICO DO SÍTIO CURIÓ,area de relevante interesse ecologico do sitio curio,CE,57.4,Área de Relevante Interesse Ecológico · Estadual,-3.83673,-38.47384,-3.82671,-38.46583
conservacao,1160.26.4311,ÁREA DE RELEVANTE INTERESSE ECOLÓGICO DOIS IRMÃOS,area de relevante interesse ecologico dois irmaos,PE,578.44,Área de Relevante Interesse Ecológico · Municipal,-8.02323,-34.96299,-7.99233,-34.93783
conservacao,1160.26.4276,ÁREA DE RELEVANTE INTERESSE ECOLÓGICO DOIS UNIDOS,area de relevante interesse ecologico dois unidos,PE,38.78,Área de Relevante Interesse Ecológico · Municipal,-8.0007,-34.91589,-7.99331,-34.90814
conservacao,0605.28.4948,ÁREA DE RELEVANTE INTERESSE ECOLÓGICO DOS MANGUEZAIS,area de relevante interesse ecologico dos manguezais,SE,1660.45,Área de Relevante Interesse Ecológico · Municipal,-10.908,-37.04398,-10.80946,-36.95191
conservacao,0000.23.4064,ÁREA DE RELEVANTE INTERESSE ECOLÓGICO FAZENDA RAPOSA,area de relevante interesse ecologico fazenda raposa,CE,136.76,Área de Relevante Interesse Ecológico · Estadual,-3.85401,-38.64529,-3.84443,-38.62349
conservacao,0000.00.0035,ÁREA DE RELEVANTE INTERESSE ECOLÓGICO FLORESTA DA CICUTA,area de relevante interesse ecologico floresta da cicuta,RJ,131.28,Área de Relevante Interesse Ecológico · Federal,-22.55733,-44.09506,-22.54075,-44.08336
conservacao,0455.33.4379,ÁREA DE RELEVANTE INTERESSE ECOLÓGICO FLORESTA DA POSSE,area de relevante interesse ecologico floresta da posse,RJ,171.61,Área de Relevante Interesse Ecológico · Municipal,-22.8965,-43.55755,-22.88005,-43.52396
conservacao,5505.33.4668,ÁREA DE RELEVANTE INTERESSE ECOLÓGICO FORMIGUEIRO-DO-LITORAL,area de relevante interesse ecologico formigueiro-do-litoral,RJ,5.43,Área de Relevante Interesse Ecológico · Municipal,-22.93223,-42.60394,-22.93098,-42.5976
conservacao,0000.00.0036,ÁREA DE RELEVANTE INTERESSE ECOLÓGICO ILHA AMEIXAL,area de relevante interesse ecologico ilha ameixal,SP,358.88,Área de Relevante Interesse Ecológico · Federal,-24.43249,-47.0969,-24.41403,-47.06837
conservacao,1160.26.4277,ÁREA DE RELEVANTE INTERESSE ECOLÓGICO ILHA DO ZECA,area de relevante interesse ecologico ilha do zeca,PE,30.7,Área de Relevante Interesse Ecológico · Municipal,-8.0737,-34.9065,-8.06543,-34.9007
conservacao,0000.00.0037,ÁREA DE RELEVANTE INTERESSE ECOLÓGICO ILHAS QUEIMADA GRANDE E QUEIMADA PEQUENA,area de relevante interesse ecologico ilhas queimada grande e queimada pequena,SP,65.17,Área de Relevante Interesse Ecológico · Federal,-24.49209,-46.80794,-24.3738,-46.67135
conservacao,0000.26.3316,ÁREA DE RELEVANTE INTERESSE ECOLÓGICO IPOJUCA-MEREPE,area de relevante interesse ecologico ipojuca-merepe,PE,1466.43,Área de Relevante Interesse Ecológico · Estadual,-8.4503,-35.01081,-8.39699,-34.97331
conservacao,1160.26.4279,ÁREA DE RELEVANTE INTERESSE ECOLÓGICO IPUTINGA,area de relevante interesse ecologico iputinga,PE,44.83,Área de Relevante Interesse Ecológico · Municipal,-8.02783,-34.94289,-8.02197,-34.93096
conservacao,0000.12.1983,ÁREA DE RELEVANTE INTERESSE ECOLÓGICO JAPIIM PENTECOSTE,area de relevante interesse ecologico japiim pentecoste,AC,25654.17,Área de Relevante Interesse Ecológico · Estadual,-7.67832,-73.0708,-7.41352,-72.72739
conservacao,0000.00.0038,ÁREA DE RELEVANTE INTERESSE ECOLÓGICO JAVARI BURITI,area de relevante interesse ecologico javari buriti,AM,13176.89,Área de Relevante Interesse Ecológico · Federal,-3.26519,-67.88194,-2.98747,-67.79469
conservacao,1160.26.4250,ÁREA DE RELEVANTE INTERESSE ECOLÓGICO JIQUIÁ,area de relevante interesse ecologico jiquia,PE,41.11,Área de Relevante Interesse Ecológico · Municipal,-8.08296,-34.93203,-8.0756,-34.92313
conservacao,1160.26.4280,ÁREA DE RELEVANTE INTERESSE ECOLÓGICO JOANA BEZERRA,area de relevante interesse ecologico joana bezerra,PE,5.7,Área de Relevante Interesse Ecológico · Municipal,-8.07089,-34.89654,-8.06814,-34.89073
conservacao,1160.26.4290,ÁREA DE RELEVANTE INTERESSE ECOLÓGICO LAGOA DO ARAÇÁ,area de relevante interesse ecologico lagoa do araca,PE,14.81,Área de Relevante Interesse Ecológico · Municipal,-8.09671,-34.91682,-8.0923,-34.91338
conservacao,0000.35.3889,ÁREA DE RELEVANTE INTERESSE ECOLÓGICO LEOPOLDO MAGNO COUTINHO,area de relevante interesse ecologico leopoldo magno coutinho,SP,2309.87,Área de Relevante Interesse Ecológico · Estadual,-22.38646,-49.04291,-22.28606,-48.9173
conservacao,0000.00.0039,ÁREA DE RELEVANTE INTERESSE ECOLÓGICO MANGUEZAIS DA FOZ DO RIO MAMANGUAPE,area de relevante interesse ecologico manguezais da foz do rio mamanguape,PB,5769.44,Área de Relevante Interesse Ecológico · Federal,-6.82777,-35.06875,-6.75362,-34.9217
conservacao,1160.26.4281,ÁREA DE RELEVANTE INTERESSE ECOLÓGICO MATA DA VÁRZEA,area de relevante interesse ecologico mata da varzea,PE,795.97,Área de Relevante Interesse Ecológico · Municipal,-8.06001,-34.99488,-8.0248,-34.95682
conservacao,1160.26.4291,ÁREA DE RELEVANTE INTERESSE ECOLÓGICO MATA DAS NASCENTES,area de relevante interesse ecologico mata das nascentes,PE,322.22,Área de Relevante Interesse Ecológico · Municipal,-8.06442,-35.01852,-8.04599,-34.98133
conservacao,0850.52.3818,AREA DE RELEVANTE INTERESSE ECOLOGICO MATA DAS PEROBAS TIM FERREIRA,area de relevante interesse ecologico mata das perobas tim ferreira,GO,59.05,Área de Relevante Interesse Ecológico · Municipal,-18.1262,-48.10857,-18.11656,-48.09865
conservacao,0000.00.0040,ÁREA DE RELEVANTE INTERESSE ECOLÓGICO MATA DE SANTA GENEBRA,area de relevante interesse ecologico mata de santa genebra,SP,241.55,Área de Relevante Interesse Ecológico · Federal,-22.83625,-47.12569,-22.80995,-47.10459
conservacao,1160.26.4282,ÁREA DE RELEVANTE INTERESSE ECOLÓGICO MATA DO BARRO,area de relevante interesse ecologico mata do barro,PE,189.3,Área de Relevante Interesse Ecológico · Municipal,-8.10871,-34.96227,-8.09193,-34.94851
conservacao,0000.00.0041,ÁREA DE RELEVANTE INTERESSE ECOLÓGICO MATÃO DE COSMÓPOLIS,area de relevante interesse ecologico matao de cosmopolis,SP,173.09,Área de Relevante Interesse Ecológico · Federal,-22.6397,-47.14036,-22.61153,-47.13006
conservacao,1160.26.4292,ÁREA DE RELEVANTE INTERESSE ECOLÓGICO MATAS DO CURADO,area de relevante interesse ecologico matas do curado,PE,410.61,Área de Relevante Interesse Ecológico · Municipal,-8.07497,-34.98185,-8.05536,-34.94437
conservacao,0607.32.3065,ÁREA DE RELEVANTE INTERESSE ECOLÓGICO MUNICIPAL AROEIRAS DO RIACHO,area de relevante interesse ecologico municipal aroeiras do riacho,ES,151.15,Área de Relevante Interesse Ecológico · Municipal,-19.74989,-40.0475,-19.7332,-40.01972
conservacao,0080.15.2663,AREA DE RELEVANTE INTERESSE ECOLOGICO MUSEU PARQUE SERINGAL,area de relevante interesse ecologico museu parque seringal,PA,1.23,Área de Relevante Interesse Ecológico · Municipal,-1.36008,-48.41265,-1.35925,-48.41098
conservacao,0000.29.0298,ÁREA DE RELEVANTE INTERESSE ECOLÓGICO NASCENTE DO RIO DE CONTAS,area de relevante interesse ecologico nascente do rio de contas,BA,4764.58,Área de Relevante Interesse Ecológico · Estadual,-13.29537,-41.85523,-13.18973,-41.76542
conservacao,1160.26.4339,ÁREA DE RELEVANTE INTERESSE ECOLÓGICO ORLA MARÍTIMA,area de relevante interesse ecologico orla maritima,PE,463.1,Área de Relevante Interesse Ecológico · Municipal,-8.15552,-34.90933,-8.03881,-34.85755
conservacao,0080.15.1960,AREA DE RELEVANTE INTERESSE ECOLOGICO PARQUE AMBIENTAL ANTONIO DANUBIO LOURENÇO DA SILVA,area de relevante interesse ecologico parque ambiental antonio danubio lourenco da silva,PA,3.75,Área de Relevante Interesse Ecológico · Municipal,-1.38528,-48.40709,-1.38278,-48.40532
conservacao,0000.23.5214,ÁREA DE RELEVANTE INTERESSE ECOLÓGICO PONTAL DA SERRA DA IBIAPABA,area de relevante interesse ecologico pontal da serra da ibiapaba,CE,6133.75,Área de Relevante Interesse Ecológico · Estadual,-4.13764,-40.8039,-4.03183,-40.65597
conservacao,0000.00.0043,ÁREA DE RELEVANTE INTERESSE ECOLÓGICO PROJETO DINÂMICA BIOLÓGICA DE FRAGMENTOS FLORESTAIS,area de relevante interesse ecologico projeto dinamica biologica de fragmentos florestais,AM,3179.98,Área de Relevante Interesse Ecológico · Federal,-2.45063,-60.11501,-2.33443,-59.74581
conservacao,0000.23.4260,ÁREA DE RELEVANTE INTERESSE ECOLÓGICO RIACHO DA MATINHA,area de relevante interesse ecologico riacho da matinha,CE,6.95,Área de Relevante Interesse Ecológico · Estadual,-7.24369,-39.41772,-7.24069,-39.41326
conservacao,1160.26.4283,ÁREA DE RELEVANTE INTERESSE ECOLÓGICO RIO JORDÃO,area de relevante interesse ecologico rio jordao,PE,21.96,Área de Relevante Interesse Ecológico · Municipal,-8.12309,-34.91182,-8.11238,-34.90139
conservacao,7602.51.4882,ÁREA DE RELEVANTE INTERESSE ECOLÓGICO RIO VERMELHO,area de relevante interesse ecologico rio vermelho,MT,431.9,Área de Relevante Interesse Ecológico · Municipal,-16.51341,-54.70853,-16.47613,-54.60127
conservacao,1160.26.4284,ÁREA DE RELEVANTE INTERESSE ECOLÓGICO SÃO MIGUEL,area de relevante interesse ecologico sao miguel,PE,43.83,Área de Relevante Interesse Ecológico · Municipal,-8.09183,-34.92082,-8.08416,-34.91118
conservacao,0000.00.0044,ÁREA DE RELEVANTE INTERESSE ECOLÓGICO SERINGAL NOVA ESPERANÇA,area de relevante interesse ecologico seringal nova esperanca,AC,2573.98,Área de Relevante Interesse Ecológico · Federal,-10.91928,-68.46333,-10.86178,-68.40054
conservacao,0015.52.3608,ÁREA DE RELEVANTE INTERESSE ECOLÓGICO SERRA BONITA DE ADELANDIA,area de relevante interesse ecologico serra bonita de adelandia,GO,196.52,Área de Relevante Interesse Ecológico · Municipal,-16.40794,-50.2154,-16.3937,-50.19522
conservacao,0000.00.0045,ÁREA DE RELEVANTE INTERESSE ECOLÓGICO SERRA DA ABELHA,area de relevante interesse ecologico serra da abelha,SC,5016.58,Área de Relevante Interesse Ecológico · Federal,-26.84669,-49.94724,-26.73106,-49.84092
conservacao,0000.29.0300,ÁREA DE RELEVANTE INTERESSE ECOLÓGICO SERRA DO OROBÓ,area de relevante interesse ecologico serra do orobo,BA,7398.64,Área de Relevante Interesse Ecológico · Estadual,-12.44909,-40.57994,-12.29641,-40.46532
conservacao,1160.26.4285,ÁREA DE RELEVANTE INTERESSE ECOLÓGICO SÍTIO GRANDE,area de relevante interesse ecologico sitio grande,PE,38.27,Área de Relevante Interesse Ecológico · Municipal,-8.10388,-34.92405,-8.09665,-34.9147
conservacao,1160.26.4286,ÁREA DE RELEVANTE INTERESSE ECOLÓGICO TAMANDARÉ,area de relevante interesse ecologico tamandare,PE,18.57,Área de Relevante Interesse Ecológico · Municipal,-8.09908,-34.92314,-8.08945,-34.91855
conservacao,0000.23.5211,ÁREA DE RELEVANTE INTERESSE ECOLÓGICO VALE DOS BURITIS,area de relevante interesse ecologico vale dos buritis,CE,2654.06,Área de Relevante Interesse Ecológico · Estadual,-7.22985,-39.73086,-7.14922,-39.6609
conservacao,0040.33.1631,AREA DE RELEVANTE INTERESSE ECOLÓGICO- ILHAS DO RIO PARAIBA DO SUL,area de relevante interesse ecologico- ilhas do rio paraiba do sul,RJ,0.0,Área de Relevante Interesse Ecológico · Municipal,-22.48614,-44.27499,-22.46987,-44.25318
conservacao,0000.53.1651,ARIE DA VILA ESTRUTURAL,arie da vila estrutural,DF,44.23,Área de Relevante Interesse Ecológico · Estadual,-15.7793,-47.99148,-15.77074,-47.98329
conservacao,9600.26.4568,ARIE DE HORTO D'EL REY,arie de horto d'el rey,PE,14.35,Área de Relevante Interesse Ecológico · Municipal,-8.01338,-34.85279,-8.00889,-34.84732
conservacao,2504.41.5195,ARIE DE JARDIM ALEGRE,arie de jardim alegre,PR,1685.84,Área de Relevante Interesse Ecológico · Municipal,-24.22077,-51.88353,-24.16936,-51.81626
conservacao,0455.33.1826,ARIE DE SÃO CONRADO,arie de sao conrado,RJ,82.27,Área de Relevante Interesse Ecológico · Municipal,-22.99394,-43.2629,-22.98318,-43.24562
conservacao,0000.35.1722,ARIE DE SÃO SEBASTIÃO,arie de sao sebastiao,SP,608.37,Área de Relevante Interesse Ecológico · Estadual,-23.84404,-45.6291,-23.7904,-45.41221
conservacao,0000.53.1646,ARIE DO BOSQUE,arie do bosque,DF,19.54,Área de Relevante Interesse Ecológico · Estadual,-15.83374,-47.88437,-15.8247,-47.87249
conservacao,0000.53.1652,ARIE DO CÓRREGO CABECEIRA DO VALO,arie do corrego cabeceira do valo,DF,62.41,Área de Relevante Interesse Ecológico · Estadual,-15.78547,-48.00681,-15.76764,-48.00148
conservacao,0000.53.1650,ARIE DO CÓRREGO MATO GRANDE,arie do corrego mato grande,DF,131.95,Área de Relevante Interesse Ecológico · Estadual,-15.90863,-47.77951,-15.8846,-47.7625
conservacao,0000.35.1725,ARIE DO GUARÁ,arie do guara,SP,454.94,Área de Relevante Interesse Ecológico · Estadual,-24.70645,-47.5009,-24.67529,-47.4289
conservacao,0000.53.1768,ARIE DO TORTO,arie do torto,DF,208.94,Área de Relevante Interesse Ecológico · Estadual,-15.71895,-47.89821,-15.69965,-47.86694
conservacao,0000.53.1648,ARIE DOM BOSCO,arie dom bosco,DF,72.56,Área de Relevante Interesse Ecológico · Estadual,-15.80682,-47.79672,-15.79567,-47.786
conservacao,1257.41.5175,ARIE I DE RAMILÂNDIA,arie i de ramilandia,PR,564.54,Área de Relevante Interesse Ecológico · Municipal,-25.07543,-54.17766,-25.03238,-54.13199
conservacao,4500.27.4660,ARIE LAGOA AZUL,arie lagoa azul,AL,170.16,Área de Relevante Interesse Ecológico · Municipal,-8.99323,-35.1782,-8.96793,-35.16547
conservacao,9600.26.4570,ARIE MANGUE DE SANTA TERESA,arie mangue de santa teresa,PE,5.03,Área de Relevante Interesse Ecológico · Municipal,-8.02443,-34.85774,-8.02163,-34.85504
conservacao,7453.41.5168,ARIE OURO VERDE,arie ouro verde,PR,293.48,Área de Relevante Interesse Ecológico · Municipal,-24.87276,-54.05839,-24.7258,-53.86127
conservacao,5456.41.5155,ARIE PALMEIRAS DE SÃO JOSÉ,arie palmeiras de sao jose,PR,524.54,Área de Relevante Interesse Ecológico · Municipal,-24.86299,-54.18796,-24.7571,-54.07805
conservacao,0000.53.1649,ARIE PARANOÁ SUL,arie paranoa sul,DF,39.86,Área de Relevante Interesse Ecológico · Estadual,-15.7971,-47.78825,-15.78474,-47.78287
conservacao,0205.11.4685,ARIE PARQUE DAS ÁGUAS MARECHAL RONDOM.,arie parque das aguas marechal rondom.,RO,2.99,Área de Relevante Interesse Ecológico · Municipal,-8.75735,-63.87069,-8.75509,-63.86818
conservacao,0000.53.1642,ARIE PARQUE JK,arie parque jk,DF,2986.71,Área de Relevante Interesse Ecológico · Estadual,-15.89197,-48.16787,-15.81136,-48.03763
conservacao,7106.41.5170,ARIE PAULO NOGUEIRA NETO,arie paulo nogueira neto,PR,43122.75,Área de Relevante Interesse Ecológico · Municipal,-24.46978,-50.72665,-24.0395,-50.27027
conservacao,0000.53.1645,ARIE SANTUÁRIO DE VIDA SILVESTRE DO RIACHO FUNDO,arie santuario de vida silvestre do riacho fundo,DF,477.25,Área de Relevante Interesse Ecológico · Estadual,-15.87369,-47.95776,-15.84598,-47.91371
conservacao,0000.35.2843,ARIE ZONA DE VIDA SILVESTRE DA APA DA ILHA COMPRIDA,arie zona de vida silvestre da apa da ilha comprida,SP,12587.35,Área de Relevante Interesse Ecológico · Estadual,-25.05401,-47.91856,-24.73176,-47.56342
conservacao,7458.15.5070,BARREIRO DAS ANTAS,barreiro das antas,PA,152.64,Área de Proteção Ambiental · Municipal,-6.29086,-48.66572,-6.2676,-48.65109
conservacao,0000.00.3131,ESTAÇÃO ECOLÓGICA ALTO MAUÉS,estacao ecologica alto maues,AM,666548.79,Estação Ecológica · Federal,-6.23272,-58.84711,-5.00016,-57.77403
conservacao,0000.35.0820,ESTAÇÃO ECOLÓGICA BANANAL,estacao ecologica bananal,SP,895.36,Estação Ecológica · Estadual,-22.80983,-44.37771,-22.76806,-44.32718
conservacao,0000.26.3314,ESTAÇÃO ECOLOGICA BITA E UTINGA,estacao ecologica bita e utinga,PE,2465.97,Estação Ecológica · Estadual,-8.38414,-35.09829,-8.31641,-35.03791
conservacao,5220.35.3474,ESTAÇÃO ECOLÓGICA BRÁULIO GUEDES DA SILVA,estacao ecologica braulio guedes da silva,SP,0.0,Estação Ecológica · Municipal,-23.49406,-47.41919,-23.4897,-47.41324
conservacao,0000.52.3991,ESTAÇÃO ECOLÓGICA CHAPADA DE NOVA ROMA,estacao ecologica chapada de nova roma,GO,6929.55,Estação Ecológica · Estadual,-13.94346,-47.12841,-13.81683,-47.03314
conservacao,0000.35.0817,ESTAÇÃO ECOLÓGICA CHAÚAS,estacao ecologica chauas,SP,2493.8,Estação Ecológica · Estadual,-24.79512,-47.72089,-24.70993,-47.62777
conservacao,0000.27.4043,ESTAÇÃO ECOLÓGICA CURRAL DO MEIO,estacao ecologica curral do meio,AL,40.52,Estação Ecológica · Estadual,-9.40434,-37.24344,-9.39859,-37.23288
conservacao,0000.22.4805,ESTAÇÃO ECOLÓGICA DA CHAPADA DA SERRA BRANCA,estacao ecologica da chapada da serra branca,PI,21576.81,Estação Ecológica · Estadual,-8.88909,-42.9915,-8.69865,-42.85837
conservacao,0000.00.0263,ESTAÇÃO ECOLÓGICA DA GUANABARA,estacao ecologica da guanabara,RJ,1936.26,Estação Ecológica · Federal,-22.74692,-43.03782,-22.68858,-42.9907
conservacao,0000.41.0528,ESTAÇÃO ECOLÓGICA DA ILHA DO MEL,estacao ecologica da ilha do mel,PR,2323.08,Estação Ecológica · Estadual,-25.53558,-48.38291,-25.49293,-48.31006
conservacao,0000.00.0261,ESTAÇÃO ECOLÓGICA DA MATA PRETA,estacao ecologica da mata preta,SC,6573.43,Estação Ecológica · Federal,-26.52203,-52.37987,-26.43408,-52.13138
conservacao,0000.00.0075,ESTAÇÃO ECOLÓGICA DA SERRA DAS ARARAS,estacao ecologica da serra das araras,MT,27159.42,Estação Ecológica · Federal,-15.85007,-57.31458,-15.45323,-57.06331
conservacao,9301.27.4729,ESTAÇÃO ECOLÓGICA DA SERRA DOS FRIOS,estacao ecologica da serra dos frios,AL,48.08,Estação Ecológica · Municipal,-9.17386,-35.997,-9.16716,-35.98752
conservacao,0000.00.0047,ESTAÇÃO ECOLÓGICA DA TERRA DO MEIO,estacao ecologica da terra do meio,PA,3373111.24,Estação Ecológica · Federal,-7.35399,-54.43481,-4.12207,-52.73363
conservacao,0205.11.4603,"ESTAÇÃO ECOLÓGICA DAS CAPIVARAS, CATEGORIA DE PROTEÇÃO INTEGRAL","estacao ecologica das capivaras, categoria de protecao integral",RO,3.45,Estação Ecológica · Municipal,-8.7267,-63.86549,-8.72404,-63.86119
conservacao,0000.31.1756,ESTAÇÃO ECOLÓGICA DE ACAUÃ,estacao ecologica de acaua,MG,4862.17,Estação Ecológica · Estadual,-17.19794,-42.82145,-17.07252,-42.71799
conservacao,0000.31.4681,ESTAÇÃO ECOLÓGICA DE ACAUÃ,estacao ecologica de acaua,MG,4863.14,Estação Ecológica · Estadual,-17.19743,-42.82103,-17.07225,-42.71753
conservacao,0000.31.0383,ESTAÇÃO ECOLÓGICA DE ÁGUA LIMPA,estacao ecologica de agua limpa,MG,70.98,Estação Ecológica · Estadual,-21.37652,-42.72289,-21.3689,-42.7086
conservacao,0000.53.1634,ESTAÇÃO ECOLÓGICA DE ÁGUAS EMENDADAS,estacao ecologica de aguas emendadas,DF,9180.72,Estação Ecológica · Estadual,-15.59968,-47.71108,-15.51987,-47.53135
conservacao,0000.00.0048,ESTAÇÃO ECOLÓGICA DE AIUABA,estacao ecologica de aiuaba,CE,11335.26,Estação Ecológica · Federal,-6.74453,-40.32398,-6.60056,-40.12621
conservacao,0000.35.2936,ESTAÇÃO ECOLÓGICA DE ANGATUBA,estacao ecologica de angatuba,SP,1362.88,Estação Ecológica · Estadual,-23.43959,-48.38597,-23.3855,-48.31383
conservacao,0000.00.0050,ESTAÇÃO ECOLÓGICA DE ARACURI-ESMERALDA,estacao ecologica de aracuri-esmeralda,RS,276.98,Estação Ecológica · Federal,-28.23515,-51.17718,-28.21593,-51.15451
conservacao,0000.31.2611,ESTAÇÃO ECOLÓGICA DE ARÊDES,estacao ecologica de aredes,MG,1220.96,Estação Ecológica · Estadual,-20.29995,-43.9321,-20.24936,-43.87685
conservacao,0000.35.2935,ESTAÇÃO ECOLÓGICA DE ASSIS,estacao ecologica de assis,SP,1897.81,Estação Ecológica · Estadual,-22.62861,-50.42923,-22.53135,-50.35994
conservacao,0000.35.2606,ESTAÇÃO ECOLÓGICA DE AVARÉ,estacao ecologica de avare,SP,718.72,Estação Ecológica · Estadual,-23.02421,-48.83949,-22.99491,-48.80029
conservacao,0000.35.0909,ESTAÇÃO ECOLÓGICA DE BAURU,estacao ecologica de bauru,SP,280.65,Estação Ecológica · Estadual,-22.24259,-49.10047,-22.22792,-49.07025
conservacao,0000.26.0964,ESTAÇÃO ECOLÓGICA DE CAETÉS,estacao ecologica de caetes,PE,150.66,Estação Ecológica · Estadual,-7.93491,-34.93773,-7.92375,-34.92051
conservacao,0000.00.0052,ESTAÇÃO ECOLÓGICA DE CARIJÓS,estacao ecologica de carijos,SC,728.94,Estação Ecológica · Federal,-27.55444,-48.53486,-27.44811,-48.49014
conservacao,0000.31.0366,ESTAÇÃO ECOLÓGICA DE CORUMBÁ,estacao ecologica de corumba,MG,304.7,Estação Ecológica · Estadual,-20.32398,-45.63398,-20.30689,-45.60502
conservacao,0000.00.0053,ESTAÇÃO ECOLÓGICA DE CUNIÃ,estacao ecologica de cunia,"AM, RO",182607.61,Estação Ecológica · Federal,-8.59018,-63.88594,-7.97604,-62.90124
conservacao,0000.31.0384,ESTAÇÃO ECOLÓGICA DE FECHOS,estacao ecologica de fechos,MG,814.67,Estação Ecológica · Estadual,-20.08936,-43.98311,-20.06105,-43.9294
conservacao,0000.00.0054,ESTAÇÃO ECOLÓGICA DE GUARAQUEÇABA,estacao ecologica de guaraquecaba,PR,4370.08,Estação Ecológica · Federal,-25.58627,-48.47607,-25.22751,-48.22975
conservacao,0000.35.0910,ESTAÇÃO ECOLÓGICA DE ITAPETI,estacao ecologica de itapeti,SP,88.36,Estação Ecológica · Estadual,-23.51717,-46.24817,-23.50521,-46.23894
conservacao,0000.35.2701,ESTAÇÃO ECOLÓGICA DE ITIRAPINA,estacao ecologica de itirapina,SP,2307.36,Estação Ecológica · Estadual,-22.24853,-47.93449,-22.18965,-47.86142
conservacao,0000.00.0056,ESTAÇÃO ECOLÓGICA DE JUTAÍ-SOLIMÕES,estacao ecologica de jutai-solimoes,AM,290120.3,Estação Ecológica · Federal,-3.46875,-67.95285,-2.86144,-67.20369
conservacao,0000.00.0057,ESTAÇÃO ECOLÓGICA DE MARACÁ,estacao ecologica de maraca,RR,154220.59,Estação Ecológica · Federal,3.10615,-62.18022,3.5597,-61.37999
conservacao,0000.00.0058,ESTAÇÃO ECOLÓGICA DE MARACÁ JIPIOCA,estacao ecologica de maraca jipioca,AP,58755.67,Estação Ecológica · Federal,1.84339,-50.55793,2.19859,-50.19799
conservacao,0000.35.2605,ESTAÇÃO ECOLÓGICA DE MARÍLIA,estacao ecologica de marilia,SP,607.44,Estação Ecológica · Estadual,-22.0351,-49.94688,-21.95172,-49.8886
conservacao,0000.35.2617,ESTAÇÃO ECOLÓGICA DE MOGI-GUAÇU,estacao ecologica de mogi-guacu,SP,984.75,Estação Ecológica · Estadual,-22.29736,-47.20523,-22.25917,-47.14411
conservacao,0000.00.0059,ESTAÇÃO ECOLÓGICA DE MURICI,estacao ecologica de murici,AL,6131.47,Estação Ecológica · Federal,-9.27773,-35.9151,-9.18207,-35.75686
conservacao,0000.35.2669,ESTAÇÃO ECOLÓGICA DE PARANAPANEMA,estacao ecologica de paranapanema,SP,642.95,Estação Ecológica · Estadual,-23.5245,-48.77431,-23.50234,-48.73527
conservacao,0000.35.0807,ESTAÇÃO ECOLÓGICA DE PAULO DE FARIA,estacao ecologica de paulo de faria,SP,437.72,Estação Ecológica · Estadual,-19.96415,-49.54302,-19.9207,-49.51749
conservacao,0000.00.0061,ESTAÇÃO ECOLÓGICA DE PIRAPITINGA,estacao ecologica de pirapitinga,MG,1384.48,Estação Ecológica · Federal,-18.38683,-45.34786,-18.33458,-45.29406
conservacao,0000.35.0812,ESTAÇÃO ECOLÓGICA DE RIBEIRÃO PRETO,estacao ecologica de ribeirao preto,SP,153.1,Estação Ecológica · Estadual,-21.2277,-47.85723,-21.21147,-47.83959
conservacao,0000.35.2699,ESTAÇÃO ECOLÓGICA DE SANTA BÁRBARA,estacao ecologica de santa barbara,SP,3172.36,Estação Ecológica · Estadual,-22.842,-49.25976,-22.77687,-49.17413
conservacao,0000.35.2697,ESTAÇÃO ECOLÓGICA DE SANTA MARIA,estacao ecologica de santa maria,SP,1300.04,Estação Ecológica · Estadual,-21.42151,-47.638,-21.35904,-47.59033
conservacao,0000.00.0062,ESTAÇÃO ECOLÓGICA DE TAIAMÃ,estacao ecologica de taiama,MT,68502.04,Estação Ecológica · Federal,-17.07213,-57.6934,-16.80465,-57.37212
conservacao,0000.00.0063,ESTAÇÃO ECOLÓGICA DE TAMOIOS,estacao ecologica de tamoios,RJ,8660.28,Estação Ecológica · Federal,-23.20378,-44.68626,-22.98522,-44.29923
conservacao,0000.00.0065,ESTAÇÃO ECOLÓGICA DE URUÇUÍ-UNA,estacao ecologica de urucui-una,PI,129297.37,Estação Ecológica · Federal,-9.11027,-45.44313,-8.65726,-44.96373
conservacao,0000.35.0911,ESTAÇÃO ECOLÓGICA DE XITUÉ,estacao ecologica de xitue,SP,2937.1,Estação Ecológica · Estadual,-24.31355,-48.39455,-24.24948,-48.27472
conservacao,0000.35.1672,ESTAÇÃO ECOLÓGICA DO BARREIRO RICO,estacao ecologica do barreiro rico,SP,297.27,Estação Ecológica · Estadual,-22.68367,-48.1612,-22.66836,-48.13499
conservacao,0000.41.3047,ESTAÇÃO ECOLÓGICA DO CAIUÁ,estacao ecologica do caiua,PR,1482.28,Estação Ecológica · Estadual,-22.63245,-52.89355,-22.58253,-52.8269
conservacao,0000.00.0066,ESTAÇÃO ECOLÓGICA DO CASTANHÃO,estacao ecologica do castanhao,CE,12579.64,Estação Ecológica · Federal,-5.69042,-38.59447,-5.56551,-38.41172
conservacao,0000.31.0936,ESTAÇÃO ECOLÓGICA DO CERCADINHO,estacao ecologica do cercadinho,MG,225.01,Estação Ecológica · Estadual,-19.99117,-43.96201,-19.97076,-43.94503
conservacao,0000.15.1034,ESTAÇÃO ECOLÓGICA DO GRÃO PARÁ,estacao ecologica do grao para,PA,4203669.42,Estação Ecológica · Estadual,-0.43542,-58.89561,2.02923,-54.60116
conservacao,0000.41.0497,ESTAÇÃO ECOLÓGICA DO GUARAGUAÇU,estacao ecologica do guaraguacu,PR,1187.88,Estação Ecológica · Estadual,-25.65249,-48.52876,-25.59156,-48.47906
conservacao,0000.53.1654,ESTAÇÃO ECOLÓGICA DO JARDIM BOTÂNICO,estacao ecologica do jardim botanico,DF,4502.47,Estação Ecológica · Estadual,-15.94585,-47.89209,-15.85748,-47.81903
conservacao,0000.00.0067,ESTAÇÃO ECOLÓGICA DO JARI,estacao ecologica do jari,"AP, PA",231107.69,Estação Ecológica · Federal,-0.85869,-53.41087,-0.1307,-52.52224
conservacao,0205.11.4604,ESTAÇÃO ECOLÓGICA DO MADEIRA,estacao ecologica do madeira,RO,22.8,Estação Ecológica · Municipal,-8.80146,-63.92867,-8.79463,-63.91931
conservacao,0000.35.2672,ESTAÇÃO ECOLÓGICA DO NOROESTE PAULISTA,estacao ecologica do noroeste paulista,SP,177.44,Estação Ecológica · Estadual,-20.85451,-49.45247,-20.83449,-49.42969
conservacao,0000.25.2331,ESTAÇÃO ECOLÓGICA DO PAU BRASIL,estacao ecologica do pau brasil,PB,0.0,Estação Ecológica · Estadual,-6.61644,-35.1388,-6.60391,-35.12847
conservacao,0000.23.0952,ESTAÇÃO ECOLÓGICA DO PÉCEM,estacao ecologica do pecem,CE,963.85,Estação Ecológica · Estadual,-3.60131,-38.85691,-3.55329,-38.78431
conservacao,0000.51.1898,ESTAÇÃO ECOLÓGICA DO RIO DA CASCA,estacao ecologica do rio da casca,MT,3493.0,Estação Ecológica · Estadual,-15.62663,-55.46267,-15.52924,-55.32936
conservacao,0000.41.0515,ESTAÇÃO ECOLÓGICA DO RIO DOS TOUROS,estacao ecologica do rio dos touros,PR,1216.16,Estação Ecológica · Estadual,-25.94338,-52.10469,-25.9029,-52.02044
conservacao,0000.29.0898,ESTAÇÃO ECOLÓGICA DO RIO PRETO,estacao ecologica do rio preto,BA,4761.0,Estação Ecológica · Estadual,-11.03144,-45.02687,-10.90354,-44.9505
conservacao,0000.51.0451,ESTAÇÃO ECOLÓGICA DO RIO RONURO,estacao ecologica do rio ronuro,MT,102670.65,Estação Ecológica · Estadual,-13.10132,-54.63912,-12.7315,-54.32289
conservacao,0000.51.1899,ESTAÇÃO ECOLÓGICA DO RIO ROOSEVELT,estacao ecologica do rio roosevelt,MT,97965.53,Estação Ecológica · Estadual,-9.15251,-61.03922,-8.80242,-60.68437
conservacao,0000.00.0069,ESTAÇÃO ECOLÓGICA DO SERIDÓ,estacao ecologica do serido,RN,1123.6,Estação Ecológica · Federal,-6.61838,-37.28311,-6.56135,-37.23723
conservacao,0000.00.0070,ESTAÇÃO ECOLÓGICA DO TAIM,estacao ecologica do taim,RS,32806.11,Estação Ecológica · Federal,-32.92392,-53.29759,-32.53416,-52.4482
conservacao,1880.35.2781,ESTAÇÃO ECOLÓGICA DO TANQUE GRANDE,estacao ecologica do tanque grande,SP,69.76,Estação Ecológica · Municipal,-23.38347,-46.47549,-23.36803,-46.46693
conservacao,0000.31.0367,ESTAÇÃO ECOLÓGICA DO TRIPUÍ,estacao ecologica do tripui,MG,370.86,Estação Ecológica · Estadual,-20.39108,-43.56132,-20.36838,-43.53456
conservacao,0000.35.0857,ESTAÇÃO ECOLÓGICA DOS CAETETUS,estacao ecologica dos caetetus,SP,2178.99,Estação Ecológica · Estadual,-22.42927,-49.72811,-22.37315,-49.66874
conservacao,0000.00.0071,ESTAÇÃO ECOLÓGICA DOS TUPINIQUINS,estacao ecologica dos tupiniquins,SP,1727.69,Estação Ecológica · Federal,-25.28359,-47.96748,-24.35177,-46.79375
conservacao,0000.43.1995,ESTAÇÃO ECOLÓGICA ESTADUAL ARATINGA,estacao ecologica estadual aratinga,RS,6041.4,Estação Ecológica · Estadual,-29.39732,-50.28597,-29.29852,-50.18194
conservacao,0000.33.1481,ESTAÇÃO ECOLÓGICA ESTADUAL DE GUAXINDIBA,estacao ecologica estadual de guaxindiba,RJ,3259.19,Estação Ecológica · Estadual,-21.4596,-41.12721,-21.35583,-41.05749
conservacao,0000.41.0516,ESTAÇÃO ECOLÓGICA FERNANDES PINHEIRO,estacao ecologica fernandes pinheiro,PR,513.12,Estação Ecológica · Estadual,-25.44171,-50.59845,-25.40529,-50.57371
conservacao,5220.35.3250,ESTAÇÃO ECOLÓGICA GOVERNADOR MARIO COVAS,estacao ecologica governador mario covas,SP,52.64,Estação Ecológica · Municipal,-23.42566,-47.37309,-23.41593,-47.35343
conservacao,0000.35.0819,ESTAÇÃO ECOLÓGICA IBICATU,estacao ecologica ibicatu,SP,76.08,Estação Ecológica · Estadual,-22.78723,-47.82609,-22.77542,-47.81567
conservacao,0000.35.0821,ESTAÇÃO ECOLÓGICA ITABERÁ,estacao ecologica itabera,SP,179.94,Estação Ecológica · Estadual,-23.85325,-49.14918,-23.83564,-49.13584
conservacao,0000.35.0815,ESTAÇÃO ECOLÓGICA ITAPEVA,estacao ecologica itapeva,SP,97.36,Estação Ecológica · Estadual,-24.08132,-49.08515,-24.07365,-49.06713
conservacao,0000.35.0808,ESTAÇÃO ECOLÓGICA JATAÍ,estacao ecologica jatai,SP,8956.58,Estação Ecológica · Estadual,-21.67582,-47.8459,-21.51579,-47.67723
conservacao,0000.00.0072,ESTAÇÃO ECOLÓGICA JUAMI-JAPURÁ,estacao ecologica juami-japura,AM,831203.38,Estação Ecológica · Federal,-2.84097,-69.19852,-1.64506,-67.50053
conservacao,0000.35.0862,ESTAÇÃO ECOLÓGICA JURÉIA-ITATINS,estacao ecologica jureia-itatins,SP,84379.56,Estação Ecológica · Estadual,-24.62921,-47.50113,-24.31772,-47.0018
conservacao,0000.15.5020,ESTAÇÃO ECOLÓGICA MAMURU,estacao ecologica mamuru,PA,126363.87,Estação Ecológica · Estadual,-3.89346,-56.76499,-3.00081,-56.29891
conservacao,0000.31.0365,ESTAÇÃO ECOLÓGICA MAR DE ESPANHA,estacao ecologica mar de espanha,MG,187.04,Estação Ecológica · Estadual,-21.8615,-43.00824,-21.84265,-42.99671
conservacao,0000.31.0392,ESTAÇÃO ECOLÓGICA MATA DO CEDRO,estacao ecologica mata do cedro,MG,0.0,Estação Ecológica · Estadual,-20.4675,-44.6428,-20.40569,-44.59335
conservacao,0000.35.0818,ESTAÇÃO ECOLÓGICA MATA DO JACARÉ,estacao ecologica mata do jacare,SP,75.61,Estação Ecológica · Estadual,-22.08979,-48.03637,-22.07771,-48.01737
conservacao,0000.31.0363,ESTAÇÃO ECOLÓGICA MATA DOS AUSENTES,estacao ecologica mata dos ausentes,MG,454.72,Estação Ecológica · Estadual,-17.9845,-43.16339,-17.95776,-43.13443
conservacao,0000.00.0073,ESTAÇÃO ECOLÓGICA MICO LEÃO PRETO,estacao ecologica mico leao preto,SP,6680.63,Estação Ecológica · Federal,-22.50328,-52.53955,-22.18795,-52.20288
conservacao,0515.33.3979,ESTAÇÃO ECOLÓGICA MONTE DAS FLORES,estacao ecologica monte das flores,RJ,214.3,Estação Ecológica · Municipal,-22.15876,-42.99658,-22.14169,-42.96499
conservacao,8203.41.5099,ESTAÇÃO ECOLÓGICA MUNICIPAL ALÍDIO MORETTI,estacao ecologica municipal alidio moretti,PR,399.65,Estação Ecológica · Municipal,-26.09369,-50.97895,-26.06085,-50.95522
conservacao,9608.41.4428,ESTAÇÃO ECOLÓGICA MUNICIPAL CARLOS ROGÉRIO CONRADO SCHMIDT,estacao ecologica municipal carlos rogerio conrado schmidt,PR,122.31,Estação Ecológica · Municipal,-24.78339,-51.59553,-24.76723,-51.57291
conservacao,0760.35.3854,ESTAÇÃO ECOLÓGICA MUNICIPAL DO CAETÊ,estacao ecologica municipal do caete,SP,86.53,Estação Ecológica · Municipal,-23.02433,-46.55649,-23.01094,-46.54361
conservacao,5220.35.3249,ESTAÇÃO ECOLÓGICA MUNICIPAL DO PIRAJIBU,estacao ecologica municipal do pirajibu,SP,46.75,Estação Ecológica · Municipal,-23.40948,-47.41543,-23.39878,-47.4018
conservacao,4340.35.3892,ESTAÇÃO ECOLÓGICA MUNICIPAL GUARANI,estacao ecologica municipal guarani,SP,42.4,Estação Ecológica · Municipal,-21.20076,-47.67711,-21.19548,-47.66628
conservacao,0530.32.2647,ESTAÇÃO ECOLÓGICA MUNICIPAL ILHA DO LAMEIRÃO,estacao ecologica municipal ilha do lameirao,ES,872.21,Estação Ecológica · Municipal,-20.27808,-40.32802,-20.23944,-40.28245
conservacao,1860.41.4221,ESTAÇÃO ECOLÓGICA MUNICIPAL SEVERINO RAVANELLO,estacao ecologica municipal severino ravanello,PR,307.24,Estação Ecológica · Municipal,-26.26567,-50.90962,-26.23621,-50.87125
conservacao,0000.00.0060,ESTAÇÃO ECOLÓGICA NIQUIÁ,estacao ecologica niquia,RR,306399.4,Estação Ecológica · Federal,0.76886,-61.75012,1.74902,-61.17952
conservacao,0000.00.0074,ESTAÇÃO ECOLÓGICA RASO DA CATARINA,estacao ecologica raso da catarina,BA,104724.03,Estação Ecológica · Federal,-9.91013,-38.73351,-9.55169,-38.44989
conservacao,0000.00.0068,ESTAÇÃO ECOLÓGICA RIO ACRE,estacao ecologica rio acre,AC,78915.83,Estação Ecológica · Federal,-11.07058,-70.50878,-10.74816,-70.05651
conservacao,0000.41.4987,ESTAÇÃO ECOLÓGICA RIO DAS POMBAS,estacao ecologica rio das pombas,PR,855.28,Estação Ecológica · Estadual,-25.71707,-48.55411,-25.66432,-48.51332
conservacao,0000.51.1919,ESTAÇÃO ECOLÓGICA RIO FLOR DO PRADO,estacao ecologica rio flor do prado,MT,9184.38,Estação Ecológica · Estadual,-10.72988,-60.43663,-10.63852,-60.28294
conservacao,0000.11.0764,ESTAÇÃO ECOLÓGICA SAMUEL,estacao ecologica samuel,RO,68991.97,Estação Ecológica · Estadual,-9.04067,-63.30202,-8.85594,-62.8285
conservacao,0000.26.3312,ESTAÇÃO ECOLÓGICA SERRA DA CANOA,estacao ecologica serra da canoa,PE,7601.12,Estação Ecológica · Estadual,-8.53736,-38.44765,-8.4427,-38.32602
conservacao,0000.11.0768,ESTAÇÃO ECOLÓGICA SERRA DOS TRÊS IRMÃOS,estacao ecologica serra dos tres irmaos,RO,88959.2,Estação Ecológica · Estadual,-9.34626,-64.9539,-8.98546,-64.52279
conservacao,0000.00.0076,ESTAÇÃO ECOLÓGICA SERRA GERAL DO TOCANTINS,estacao ecologica serra geral do tocantins,"BA, TO",707078.01,Estação Ecológica · Federal,-11.34954,-47.22922,-10.42716,-45.84314
conservacao,0000.11.4448,ESTAÇÃO ECOLÓGICA SOLDADO DA BORRACHA,estacao ecologica soldado da borracha,RO,179081.08,Estação Ecológica · Estadual,-8.99989,-62.81675,-8.33348,-62.35503
conservacao,0000.00.0064,ESTAÇÃO ECOLÓGICA TUPINAMBÁS,estacao ecologica tupinambas,SP,2463.6,Estação Ecológica · Federal,-24.12431,-45.73949,-23.50761,-45.01293
conservacao,0000.11.4407,ESTAÇÃO ECOLÓGICA UMIRIZAL,estacao ecologica umirizal,RO,57539.96,Estação Ecológica · Estadual,-9.73733,-65.43143,-9.5198,-64.95415
conservacao,0000.35.0863,ESTAÇÃO ECOLÓGICA VALINHOS,estacao ecologica valinhos,SP,17.59,Estação Ecológica · Estadual,-22.96515,-47.01849,-22.95991,-47.01291
conservacao,0797.50.3546,ESTAÇÃO ECOLÓGICA VEREDAS DE TAQUARUSSU,estacao ecologica veredas de taquarussu,MS,3036.87,Estação Ecológica · Municipal,-22.66248,-53.39839,-22.58484,-53.27998
conservacao,0000.29.0294,ESTAÇÃO ECOLÓGICA WENCESLAU GUIMARÃES,estacao ecologica wenceslau guimaraes,BA,2419.42,Estação Ecológica · Estadual,-13.61917,-39.76814,-13.56677,-39.69519
conservacao,0000.13.0998,FLORESTA ESTADUAL APUÍ,floresta estadual apui,AM,182735.37,Floresta · Estadual,-8.06773,-58.95913,-7.51866,-58.39159
conservacao,0000.13.0999,FLORESTA ESTADUAL ARIPUANÃ,floresta estadual aripuana,AM,328742.12,Floresta · Estadual,-8.80313,-60.35366,-8.28046,-59.53807
conservacao,0000.13.1737,FLORESTA ESTADUAL CANUTAMA,floresta estadual canutama,AM,150588.17,Floresta · Estadual,-6.52141,-64.66809,-5.88789,-64.24688
conservacao,0000.41.0517,FLORESTA ESTADUAL CÓRREGO DA BIQUINHA,floresta estadual corrego da biquinha,PR,36.95,Floresta · Estadual,-24.59263,-50.68742,-24.58368,-50.67841
conservacao,0000.35.2937,FLORESTA ESTADUAL DE ASSIS,floresta estadual de assis,SP,2643.05,Floresta · Estadual,-22.63889,-50.46657,-22.55838,-50.34968
conservacao,0000.15.1035,FLORESTA ESTADUAL DE FARO,floresta estadual de faro,PA,614003.72,Floresta · Estadual,-1.90179,-57.87942,-0.86702,-56.97613
conservacao,0000.35.2700,FLORESTA ESTADUAL DE GUARULHOS,floresta estadual de guarulhos,SP,92.24,Floresta · Estadual,-23.34058,-46.4006,-23.32814,-46.38571
conservacao,0000.15.1036,FLORESTA ESTADUAL DE IRIRI,floresta estadual de iriri,PA,439236.46,Floresta · Estadual,-6.84334,-54.76215,-5.82117,-54.14826
conservacao,0000.11.2059,FLORESTA ESTADUAL DE RENDIMENTO SUSTENTADO ARARAS,floresta estadual de rendimento sustentado araras,RO,1086.45,Floresta · Estadual,-9.44876,-62.56653,-9.39552,-62.535
conservacao,0000.11.0763,FLORESTA ESTADUAL DE RENDIMENTO SUSTENTADO CEDRO,floresta estadual de rendimento sustentado cedro,RO,2568.08,Floresta · Estadual,-9.40385,-62.16441,-9.35021,-62.09157
conservacao,0000.11.0740,FLORESTA ESTADUAL DE RENDIMENTO SUSTENTADO DO RIO MACHADO,floresta estadual de rendimento sustentado do rio machado,RO,0.0,Floresta · Estadual,-8.85862,-62.81863,-8.02359,-62.12586
conservacao,0000.11.0758,"FLORESTA ESTADUAL DE RENDIMENTO SUSTENTADO DO RIO MADEIRA ""B""","floresta estadual de rendimento sustentado do rio madeira ""b""",RO,47355.45,Floresta · Estadual,-8.60303,-63.95787,-8.28882,-63.63685
conservacao,0000.11.0761,FLORESTA ESTADUAL DE RENDIMENTO SUSTENTADO GAVIÃO,floresta estadual de rendimento sustentado gaviao,RO,455.79,Floresta · Estadual,-9.33252,-62.48786,-9.28212,-62.47704
conservacao,0000.11.0759,FLORESTA ESTADUAL DE RENDIMENTO SUSTENTADO MUTUM,floresta estadual de rendimento sustentado mutum,RO,11220.75,Floresta · Estadual,-9.52572,-62.59929,-9.362,-62.47702
conservacao,0000.11.0778,FLORESTA ESTADUAL DE RENDIMENTO SUSTENTADO PERIQUITO,floresta estadual de rendimento sustentado periquito,RO,1153.07,Floresta · Estadual,-9.368,-62.57668,-9.33888,-62.50855
conservacao,0000.11.0739,FLORESTA ESTADUAL DE RENDIMENTO SUSTENTADO RIO VERMELHO (C),floresta estadual de rendimento sustentado rio vermelho (c),RO,0.0,Floresta · Estadual,-8.93007,-64.15394,-8.82574,-64.07836
conservacao,0000.11.0760,FLORESTA ESTADUAL DE RENDIMENTO SUSTENTADO TUCANO,floresta estadual de rendimento sustentado tucano,RO,724.63,Floresta · Estadual,-9.52591,-62.64601,-9.50864,-62.59692
conservacao,0000.13.1731,FLORESTA ESTADUAL DE TAPAUÁ,floresta estadual de tapaua,AM,881472.65,Floresta · Estadual,-6.96521,-63.98955,-5.7897,-62.91025
conservacao,0000.16.0885,FLORESTA ESTADUAL DO AMAPÁ,floresta estadual do amapa,AP,2370317.81,Floresta · Estadual,0.14534,-52.50616,3.79317,-50.88815
conservacao,0000.52.1754,FLORESTA ESTADUAL DO ARAGUAIA,floresta estadual do araguaia,GO,22337.58,Floresta · Estadual,-13.25204,-50.58498,-12.99562,-50.43877
conservacao,0000.35.3740,FLORESTA ESTADUAL DO NOROESTE PAULISTA,floresta estadual do noroeste paulista,SP,393.36,Floresta · Estadual,-20.86305,-49.45124,-20.83155,-49.42755
conservacao,0000.15.1038,FLORESTA ESTADUAL DO PARU,floresta estadual do paru,PA,3050919.46,Floresta · Estadual,-1.22936,-55.66954,0.41343,-52.68001
conservacao,0000.41.0538,FLORESTA ESTADUAL DO PASSA DOIS,floresta estadual do passa dois,PR,252.81,Floresta · Estadual,-25.77984,-49.82375,-25.75216,-49.79708
conservacao,0000.11.4441,FLORESTA ESTADUAL DO RIO PARDO,floresta estadual do rio pardo,RO,30833.27,Floresta · Estadual,-9.91292,-63.98183,-9.69488,-63.75769
conservacao,0000.15.1037,FLORESTA ESTADUAL DO TROMBETAS,floresta estadual do trombetas,PA,3143528.84,Floresta · Estadual,-1.29547,-57.93518,0.81721,-55.22621
conservacao,0000.31.0896,FLORESTA ESTADUAL DO UAIMII,floresta estadual do uaimii,MG,4443.12,Floresta · Estadual,-20.31398,-43.61578,-20.22565,-43.51301
conservacao,0000.35.0852,FLORESTA ESTADUAL EDMUNDO NAVARRO DE ANDRADE,floresta estadual edmundo navarro de andrade,SP,2221.93,Floresta · Estadual,-22.43498,-47.55303,-22.37484,-47.5016
conservacao,0000.33.3831,FLORESTA ESTADUAL JOSÉ ZAGO,floresta estadual jose zago,RJ,29.14,Floresta · Estadual,-22.07889,-42.06878,-22.0714,-42.0628
conservacao,0000.13.1000,FLORESTA ESTADUAL MANICORÉ,floresta estadual manicore,AM,83364.5,Floresta · Estadual,-8.80124,-61.31692,-8.48976,-60.56571
conservacao,0000.13.1003,FLORESTA ESTADUAL MAÚES,floresta estadual maues,AM,449852.49,Floresta · Estadual,-4.60201,-58.30942,-3.68071,-57.50049
conservacao,0000.35.2618,FLORESTA ESTADUAL PEDERNEIRAS,floresta estadual pederneiras,SP,1978.25,Floresta · Estadual,-22.36033,-48.88254,-22.31729,-48.80449
conservacao,0000.13.1002,FLORESTA ESTADUAL RIO URUBU,floresta estadual rio urubu,AM,27050.78,Floresta · Estadual,-2.36884,-59.89755,-2.20249,-59.67693
conservacao,0000.31.0895,FLORESTA ESTADUAL SÃO JUDAS TADEU,floresta estadual sao judas tadeu,MG,140.82,Floresta · Estadual,-19.87935,-44.19756,-19.86426,-44.1775
conservacao,0000.35.2698,FLORESTA ESTADUAL SERRA DÁGUA,floresta estadual serra dagua,SP,51.02,Floresta · Estadual,-22.95971,-47.04961,-22.94849,-47.04222
conservacao,0000.13.1001,FLORESTA ESTADUAL SUCUNDURI,floresta estadual sucunduri,AM,481064.91,Floresta · Estadual,-8.80331,-59.93651,-7.9745,-58.77397
conservacao,0707.26.4738,FLORESTA MUNICIPAL DO RIO TIMBÓ,floresta municipal do rio timbo,PE,209.62,Floresta · Municipal,-7.91365,-34.85621,-7.8896,-34.8406
conservacao,0707.26.4737,FLORESTA MUNICIPAL DOS MARANGUAPES,floresta municipal dos maranguapes,PE,60.2,Floresta · Municipal,-7.9272,-34.86319,-7.91547,-34.85584
conservacao,1908.31.5072,FLORESTA MUNICIPAL ESTAÇÃO AMBIENTAL DO PETI,floresta municipal estacao ambiental do peti,MG,485.56,Floresta · Municipal,-19.90672,-43.38495,-19.87341,-43.36054
conservacao,0707.26.4741,FLORESTA MUNICIPAL MATA DO RONCA,floresta municipal mata do ronca,PE,121.61,Floresta · Municipal,-7.96535,-34.91195,-7.9497,-34.89983
conservacao,0707.26.4740,FLORESTA MUNICIPAL PAU SANGUE,floresta municipal pau sangue,PE,187.45,Floresta · Municipal,-7.96535,-34.91195,-7.94827,-34.85185
conservacao,0000.00.0128,FLORESTA NACIONAL DA MATA GRANDE,floresta nacional da mata grande,GO,1951.61,Floresta · Federal,-13.61623,-46.75976,-13.53752,-46.7136
conservacao,0000.00.0132,FLORESTA NACIONAL DA RESTINGA DE CABEDELO,floresta nacional da restinga de cabedelo,PB,113.27,Floresta · Federal,-7.06909,-34.86392,-7.05863,-34.85015
conservacao,0000.00.0082,FLORESTA NACIONAL DE AÇU,floresta nacional de acu,RN,211.38,Floresta · Federal,-5.58436,-36.95581,-5.57086,-36.93394
conservacao,0000.00.0083,FLORESTA NACIONAL DE ALTAMIRA,floresta nacional de altamira,PA,725418.14,Floresta · Federal,-6.46595,-55.60355,-5.4026,-54.66432
conservacao,0000.00.0084,FLORESTA NACIONAL DE ANAUÁ,floresta nacional de anaua,RR,259398.75,Floresta · Federal,0.1748,-61.13211,1.12861,-60.62284
conservacao,0000.00.0077,FLORESTA NACIONAL DE ASSUNGUI,floresta nacional de assungui,PR,490.81,Floresta · Federal,-25.19776,-49.65923,-25.16359,-49.63233
conservacao,0000.00.0085,FLORESTA NACIONAL DE BALATA-TUFARI,floresta nacional de balata-tufari,AM,1088613.25,Floresta · Federal,-7.54778,-64.58354,-6.49,-63.13102
conservacao,0000.00.0086,FLORESTA NACIONAL DE BRASÍLIA,floresta nacional de brasilia,DF,5622.75,Floresta · Federal,-15.80183,-48.17356,-15.62755,-48.04572
conservacao,0000.00.0078,FLORESTA NACIONAL DE CAÇADOR,floresta nacional de cacador,SC,706.52,Floresta · Federal,-26.77963,-51.21994,-26.73297,-51.18385
conservacao,0000.00.0087,FLORESTA NACIONAL DE CANELA,floresta nacional de canela,RS,563.52,Floresta · Federal,-29.3359,-50.82628,-29.30086,-50.7977
conservacao,0000.00.0079,FLORESTA NACIONAL DE CAPÃO BONITO,floresta nacional de capao bonito,SP,4316.87,Floresta · Federal,-23.99249,-48.55082,-23.85054,-48.48564
conservacao,0000.00.0088,FLORESTA NACIONAL DE CARAJÁS,floresta nacional de carajas,PA,391253.36,Floresta · Federal,-6.53616,-50.7414,-5.87028,-49.88947
conservacao,0000.00.0089,FLORESTA NACIONAL DE CAXIUANÃ,floresta nacional de caxiuana,PA,317943.07,Floresta · Federal,-2.25069,-51.96056,-1.63186,-51.33022
conservacao,0000.00.0080,FLORESTA NACIONAL DE CHAPECÓ,floresta nacional de chapeco,SC,1604.07,Floresta · Federal,-27.2002,-52.79574,-27.06741,-52.60134
conservacao,0000.00.0081,FLORESTA NACIONAL DE CONTENDAS DO SINCORÁ,floresta nacional de contendas do sincora,BA,11215.7,Floresta · Federal,-14.01176,-41.15194,-13.86827,-41.03268
conservacao,0000.00.0090,FLORESTA NACIONAL DE CRISTÓPOLIS,floresta nacional de cristopolis,BA,12840.42,Floresta · Federal,-12.55261,-44.49848,-12.40949,-44.38087
conservacao,0000.00.0091,FLORESTA NACIONAL DE GOYTACAZES,floresta nacional de goytacazes,ES,1425.62,Floresta · Federal,-19.46964,-40.10073,-19.41626,-40.06715
conservacao,0000.00.0092,FLORESTA NACIONAL DE HUMAITÁ,floresta nacional de humaita,AM,476599.1,Floresta · Federal,-8.67823,-62.96045,-7.55443,-62.16096
conservacao,0000.00.0093,FLORESTA NACIONAL DE IBIRAMA,floresta nacional de ibirama,SC,519.35,Floresta · Federal,-27.04799,-49.47605,-27.00605,-49.43993
conservacao,0000.00.0094,FLORESTA NACIONAL DE IPANEMA,floresta nacional de ipanema,SP,5064.88,Floresta · Federal,-23.45867,-47.65802,-23.38012,-47.55824
conservacao,0000.00.0125,FLORESTA NACIONAL DE IRATI,floresta nacional de irati,PR,3559.81,Floresta · Federal,-25.41911,-50.60171,-25.30908,-50.51329
conservacao,0000.00.0095,FLORESTA NACIONAL DE ITAITUBA I,floresta nacional de itaituba i,PA,213085.24,Floresta · Federal,-5.56297,-56.98159,-5.17379,-56.10568
conservacao,0000.00.0096,FLORESTA NACIONAL DE ITAITUBA II,floresta nacional de itaituba ii,PA,397750.04,Floresta · Federal,-5.49979,-56.8378,-4.68367,-56.03627
conservacao,0000.00.0097,FLORESTA NACIONAL DE JACUNDÁ,floresta nacional de jacunda,RO,220820.57,Floresta · Federal,-8.84002,-63.41923,-8.18882,-62.67701
conservacao,0000.00.0098,FLORESTA NACIONAL DE LORENA,floresta nacional de lorena,SP,274.49,Floresta · Federal,-22.72679,-45.10368,-22.70793,-45.08702
conservacao,0000.00.0099,FLORESTA NACIONAL DE MULATA,floresta nacional de mulata,PA,215544.8,Floresta · Federal,-1.53569,-55.35353,-1.00036,-54.22599
conservacao,0000.00.1605,FLORESTA NACIONAL DE NEGREIROS,floresta nacional de negreiros,PE,2967.42,Floresta · Federal,-7.99569,-39.47819,-7.94979,-39.36663
conservacao,0000.00.0100,FLORESTA NACIONAL DE NÍSIA FLORESTA,floresta nacional de nisia floresta,RN,168.84,Floresta · Federal,-6.09019,-35.19021,-6.0705,-35.17555
conservacao,0000.00.0101,FLORESTA NACIONAL DE PACOTUBA,floresta nacional de pacotuba,ES,450.11,Floresta · Federal,-20.75531,-41.30841,-20.73313,-41.27212
conservacao,0000.00.0102,FLORESTA NACIONAL DE PALMARES,floresta nacional de palmares,PI,168.21,Floresta · Federal,-5.05888,-42.60168,-5.03937,-42.58982
conservacao,0000.00.0103,FLORESTA NACIONAL DE PARAOPEBA,floresta nacional de paraopeba,MG,203.29,Floresta · Federal,-19.27423,-44.41051,-19.24935,-44.3924
conservacao,0000.00.0129,FLORESTA NACIONAL DE PASSA QUATRO,floresta nacional de passa quatro,MG,335.97,Floresta · Federal,-22.40025,-44.95373,-22.38058,-44.92747
conservacao,0000.00.0130,FLORESTA NACIONAL DE PASSO FUNDO,floresta nacional de passo fundo,RS,1333.6,Floresta · Federal,-28.34492,-52.21031,-28.27849,-52.16653
conservacao,0000.00.0104,FLORESTA NACIONAL DE PAU-ROSA,floresta nacional de pau-rosa,AM,985311.66,Floresta · Federal,-5.59149,-58.85365,-3.74148,-57.0916
conservacao,0000.00.0131,FLORESTA NACIONAL DE PIRAÍ DO SUL,floresta nacional de pirai do sul,PR,150.61,Floresta · Federal,-24.58543,-49.93065,-24.57088,-49.9066
conservacao,0000.00.0122,FLORESTA NACIONAL DE RIO PRETO,floresta nacional de rio preto,ES,2817.34,Floresta · Federal,-18.44556,-39.87498,-18.3417,-39.81759
conservacao,0000.00.0105,FLORESTA NACIONAL DE RITÁPOLIS,floresta nacional de ritapolis,MG,89.19,Floresta · Federal,-21.058,-44.28545,-21.04836,-44.2711
conservacao,0000.00.0106,FLORESTA NACIONAL DE RORAIMA,floresta nacional de roraima,RR,168984.37,Floresta · Federal,2.5056,-62.014,3.26898,-61.54424
conservacao,0000.00.0107,FLORESTA NACIONAL DE SANTA ROSA DO PURUS,floresta nacional de santa rosa do purus,AC,231552.72,Floresta · Federal,-9.74038,-71.31757,-9.05198,-70.39544
conservacao,0000.00.0108,FLORESTA NACIONAL DE SÃO FRANCISCO,floresta nacional de sao francisco,AC,21148.14,Floresta · Federal,-10.00978,-69.52442,-9.77847,-69.27302
conservacao,0000.00.0133,FLORESTA NACIONAL DE SÃO FRANCISCO DE PAULA,floresta nacional de sao francisco de paula,RS,1615.58,Floresta · Federal,-29.45393,-50.41658,-29.39154,-50.3673
conservacao,0000.00.0109,FLORESTA NACIONAL DE SARACÁ-TAQUERA,floresta nacional de saraca-taquera,PA,439452.04,Floresta · Federal,-1.90449,-57.1765,-1.39057,-56.03813
conservacao,0000.00.0110,FLORESTA NACIONAL DE SILVÂNIA,floresta nacional de silvania,GO,486.37,Floresta · Federal,-16.64919,-48.67312,-16.62722,-48.64339
conservacao,0000.00.0111,FLORESTA NACIONAL DE SOBRAL,floresta nacional de sobral,CE,661.02,Floresta · Federal,-3.79081,-40.55351,-3.76267,-40.51076
conservacao,0000.00.0112,FLORESTA NACIONAL DE TEFÉ,floresta nacional de tefe,AM,865116.21,Floresta · Federal,-4.59937,-66.27711,-3.48599,-64.96715
conservacao,0000.00.0134,FLORESTA NACIONAL DE TRÊS BARRAS,floresta nacional de tres barras,SC,4385.3,Floresta · Federal,-26.26892,-50.35805,-26.15704,-50.26812
conservacao,0000.00.3408,FLORESTA NACIONAL DE URUPADI,floresta nacional de urupadi,AM,537993.07,Floresta · Federal,-6.60687,-58.92047,-5.54887,-57.83712
conservacao,0000.00.0271,FLORESTA NACIONAL DO AMANA,floresta nacional do amana,"AM, PA",682642.97,Floresta · Federal,-6.00397,-58.03149,-4.71531,-56.97534
conservacao,0000.00.0113,FLORESTA NACIONAL DO AMAPÁ,floresta nacional do amapa,AP,460356.54,Floresta · Federal,0.92252,-52.00961,1.93342,-51.36477
conservacao,0000.00.0114,FLORESTA NACIONAL DO AMAZONAS,floresta nacional do amazonas,AM,1944158.55,Floresta · Federal,-0.16432,-65.25858,2.24095,-62.44323
conservacao,0000.00.0115,FLORESTA NACIONAL DO ARARIPE-APODI,floresta nacional do araripe-apodi,CE,38919.01,Floresta · Federal,-7.47743,-39.60886,-7.1959,-39.22606
conservacao,0000.00.3409,FLORESTA NACIONAL DO ARIPUANÃ,floresta nacional do aripuana,AM,751289.09,Floresta · Federal,-7.60051,-61.34277,-6.26323,-60.06345
conservacao,0000.00.0116,FLORESTA NACIONAL DO BOM FUTURO,floresta nacional do bom futuro,RO,100084.14,Floresta · Federal,-9.61385,-64.3188,-9.10762,-63.59399
conservacao,0000.00.0270,FLORESTA NACIONAL DO CREPORI,floresta nacional do crepori,PA,738886.48,Floresta · Federal,-7.22557,-57.52113,-5.88615,-56.59886
conservacao,0000.00.0269,FLORESTA NACIONAL DO IBURA,floresta nacional do ibura,SE,143.44,Floresta · Federal,-10.84772,-37.14843,-10.83374,-37.13714
conservacao,0000.00.1612,FLORESTA NACIONAL DO IQUIRI,floresta nacional do iquiri,AM,1470185.58,Floresta · Federal,-9.58135,-67.05255,-7.66612,-65.24376
conservacao,0000.00.0117,FLORESTA NACIONAL DO ITACAIUNAS,floresta nacional do itacaiunas,PA,139813.91,Floresta · Federal,-6.05539,-51.39328,-5.75383,-50.51477
conservacao,0000.00.0266,FLORESTA NACIONAL DO JAMANXIM,floresta nacional do jamanxim,PA,1301551.62,Floresta · Federal,-8.61483,-56.25523,-6.35064,-55.23623
conservacao,0000.00.0118,FLORESTA NACIONAL DO JAMARI,floresta nacional do jamari,RO,224864.74,Floresta · Federal,-9.48233,-63.21468,-8.95918,-62.73115
conservacao,0000.00.0119,FLORESTA NACIONAL DO JATUARANA,floresta nacional do jatuarana,AM,568293.42,Floresta · Federal,-8.09953,-59.97599,-6.9555,-58.92374
conservacao,0000.00.0120,FLORESTA NACIONAL DO MACAUÃ,floresta nacional do macaua,AC,176367.87,Floresta · Federal,-10.20877,-69.9505,-9.69681,-69.20389
conservacao,0000.00.4617,FLORESTA NACIONAL DO PARIMA,floresta nacional do parima,RR,109483.89,Floresta · Federal,3.36891,-62.25814,4.16434,-61.99987
conservacao,0000.00.0121,FLORESTA NACIONAL DO PURÚS,floresta nacional do purus,AM,256125.9,Floresta · Federal,-8.58034,-68.06942,-8.02837,-67.27384
conservacao,0000.00.0123,FLORESTA NACIONAL DO TAPAJÓS,floresta nacional do tapajos,PA,525056.08,Floresta · Federal,-4.11216,-55.40995,-2.75005,-54.80212
conservacao,0000.00.0124,FLORESTA NACIONAL DO TAPIRAPÉAQUIRI,floresta nacional do tapirapeaquiri,PA,196501.26,Floresta · Federal,-5.98686,-51.08487,-5.598,-50.41091
conservacao,0000.00.0265,FLORESTA NACIONAL DO TRAIRÃO,floresta nacional do trairao,PA,257527.66,Floresta · Federal,-5.27623,-55.95134,-4.46598,-55.13703
conservacao,0000.00.0126,FLORESTA NACIONAL MAPIÁ - INAUINI,floresta nacional mapia - inauini,AM,368945.8,Floresta · Federal,-8.69887,-68.64802,-7.9572,-67.63837
conservacao,0000.00.0127,FLORESTA NACIONAL MÁRIO XAVIER,floresta nacional mario xavier,RJ,495.98,Floresta · Federal,-22.73831,-43.71854,-22.70691,-43.69445
conservacao,0102.32.4619,MONA MUNICIPAL PEDRA DOS TRÊS PONTÕES,mona municipal pedra dos tres pontoes,ES,329.18,Monumento Natural · Municipal,-20.08469,-41.05341,-20.06545,-41.02236
conservacao,5158.33.4913,MONUIMENTO NATURAL PEDRA DAS FLORES,monuimento natural pedra das flores,RJ,378.43,Monumento Natural · Municipal,-22.17661,-42.88256,-22.14945,-42.84201
conservacao,4603.29.5046,MONUMENTO NATURAL ÁGUAS DAS NEVES,monumento natural aguas das neves,BA,387.95,Monumento Natural · Municipal,-10.67059,-40.37973,-10.64533,-40.35721
conservacao,0000.15.3828,MONUMENTO NATURAL ATALAIA,monumento natural atalaia,PA,216.91,Monumento Natural · Estadual,-0.62133,-47.30858,-0.59594,-47.28627
conservacao,3201.29.4661,MONUMENTO NATURAL CACHOEIRA DO ACABA VIDA,monumento natural cachoeira do acaba vida,BA,46.9,Monumento Natural · Municipal,-11.90015,-45.61038,-11.89363,-45.59929
conservacao,2305.42.4659,MONUMENTO NATURAL CACHOEIRA DO AMÂNCIO,monumento natural cachoeira do amancio,SC,152.98,Monumento Natural · Municipal,-27.36622,-48.75465,-27.35181,-48.73389
conservacao,0000.29.0295,MONUMENTO NATURAL CACHOEIRA DO FERRO DOIDO,monumento natural cachoeira do ferro doido,BA,362.09,Monumento Natural · Estadual,-11.63007,-41.0,-11.61006,-40.97999
conservacao,0000.24.5219,MONUMENTO NATURAL CAJUEIRO DE PIRANGI,monumento natural cajueiro de pirangi,RN,0.85,Monumento Natural · Estadual,-5.97924,-35.12391,-5.97793,-35.12293
conservacao,2015.17.2792,MONUMENTO NATURAL CANYONS E CORREDEIRAS DO RIO SONO,monumento natural canyons e corredeiras do rio sono,TO,1457.59,Monumento Natural · Municipal,-10.19584,-46.94459,-10.13964,-46.66237
conservacao,2908.33.4973,MONUMENTO NATURAL CAPELA DOS ESCRAVOS,monumento natural capela dos escravos,RJ,190.08,Monumento Natural · Municipal,-22.49981,-43.50742,-22.48463,-43.48562
conservacao,5209.31.4449,MONUMENTO NATURAL CÁRSTICO DO MORRO DE BREJO DO AMPARO,monumento natural carstico do morro de brejo do amparo,MG,186.06,Monumento Natural · Municipal,-15.44601,-44.41782,-15.43173,-44.40134
conservacao,0000.24.4598,MONUMENTO NATURAL CAVERNAS DE MARTINS,monumento natural cavernas de martins,RN,3539.96,Monumento Natural · Estadual,-6.08878,-37.93295,-6.00736,-37.86925
conservacao,0000.00.4855,MONUMENTO NATURAL CAVERNAS DE SÃO DESIDÉRIO,monumento natural cavernas de sao desiderio,BA,16193.86,Monumento Natural · Federal,-12.45894,-45.01899,-12.3399,-44.83556
conservacao,0310.33.2943,MONUMENTO NATURAL DA ÁGUA SANTA,monumento natural da agua santa,RJ,1170.75,Monumento Natural · Municipal,-21.04781,-41.95439,-20.99828,-41.88168
conservacao,9800.29.4678,MONUMENTO NATURAL DA CACHOEIRA DO PAULISTA,monumento natural da cachoeira do paulista,BA,35.54,Monumento Natural · Municipal,-11.00952,-40.45123,-11.00139,-40.44409
conservacao,1001.22.5102,MONUMENTO NATURAL DA FLORESTA FÓSSIL DO RIO POTI,monumento natural da floresta fossil do rio poti,PI,33.35,Monumento Natural · Municipal,-5.09245,-42.78984,-5.08666,-42.78178
conservacao,0000.50.1515,MONUMENTO NATURAL DA GRUTA DO LAGO AZUL,monumento natural da gruta do lago azul,MS,238.67,Monumento Natural · Estadual,-21.151,-56.60206,-21.07574,-56.56699
conservacao,5133.33.4756,MONUMENTO NATURAL DA PEDRA REDONDA,monumento natural da pedra redonda,RJ,311.97,Monumento Natural · Municipal,-21.43492,-41.95542,-21.39343,-41.91722
conservacao,2106.33.5179,MONUMENTO NATURAL DA SERRA  VERMELHA,monumento natural da serra  vermelha,RJ,1166.84,Monumento Natural · Municipal,-21.8038,-42.12429,-21.7335,-42.04892
conservacao,0370.23.4218,MONUMENTO NATURAL DA SERRA DA RAJADA,monumento natural da serra da rajada,CE,374.13,Monumento Natural · Municipal,-3.91367,-38.73897,-3.87053,-38.69917
conservacao,3104.33.4589,MONUMENTO NATURAL DA SERRA DA VENTANIA E BANDEIRA,monumento natural da serra da ventania e bandeira,RJ,1151.34,Monumento Natural · Municipal,-20.99101,-41.89524,-20.95152,-41.81015
conservacao,0000.17.1489,MONUMENTO NATURAL DAS ÁRVORES FOSSILIZADAS DO ESTADO DO TOCANTINS,monumento natural das arvores fossilizadas do estado do tocantins,TO,32548.49,Monumento Natural · Estadual,-7.55282,-47.93031,-7.38647,-47.62911
conservacao,0000.23.0961,MONUMENTO NATURAL DAS FALÉSIAS DE BEBERIBE,monumento natural das falesias de beberibe,CE,31.31,Monumento Natural · Estadual,-4.1711,-38.11007,-4.15433,-38.09145
conservacao,0000.00.3642,MONUMENTO NATURAL DAS ILHAS DE TRINDADE E MARTIM VAZ E DO MONTE COLÚMBIA,monumento natural das ilhas de trindade e martim vaz e do monte columbia,ES,6770185.49,Monumento Natural · Federal,-21.33333,-32.8588,-19.33333,-27.25
conservacao,3302.33.4978,MONUMENTO NATURAL DE ICARAHY,monumento natural de icarahy,RJ,3.11,Monumento Natural · Municipal,-22.90842,-43.10885,-22.90655,-43.10653
conservacao,0000.52.5221,MONUMENTO NATURAL DE PARAÚNA,monumento natural de parauna,GO,843.81,Monumento Natural · Estadual,-17.06604,-50.73218,-17.00519,-50.69678
conservacao,0000.00.0034,MONUMENTO NATURAL DO ARQUIPÉLAGO DAS ILHAS CAGARRAS,monumento natural do arquipelago das ilhas cagarras,RJ,91.2,Monumento Natural · Federal,-23.07478,-43.20826,-23.02521,-43.19025
conservacao,0000.00.3644,MONUMENTO NATURAL DO ARQUIPÉLAGO DE SÃO PEDRO E SÃO PAULO,monumento natural do arquipelago de sao pedro e sao paulo,RN,4719903.29,Monumento Natural · Federal,-1.48333,-31.16667,0.91608,-28.15
conservacao,0000.53.1904,MONUMENTO NATURAL DO CONJUNTO ESPELEOLÓGICO DO MORRO DA PEDREIRA,monumento natural do conjunto espeleologico do morro da pedreira,DF,90.55,Monumento Natural · Estadual,-15.51635,-47.96094,-15.50813,-47.94689
conservacao,1209.32.4875,MONUMENTO NATURAL DO ITABIRA,monumento natural do itabira,ES,398.77,Monumento Natural · Municipal,-20.85255,-41.07481,-20.82562,-41.0455
conservacao,2403.33.5109,MONUMENTO NATURAL DO PICO DO FRADE,monumento natural do pico do frade,RJ,2801.84,Monumento Natural · Municipal,-22.24166,-42.09804,-22.18535,-42.03228
conservacao,4603.29.5022,MONUMENTO NATURAL DO POÇO PELADO,monumento natural do poco pelado,BA,74.75,Monumento Natural · Municipal,-10.70167,-40.38307,-10.69029,-40.3723
conservacao,4557.33.4879,MONUMENTO NATURAL DO RECREIO DOS BANDEIRANTES,monumento natural do recreio dos bandeirantes,RJ,62.85,Monumento Natural · Municipal,-23.03799,-43.49223,-23.02774,-43.46762
conservacao,0000.50.1571,MONUMENTO NATURAL DO RIO FORMOSO,monumento natural do rio formoso,MS,18.35,Monumento Natural · Estadual,-21.12298,-56.39288,-21.11745,-56.38402
conservacao,0000.00.1812,MONUMENTO NATURAL DO RIO SÃO FRANCISCO,monumento natural do rio sao francisco,"AL, BA, SE",26736.15,Monumento Natural · Federal,-9.58786,-38.20646,-9.3734,-37.79403
conservacao,0000.29.1014,MONUMENTO NATURAL DOS CANIONS DO SUBAÉ,monumento natural dos canions do subae,BA,404.46,Monumento Natural · Estadual,-12.52275,-38.78572,-12.50285,-38.74923
conservacao,0455.33.1811,MONUMENTO NATURAL DOS MORROS DO PÃO DE AÇÚCAR E URCA,monumento natural dos morros do pao de acucar e urca,RJ,91.47,Monumento Natural · Municipal,-22.95462,-43.1681,-22.9457,-43.15065
conservacao,0000.00.0181,MONUMENTO NATURAL DOS PONTÕES CAPIXABAS,monumento natural dos pontoes capixabas,ES,17443.3,Monumento Natural · Federal,-19.24408,-40.87053,-19.01912,-40.66129
conservacao,0000.35.1968,MONUMENTO NATURAL ESTADUAL DA PEDRA DO BAÚ,monumento natural estadual da pedra do bau,SP,3156.22,Monumento Natural · Estadual,-22.70709,-45.70389,-22.64395,-45.59969
conservacao,0000.35.1967,MONUMENTO NATURAL ESTADUAL DA PEDRA GRANDE,monumento natural estadual da pedra grande,SP,3297.63,Monumento Natural · Estadual,-23.2431,-46.55728,-23.1619,-46.46176
conservacao,0000.33.3547,MONUMENTO NATURAL ESTADUAL DA SERRA DA BELEZA,monumento natural estadual da serra da beleza,RJ,5476.78,Monumento Natural · Estadual,-22.35918,-44.13192,-22.25699,-43.96877
conservacao,0000.33.4781,MONUMENTO NATURAL ESTADUAL DA SERRA DA MARIA COMPRIDA,monumento natural estadual da serra da maria comprida,RJ,7803.43,Monumento Natural · Estadual,-22.42657,-43.31052,-22.33504,-43.13301
conservacao,0000.22.4809,MONUMENTO NATURAL ESTADUAL DAS ITANS,monumento natural estadual das itans,PI,57.61,Monumento Natural · Estadual,-2.9469,-41.33608,-2.92471,-41.32356
conservacao,0000.31.2621,MONUMENTO NATURAL ESTADUAL DE ITATIAIA,monumento natural estadual de itatiaia,MG,3216.85,Monumento Natural · Estadual,-20.50016,-43.63054,-20.44196,-43.54202
conservacao,0000.31.2622,MONUMENTO NATURAL ESTADUAL DE SANTO ANTÔNIO,monumento natural estadual de santo antonio,MG,31.14,Monumento Natural · Estadual,-19.50849,-43.98807,-19.50182,-43.97737
conservacao,0000.31.0360,MONUMENTO NATURAL ESTADUAL GRUTA REI DO MATO,monumento natural estadual gruta rei do mato,MG,140.64,Monumento Natural · Estadual,-19.50174,-44.29077,-19.48208,-44.28058
conservacao,0000.31.2593,MONUMENTO NATURAL ESTADUAL LAPA VERMELHA,monumento natural estadual lapa vermelha,MG,33.34,Monumento Natural · Estadual,-19.61718,-43.99999,-19.61069,-43.98965
conservacao,0000.35.4297,MONUMENTO NATURAL ESTADUAL MANTIQUEIRA PAULISTA,monumento natural estadual mantiqueira paulista,SP,10371.44,Monumento Natural · Estadual,-22.56084,-45.1412,-22.46292,-44.93259
conservacao,0000.31.0897,MONUMENTO NATURAL ESTADUAL PETER LUND,monumento natural estadual peter lund,MG,72.95,Monumento Natural · Estadual,-19.13042,-44.35659,-19.11463,-44.34839
conservacao,0000.31.3039,MONUMENTO NATURAL ESTADUAL PICO DO IBITURUNA,monumento natural estadual pico do ibituruna,MG,1074.57,Monumento Natural · Estadual,-18.90651,-41.92621,-18.86857,-41.88032
conservacao,0000.31.2610,MONUMENTO NATURAL ESTADUAL SERRA DA MOEDA,monumento natural estadual serra da moeda,MG,2373.74,Monumento Natural · Estadual,-20.40521,-43.98085,-20.25035,-43.91893
conservacao,0000.31.3406,MONUMENTO NATURAL ESTADUAL SERRA DA PIEDADE,monumento natural estadual serra da piedade,MG,1950.13,Monumento Natural · Estadual,-19.83925,-43.7349,-19.79173,-43.63708
conservacao,0000.32.2319,MONUMENTO NATURAL ESTADUAL SERRA DAS TORRES,monumento natural estadual serra das torres,ES,10452.91,Monumento Natural · Estadual,-21.12436,-41.36703,-20.90868,-41.16452
conservacao,0000.31.2623,MONUMENTO NATURAL ESTADUAL SERRA DO GAMBÁ,monumento natural estadual serra do gamba,MG,442.46,Monumento Natural · Estadual,-20.59913,-44.09445,-20.57428,-44.05653
conservacao,0000.33.3548,MONUMENTO NATURAL ESTADUAL SERRA DOS MASCATES,monumento natural estadual serra dos mascates,RJ,675.05,Monumento Natural · Estadual,-22.27885,-43.70698,-22.2425,-43.66901
conservacao,0000.31.2591,MONUMENTO NATURAL ESTADUAL VARGEM DA PEDRA,monumento natural estadual vargem da pedra,MG,10.1,Monumento Natural · Estadual,-19.54641,-44.02533,-19.54282,-44.02161
conservacao,0000.31.2625,MONUMENTO NATURAL ESTADUAL VÁRZEA DA LAPA,monumento natural estadual varzea da lapa,MG,23.54,Monumento Natural · Estadual,-19.57439,-43.95274,-19.56943,-43.94647
conservacao,0000.31.2624,MONUMENTO NATURAL ESTADUAL VÁRZEA DO LAGEADO E SERRA DO RAIO,monumento natural estadual varzea do lageado e serra do raio,MG,2200.31,Monumento Natural · Estadual,-18.49376,-43.49558,-18.42671,-43.44666
conservacao,0000.31.2592,MONUMENTO NATURAL EXPERIÊNCIA DA JAGUARA,monumento natural experiencia da jaguara,MG,38.5,Monumento Natural · Estadual,-19.50136,-44.01258,-19.49382,-44.00445
conservacao,0000.23.5215,MONUMENTO NATURAL FURNA DOS OSSOS,monumento natural furna dos ossos,CE,60.41,Monumento Natural · Estadual,-4.03466,-39.66492,-4.02323,-39.65691
conservacao,0000.28.1603,MONUMENTO NATURAL GROTA DO ANGICO,monumento natural grota do angico,SE,0.0,Monumento Natural · Estadual,-9.71351,-37.74631,-9.63028,-37.63978
conservacao,0000.23.4129,MONUMENTO NATURAL GRUTA CASA DE PEDRA,monumento natural gruta casa de pedra,CE,65.56,Monumento Natural · Estadual,-4.75438,-39.70702,-4.7399,-39.7003
conservacao,0000.25.5169,MONUMENTO NATURAL ITACOATIARAS DO INGÁ,monumento natural itacoatiaras do inga,PB,44.19,Monumento Natural · Estadual,-7.32937,-35.59041,-7.32008,-35.58301
conservacao,0233.33.5013,MONUMENTO NATURAL JOSEFA BRAGA DE ALMEIDA,monumento natural josefa braga de almeida,RJ,27.54,Monumento Natural · Municipal,-22.75479,-41.87519,-22.73746,-41.86821
conservacao,0015.11.3151,MONUMENTO NATURAL MORRO CHICO MENDES,monumento natural morro chico mendes,RO,191.08,Monumento Natural · Municipal,-10.73955,-62.22674,-10.71875,-62.21469
conservacao,1707.21.4942,MONUMENTO NATURAL MORRO DA LADEIRA,monumento natural morro da ladeira,MA,2.84,Monumento Natural · Municipal,-2.75406,-42.82653,-2.75252,-42.82401
conservacao,0000.51.1920,MONUMENTO NATURAL MORRO DE SANTO ANTÔNIO,monumento natural morro de santo antonio,MT,258.23,Monumento Natural · Estadual,-15.77593,-56.10466,-15.75806,-56.08678
conservacao,6702.31.4846,MONUMENTO NATURAL MORRO DO CRISTO,monumento natural morro do cristo,MG,105.39,Monumento Natural · Municipal,-21.77235,-43.37186,-21.75048,-43.35535
conservacao,5200.32.4582,MONUMENTO NATURAL MORRO DO MORENO,monumento natural morro do moreno,ES,61.42,Monumento Natural · Municipal,-20.33032,-40.28272,-20.32002,-40.27219
conservacao,4480.31.4254,MONUMENTO NATURAL MUNCIPAL MORRO DO PIRES,monumento natural muncipal morro do pires,MG,110.26,Monumento Natural · Municipal,-20.0346,-43.87555,-20.01865,-43.86238
conservacao,4480.31.4259,MONUMENTO NATURAL MUNCIPAL SERRA DO SOUZA,monumento natural muncipal serra do souza,MG,200.06,Monumento Natural · Municipal,-20.01163,-43.92349,-19.99725,-43.89792
conservacao,4610.31.3160,MONUMENTO NATURAL MUNICIPAL ARQUELÓGICO DO MORRO DA QUEIMADA,monumento natural municipal arquelogico do morro da queimada,MG,66.56,Monumento Natural · Municipal,-20.38494,-43.50059,-20.37561,-43.48682
conservacao,4144.33.4734,MONUMENTO NATURAL MUNICIPAL BICO-DOCE,monumento natural municipal bico-doce,RJ,213.27,Monumento Natural · Municipal,-22.75303,-43.59946,-22.7342,-43.56967
conservacao,0605.43.1860,MONUMENTO NATURAL MUNICIPAL CAPÃO DA AMIZADE,monumento natural municipal capao da amizade,RS,0.0,Monumento Natural · Municipal,-31.00356,-52.08164,-31.00244,-52.07997
conservacao,6101.31.5137,MONUMENTO NATURAL MUNICIPAL COREDEIRAS E PIRACEMAS DO RIO PRETO MINEIRO,monumento natural municipal coredeiras e piracemas do rio preto mineiro,MG,285.18,Monumento Natural · Municipal,-22.08858,-43.59267,-21.99969,-43.32777
conservacao,5605.31.5181,MONUMENTO NATURAL MUNICIPAL CURRAL DE PEDRAS,monumento natural municipal curral de pedras,MG,692.2,Monumento Natural · Municipal,-17.10888,-44.59353,-17.07825,-44.55183
conservacao,3856.33.4818,MONUMENTO NATURAL MUNICIPAL DA CACHOEIRA DA MARAVILHA,monumento natural municipal da cachoeira da maravilha,RJ,10.51,Monumento Natural · Municipal,-22.41874,-43.38791,-22.41156,-43.38219
conservacao,3506.29.5140,MONUMENTO NATURAL MUNICIPAL DA CARRAPETA,monumento natural municipal da carrapeta,BA,63.64,Monumento Natural · Municipal,-12.58145,-41.505,-12.57133,-41.49548
conservacao,1850.33.4451,MONUMENTO NATURAL MUNICIPAL DA CONCÓRDIA,monumento natural municipal da concordia,RJ,117.34,Monumento Natural · Municipal,-22.50292,-42.98576,-22.4849,-42.97142
conservacao,0220.33.3521,MONUMENTO NATURAL MUNICIPAL DA FLORESTA,monumento natural municipal da floresta,RJ,1270.14,Monumento Natural · Municipal,-21.17871,-42.04569,-21.12155,-41.96311
conservacao,0540.42.3159,MONUMENTO NATURAL MUNICIPAL DA GALHETA,monumento natural municipal da galheta,SC,253.02,Monumento Natural · Municipal,-27.6003,-48.43513,-27.5714,-48.41201
conservacao,5407.42.5186,MONUMENTO NATURAL MUNICIPAL DA ILHA DO CAMPECHE,monumento natural municipal da ilha do campeche,SC,62.5,Monumento Natural · Municipal,-27.70477,-48.46855,-27.69066,-48.46035
conservacao,0540.42.1575,MONUMENTO NATURAL MUNICIPAL DA LAGOA DO PERI,monumento natural municipal da lagoa do peri,SC,4271.61,Monumento Natural · Municipal,-27.82285,-48.57376,-27.70471,-48.50296
conservacao,0470.33.3805,MONUMENTO NATURAL MUNICIPAL DA PEDRA BONITA,monumento natural municipal da pedra bonita,RJ,839.66,Monumento Natural · Municipal,-21.61258,-42.36391,-21.56736,-42.31553
conservacao,0270.33.3502,MONUMENTO NATURAL MUNICIPAL DA PEDRA DE INOÃ,monumento natural municipal da pedra de inoa,RJ,226.76,Monumento Natural · Municipal,-22.93363,-42.9229,-22.91762,-42.90264
conservacao,0270.33.3484,MONUMENTO NATURAL MUNICIPAL DA PEDRA DE ITAOCAIA,monumento natural municipal da pedra de itaocaia,RJ,119.81,Monumento Natural · Municipal,-22.94514,-42.96983,-22.92882,-42.95605
conservacao,0080.33.2012,MONUMENTO NATURAL MUNICIPAL DA PEDRA DO COLÉGIO,monumento natural municipal da pedra do colegio,RJ,127.37,Monumento Natural · Municipal,-22.49604,-42.63153,-22.48508,-42.61503
conservacao,0015.33.2823,MONUMENTO NATURAL MUNICIPAL DA SERRA DA BOLÍVIA,monumento natural municipal da serra da bolivia,RJ,332.41,Monumento Natural · Municipal,-21.67142,-42.1313,-21.64782,-42.09998
conservacao,0470.33.3806,MONUMENTO NATURAL MUNICIPAL DA SERRA DA PRATA,monumento natural municipal da serra da prata,RJ,409.47,Monumento Natural · Municipal,-21.65778,-42.25773,-21.62091,-42.21935
conservacao,0470.33.2947,MONUMENTO NATURAL MUNICIPAL DA SERRA DE FRECHEIRAS,monumento natural municipal da serra de frecheiras,RJ,457.34,Monumento Natural · Municipal,-21.54294,-42.06814,-21.50964,-42.04076
conservacao,0080.33.2824,MONUMENTO NATURAL MUNICIPAL DA SERRA DO SOARINHO,monumento natural municipal da serra do soarinho,RJ,3514.75,Monumento Natural · Municipal,-22.62255,-42.72864,-22.56778,-42.62615
conservacao,0605.33.4822,MONUMENTO NATURAL MUNICIPAL DAS CACHOEIRAS E CORREDEIRAS DO RIO ITABAPOANA,monumento natural municipal das cachoeiras e corredeiras do rio itabapoana,RJ,767.59,Monumento Natural · Municipal,-21.20256,-41.74246,-20.86363,-41.47189
conservacao,0600.33.3749,MONUMENTO NATURAL MUNICIPAL DO ENCONTRO DOS TRÊS RIOS,monumento natural municipal do encontro dos tres rios,RJ,0.0,Monumento Natural · Municipal,-22.11852,-43.15658,-22.1043,-43.12972
conservacao,1752.41.5106,MONUMENTO NATURAL MUNICIPAL DO PASSO DA RESERVA,monumento natural municipal do passo da reserva,PR,33.44,Monumento Natural · Municipal,-25.81175,-51.99312,-25.80088,-51.9882
conservacao,1340.35.2840,MONUMENTO NATURAL MUNICIPAL DO PICO DO ITAGUARÉ,monumento natural municipal do pico do itaguare,SP,3330.79,Monumento Natural · Municipal,-22.54471,-45.12182,-22.4623,-45.00328
conservacao,0332.32.2879,MONUMENTO NATURAL MUNICIPAL FALÉSIAS DE MARATAÍZES,monumento natural municipal falesias de marataizes,ES,42.18,Monumento Natural · Municipal,-21.15528,-40.89264,-21.12185,-40.8582
conservacao,4610.31.2614,MONUMENTO NATURAL MUNICIPAL GRUTA NOSSA SENHORA DA LAPA,monumento natural municipal gruta nossa senhora da lapa,MG,20.62,Monumento Natural · Municipal,-20.30768,-43.47566,-20.3039,-43.46878
conservacao,5752.33.4887,"MONUMENTO NATURAL MUNICIPAL LAGOA AZUL,","monumento natural municipal lagoa azul,",RJ,28.76,Monumento Natural · Municipal,-22.72742,-42.74799,-22.72133,-42.74138
conservacao,4480.31.4258,MONUMENTO NATURAL MUNICIPAL MORRO DO ELEFANTE,monumento natural municipal morro do elefante,MG,43.92,Monumento Natural · Municipal,-20.00205,-43.87149,-19.9948,-43.86348
conservacao,0520.32.2915,MONUMENTO NATURAL MUNICIPAL MORRO DO PENEDO,monumento natural municipal morro do penedo,ES,18.8,Monumento Natural · Municipal,-20.32748,-40.32749,-20.3223,-40.32194
conservacao,5108.43.5067,MONUMENTO NATURAL MUNICIPAL PALANQUINHO,monumento natural municipal palanquinho,RS,206.8,Monumento Natural · Municipal,-28.90175,-50.83846,-28.87973,-50.79978
conservacao,3401.33.4666,MONUMENTO NATURAL MUNICIPAL PEDRA DO CÃO SENTADO,monumento natural municipal pedra do cao sentado,RJ,68.69,Monumento Natural · Municipal,-22.21916,-42.4917,-22.21078,-42.47991
conservacao,0080.32.3910,MONUMENTO NATURAL MUNICIPAL PEDRA DO MONJOLO,monumento natural municipal pedra do monjolo,ES,584.68,Monumento Natural · Municipal,-19.61993,-40.99122,-19.5941,-40.96066
conservacao,1157.33.5120,MONUMENTO NATURAL MUNICIPAL PEDRA SÃO JOAQUIM,monumento natural municipal pedra sao joaquim,RJ,88.36,Monumento Natural · Municipal,-21.48053,-41.49848,-21.47181,-41.47503
conservacao,0225.33.4687,MONUMENTO NATURAL MUNICIPAL PICO DO CAMBOTE,monumento natural municipal pico do cambote,RJ,485.84,Monumento Natural · Municipal,-22.29804,-43.17466,-22.26273,-43.12591
conservacao,0093.33.3630,MONUMENTO NATURAL MUNICIPAL SÃO SIMÃO,monumento natural municipal sao simao,RJ,211.5,Monumento Natural · Municipal,-22.17135,-41.6344,-22.14163,-41.59436
conservacao,1750.31.2731,MONUMENTO NATURAL MUNICIPAL SERRA DA FERRUGEM,monumento natural municipal serra da ferrugem,MG,867.33,Monumento Natural · Municipal,-19.05876,-43.4177,-18.96457,-43.38813
conservacao,0025.50.1997,MONUMENTO NATURAL MUNICIPAL SERRA DO BOM JARDIM,monumento natural municipal serra do bom jardim,MS,6047.31,Monumento Natural · Municipal,-18.19002,-53.74354,-18.09377,-53.63998
conservacao,0025.50.4322,MONUMENTO NATURAL MUNICIPAL SERRA DO BOM SUCESSO,monumento natural municipal serra do bom sucesso,MS,2725.85,Monumento Natural · Municipal,-18.28008,-53.69861,-18.20452,-53.61655
conservacao,7935.50.5146,MONUMENTO NATURAL MUNICIPAL SERRA DO PANTANAL,monumento natural municipal serra do pantanal,MS,4162.54,Monumento Natural · Municipal,-17.99338,-54.90962,-17.76227,-54.79022
conservacao,0000.32.1533,MONUMENTO NATURAL O FRADE E A FREIRA,monumento natural o frade e a freira,ES,854.05,Monumento Natural · Estadual,-20.88478,-41.01822,-20.84941,-40.97904
conservacao,9608.41.4429,MONUMENTO NATURAL OLHO D?AGUA MONGE JOAO MARIA DE JESUS,monumento natural olho d?agua monge joao maria de jesus,PR,2.51,Monumento Natural · Municipal,-24.80902,-51.75435,-24.80673,-51.75197
conservacao,6907.43.4584,MONUMENTO NATURAL PALEONTOLÓGICO SANGA DA ALEMOA,monumento natural paleontologico sanga da alemoa,RS,21.52,Monumento Natural · Municipal,-29.70127,-53.77548,-29.69567,-53.76893
conservacao,7305.41.5138,MONUMENTO NATURAL PEDRA BRANCA,monumento natural pedra branca,PR,178.45,Monumento Natural · Municipal,-23.97884,-51.09154,-23.96075,-51.07272
conservacao,0000.26.3313,MONUMENTO NATURAL PEDRA DO CACHORRO,monumento natural pedra do cachorro,PE,1376.47,Monumento Natural · Estadual,-8.24685,-36.20895,-8.19671,-36.14399
conservacao,0860.29.3847,MONUMENTO NATURAL PENÍNSULA DA SIRIBINHA,monumento natural peninsula da siribinha,BA,58.46,Monumento Natural · Municipal,-11.7575,-37.52204,-11.74112,-37.51382
conservacao,4480.31.4256,MONUMENTO NATURAL SERRA DA CALÇADA,monumento natural serra da calcada,MG,585.75,Monumento Natural · Municipal,-20.15627,-43.98571,-20.08283,-43.96103
conservacao,0000.23.3707,MONUMENTO NATURAL SÍTIO CANA BRAVA,monumento natural sitio cana brava,CE,17.82,Monumento Natural · Estadual,-7.1872,-39.71929,-7.18186,-39.71604
conservacao,0000.23.3713,MONUMENTO NATURAL SÍTIO RIACHO DO MEIO,monumento natural sitio riacho do meio,CE,14.75,Monumento Natural · Estadual,-7.36896,-39.33225,-7.3642,-39.32864
conservacao,0000.25.0904,MONUMENTO NATURAL VALE DOS DINOSSAUROS,monumento natural vale dos dinossauros,PB,0.0,Monumento Natural · Estadual,-6.73703,-38.26632,-6.72594,-38.2576
conservacao,0760.51.3738,PARQUE  NATURAL MUNICIPAL RADIALISTA LUIZ FERNANDO DE CAMPOS,parque  natural municipal radialista luiz fernando de campos,MT,6.69,Parque · Municipal,-16.44672,-54.64558,-16.44437,-54.64233
conservacao,1860.41.4219,PARQUE AMBIENTAL NATURAL MUNICIPAL MARCELINA RAVANELLO,parque ambiental natural municipal marcelina ravanello,PR,260.49,Parque · Municipal,-26.24122,-50.93241,-26.21029,-50.89745
conservacao,0000.53.3178,PARQUE DISTRITAL SALTO DO TORORÓ,parque distrital salto do tororo,DF,61.12,Parque · Estadual,-15.99977,-47.83935,-15.97744,-47.82184
conservacao,0000.11.4643,PARQUE ESTADUAL ABAITARÁ,parque estadual abaitara,RO,151.65,Parque · Estadual,-11.72165,-61.48277,-11.71396,-61.46573
conservacao,0000.42.0791,PARQUE ESTADUAL ACARAI,parque estadual acarai,SC,6666.39,Parque · Estadual,-26.39533,-48.61076,-26.23209,-48.50631
conservacao,0000.35.3656,PARQUE ESTADUAL ÁGUAS DA BILLINGS,parque estadual aguas da billings,SP,187.51,Parque · Estadual,-23.76853,-46.53404,-23.7506,-46.49443
conservacao,0000.35.0869,PARQUE ESTADUAL ÁGUAS DA PRATA,parque estadual aguas da prata,SP,48.17,Parque · Estadual,-21.93446,-46.71882,-21.92667,-46.70774
conservacao,0000.51.0454,PARQUE ESTADUAL ÁGUAS DO CUIABÁ,parque estadual aguas do cuiaba,MT,10961.88,Parque · Estadual,-14.3595,-55.43869,-14.26223,-55.28536
conservacao,0000.52.4128,PARQUE ESTADUAL AGUAS DO PARAISO,parque estadual aguas do paraiso,GO,5674.78,Parque · Estadual,-14.31704,-47.80327,-14.26344,-47.6568
conservacao,0000.52.3992,PARQUE ESTADUAL ÁGUAS LINDAS,parque estadual aguas lindas,GO,2008.76,Parque · Estadual,-15.77777,-48.2488,-15.70719,-48.21085
conservacao,0000.35.2559,PARQUE ESTADUAL ALBERTO LÖFGREN,parque estadual alberto lofgren,SP,177.1,Parque · Estadual,-23.46934,-46.64887,-23.45538,-46.62963
conservacao,0000.52.0899,PARQUE ESTADUAL ALTAMIRO DE MOURA PACHECO,parque estadual altamiro de moura pacheco,GO,3139.4,Parque · Estadual,-16.57439,-49.17404,-16.49586,-49.11448
conservacao,0000.31.1773,PARQUE ESTADUAL ALTO DO CARIRI,parque estadual alto do cariri,MG,5972.05,Parque · Estadual,-16.40335,-40.06829,-16.27622,-39.93028
conservacao,0000.15.5156,PARQUE ESTADUAL AMBIENTAL DAS ÁRVORES GIGANTES DA AMAZÔNIA,parque estadual ambiental das arvores gigantes da amazonia,PA,559385.8,Parque · Estadual,-0.00301,-53.87856,1.25494,-53.01293
conservacao,0000.31.0388,PARQUE ESTADUAL BIRIBIRI,parque estadual biribiri,MG,17002.52,Parque · Estadual,-18.22893,-43.66084,-18.0423,-43.502
conservacao,0000.23.1931,PARQUE ESTADUAL BOTÂNICO DO CEARÁ,parque estadual botanico do ceara,CE,198.54,Parque · Estadual,-3.72533,-38.65219,-3.70134,-38.63345
conservacao,0000.32.1831,PARQUE ESTADUAL CACHOEIRA DA FUMAÇA,parque estadual cachoeira da fumaca,ES,162.31,Parque · Estadual,-20.6365,-41.61442,-20.62032,-41.59679
conservacao,0000.23.4870,PARQUE ESTADUAL CALDEIRÃO DE SANTA CRUZ DO DESERTO,parque estadual caldeirao de santa cruz do deserto,CE,228.38,Parque · Estadual,-7.09448,-39.57162,-7.07089,-39.55815
conservacao,0000.31.1776,PARQUE ESTADUAL CAMINHO DOS GERAIS,parque estadual caminho dos gerais,MG,56218.89,Parque · Estadual,-15.30217,-43.10937,-14.81197,-42.83328
conservacao,0000.31.0889,PARQUE ESTADUAL CAMPOS ALTOS,parque estadual campos altos,MG,782.72,Parque · Estadual,-19.74204,-46.14311,-19.70938,-46.10297
conservacao,0000.35.0810,PARQUE ESTADUAL CARLOS BOTELHO,parque estadual carlos botelho,SP,40135.98,Parque · Estadual,-24.24406,-48.122,-24.01774,-47.78861
conservacao,0000.35.1675,PARQUE ESTADUAL CAVERNA DO DIABO,parque estadual caverna do diabo,SP,40174.53,Parque · Estadual,-24.8147,-48.63632,-24.54676,-48.24137
conservacao,0000.31.2594,PARQUE ESTADUAL CERCA GRANDE,parque estadual cerca grande,MG,134.26,Parque · Estadual,-19.53395,-44.01052,-19.51662,-43.99555
conservacao,0000.12.0939,PARQUE ESTADUAL CHANDLESS,parque estadual chandless,AC,693464.24,Parque · Estadual,-10.56534,-70.6242,-9.30803,-69.77048
conservacao,0000.15.2042,PARQUE ESTADUAL CHARAPUCU,parque estadual charapucu,PA,65347.66,Parque · Estadual,-0.48882,-50.67589,-0.19402,-50.32482
conservacao,0000.51.1901,PARQUE ESTADUAL CRISTALINO,parque estadual cristalino,MT,59011.93,Parque · Estadual,-9.64305,-56.05351,-9.4325,-55.37863
conservacao,0000.33.1620,PARQUE ESTADUAL CUNHAMBEBE,parque estadual cunhambebe,RJ,38076.66,Parque · Estadual,-23.04117,-44.35763,-22.77868,-43.87564
conservacao,0000.35.0913,PARQUE ESTADUAL DA ARA,parque estadual da ara,SP,63.71,Parque · Estadual,-23.02588,-47.07292,-23.00839,-47.05763
conservacao,0000.31.0412,PARQUE ESTADUAL DA BALEIA,parque estadual da baleia,MG,0.0,Parque · Estadual,-19.94285,-43.90125,-19.92638,-43.88522
conservacao,0000.35.0854,PARQUE ESTADUAL DA CAMPINA DO ENCANTADO,parque estadual da campina do encantado,SP,3254.59,Parque · Estadual,-24.67278,-47.81515,-24.61011,-47.73666
conservacao,0000.35.0844,PARQUE ESTADUAL DA CANTAREIRA,parque estadual da cantareira,SP,7619.79,Parque · Estadual,-23.45478,-46.7037,-23.34851,-46.4766
conservacao,0000.33.2732,PARQUE ESTADUAL DA COSTA DO SOL,parque estadual da costa do sol,RJ,9828.67,Parque · Estadual,-22.9963,-42.46415,-22.72974,-41.78432
conservacao,0530.32.2644,PARQUE ESTADUAL DA FONTE GRANDE,parque estadual da fonte grande,ES,217.24,Parque · Municipal,-20.31839,-40.34627,-20.29646,-40.32518
conservacao,0000.35.0856,PARQUE ESTADUAL DA ILHA ANCHIETA,parque estadual da ilha anchieta,SP,821.84,Parque · Estadual,-23.56151,-45.08383,-23.52588,-45.03939
conservacao,0000.35.0841,PARQUE ESTADUAL DA ILHA DO CARDOSO,parque estadual da ilha do cardoso,SP,13155.32,Parque · Estadual,-25.30105,-48.09329,-25.0637,-47.895
conservacao,0000.41.0529,PARQUE ESTADUAL DA ILHA DO MEL,parque estadual da ilha do mel,PR,394.72,Parque · Estadual,-25.57718,-48.31991,-25.53873,-48.28961
conservacao,0000.33.1477,PARQUE ESTADUAL DA ILHA GRANDE,parque estadual da ilha grande,RJ,12089.92,Parque · Estadual,-23.21415,-44.37641,-23.0909,-44.0943
conservacao,0000.33.2721,PARQUE ESTADUAL DA LAGOA DO AÇU,parque estadual da lagoa do acu,RJ,8249.01,Parque · Estadual,-22.03914,-41.1054,-21.90974,-40.97447
conservacao,0000.31.0938,"PARQUE ESTADUAL DA LAPA GRANDE ""PAULINHO RIBEIRO""","parque estadual da lapa grande ""paulinho ribeiro""",MG,15373.05,Parque · Estadual,-16.79122,-44.02476,-16.61351,-43.90362
conservacao,0000.52.1747,PARQUE ESTADUAL DA MATA ATLÂNTICA,parque estadual da mata atlantica,GO,937.82,Parque · Estadual,-18.24003,-48.7912,-18.1959,-48.7549
conservacao,0000.31.0391,PARQUE ESTADUAL DA MATA SECA,parque estadual da mata seca,MG,15367.82,Parque · Estadual,-14.94412,-44.09488,-14.79452,-43.92347
conservacao,0000.33.1478,PARQUE ESTADUAL DA PEDRA BRANCA,parque estadual da pedra branca,RJ,0.0,Parque · Estadual,-23.0743,-43.57522,-22.88472,-43.38114
conservacao,0000.25.0483,PARQUE ESTADUAL DA PEDRA DA BOCA,parque estadual da pedra da boca,PB,157.53,Parque · Estadual,-6.46501,-35.68742,-6.4497,-35.67135
conservacao,0000.33.2722,PARQUE ESTADUAL DA PEDRA SELADA,parque estadual da pedra selada,RJ,8041.5,Parque · Estadual,-22.48092,-44.60098,-22.26694,-44.34731
conservacao,0000.33.1480,PARQUE ESTADUAL DA SERRA DA CONCÓRDIA,parque estadual da serra da concordia,RJ,5952.58,Parque · Estadual,-22.39969,-43.88532,-22.2896,-43.67494
conservacao,0000.41.2260,PARQUE ESTADUAL DA SERRA DA ESPERANÇA,parque estadual da serra da esperanca,PR,6944.35,Parque · Estadual,-25.16925,-51.31407,-25.0465,-51.20779
conservacao,0000.33.1476,PARQUE ESTADUAL DA SERRA DA TIRIRICA,parque estadual da serra da tiririca,RJ,3433.87,Parque · Estadual,-22.98966,-43.08887,-22.88908,-42.94172
conservacao,0000.31.0386,PARQUE ESTADUAL DA SERRA DAS ARARAS,parque estadual da serra das araras,MG,15233.65,Parque · Estadual,-15.50314,-45.41162,-15.31986,-45.26695
conservacao,0000.52.1738,PARQUE ESTADUAL DA SERRA DE CALDAS NOVAS,parque estadual da serra de caldas novas,GO,12158.65,Parque · Estadual,-17.86404,-48.75224,-17.72217,-48.65165
conservacao,0000.52.1742,PARQUE ESTADUAL DA SERRA DE JARAGUA,parque estadual da serra de jaragua,GO,2828.8,Parque · Estadual,-15.83675,-49.37278,-15.76108,-49.29372
conservacao,0000.22.4800,PARQUE ESTADUAL DA SERRA DE SANTO ANTÔNIO,parque estadual da serra de santo antonio,PI,3658.1,Parque · Estadual,-4.99152,-42.2396,-4.9032,-42.1334
conservacao,0000.31.0890,PARQUE ESTADUAL DA SERRA DO CABRAL,parque estadual da serra do cabral,MG,22444.57,Parque · Estadual,-18.01697,-44.30434,-17.65738,-44.16889
conservacao,0000.29.0325,PARQUE ESTADUAL DA SERRA DO CONDURU,parque estadual da serra do conduru,BA,9150.99,Parque · Estadual,-14.53287,-39.159,-14.34914,-39.04731
conservacao,0000.35.0798,PARQUE ESTADUAL DA SERRA DO MAR,parque estadual da serra do mar,SP,322292.88,Parque · Estadual,-24.26945,-47.3081,-23.19819,-44.72364
conservacao,0000.31.0406,PARQUE ESTADUAL DA SERRA DO PAPAGAIO,parque estadual da serra do papagaio,MG,25875.14,Parque · Estadual,-22.31741,-44.8807,-22.02072,-44.62517
conservacao,0000.42.0786,PARQUE ESTADUAL DA SERRA DO TABULEIRO,parque estadual da serra do tabuleiro,SC,83907.54,Parque · Estadual,-28.21905,-48.98928,-27.68104,-48.42799
conservacao,0000.15.1021,PARQUE ESTADUAL DA SERRA DOS MARTÍRIOS/ANDORINHAS,parque estadual da serra dos martirios/andorinhas,PA,25031.5,Parque · Estadual,-6.37929,-48.58914,-6.07808,-48.3852
conservacao,0000.29.2026,PARQUE ESTADUAL DA SERRA DOS MONTES ALTOS,parque estadual da serra dos montes altos,BA,18483.5,Parque · Estadual,-14.62767,-43.14163,-14.27503,-42.7926
conservacao,0000.52.1745,PARQUE ESTADUAL DA SERRA DOURADA,parque estadual da serra dourada,GO,28643.24,Parque · Estadual,-16.14043,-50.47966,-15.95651,-50.06082
conservacao,0000.42.0780,PARQUE ESTADUAL DA SERRA FURADA,parque estadual da serra furada,SC,1330.35,Parque · Estadual,-28.19418,-49.43432,-28.13692,-49.38319
conservacao,0000.23.4866,PARQUE ESTADUAL DAS ÁGUAS,parque estadual das aguas,CE,9836.72,Parque · Estadual,-4.16412,-38.62337,-3.89799,-38.51385
conservacao,0000.42.0788,PARQUE ESTADUAL DAS ARAUCÁRIAS,parque estadual das araucarias,SC,615.43,Parque · Estadual,-26.47149,-52.60517,-26.44893,-52.55822
conservacao,0000.23.1933,PARQUE ESTADUAL DAS CARNAÚBAS,parque estadual das carnaubas,CE,9999.49,Parque · Estadual,-3.3529,-41.23067,-3.15319,-40.9673
conservacao,0000.35.2867,PARQUE ESTADUAL DAS FONTES DO IPIRANGA,parque estadual das fontes do ipiranga,SP,495.14,Parque · Estadual,-23.67235,-46.63379,-23.63606,-46.61253
conservacao,0000.35.0825,PARQUE ESTADUAL DAS FURNAS DO BOM JESUS,parque estadual das furnas do bom jesus,SP,2063.4,Parque · Estadual,-20.26061,-47.46589,-20.18882,-47.39641
conservacao,0000.41.0546,PARQUE ESTADUAL DAS LAURÁCEAS,parque estadual das lauraceas,PR,0.0,Parque · Estadual,-25.01295,-48.73626,-24.68371,-48.54189
conservacao,0000.14.4382,PARQUE ESTADUAL DAS NASCENTES,parque estadual das nascentes,RR,244221.16,Parque · Estadual,0.1483,-61.3621,1.0003,-60.9641
conservacao,0000.50.0421,PARQUE ESTADUAL DAS NASCENTES DO RIO TAQUARI,parque estadual das nascentes do rio taquari,MS,30597.15,Parque · Estadual,-18.25396,-53.44026,-17.99516,-53.17458
conservacao,0000.29.0297,PARQUE ESTADUAL DAS SETE PASSAGENS,parque estadual das sete passagens,BA,2821.9,Parque · Estadual,-11.44306,-40.54526,-11.33115,-40.5057
conservacao,0000.25.3802,PARQUE ESTADUAL DAS TRILHAS,parque estadual das trilhas,PB,578.43,Parque · Estadual,-7.20541,-34.8364,-7.17493,-34.79467
conservacao,0000.50.0420,PARQUE ESTADUAL DAS VÁRZEAS DO RIO IVINHEMA,parque estadual das varzeas do rio ivinhema,MS,74223.33,Parque · Estadual,-23.24538,-53.77598,-22.66253,-53.32862
conservacao,0000.51.1467,PARQUE ESTADUAL DE ÁGUAS QUENTES,parque estadual de aguas quentes,MT,1481.86,Parque · Estadual,-15.90971,-55.54057,-15.86452,-55.49202
conservacao,0000.41.3183,PARQUE ESTADUAL DE AMAPORÃ,parque estadual de amapora,PR,209.29,Parque · Estadual,-23.0901,-52.80282,-23.07077,-52.78298
conservacao,0000.31.3866,PARQUE ESTADUAL DE BOTUMIRIM,parque estadual de botumirim,MG,35287.18,Parque · Estadual,-17.22545,-43.183,-16.81697,-42.94436
conservacao,0000.41.0513,PARQUE ESTADUAL DE CAMPINHOS,parque estadual de campinhos,PR,566.75,Parque · Estadual,-25.04932,-49.11201,-25.02548,-49.07264
conservacao,0000.35.0800,PARQUE ESTADUAL DE CAMPOS DO JORDÃO,parque estadual de campos do jordao,SP,8204.74,Parque · Estadual,-22.74786,-45.51314,-22.61973,-45.39954
conservacao,0000.11.1495,PARQUE ESTADUAL DE CORUMBIARA,parque estadual de corumbiara,RO,380077.18,Parque · Estadual,-13.53752,-62.28271,-12.79983,-61.17146
conservacao,0000.26.0966,PARQUE ESTADUAL DE DOIS IRMÃOS,parque estadual de dois irmaos,PE,1115.98,Parque · Estadual,-8.01606,-34.97059,-7.96213,-34.93686
conservacao,0000.43.1019,PARQUE ESTADUAL DE ESPIGÃO ALTO,parque estadual de espigao alto,RS,1352.88,Parque · Estadual,-27.63416,-51.54026,-27.59214,-51.48598
conservacao,0000.11.0765,PARQUE ESTADUAL DE GUAJARÁ-MIRIM,parque estadual de guajara-mirim,RO,221171.52,Parque · Estadual,-10.78514,-64.77791,-10.30648,-63.97188
conservacao,0000.41.0522,PARQUE ESTADUAL DE IBICATU,parque estadual de ibicatu,PR,304.23,Parque · Estadual,-22.7987,-51.49482,-22.7728,-51.4707
conservacao,0000.41.0504,PARQUE ESTADUAL DE IBIPORÃ,parque estadual de ibipora,PR,73.62,Parque · Estadual,-23.26308,-51.03543,-23.25048,-51.02806
conservacao,0000.35.0855,PARQUE ESTADUAL DE ILHABELA,parque estadual de ilhabela,SP,29322.74,Parque · Estadual,-23.96634,-45.46236,-23.72322,-45.00784
conservacao,0000.35.1966,PARQUE ESTADUAL DE ITABERABA,parque estadual de itaberaba,SP,15117.88,Parque · Estadual,-23.38822,-46.48247,-23.1858,-46.24511
conservacao,0000.35.1965,PARQUE ESTADUAL DE ITAPETINGA,parque estadual de itapetinga,SP,10193.78,Parque · Estadual,-23.35622,-46.56792,-23.12287,-46.44197
conservacao,0000.43.1863,PARQUE ESTADUAL DE ITAPEVA,parque estadual de itapeva,RS,998.5,Parque · Estadual,-29.38934,-49.77592,-29.33383,-49.73872
conservacao,0000.43.1994,PARQUE ESTADUAL DE ITAPUÃ,parque estadual de itapua,RS,6021.5,Parque · Estadual,-30.44189,-51.10029,-30.3229,-50.90341
conservacao,0000.32.0331,PARQUE ESTADUAL DE ITAÚNAS,parque estadual de itaunas,ES,3535.76,Parque · Estadual,-18.57139,-39.78624,-18.33582,-39.66644
conservacao,0000.32.1833,PARQUE ESTADUAL DE MATA DAS FLORES,parque estadual de mata das flores,ES,829.49,Parque · Estadual,-20.63846,-41.20217,-20.58759,-41.15582
conservacao,0000.21.1963,PARQUE ESTADUAL DE MIRADOR,parque estadual de mirador,MA,501204.44,Parque · Estadual,-6.81866,-45.92151,-6.30052,-44.71506
conservacao,0000.15.1032,PARQUE ESTADUAL DE MONTE ALEGRE,parque estadual de monte alegre,PA,3615.35,Parque · Estadual,-2.0687,-54.21821,-2.00577,-54.13456
conservacao,0000.31.1775,PARQUE ESTADUAL DE MONTEZUMA,parque estadual de montezuma,MG,1741.43,Parque · Estadual,-15.2058,-42.49922,-15.14388,-42.44116
conservacao,0000.31.0395,PARQUE ESTADUAL DE NOVA BADEN,parque estadual de nova baden,MG,214.73,Parque · Estadual,-21.94593,-45.33098,-21.93078,-45.30754
conservacao,0000.41.0552,PARQUE ESTADUAL DE PALMAS,parque estadual de palmas,PR,181.43,Parque · Estadual,-26.46558,-51.98525,-26.44797,-51.96746
conservacao,0000.31.2329,PARQUE ESTADUAL DE PARACATU,parque estadual de paracatu,MG,6397.81,Parque · Estadual,-17.15481,-47.10984,-17.04175,-47.00686
conservacao,0000.52.1743,PARQUE ESTADUAL DE PARAÚNA,parque estadual de parauna,GO,4208.77,Parque · Estadual,-17.05992,-50.7451,-16.93999,-50.61696
conservacao,0000.35.0823,PARQUE ESTADUAL DE PORTO FERREIRA,parque estadual de porto ferreira,SP,603.76,Parque · Estadual,-21.86678,-47.4569,-21.84177,-47.41256
conservacao,0000.31.0417,PARQUE ESTADUAL DE SAGARANA,parque estadual de sagarana,MG,2341.91,Parque · Estadual,-16.2392,-46.23542,-16.1729,-46.11311
conservacao,0000.41.2259,PARQUE ESTADUAL DE SANTA CLARA,parque estadual de santa clara,PR,631.94,Parque · Estadual,-25.66066,-51.99027,-25.62974,-51.9518
conservacao,0000.52.1740,PARQUE ESTADUAL DE TERRA RONCA,parque estadual de terra ronca,GO,56982.0,Parque · Estadual,-13.8161,-46.4674,-13.48535,-46.16773
conservacao,0000.35.0853,PARQUE ESTADUAL DE VASSUNUNGA,parque estadual de vassununga,SP,2017.08,Parque · Estadual,-21.73882,-47.6607,-21.6094,-47.57877
conservacao,0000.41.0503,PARQUE ESTADUAL DE VILA RICA DO ESPÍRITO SANTO,parque estadual de vila rica do espirito santo,PR,354.88,Parque · Estadual,-23.92823,-51.96625,-23.90769,-51.93867
conservacao,0000.35.0845,PARQUE ESTADUAL DO AGUAPEÍ,parque estadual do aguapei,SP,9050.57,Parque · Estadual,-21.29241,-51.6448,-21.1363,-51.35846
conservacao,0000.52.1744,PARQUE ESTADUAL DO ARAGUAIA,parque estadual do araguaia,GO,4662.69,Parque · Estadual,-13.15338,-50.60577,-12.99052,-50.52723
conservacao,0000.51.1917,PARQUE ESTADUAL DO ARAGUAIAA,parque estadual do araguaiaa,MT,229918.14,Parque · Estadual,-12.65288,-50.99462,-11.75647,-50.61928
conservacao,0000.21.1882,PARQUE ESTADUAL DO BACANGA,parque estadual do bacanga,MA,3165.13,Parque · Estadual,-2.63112,-44.30289,-2.55828,-44.24125
conservacao,0000.41.0514,PARQUE ESTADUAL DO BOGUAÇU,parque estadual do boguacu,PR,6656.8,Parque · Estadual,-25.95995,-48.72186,-25.87377,-48.59585
conservacao,0000.43.3736,PARQUE ESTADUAL DO CAMAQUÃ,parque estadual do camaqua,RS,10727.72,Parque · Estadual,-31.33292,-51.87379,-31.17209,-51.61655
conservacao,0000.23.4261,PARQUE ESTADUAL DO CÂNION CEARENSE DO RIO POTI,parque estadual do canion cearense do rio poti,CE,3678.49,Parque · Estadual,-5.06608,-41.13703,-4.9843,-41.07769
conservacao,0000.22.3723,PARQUE ESTADUAL DO CÂNION DO RIO POTI,parque estadual do canion do rio poti,PI,24714.46,Parque · Estadual,-5.08191,-41.43725,-4.87424,-41.22911
conservacao,0000.17.1487,PARQUE ESTADUAL DO CANTÃO,parque estadual do cantao,TO,100412.26,Parque · Estadual,-9.90106,-50.20899,-9.19749,-49.9414
conservacao,0000.41.0534,PARQUE ESTADUAL DO CAXAMBU,parque estadual do caxambu,PR,1108.16,Parque · Estadual,-24.68557,-50.02153,-24.64398,-49.97655
conservacao,0000.41.0499,PARQUE ESTADUAL DO CERRADO,parque estadual do cerrado,PR,1760.8,Parque · Estadual,-24.2033,-49.67514,-24.13175,-49.58119
conservacao,0000.23.0963,PARQUE ESTADUAL DO COCÓ,parque estadual do coco,CE,1582.36,Parque · Estadual,-3.86938,-38.54828,-3.74374,-38.43121
conservacao,0000.43.2000,PARQUE ESTADUAL DO DELTA DO JACUÍ,parque estadual do delta do jacui,RS,14181.55,Parque · Estadual,-30.06485,-51.48436,-29.89428,-51.20235
conservacao,0000.33.1479,PARQUE ESTADUAL DO DESENGANO,parque estadual do desengano,RJ,21325.74,Parque · Estadual,-21.98366,-41.97243,-21.76409,-41.61471
conservacao,0000.43.1020,PARQUE ESTADUAL DO ESPINILHO,parque estadual do espinilho,RS,1609.18,Parque · Estadual,-30.21236,-57.55704,-30.16488,-57.44225
conservacao,0000.41.0549,PARQUE ESTADUAL DO GUARTELÁ,parque estadual do guartela,PR,1877.92,Parque · Estadual,-24.61174,-50.26677,-24.5535,-50.1966
conservacao,0000.51.0477,PARQUE ESTADUAL DO GUIRÁ,parque estadual do guira,MT,104662.23,Parque · Estadual,-17.56047,-58.04235,-17.00027,-57.69714
conservacao,0000.43.2001,PARQUE ESTADUAL DO IBITIRIÁ,parque estadual do ibitiria,RS,408.67,Parque · Estadual,-28.33102,-50.75519,-28.29953,-50.72207
conservacao,0000.31.0413,PARQUE ESTADUAL DO ITACOLOMI,parque estadual do itacolomi,MG,5996.39,Parque · Estadual,-20.4735,-43.51645,-20.40548,-43.39938
conservacao,0000.35.1677,PARQUE ESTADUAL DO ITINGUÇU,parque estadual do itingucu,SP,5038.07,Parque · Estadual,-24.42964,-47.15483,-24.37838,-47.0013
conservacao,0000.17.1486,PARQUE ESTADUAL DO JALAPÃO,parque estadual do jalapao,TO,158969.84,Parque · Estadual,-10.60877,-46.93433,-10.14825,-46.40745
conservacao,0000.35.0859,PARQUE ESTADUAL DO JARAGUÁ,parque estadual do jaragua,SP,492.03,Parque · Estadual,-23.47696,-46.77893,-23.4477,-46.75338
conservacao,0000.52.3030,PARQUE ESTADUAL DO JOÃO LEITE,parque estadual do joao leite,GO,2838.34,Parque · Estadual,-16.58181,-49.22628,-16.47296,-49.11026
conservacao,0000.35.0831,PARQUE ESTADUAL DO JUQUERY,parque estadual do juquery,SP,2059.09,Parque · Estadual,-23.37004,-46.74087,-23.32973,-46.66154
conservacao,0000.35.0801,PARQUE ESTADUAL DO JURUPARÁ,parque estadual do jurupara,SP,26235.08,Parque · Estadual,-24.02335,-47.39856,-23.82667,-47.18897
conservacao,0000.17.1488,PARQUE ESTADUAL DO LAJEADO,parque estadual do lajeado,TO,10750.15,Parque · Estadual,-10.20063,-48.28384,-10.003,-48.16181
conservacao,0000.31.2328,PARQUE ESTADUAL DO LIMOEIRO,parque estadual do limoeiro,MG,2009.31,Parque · Estadual,-19.60929,-43.48043,-19.55823,-43.42571
conservacao,0000.13.1736,PARQUE ESTADUAL DO MATUPIRI,parque estadual do matupiri,AM,509595.41,Parque · Estadual,-5.49699,-61.789,-4.74895,-60.7209
conservacao,0000.33.2904,PARQUE ESTADUAL DO MENDANHA,parque estadual do mendanha,RJ,4399.07,Parque · Estadual,-22.84858,-43.60058,-22.78379,-43.44615
conservacao,0000.41.0551,PARQUE ESTADUAL DO MONGE,parque estadual do monge,PR,333.83,Parque · Estadual,-25.80882,-49.70191,-25.77069,-49.68563
conservacao,0000.29.0296,PARQUE ESTADUAL DO MORRO DO CHAPÉU,parque estadual do morro do chapeu,BA,51916.1,Parque · Estadual,-11.50914,-41.36769,-11.16512,-41.18976
conservacao,0000.35.0816,PARQUE ESTADUAL DO MORRO DO DIABO,parque estadual do morro do diabo,SP,36571.76,Parque · Estadual,-22.67638,-52.39503,-22.36585,-52.1591
conservacao,0000.50.0423,PARQUE ESTADUAL DO PANTANAL DO RIO NEGRO,parque estadual do pantanal do rio negro,MS,77907.34,Parque · Estadual,-19.79809,-56.87606,-19.3577,-56.54871
conservacao,0000.43.2002,PARQUE ESTADUAL DO PAPAGAIO-CHARÃO,parque estadual do papagaio-charao,RS,1009.18,Parque · Estadual,-27.92871,-52.86132,-27.88532,-52.81336
conservacao,0000.31.1770,PARQUE ESTADUAL DO PAU FURADO,parque estadual do pau furado,MG,2185.52,Parque · Estadual,-18.83669,-48.20013,-18.73151,-48.13358
conservacao,0000.41.0525,PARQUE ESTADUAL DO PENHASCO VERDE,parque estadual do penhasco verde,PR,269.73,Parque · Estadual,-23.72539,-50.83332,-23.68031,-50.77737
conservacao,0000.23.4869,PARQUE ESTADUAL DO PICO ALTO,parque estadual do pico alto,CE,72.59,Parque · Estadual,-4.21592,-38.97522,-4.20581,-38.96108
conservacao,0000.43.2003,PARQUE ESTADUAL DO PODOCARPUS,parque estadual do podocarpus,RS,3654.97,Parque · Estadual,-30.83804,-52.95145,-30.65317,-52.71117
conservacao,0000.25.2337,PARQUE ESTADUAL DO POETA E REPENTISTA JUVENAL DE OLIVEIRA,parque estadual do poeta e repentista juvenal de oliveira,PB,0.0,Parque · Estadual,-7.23137,-35.86142,-7.21708,-35.83201
conservacao,0000.35.1679,PARQUE ESTADUAL DO PRELADO,parque estadual do prelado,SP,1827.23,Parque · Estadual,-24.60575,-47.31464,-24.5625,-47.24261
conservacao,0000.50.0419,PARQUE ESTADUAL DO PROSA,parque estadual do prosa,MS,133.48,Parque · Estadual,-20.46015,-54.56546,-20.44325,-54.55493
conservacao,0000.22.4807,PARQUE ESTADUAL DO RANGEL,parque estadual do rangel,PI,38594.93,Parque · Estadual,-9.90567,-44.62746,-9.70309,-44.30201
conservacao,0000.41.0512,PARQUE ESTADUAL DO RIO DA ONÇA,parque estadual do rio da onca,PR,130.67,Parque · Estadual,-25.79632,-48.54111,-25.78333,-48.5254
conservacao,0000.31.0394,PARQUE ESTADUAL DO RIO DOCE,parque estadual do rio doce,MG,36030.25,Parque · Estadual,-19.81765,-42.64394,-19.49251,-42.47668
conservacao,0000.35.0870,PARQUE ESTADUAL DO RIO PEIXE,parque estadual do rio peixe,SP,7712.72,Parque · Estadual,-21.68252,-51.79461,-21.55902,-51.62275
conservacao,0000.31.4683,PARQUE ESTADUAL DO RIO PRETO,parque estadual do rio preto,MG,11955.25,Parque · Estadual,-18.23893,-43.39148,-18.06814,-43.30359
conservacao,0000.35.1969,PARQUE ESTADUAL DO RIO TURVO,parque estadual do rio turvo,SP,73820.23,Parque · Estadual,-25.10022,-48.60092,-24.77193,-48.09273
conservacao,0000.42.1844,PARQUE ESTADUAL DO RIO VERMELHO,parque estadual do rio vermelho,SC,1540.04,Parque · Estadual,-27.58229,-48.45272,-27.47226,-48.38327
conservacao,0000.21.1891,PARQUE ESTADUAL DO SÍTIO DO RANGEDOR,parque estadual do sitio do rangedor,MA,121.28,Parque · Estadual,-2.5033,-44.27804,-2.49319,-44.26149
conservacao,0000.31.0368,PARQUE ESTADUAL DO SUMIDOURO,parque estadual do sumidouro,MG,2005.68,Parque · Estadual,-19.57885,-43.99424,-19.53182,-43.91294
conservacao,0000.43.2005,PARQUE ESTADUAL DO TAINHAS,parque estadual do tainhas,RS,6659.32,Parque · Estadual,-29.1656,-50.4086,-28.98903,-50.3439
conservacao,0000.43.1018,PARQUE ESTADUAL DO TURVO,parque estadual do turvo,RS,16767.03,Parque · Estadual,-27.27976,-54.05261,-27.12697,-53.79982
conservacao,0000.15.1022,PARQUE ESTADUAL DO UTINGA,parque estadual do utinga,PA,1397.66,Parque · Estadual,-1.43966,-48.44671,-1.39551,-48.39841
conservacao,0000.31.0397,PARQUE ESTADUAL DO VERDE GRANDE,parque estadual do verde grande,MG,25635.61,Parque · Estadual,-14.86822,-43.91496,-14.56066,-43.72341
conservacao,0000.51.0470,PARQUE ESTADUAL DO XINGU,parque estadual do xingu,MT,95327.85,Parque · Estadual,-10.00819,-52.81388,-9.68298,-52.35446
conservacao,0000.51.0460,PARQUE ESTADUAL DOM OSÓRIO STOFFEL,parque estadual dom osorio stoffel,MT,6420.61,Parque · Estadual,-16.65548,-54.81211,-16.52382,-54.70696
conservacao,0000.35.0836,PARQUE ESTADUAL DOS MANANCIAIS DE CAMPOS DO JORDÃO,parque estadual dos mananciais de campos do jordao,SP,517.03,Parque · Estadual,-22.77911,-45.58015,-22.75503,-45.54466
conservacao,0000.52.1739,PARQUE ESTADUAL DOS PIRINEUS,parque estadual dos pirineus,GO,2837.45,Parque · Estadual,-15.83613,-48.88399,-15.78053,-48.80752
conservacao,0000.33.1485,PARQUE ESTADUAL DOS TRÊS PICOS,parque estadual dos tres picos,RJ,65080.49,Parque · Estadual,-22.58369,-42.98885,-22.28773,-42.31601
conservacao,0000.24.1475,"PARQUE ESTADUAL DUNAS DE NATAL "" JORNALISTA LUIZ MARIA ALVES","parque estadual dunas de natal "" jornalista luiz maria alves",RN,0.0,Parque · Estadual,-5.86608,-35.20115,-5.78831,-35.18093
conservacao,0000.51.1916,PARQUE ESTADUAL ENCONTRO DAS ÁGUAS,parque estadual encontro das aguas,MT,108130.11,Parque · Estadual,-17.33923,-56.88802,-16.83383,-56.40359
conservacao,0000.32.1534,PARQUE ESTADUAL FORNO GRANDE,parque estadual forno grande,ES,912.79,Parque · Estadual,-20.54186,-41.12062,-20.50275,-41.07954
conservacao,0000.42.0789,PARQUE ESTADUAL FRITZ PLAUMANN,parque estadual fritz plaumann,SC,724.97,Parque · Estadual,-27.31151,-52.16509,-27.27668,-52.0977
conservacao,0000.31.0387,PARQUE ESTADUAL GRÃO MOGOL,parque estadual grao mogol,MG,28390.48,Parque · Estadual,-16.61524,-42.96406,-16.21274,-42.77839
conservacao,0000.13.1004,PARQUE ESTADUAL GUARIBA,parque estadual guariba,AM,71099.69,Parque · Estadual,-8.80124,-60.85675,-8.57716,-60.50386
conservacao,0000.51.0455,PARQUE ESTADUAL IGARAPÉS DO JURUENA,parque estadual igarapes do juruena,MT,223815.84,Parque · Estadual,-9.00307,-59.47021,-8.80079,-58.44654
conservacao,0000.11.4445,PARQUE ESTADUAL ILHA DAS FLORES,parque estadual ilha das flores,RO,89832.59,Parque · Estadual,-13.11731,-62.61687,-12.8185,-62.15751
conservacao,0000.35.1676,PARQUE ESTADUAL INTERVALES,parque estadual intervales,SP,40696.72,Parque · Estadual,-24.51793,-48.52105,-24.19381,-48.05449
conservacao,0000.35.1678,PARQUE ESTADUAL LAGAMAR DE CANANEIA,parque estadual lagamar de cananeia,SP,40705.97,Parque · Estadual,-25.24875,-48.24024,-24.90706,-47.96907
conservacao,0000.31.0390,PARQUE ESTADUAL LAGOA DO CAJUEIRO,parque estadual lagoa do cajueiro,MG,20735.38,Parque · Estadual,-15.06433,-44.01887,-14.86782,-43.83717
conservacao,0000.51.0464,PARQUE ESTADUAL MÃE BONIFÁCIA,parque estadual mae bonifacia,MT,77.21,Parque · Estadual,-15.58487,-56.11011,-15.57501,-56.09929
conservacao,0000.21.3544,PARQUE ESTADUAL MARINHO BANCO DO ÁLVARO,parque estadual marinho banco do alvaro,MA,45132.06,Parque · Estadual,-0.41664,-44.91671,-0.21664,-44.73337
conservacao,0000.21.3543,PARQUE ESTADUAL MARINHO BANCO DO TAROL,parque estadual marinho banco do tarol,MA,34187.2,Parque · Estadual,-0.99998,-44.75004,-0.83331,-44.58337
conservacao,0000.35.0834,PARQUE ESTADUAL MARINHO DA LAJE DE SANTOS,parque estadual marinho da laje de santos,SP,5059.46,Parque · Estadual,-24.35333,-46.2,-24.26333,-46.15
conservacao,0000.23.0947,PARQUE ESTADUAL MARINHO DA PEDRA DA RISCA DO MEIO,parque estadual marinho da pedra da risca do meio,CE,4793.66,Parque · Estadual,-3.61118,-38.44168,-3.5634,-38.36002
conservacao,0000.25.0484,PARQUE ESTADUAL MARINHO DE AREIA VERMELHA,parque estadual marinho de areia vermelha,PB,0.0,Parque · Estadual,-7.02059,-34.81985,-6.98625,-34.81143
conservacao,0000.21.1886,PARQUE ESTADUAL MARINHO DO PARCEL DE MANUEL LUÍS,parque estadual marinho do parcel de manuel luis,MA,45129.23,Parque · Estadual,-0.96702,-44.35039,-0.76702,-44.15039
conservacao,0000.28.4118,PARQUE ESTADUAL MARITUBA,parque estadual marituba,SE,1752.17,Parque · Estadual,-10.81756,-36.96074,-10.75801,-36.89554
conservacao,0000.51.0480,PARQUE ESTADUAL MASSAIRO OKAMURA,parque estadual massairo okamura,MT,53.19,Parque · Estadual,-15.58009,-56.07184,-15.56422,-56.06325
conservacao,0000.26.3268,PARQUE ESTADUAL MATA DA PIMENTEIRA,parque estadual mata da pimenteira,PE,872.87,Parque · Estadual,-7.95999,-38.31202,-7.88793,-38.28345
conservacao,0000.24.1473,PARQUE ESTADUAL MATA DA PIPA,parque estadual mata da pipa,RN,290.74,Parque · Estadual,-6.26509,-35.0677,-6.2357,-35.04542
conservacao,0000.26.3308,PARQUE ESTADUAL MATA DE DUAS LAGOAS,parque estadual mata de duas lagoas,PE,137.8,Parque · Estadual,-8.31035,-34.99206,-8.29136,-34.98093
conservacao,0000.31.4415,PARQUE ESTADUAL MATA DO KRAMBECK,parque estadual mata do krambeck,MG,291.98,Parque · Estadual,-21.73873,-43.39228,-21.71654,-43.3704
conservacao,0000.25.0901,PARQUE ESTADUAL MATA DO PAU FERRO,parque estadual mata do pau ferro,PB,0.0,Parque · Estadual,-6.99998,-35.76657,-6.96347,-35.7344
conservacao,0000.26.3283,PARQUE ESTADUAL MATA DO ZUMBI,parque estadual mata do zumbi,PE,288.6,Parque · Estadual,-8.33294,-34.98814,-8.3043,-34.97254
conservacao,0000.50.0422,PARQUE ESTADUAL MATAS DO SEGREDO,parque estadual matas do segredo,MS,177.44,Parque · Estadual,-20.40125,-54.60038,-20.38442,-54.58094
conservacao,0000.35.2839,PARQUE ESTADUAL NASCENTES DO PARANAPANEMA,parque estadual nascentes do paranapanema,SP,22211.27,Parque · Estadual,-24.28167,-48.29389,-24.10717,-48.06991
conservacao,0000.32.0332,PARQUE ESTADUAL PAULO CÉSAR VINHA,parque estadual paulo cesar vinha,ES,1504.53,Parque · Estadual,-20.63049,-40.4331,-20.53499,-40.37973
conservacao,0000.32.4974,PARQUE ESTADUAL PEDRA AZUL,parque estadual pedra azul,ES,1356.74,Parque · Estadual,-20.4392,-41.02808,-20.39383,-40.98378
conservacao,0000.31.0404,PARQUE ESTADUAL PICO DO ITAMBÉ,parque estadual pico do itambe,MG,6520.57,Parque · Estadual,-18.49703,-43.3847,-18.36775,-43.2986
conservacao,0000.25.2336,PARQUE ESTADUAL PICO DO JABRE,parque estadual pico do jabre,PB,0.0,Parque · Estadual,-7.26696,-37.4099,-7.23907,-37.36626
conservacao,0000.29.3248,PARQUE ESTADUAL PONTA DA TULHA,parque estadual ponta da tulha,BA,1705.26,Parque · Estadual,-14.64491,-39.13518,-14.5973,-39.05688
conservacao,0000.43.2004,PARQUE ESTADUAL QUARTA COLÔNIA,parque estadual quarta colonia,RS,0.0,Parque · Estadual,-29.46647,-53.29298,-29.38258,-53.19717
conservacao,0000.35.1964,PARQUE ESTADUAL RESTINGA DE BERTIOGA,parque estadual restinga de bertioga,SP,9720.25,Parque · Estadual,-23.82832,-46.17341,-23.69907,-45.84884
conservacao,0000.42.0787,PARQUE ESTADUAL RIO CANOAS,parque estadual rio canoas,SC,1134.15,Parque · Estadual,-27.59388,-51.20891,-27.55792,-51.15921
conservacao,0000.31.0409,PARQUE ESTADUAL RIO CORRENTE,parque estadual rio corrente,MG,5174.7,Parque · Estadual,-19.05393,-42.38595,-18.93774,-42.23859
conservacao,0000.13.1007,PARQUE ESTADUAL RIO NEGRO SETOR NORTE,parque estadual rio negro setor norte,AM,148115.27,Parque · Estadual,-2.44196,-61.61081,-1.92385,-61.215
conservacao,0000.13.1006,PARQUE ESTADUAL RIO NEGRO SETOR SUL,parque estadual rio negro setor sul,AM,77950.1,Parque · Estadual,-2.72189,-60.60327,-2.35428,-60.31838
conservacao,0000.51.0472,PARQUE ESTADUAL SERRA AZUL,parque estadual serra azul,MT,11006.53,Parque · Estadual,-15.87708,-52.30451,-15.76065,-52.13968
conservacao,0000.41.0531,PARQUE ESTADUAL SERRA DA BAITACA,parque estadual serra da baitaca,PR,0.0,Parque · Estadual,-25.47492,-49.03671,-25.36728,-48.97176
conservacao,0000.31.1780,PARQUE ESTADUAL SERRA DA BOA ESPERANÇA,parque estadual serra da boa esperanca,MG,5882.36,Parque · Estadual,-21.02458,-45.70853,-20.88343,-45.60875
conservacao,0000.31.0410,PARQUE ESTADUAL SERRA DA CANDONGA,parque estadual serra da candonga,MG,3329.87,Parque · Estadual,-18.93245,-42.99828,-18.85816,-42.92468
conservacao,0000.13.1008,PARQUE ESTADUAL SERRA DO ARACÁ,parque estadual serra do araca,AM,1872735.34,Parque · Estadual,0.70888,-64.2298,2.234,-62.68301
conservacao,0000.26.3315,PARQUE ESTADUAL SERRA DO AREAL,parque estadual serra do areal,PE,1596.75,Parque · Estadual,-8.99933,-40.53717,-8.93731,-40.44406
conservacao,0000.31.0385,PARQUE ESTADUAL SERRA DO BRIGADEIRO,parque estadual serra do brigadeiro,MG,14969.57,Parque · Estadual,-20.89358,-42.54061,-20.53304,-42.32478
conservacao,0000.31.1762,PARQUE ESTADUAL SERRA DO INTENDENTE,parque estadual serra do intendente,MG,13512.11,Parque · Estadual,-19.15491,-43.68376,-18.92679,-43.51689
conservacao,0000.31.2619,PARQUE ESTADUAL SERRA DO OURO BRANCO,parque estadual serra do ouro branco,MG,7523.21,Parque · Estadual,-20.53576,-43.75118,-20.43014,-43.5951
conservacao,0000.31.0398,PARQUE ESTADUAL SERRA DO ROLA MOÇA,parque estadual serra do rola moca,MG,4102.17,Parque · Estadual,-20.08161,-44.0636,-20.00202,-43.96737
conservacao,0000.31.2613,PARQUE ESTADUAL SERRA DO SOBRADO,parque estadual serra do sobrado,MG,383.8,Parque · Estadual,-19.69079,-44.01317,-19.65883,-43.99338
conservacao,0000.11.0774,PARQUE ESTADUAL SERRA DOS REIS,parque estadual serra dos reis,RO,36438.57,Parque · Estadual,-12.38341,-64.0881,-12.16082,-63.75719
conservacao,0000.31.0393,PARQUE ESTADUAL SERRA NEGRA,parque estadual serra negra,MG,13106.16,Parque · Estadual,-18.07928,-42.95225,-17.96002,-42.69832
conservacao,0000.31.3808,PARQUE ESTADUAL SERRA NEGRA DA MANTIQUEIRA,parque estadual serra negra da mantiqueira,MG,4205.84,Parque · Estadual,-21.98086,-43.95424,-21.93254,-43.76247
conservacao,0000.31.0888,PARQUE ESTADUAL SERRA NOVA E TALHADO,parque estadual serra nova e talhado,MG,49855.63,Parque · Estadual,-15.99345,-42.86329,-15.47748,-42.72729
conservacao,0000.51.0448,PARQUE ESTADUAL SERRA RICARDO FRANCO,parque estadual serra ricardo franco,MT,157829.36,Parque · Estadual,-15.09211,-60.49223,-14.0726,-60.01532
conservacao,0000.51.0462,PARQUE ESTADUAL SERRA SANTA BÁRBARA,parque estadual serra santa barbara,MT,120430.89,Parque · Estadual,-16.10994,-59.58193,-15.52691,-59.17772
conservacao,0000.31.1781,PARQUE ESTADUAL SERRA VERDE,parque estadual serra verde,MG,142.09,Parque · Estadual,-19.79838,-43.96534,-19.77722,-43.94927
conservacao,0000.31.0403,PARQUE ESTADUAL SETE SALÕES,parque estadual sete saloes,MG,13922.13,Parque · Estadual,-19.38999,-41.46206,-19.20977,-41.25079
conservacao,0000.23.1930,PARQUE ESTADUAL SÍTIO FUNDÃO,parque estadual sitio fundao,CE,94.98,Parque · Estadual,-7.23893,-39.44662,-7.22985,-39.43224
conservacao,0000.13.1009,PARQUE ESTADUAL SUCUNDURI,parque estadual sucunduri,AM,796055.99,Parque · Estadual,-8.80303,-59.64318,-7.70128,-58.28567
conservacao,0000.13.1010,PARQUE ESTADUAL SUMAÚMA,parque estadual sumauma,AM,52.62,Parque · Estadual,-3.04154,-59.98426,-3.03065,-59.9765
conservacao,0000.51.0456,PARQUE ESTADUAL TUCUMÃ,parque estadual tucuma,MT,81009.81,Parque · Estadual,-9.01296,-61.40344,-8.79799,-60.98515
conservacao,0000.35.0826,PARQUE ESTADUAL TURÍSTICO DO ALTO DO RIBEIRA,parque estadual turistico do alto do ribeira,SP,35901.87,Parque · Estadual,-24.64242,-48.73852,-24.27954,-48.45464
conservacao,0000.41.1576,PARQUE ESTADUAL VALE DO CÓDO,parque estadual vale do codo,PR,863.25,Parque · Estadual,-24.35742,-49.71166,-24.25771,-49.66973
conservacao,0000.31.0401,PARQUE ESTADUAL VEREDAS DO PERUAÇU,parque estadual veredas do peruacu,MG,31249.76,Parque · Estadual,-15.14879,-44.73476,-14.89734,-44.49593
conservacao,0000.41.3334,PARQUE ESTADUAL VITÓRIO PIASSA,parque estadual vitorio piassa,PR,107.26,Parque · Estadual,-26.20288,-52.68616,-26.18885,-52.67248
conservacao,0000.35.0833,PARQUE ESTADUAL XIXOVÁ-JAPUÍ,parque estadual xixova-japui,SP,881.12,Parque · Estadual,-24.03568,-46.41168,-23.97706,-46.3726
conservacao,0000.51.1903,PARQUE ESTADUAL ZÉ BOLO FLÔ,parque estadual ze bolo flo,MT,51.68,Parque · Estadual,-15.63541,-56.06501,-15.62831,-56.05321
conservacao,0000.22.4806,PARQUE ESTADUAL ZOOBOTÂNICO,parque estadual zoobotanico,PI,108.82,Parque · Estadual,-5.04497,-42.78347,-5.03247,-42.76813
conservacao,0023.11.4908,PARQUE MUNICIPAL CANAÃ,parque municipal canaa,RO,42.5,Parque · Municipal,-9.95134,-63.06112,-9.94408,-63.05311
conservacao,8501.41.4804,PARQUE MUNICIPAL CECÍLIA CARDOSO,parque municipal cecilia cardoso,PR,2.97,Parque · Municipal,-26.24291,-52.66869,-26.24109,-52.66623
conservacao,0320.13.4139,PARQUE MUNICIPAL DA CACIMBA,parque municipal da cacimba,AM,7.17,Parque · Municipal,-2.62776,-60.94869,-2.62516,-60.94551
conservacao,1906.29.4810,PARQUE MUNICIPAL DE MUCUGÊ,parque municipal de mucuge,BA,517.69,Parque · Municipal,-13.01131,-41.36256,-12.98469,-41.32842
conservacao,8203.41.5100,PARQUE MUNICIPAL ERNESTO BERTASO NETO,parque municipal ernesto bertaso neto,PR,304.36,Parque · Municipal,-26.04333,-51.10512,-26.01379,-51.08013
conservacao,1360.29.2321,PARQUE MUNICIPAL NATURAL DA BOA ESPERANÇA,parque municipal natural da boa esperanca,BA,427.24,Parque · Municipal,-14.79132,-39.09379,-14.76985,-39.06514
conservacao,9609.41.4829,PARQUE MUNICIPAL NATURAL DA LAGOA DO PARADO,parque municipal natural da lagoa do parado,PR,3543.4,Parque · Municipal,-25.77606,-48.73247,-25.7071,-48.66619
conservacao,0189.11.4597,PARQUE MUNICIPAL NATURAL DE PIMENTA BUENO,parque municipal natural de pimenta bueno,RO,546.64,Parque · Municipal,-11.74411,-61.49209,-11.7082,-61.47489
conservacao,4730.31.3233,PARQUE MUNICIPAL NATURAL DO BREJO GRANDE,parque municipal natural do brejo grande,MG,223.38,Parque · Municipal,-22.58693,-45.82981,-22.57001,-45.81283
conservacao,0106.11.5098,PARQUE MUNICIPAL NATURAL DOS PARECIS,parque municipal natural dos parecis,RO,1504.86,Parque · Municipal,-10.76364,-65.27725,-10.71427,-65.22036
conservacao,1908.43.4894,PARQUE MUNICIPAL NATURAL MATA DO RIO URUGUAI TEIXEIRA SOARES,parque municipal natural mata do rio uruguai teixeira soares,RS,427.64,Parque · Municipal,-27.51095,-51.95433,-27.4772,-51.92658
conservacao,0570.41.4196,PARQUE MUNICIPAL NATURAL MOZART ROCHA LOURES,parque municipal natural mozart rocha loures,PR,320.16,Parque · Municipal,-26.31821,-52.24373,-26.2919,-52.2233
conservacao,0301.26.4637,PARQUE MUNICIPAL NATURAL SERRA DO MARACUJÁ,parque municipal natural serra do maracuja,PE,10.95,Parque · Municipal,-8.93342,-36.6498,-8.92346,-36.64787
conservacao,0570.41.4204,PARQUE MUNICIPAL NATURAL TAMARINO DE ÁVILA E SILVA,parque municipal natural tamarino de avila e silva,PR,0.0,Parque · Municipal,-26.3874,-52.32792,-26.37865,-52.32051
conservacao,7305.41.5145,PARQUE MUNICIPAL VEU DA NOIVA,parque municipal veu da noiva,PR,24.22,Parque · Municipal,-24.27927,-51.02084,-24.27381,-51.01341
conservacao,0000.00.0135,PARQUE NACIONAL CAVERNAS DO PERUAÇU,parque nacional cavernas do peruacu,MG,56447.96,Parque · Federal,-15.26388,-44.37752,-14.91434,-44.07116
conservacao,0000.00.0136,PARQUE NACIONAL DA AMAZÔNIA,parque nacional da amazonia,"AM, PA",1066287.54,Parque · Federal,-4.94865,-57.47492,-3.65044,-55.99319
conservacao,0000.00.0272,PARQUE NACIONAL DA CHAPADA DAS MESAS,parque nacional da chapada das mesas,MA,159950.88,Parque · Federal,-7.36445,-47.42248,-6.89246,-46.74479
conservacao,0000.00.0137,PARQUE NACIONAL DA CHAPADA DIAMANTINA,parque nacional da chapada diamantina,BA,151818.63,Parque · Federal,-13.32005,-41.54299,-12.45393,-41.13567
conservacao,0000.00.0138,PARQUE NACIONAL DA CHAPADA DOS GUIMARÃES,parque nacional da chapada dos guimaraes,MT,32646.5,Parque · Federal,-15.48068,-55.9795,-15.20876,-55.78625
conservacao,0000.00.0139,PARQUE NACIONAL DA CHAPADA DOS VEADEIROS,parque nacional da chapada dos veadeiros,GO,240582.04,Parque · Federal,-14.21633,-47.90742,-13.61845,-46.97436
conservacao,0000.00.2633,PARQUE NACIONAL DA FURNA FEIA,parque nacional da furna feia,RN,8558.71,Parque · Federal,-5.10646,-37.59912,-5.01777,-37.4239
conservacao,0000.00.0140,PARQUE NACIONAL DA LAGOA DO PEIXE,parque nacional da lagoa do peixe,RS,36519.92,Parque · Federal,-31.49118,-51.18729,-31.01326,-50.75421
conservacao,0000.00.0141,PARQUE NACIONAL DA RESTINGA DE JURUBATIBA,parque nacional da restinga de jurubatiba,RJ,14919.18,Parque · Federal,-22.30414,-41.70716,-22.13607,-41.29783
conservacao,0000.00.0142,PARQUE NACIONAL DA SERRA DA BOCAINA,parque nacional da serra da bocaina,"RJ, SP",106564.6,Parque · Federal,-23.37804,-44.96797,-22.70906,-44.40826
conservacao,0000.00.0143,PARQUE NACIONAL DA SERRA DA BODOQUENA,parque nacional da serra da bodoquena,MS,76975.16,Parque · Federal,-21.51305,-56.86173,-20.57025,-56.60929
conservacao,0000.00.0144,PARQUE NACIONAL DA SERRA DA CANASTRA,parque nacional da serra da canastra,MG,197968.69,Parque · Federal,-20.66461,-46.99954,-20.07587,-46.20403
conservacao,0000.00.0145,PARQUE NACIONAL DA SERRA DA CAPIVARA,parque nacional da serra da capivara,PI,100761.51,Parque · Federal,-8.83537,-42.76242,-8.50043,-42.32123
conservacao,0000.00.0146,PARQUE NACIONAL DA SERRA DAS CONFUSÕES,parque nacional da serra das confusoes,PI,823833.73,Parque · Federal,-9.78962,-44.46447,-8.44271,-43.04289
conservacao,0000.00.1909,PARQUE NACIONAL DA SERRA DAS LONTRAS,parque nacional da serra das lontras,BA,11343.61,Parque · Federal,-15.23646,-39.41481,-15.07016,-39.27576
conservacao,0000.00.0148,PARQUE NACIONAL DA SERRA DO CIPÓ,parque nacional da serra do cipo,MG,31639.28,Parque · Federal,-19.54183,-43.63072,-19.2201,-43.45549
conservacao,0000.00.0149,PARQUE NACIONAL DA SERRA DO DIVISOR,parque nacional da serra do divisor,AC,837554.36,Parque · Federal,-9.0657,-73.99121,-7.24356,-72.7635
conservacao,0000.00.3136,PARQUE NACIONAL DA SERRA DO GANDARELA,parque nacional da serra do gandarela,MG,31270.6,Parque · Federal,-20.2467,-43.82025,-19.97056,-43.5165
conservacao,0000.00.0150,PARQUE NACIONAL DA SERRA DO ITAJAÍ,parque nacional da serra do itajai,SC,57528.57,Parque · Federal,-27.28956,-49.35919,-26.98376,-49.0199
conservacao,0000.00.0151,PARQUE NACIONAL DA SERRA DO PARDO,parque nacional da serra do pardo,PA,445391.95,Parque · Federal,-6.13771,-53.45029,-5.48068,-52.56423
conservacao,0000.00.4581,PARQUE NACIONAL DA SERRA DO TEIXEIRA,parque nacional da serra do teixeira,PB,61095.43,Parque · Federal,-7.49465,-37.92775,-7.15647,-37.17441
conservacao,0000.00.0152,PARQUE NACIONAL DA SERRA DOS ÓRGÃOS,parque nacional da serra dos orgaos,RJ,19850.17,Parque · Federal,-22.58506,-43.18099,-22.39236,-42.98094
conservacao,0000.00.0153,PARQUE NACIONAL DA SERRA GERAL,parque nacional da serra geral,"RS, SC",17274.37,Parque · Federal,-29.2579,-50.17312,-29.01055,-49.90672
conservacao,0000.00.0154,PARQUE NACIONAL DA TIJUCA,parque nacional da tijuca,RJ,3958.46,Parque · Federal,-23.00516,-43.34234,-22.9031,-43.19434
conservacao,0000.00.0262,PARQUE NACIONAL DAS ARAUCÁRIAS,parque nacional das araucarias,SC,12809.45,Parque · Federal,-26.86355,-52.02037,-26.66453,-51.78947
conservacao,0000.00.0155,PARQUE NACIONAL DAS EMAS,parque nacional das emas,GO,132786.82,Parque · Federal,-18.34941,-53.11891,-17.86374,-52.73744
conservacao,0000.00.0156,PARQUE NACIONAL DAS NASCENTES DO RIO PARNAIBA,parque nacional das nascentes do rio parnaiba,"BA, MA, PI, TO",749759.94,Parque · Federal,-10.46487,-46.71858,-9.35946,-45.17914
conservacao,0000.00.0157,PARQUE NACIONAL DAS SEMPRE-VIVAS,parque nacional das sempre-vivas,MG,126616.44,Parque · Federal,-17.99108,-43.99817,-17.5857,-43.59752
conservacao,0000.00.0049,PARQUE NACIONAL DE ANAVILHANAS,parque nacional de anavilhanas,AM,350233.88,Parque · Federal,-3.0339,-61.19889,-2.00593,-60.35777
conservacao,0000.00.0158,PARQUE NACIONAL DE APARADOS DA SERRA,parque nacional de aparados da serra,"RS, SC",12966.22,Parque · Federal,-29.25743,-50.17511,-29.10284,-50.01432
conservacao,0000.00.1908,PARQUE NACIONAL DE BOA NOVA,parque nacional de boa nova,BA,12294.58,Parque · Federal,-14.52094,-40.27865,-14.24663,-40.04557
conservacao,0000.00.0159,PARQUE NACIONAL DE BRASÍLIA,parque nacional de brasilia,"DF, GO",42355.24,Parque · Federal,-15.78262,-48.16432,-15.48324,-47.86081
conservacao,0000.00.0160,PARQUE NACIONAL DE CAPARAÓ,parque nacional de caparao,"ES, MG",31750.95,Parque · Federal,-20.61573,-41.86136,-20.30167,-41.70952
conservacao,0000.00.0161,PARQUE NACIONAL DE ILHA GRANDE,parque nacional de ilha grande,"MS, PR",76459.88,Parque · Federal,-24.06848,-54.27051,-23.29158,-53.69868
conservacao,0000.00.0184,PARQUE NACIONAL DE ITATIAIA,parque nacional de itatiaia,"MG, RJ",28085.85,Parque · Federal,-22.46949,-44.77035,-22.24321,-44.55134
conservacao,0000.00.0162,PARQUE NACIONAL DE JERICOACOARA,parque nacional de jericoacoara,CE,8855.36,Parque · Federal,-2.84914,-40.59806,-2.77488,-40.41655
conservacao,0000.00.0163,PARQUE NACIONAL DE PACAÁS NOVOS,parque nacional de pacaas novos,RO,706117.11,Parque · Federal,-11.68876,-64.03769,-10.5221,-62.53575
conservacao,0000.00.0164,PARQUE NACIONAL DE SAINT-HILAIRE/LANGE,parque nacional de saint-hilaire/lange,PR,24302.37,Parque · Federal,-25.85631,-48.71026,-25.54729,-48.54237
conservacao,0000.00.0165,PARQUE NACIONAL DE SÃO JOAQUIM,parque nacional de sao joaquim,SC,49672.02,Parque · Federal,-28.34843,-49.66531,-28.05696,-49.35025
conservacao,0000.00.0166,PARQUE NACIONAL DE SETE CIDADES,parque nacional de sete cidades,PI,6310.81,Parque · Federal,-4.14823,-41.75898,-4.04895,-41.66678
conservacao,0000.00.0167,PARQUE NACIONAL DE UBAJARA,parque nacional de ubajara,CE,6304.4,Parque · Federal,-3.86879,-40.96553,-3.66966,-40.87022
conservacao,0000.00.3410,PARQUE NACIONAL DO ACARI,parque nacional do acari,AM,896420.5,Parque · Federal,-6.75664,-59.88678,-5.65319,-58.8015
conservacao,0000.00.5311,PARQUE NACIONAL DO ALBARDÃO,parque nacional do albardao,RS,1004694.0,Parque · Federal,-34.00214,-53.33905,-32.99198,-51.47628
conservacao,0000.00.1910,PARQUE NACIONAL DO ALTO CARIRI,parque nacional do alto cariri,BA,19260.1,Parque · Federal,-16.50102,-40.11682,-16.28288,-39.85859
conservacao,0000.00.0168,PARQUE NACIONAL DO ARAGUAIA,parque nacional do araguaia,TO,555501.4,Parque · Federal,-11.16708,-50.48504,-9.84249,-49.9367
conservacao,0000.00.3652,PARQUE NACIONAL DO BOQUEIRÃO DA ONÇA,parque nacional do boqueirao da onca,BA,346908.44,Parque · Federal,-10.37109,-42.2212,-9.71381,-40.74049
conservacao,0000.00.0169,PARQUE NACIONAL DO CABO ORANGE,parque nacional do cabo orange,AP,657324.83,Parque · Federal,2.8074,-51.57384,4.51865,-50.85311
conservacao,0000.00.0170,PARQUE NACIONAL DO CATIMBAU,parque nacional do catimbau,PE,62239.37,Parque · Federal,-8.60952,-37.55896,-8.38829,-37.18259
conservacao,0000.00.0171,PARQUE NACIONAL DO DESCOBRIMENTO,parque nacional do descobrimento,BA,22607.71,Parque · Federal,-17.20647,-39.41813,-16.97757,-39.1978
conservacao,0000.00.0172,PARQUE NACIONAL DO IGUAÇU,parque nacional do iguacu,PR,169850.63,Parque · Federal,-25.69421,-54.48743,-25.05245,-53.62283
conservacao,0000.00.0267,PARQUE NACIONAL DO JAMANXIM,parque nacional do jamanxim,PA,862880.03,Parque · Federal,-6.18577,-56.44159,-5.02675,-55.25688
conservacao,0000.00.0173,PARQUE NACIONAL DO JAÚ,parque nacional do jau,AM,2367323.17,Parque · Federal,-2.97313,-63.98503,-1.54863,-61.35272
conservacao,0000.00.0281,PARQUE NACIONAL DO JURUENA,parque nacional do juruena,"AM, MT",1957013.52,Parque · Federal,-9.20057,-59.36739,-6.88187,-57.6652
conservacao,0000.00.0174,PARQUE NACIONAL DO MONTE RORAIMA,parque nacional do monte roraima,RR,116749.41,Parque · Federal,4.80292,-60.73634,5.27191,-60.09123
conservacao,0000.00.0175,PARQUE NACIONAL DO PANTANAL MATOGROSSENSE,parque nacional do pantanal matogrossense,MT,183094.59,Parque · Federal,-17.86414,-57.69275,-17.43148,-57.15497
conservacao,0000.00.0176,PARQUE NACIONAL DO PAU BRASIL,parque nacional do pau brasil,BA,18934.23,Parque · Federal,-16.5837,-39.35762,-16.42462,-39.15076
conservacao,0000.00.0177,PARQUE NACIONAL DO PICO DA NEBLINA,parque nacional do pico da neblina,AM,2252546.46,Parque · Federal,-0.39398,-66.90491,1.0332,-65.02601
conservacao,0000.00.0264,PARQUE NACIONAL DO RIO NOVO,parque nacional do rio novo,PA,538108.45,Parque · Federal,-8.27668,-57.11546,-7.2069,-55.7203
conservacao,0000.00.0178,PARQUE NACIONAL DO SUPERAGUI,parque nacional do superagui,PR,33860.39,Parque · Federal,-25.48919,-48.34368,-25.20661,-48.02385
conservacao,0000.00.0179,PARQUE NACIONAL DO VIRUÁ,parque nacional do virua,RR,280982.32,Parque · Federal,0.93739,-61.35699,1.71618,-60.82875
conservacao,0000.00.0284,PARQUE NACIONAL DOS CAMPOS AMAZÔNICOS,parque nacional dos campos amazonicos,"AM, MT, RO",961307.54,Parque · Federal,-9.03777,-62.10042,-7.69913,-60.42821
conservacao,0000.00.3519,PARQUE NACIONAL DOS CAMPOS FERRUGINOSOS,parque nacional dos campos ferruginosos,PA,78884.0,Parque · Federal,-6.39457,-50.37602,-6.15607,-49.79984
conservacao,0000.00.0277,PARQUE NACIONAL DOS CAMPOS GERAIS,parque nacional dos campos gerais,PR,21298.76,Parque · Federal,-25.2111,-50.07044,-24.96152,-49.87689
conservacao,0000.00.0180,PARQUE NACIONAL DOS LENÇÓIS MARANHENSES,parque nacional dos lencois maranhenses,MA,157173.63,Parque · Federal,-2.74342,-43.49229,-2.31848,-42.75151
conservacao,0000.00.0182,PARQUE NACIONAL E HISTÓRICO DO MONTE PASCOAL,parque nacional e historico do monte pascoal,BA,22239.4,Parque · Federal,-16.92868,-39.4268,-16.80012,-39.11515
conservacao,0000.00.0183,PARQUE NACIONAL GRANDE SERTÃO VEREDAS,parque nacional grande sertao veredas,"BA, MG",230853.29,Parque · Federal,-15.42501,-46.08104,-14.74257,-45.60136
conservacao,0000.00.3137,PARQUE NACIONAL GUARICANA,parque nacional guaricana,PR,49286.13,Parque · Federal,-25.87589,-48.99531,-25.59124,-48.73259
conservacao,0000.00.1633,PARQUE NACIONAL MAPINGUARI,parque nacional mapinguari,"AM, RO",1775085.11,Parque · Federal,-9.61041,-65.68065,-7.39912,-63.56804
conservacao,0000.00.2874,PARQUE NACIONAL MARINHO DAS ILHAS DOS CURRAIS,parque nacional marinho das ilhas dos currais,PR,1359.68,Parque · Federal,-25.76355,-48.38186,-25.72077,-48.32298
conservacao,0000.00.0186,PARQUE NACIONAL MARINHO DE FERNANDO DE NORONHA,parque nacional marinho de fernando de noronha,PE,10932.58,Parque · Federal,-3.91549,-32.48378,-3.79133,-32.34767
conservacao,0000.00.0185,PARQUE NACIONAL MARINHO DOS ABROLHOS,parque nacional marinho dos abrolhos,BA,87945.66,Parque · Federal,-18.15048,-39.09037,-17.41714,-38.5587
conservacao,0000.00.0187,PARQUE NACIONAL MONTANHAS DO TUMUCUMAQUE,parque nacional montanhas do tumucumaque,"AP, PA",3865125.56,Parque · Federal,0.68409,-54.79271,3.50898,-51.57215
conservacao,0000.00.1626,PARQUE NACIONAL NASCENTES DO LAGO JARI,parque nacional nascentes do lago jari,AM,808598.7,Parque · Federal,-6.38844,-63.16902,-5.15249,-62.01943
conservacao,0000.00.0188,PARQUE NACIONAL SERRA DA CUTIA,parque nacional serra da cutia,RO,283498.13,Parque · Federal,-11.93218,-64.88205,-11.38239,-63.97804
conservacao,0000.00.0189,PARQUE NACIONAL SERRA DA MOCIDADE,parque nacional serra da mocidade,"AM, RR",359371.13,Parque · Federal,0.63469,-62.53764,1.71306,-61.6183
conservacao,0000.00.0147,PARQUE NACIONAL SERRA DE ITABAIANA,parque nacional serra de itabaiana,SE,8024.63,Parque · Federal,-10.83812,-37.42155,-10.71045,-37.27875
conservacao,4902.43.5199,PARQUE NATURAL MORRO DO OSSO,parque natural morro do osso,RS,128.31,Parque · Municipal,-30.12448,-51.24956,-30.11372,-51.231
conservacao,0305.51.3875,PARQUE NATURAL MUNCIPAL PAULO VIRIATO CORREA DA COSTA,parque natural muncipal paulo viriato correa da costa,MT,20.96,Parque · Municipal,-11.50917,-54.87399,-11.50575,-54.86605
conservacao,6224.51.4623,"PARQUE NATURAL MUNICIPAL ""O SEMEADOR""","parque natural municipal ""o semeador""",MT,12.47,Parque · Municipal,-13.81998,-56.08932,-13.8137,-56.08328
conservacao,8204.41.4838,PARQUE NATURAL MUNICIPAL (PNM) DO RIBEIRÃO DOS ALMEIDAS,parque natural municipal (pnm) do ribeirao dos almeidas,PR,10.22,Parque · Municipal,-25.61308,-48.54815,-25.60625,-48.53603
conservacao,8204.41.4839,PARQUE NATURAL MUNICIPAL (PNM) DO RIO DAS PEDRAS,parque natural municipal (pnm) do rio das pedras,PR,6.84,Parque · Municipal,-25.52398,-48.64981,-25.51926,-48.64831
conservacao,7602.51.4707,PARQUE NATURAL MUNICIPAL ÁGUAS CLARAS,parque natural municipal aguas claras,MT,16.81,Parque · Municipal,-16.45698,-54.54804,-16.45384,-54.53898
conservacao,7859.51.5165,PARQUE NATURAL MUNICIPAL ÁGUAS DO ARAGUAIA,parque natural municipal aguas do araguaia,MT,66.01,Parque · Municipal,-11.62591,-50.68542,-11.61676,-50.66377
conservacao,0570.41.4182,PARQUE NATURAL MUNICIPAL ANTÔNIO SANSÃO PACHECO,parque natural municipal antonio sansao pacheco,PR,146.7,Parque · Municipal,-26.31514,-52.28194,-26.28848,-52.26745
conservacao,7602.51.4610,PARQUE NATURAL MUNICIPAL APIDO  PARU,parque natural municipal apido  paru,MT,15.92,Parque · Municipal,-16.46643,-54.65126,-16.46083,-54.64609
conservacao,6701.42.4814,PARQUE NATURAL MUNICIPAL ARMANDO ROSA,parque natural municipal armando rosa,SC,50.74,Parque · Municipal,-26.4564,-53.4745,-26.45034,-53.458
conservacao,8107.31.4440,PARQUE NATURAL MUNICIPAL ARMIM JACINTO BORGES,parque natural municipal armim jacinto borges,MG,22.7,Parque · Municipal,-20.33953,-44.23967,-20.33191,-44.2263
conservacao,4807.51.4576,PARQUE NATURAL MUNICIPAL AUGUSTO RUSCHI,parque natural municipal augusto ruschi,MT,49.51,Parque · Municipal,-15.96106,-54.97197,-15.95418,-54.96175
conservacao,4990.35.2587,PARQUE NATURAL MUNICIPAL AUGUSTO RUSCHI,parque natural municipal augusto ruschi,SP,243.62,Parque · Municipal,-23.0779,-45.94652,-23.05581,-45.9275
conservacao,1870.43.1975,PARQUE NATURAL MUNICIPAL BANHADO DA IMPERATRIZ,parque natural municipal banhado da imperatriz,RS,675.61,Parque · Municipal,-29.76214,-51.14278,-29.72858,-51.10169
conservacao,0250.33.2789,PARQUE NATURAL MUNICIPAL BARÃO DE MAUÁ,parque natural municipal barao de maua,RJ,115.7,Parque · Municipal,-22.72728,-43.2136,-22.71858,-43.18397
conservacao,0115.32.4119,PARQUE NATURAL MUNICIPAL BERRA ONÇA,parque natural municipal berra onca,ES,106.21,Parque · Municipal,-20.21587,-41.27051,-20.20473,-41.2553
conservacao,2600.24.4944,PARQUE NATURAL MUNICIPAL BOCA DA MATA,parque natural municipal boca da mata,RN,313.8,Parque · Municipal,-5.67688,-35.41849,-5.65047,-35.39328
conservacao,5030.35.2578,PARQUE NATURAL MUNICIPAL BORORÉ,parque natural municipal borore,SP,168.42,Parque · Municipal,-23.81381,-46.6685,-23.78224,-46.64217
conservacao,0455.33.1786,PARQUE NATURAL MUNICIPAL BOSQUE DA BARRA,parque natural municipal bosque da barra,RJ,54.41,Parque · Municipal,-22.99982,-43.37601,-22.99353,-43.36634
conservacao,0308.35.4799,PARQUE NATURAL MUNICIPAL CABECEIRAS DO ARICANDUVA,parque natural municipal cabeceiras do aricanduva,SP,226.96,Parque · Municipal,-23.636,-46.4211,-23.60923,-46.39431
conservacao,1405.33.4802,PARQUE NATURAL MUNICIPAL CACHOEIRA DA AMOROSA,parque natural municipal cachoeira da amorosa,RJ,10.17,Parque · Municipal,-22.08281,-41.9624,-22.07709,-41.95768
conservacao,3536.13.5011,PARQUE NATURAL MUNICIPAL CACHOEIRA DAS ORQUÍDEAS,parque natural municipal cachoeira das orquideas,AM,842.59,Parque · Municipal,-2.04677,-60.00678,-1.99082,-59.98227
conservacao,4508.33.4592,PARQUE NATURAL MUNICIPAL CACHOEIRA DE SÃO LEANDRO,parque natural municipal cachoeira de sao leandro,RJ,5.68,Parque · Municipal,-22.14124,-43.57258,-22.137,-43.57004
conservacao,5537.31.4699,PARQUE NATURAL MUNICIPAL CACHOEIRA DE SARZEDO,parque natural municipal cachoeira de sarzedo,MG,13.05,Parque · Municipal,-20.03202,-44.14007,-20.02653,-44.12775
conservacao,0503.32.4245,PARQUE NATURAL MUNICIPAL CACHOEIRA DO CAIADO,parque natural municipal cachoeira do caiado,ES,0.0,Parque · Municipal,-20.65133,-40.96122,-20.65049,-40.95872
conservacao,7602.51.4859,PARQUE NATURAL MUNICIPAL CACIQUE OROCHI,parque natural municipal cacique orochi,MT,16.22,Parque · Municipal,-16.49629,-54.63492,-16.49227,-54.62784
conservacao,0430.33.1622,PARQUE NATURAL MUNICIPAL CAIXA D ÁGUA,parque natural municipal caixa d agua,RJ,3.75,Parque · Municipal,-22.70386,-42.62536,-22.7017,-42.62254
conservacao,0210.42.3688,PARQUE NATURAL MUNICIPAL CAMINHO DO PEABIRU,parque natural municipal caminho do peabiru,SC,0.0,Parque · Municipal,-26.6248,-48.70122,-26.61048,-48.68598
conservacao,0064.11.4786,PARQUE NATURAL MUNICIPAL CANINDÉ,parque natural municipal caninde,RO,6.6,Parque · Municipal,-13.11744,-60.53641,-13.11349,-60.5344
conservacao,0845.42.2049,PARQUE NATURAL MUNICIPAL CARIJÓS,parque natural municipal carijos,SC,51.53,Parque · Municipal,-26.06962,-48.63697,-26.05703,-48.62854
conservacao,0040.33.3392,PARQUE NATURAL MUNICIPAL CARLOS ROBERTO FIRMINO DE CASTRO,parque natural municipal carlos roberto firmino de castro,RJ,2.85,Parque · Municipal,-22.51983,-44.1763,-22.51679,-44.1733
conservacao,1920.42.2261,PARQUE NATURAL MUNICIPAL CHAPÉU DAS ÁGUAS,parque natural municipal chapeu das aguas,SC,508.73,Parque · Municipal,-27.4134,-49.41313,-27.3848,-49.37563
conservacao,0455.33.1790,PARQUE NATURAL MUNICIPAL CHICO MENDES,parque natural municipal chico mendes,RJ,40.65,Parque · Municipal,-23.02762,-43.47474,-23.0217,-43.46621
conservacao,7602.51.4860,PARQUE NATURAL MUNICIPAL CHICO MENDES,parque natural municipal chico mendes,MT,64.28,Parque · Municipal,-16.52173,-54.60478,-16.50754,-54.596
conservacao,0792.51.3775,PARQUE NATURAL MUNICIPAL CLAUDINO FRANCIO,parque natural municipal claudino francio,MT,12.29,Parque · Municipal,-12.5331,-55.728,-12.52773,-55.72462
conservacao,0558.51.3701,PARQUE NATURAL MUNICIPAL COLONIZADOR JOSE BIANCHINI,parque natural municipal colonizador jose bianchini,MT,14.12,Parque · Municipal,-11.08743,-54.5182,-11.08179,-54.51259
conservacao,5220.35.2750,PARQUE NATURAL MUNICIPAL CORREDORES DE BIODIVERSIDADE,parque natural municipal corredores de biodiversidade,SP,71.52,Parque · Municipal,-23.39668,-47.49026,-23.38543,-47.47317
conservacao,1306.33.4432,PARQUE NATURAL MUNICIPAL CÓRREGO DA LUZ,parque natural municipal corrego da luz,RJ,91.58,Parque · Municipal,-22.44236,-42.20996,-22.42892,-42.19953
conservacao,3504.35.4958,PARQUE NATURAL MUNICIPAL COTIA-PARÁ,parque natural municipal cotia-para,SP,153.49,Parque · Municipal,-23.91516,-46.44162,-23.90096,-46.42317
conservacao,0330.33.3968,PARQUE NATURAL MUNICIPAL DA ÁGUA ESCONDIDA,parque natural municipal da agua escondida,RJ,62.31,Parque · Municipal,-22.89563,-43.11301,-22.88667,-43.09992
conservacao,5158.33.4939,PARQUE NATURAL MUNICIPAL DA ARAPONGA,parque natural municipal da araponga,RJ,1488.91,Parque · Municipal,-22.26342,-42.98294,-22.20181,-42.91904
conservacao,5602.43.5002,PARQUE NATURAL MUNICIPAL DA BARRA DO RIO GRANDE,parque natural municipal da barra do rio grande,RS,387.93,Parque · Municipal,-32.17087,-52.13777,-32.14918,-52.09999
conservacao,4630.31.2710,PARQUE NATURAL MUNICIPAL DA BIQUINHA,parque natural municipal da biquinha,MG,20.59,Parque · Municipal,-17.08186,-41.48039,-17.07603,-41.47566
conservacao,0420.33.3166,PARQUE NATURAL MUNICIPAL DA CACHOEIRA DA FUMAÇA E JACUBA PARFUMAÇA,parque natural municipal da cachoeira da fumaca e jacuba parfumaca,RJ,0.0,Parque · Municipal,-22.27679,-44.34342,-22.25378,-44.32046
conservacao,1800.31.2869,PARQUE NATURAL MUNICIPAL DA CACHOEIRA DE SANTO ANTÔNIO,parque natural municipal da cachoeira de santo antonio,MG,79.13,Parque · Municipal,-20.46749,-43.86549,-20.45918,-43.85042
conservacao,0910.42.2926,PARQUE NATURAL MUNICIPAL DA CAIEIRA,parque natural municipal da caieira,SC,141.98,Parque · Municipal,-26.31581,-48.80585,-26.30375,-48.78893
conservacao,0170.33.3231,PARQUE NATURAL MUNICIPAL DA CAIXA D´ÁGUA,parque natural municipal da caixa d agua,RJ,16.64,Parque · Municipal,-22.6874,-43.27738,-22.68219,-43.27279
conservacao,0280.43.4201,PARQUE NATURAL MUNICIPAL DA CASCATA DO SALSO,parque natural municipal da cascata do salso,RS,5.65,Parque · Municipal,-30.57224,-53.45347,-30.568,-53.4466
conservacao,0455.33.1763,PARQUE NATURAL MUNICIPAL DA CATACUMBA,parque natural municipal da catacumba,RJ,97.66,Parque · Municipal,-22.97537,-43.20554,-22.9608,-43.19163
conservacao,0455.33.1802,PARQUE NATURAL MUNICIPAL DA CIDADE,parque natural municipal da cidade,RJ,46.65,Parque · Municipal,-22.98098,-43.24814,-22.97375,-43.23972
conservacao,0810.24.1851,PARQUE NATURAL MUNICIPAL DA CIDADE DO NATAL DOM NIVALDO MONTE,parque natural municipal da cidade do natal dom nivaldo monte,RN,0.0,Parque · Municipal,-5.84319,-35.24198,-5.83624,-35.23543
conservacao,0803.33.4903,PARQUE NATURAL MUNICIPAL DA COLINA DO CONDE,parque natural municipal da colina do conde,RJ,33.06,Parque · Municipal,-22.41831,-42.63315,-22.41221,-42.62301
conservacao,5030.35.1971,PARQUE NATURAL MUNICIPAL DA CRATERA DE COLÔNIA,parque natural municipal da cratera de colonia,SP,52.66,Parque · Municipal,-23.88709,-46.71056,-23.86903,-46.70455
conservacao,1880.35.2780,PARQUE NATURAL MUNICIPAL DA CULTURA NEGRA - SÍTIO DA CANDINHA,parque natural municipal da cultura negra - sitio da candinha,SP,109.14,Parque · Municipal,-23.40008,-46.4772,-23.38405,-46.46668
conservacao,2009.32.4539,PARQUE NATURAL MUNICIPAL DA DIVISA,parque natural municipal da divisa,ES,17.13,Parque · Municipal,-20.69427,-41.8473,-20.68707,-41.84158
conservacao,0455.33.1785,PARQUE NATURAL MUNICIPAL DA FREGUESIA,parque natural municipal da freguesia,RJ,29.22,Parque · Municipal,-22.95297,-43.3478,-22.94584,-43.34129
conservacao,3030.35.1942,PARQUE NATURAL MUNICIPAL DA GROTA DE MIRASSOL,parque natural municipal da grota de mirassol,SP,0.0,Parque · Municipal,-20.82742,-49.51296,-20.82297,-49.50685
conservacao,0325.50.1641,PARQUE NATURAL MUNICIPAL DA LAGE,parque natural municipal da lage,MS,15.52,Parque · Municipal,-18.5271,-53.01741,-18.52197,-53.01023
conservacao,1350.42.3626,PARQUE NATURAL MUNICIPAL DA LAGOA DO PEREQUÊ,parque natural municipal da lagoa do pereque,SC,8.69,Parque · Municipal,-27.153,-48.58437,-27.14883,-48.57853
conservacao,0540.42.1839,PARQUE NATURAL MUNICIPAL DA LAGOINHA DO LESTE,parque natural municipal da lagoinha do leste,SC,919.13,Parque · Municipal,-27.79544,-48.51016,-27.75128,-48.47613
conservacao,6702.31.4847,PARQUE NATURAL MUNICIPAL DA LAJINHA,parque natural municipal da lajinha,MG,88.63,Parque · Municipal,-21.79515,-43.38292,-21.7871,-43.3657
conservacao,1750.29.3623,PARQUE NATURAL MUNICIPAL DA MACAQUEIRAS,parque natural municipal da macaqueiras,BA,119.25,Parque · Municipal,-11.17369,-40.5083,-11.13749,-40.50129
conservacao,9502.35.5130,PARQUE NATURAL MUNICIPAL DA MATA,parque natural municipal da mata,SP,34.47,Parque · Municipal,-22.89517,-47.16044,-22.8857,-47.1499
conservacao,0010.33.3859,PARQUE NATURAL MUNICIPAL DA MATA ATLÂNTICA,parque natural municipal da mata atlantica,RJ,944.88,Parque · Municipal,-23.02586,-44.36037,-22.9805,-44.30631
conservacao,0470.33.2921,PARQUE NATURAL MUNICIPAL DA MATA ATLÂNTICA,parque natural municipal da mata atlantica,RJ,53.1,Parque · Municipal,-21.56536,-42.18625,-21.46659,-42.08352
conservacao,0520.33.3027,PARQUE NATURAL MUNICIPAL DA MATA ATLÂNTICA ALDEENSE,parque natural municipal da mata atlantica aldeense,RJ,221.29,Parque · Municipal,-22.85173,-42.08469,-22.81017,-42.05154
conservacao,3905.43.4910,PARQUE NATURAL MUNICIPAL DA MATA LESTE,parque natural municipal da mata leste,RS,42.93,Parque · Municipal,-29.6738,-51.02019,-29.6687,-51.01024
conservacao,0951.33.4946,PARQUE NATURAL MUNICIPAL DA PEDRA DE PARAIBUNA,parque natural municipal da pedra de paraibuna,RJ,905.0,Parque · Municipal,-22.05352,-43.32808,-22.02002,-43.28342
conservacao,2601.33.4670,PARQUE NATURAL MUNICIPAL DA PEDRA DO URUBU,parque natural municipal da pedra do urubu,RJ,215.85,Parque · Municipal,-22.98263,-44.05365,-22.96379,-44.03353
conservacao,0455.33.1803,PARQUE NATURAL MUNICIPAL DA PRAINHA,parque natural municipal da prainha,RJ,146.96,Parque · Municipal,-23.0491,-43.51529,-23.03353,-43.5001
conservacao,0025.33.1926,PARQUE NATURAL MUNICIPAL DA RESTINGA DA MASSAMBABA,parque natural municipal da restinga da massambaba,RJ,473.98,Parque · Municipal,-22.97217,-42.08899,-22.93747,-42.03122
conservacao,0093.33.3621,PARQUE NATURAL MUNICIPAL DA RESTINGA DE CARAPEBUS,parque natural municipal da restinga de carapebus,RJ,1070.41,Parque · Municipal,-22.25295,-41.6559,-22.19331,-41.55587
conservacao,2100.29.3581,PARQUE NATURAL MUNICIPAL DA RESTINGA DE PRAIA DO FORTE,parque natural municipal da restinga de praia do forte,BA,267.86,Parque · Municipal,-12.57789,-38.01497,-12.50928,-37.97398
conservacao,0240.33.3553,PARQUE NATURAL MUNICIPAL DA RESTINGA DO BARRETO,parque natural municipal da restinga do barreto,RJ,33.27,Parque · Municipal,-22.34772,-41.75735,-22.33439,-41.73512
conservacao,1820.43.2320,PARQUE NATURAL MUNICIPAL DA RONDA,parque natural municipal da ronda,RS,1449.29,Parque · Municipal,-29.49846,-50.56353,-29.43838,-50.50369
conservacao,0455.33.1765,PARQUE NATURAL MUNICIPAL DA SERRA DA CAPOEIRA GRANDE,parque natural municipal da serra da capoeira grande,RJ,21.0,Parque · Municipal,-22.99222,-43.64644,-22.98426,-43.63997
conservacao,5180.31.2786,PARQUE NATURAL MUNICIPAL DA SERRA DE SÃO DOMINGOS,parque natural municipal da serra de sao domingos,MG,249.06,Parque · Municipal,-21.78184,-46.5865,-21.76903,-46.54621
conservacao,0455.33.1769,PARQUE NATURAL MUNICIPAL DA SERRA DO MENDANHA,parque natural municipal da serra do mendanha,RJ,1390.6,Parque · Municipal,-22.85401,-43.53209,-22.81555,-43.48187
conservacao,0370.41.2596,PARQUE NATURAL MUNICIPAL DANZIGER HOF,parque natural municipal danziger hof,PR,9.44,Parque · Municipal,-23.30075,-51.28548,-23.2977,-51.27826
conservacao,0455.33.1801,PARQUE NATURAL MUNICIPAL DARKE DE MATTOS,parque natural municipal darke de mattos,RJ,7.05,Parque · Municipal,-22.76956,-43.11478,-22.76719,-43.11052
conservacao,1850.33.4453,PARQUE NATURAL MUNICIPAL DAS ÁGUAS DE GUAPIMIRIM,parque natural municipal das aguas de guapimirim,RJ,1568.76,Parque · Municipal,-22.69356,-42.96836,-22.65577,-42.90987
conservacao,4610.31.2632,PARQUE NATURAL MUNICIPAL DAS ANDORINHAS,parque natural municipal das andorinhas,MG,552.68,Parque · Municipal,-20.37662,-43.50962,-20.34462,-43.48186
conservacao,7602.51.4611,PARQUE NATURAL MUNICIPAL DAS ARARAS,parque natural municipal das araras,MT,231.17,Parque · Municipal,-16.44381,-54.68949,-16.41024,-54.65108
conservacao,0940.41.3551,PARQUE NATURAL MUNICIPAL DAS ARAUCARIAS,parque natural municipal das araucarias,PR,0.0,Parque · Municipal,-25.36011,-51.47128,-25.3485,-51.46225
conservacao,0830.50.2845,PARQUE NATURAL MUNICIPAL DAS CAPIVARAS,parque natural municipal das capivaras,MS,56.22,Parque · Municipal,-20.74807,-51.66717,-20.73931,-51.65574
conservacao,0540.42.3732,PARQUE NATURAL MUNICIPAL DAS DUNAS DA LAGOA DA CONCEIÇÃO,parque natural municipal das dunas da lagoa da conceicao,SC,743.95,Parque · Municipal,-27.69885,-48.49143,-27.60812,-48.44559
conservacao,0440.23.3295,PARQUE NATURAL MUNICIPAL DAS DUNAS DA SABIAGUABA,parque natural municipal das dunas da sabiaguaba,CE,467.93,Parque · Municipal,-3.80727,-38.4447,-3.7808,-38.41288
conservacao,0233.33.5009,PARQUE NATURAL MUNICIPAL DAS DUNAS E RESTINGAS DE TUCUNS,parque natural municipal das dunas e restingas de tucuns,RJ,56.29,Parque · Municipal,-22.80702,-41.93436,-22.78159,-41.91633
conservacao,0637.51.4384,PARQUE NATURAL MUNICIPAL DAS LAGOAS CLAUDIA MINGORANCE DURAM,parque natural municipal das lagoas claudia mingorance duram,MT,0.0,Parque · Municipal,-16.61667,-54.48611,-16.61056,-54.47861
conservacao,7806.31.4605,PARQUE NATURAL MUNICIPAL DAS LARANJEIRAS,parque natural municipal das laranjeiras,MG,434.28,Parque · Municipal,-22.06552,-44.95385,-22.04361,-44.92575
conservacao,1710.52.3273,PARQUE NATURAL MUNICIPAL DAS ORQUÍDEAS JOSÉ PINHEIRO DE SOUZA,parque natural municipal das orquideas jose pinheiro de souza,GO,361.21,Parque · Municipal,-17.26515,-48.86775,-17.24043,-48.84786
conservacao,1405.33.4662,PARQUE NATURAL MUNICIPAL DAS PIABAS,parque natural municipal das piabas,RJ,241.91,Parque · Municipal,-22.15758,-41.95832,-22.13563,-41.94179
conservacao,2710.31.4063,PARQUE NATURAL MUNICIPAL DAS SUCUPIRAS,parque natural municipal das sucupiras,MG,4.29,Parque · Municipal,-20.04163,-48.93647,-20.03926,-48.9338
conservacao,0730.23.3720,PARQUE NATURAL MUNICIPAL DAS TIMBAÚBAS,parque natural municipal das timbaubas,CE,24.88,Parque · Municipal,-7.23909,-39.3128,-7.23279,-39.30719
conservacao,0060.32.1566,PARQUE NATURAL MUNICIPAL DAVID VICTOR FARINA,parque natural municipal david victor farina,ES,0.0,Parque · Municipal,-19.93306,-40.13686,-19.92284,-40.12622
conservacao,0150.52.4149,PARQUE NATURAL MUNICIPAL DE APORÉ,parque natural municipal de apore,GO,2.05,Parque · Municipal,-18.9569,-51.93319,-18.9541,-51.93184
conservacao,0500.32.2583,PARQUE NATURAL MUNICIPAL DE BICANGA,parque natural municipal de bicanga,ES,87.99,Parque · Municipal,-20.21327,-40.22101,-20.20311,-40.20887
conservacao,5220.35.3164,PARQUE NATURAL MUNICIPAL DE BRIGADEIRO TOBIAS,parque natural municipal de brigadeiro tobias,SP,11.85,Parque · Municipal,-23.50667,-47.36624,-23.5031,-47.36082
conservacao,3209.25.4713,PARQUE NATURAL MUNICIPAL DE CABEDELO,parque natural municipal de cabedelo,PB,49.08,Parque · Municipal,-6.99914,-34.83381,-6.98937,-34.82861
conservacao,4610.31.2636,PARQUE NATURAL MUNICIPAL DE CACHOEIRA DO CAMPO,parque natural municipal de cachoeira do campo,MG,0.0,Parque · Municipal,-20.35934,-43.66602,-20.35518,-43.66421
conservacao,0240.15.3739,PARQUE NATURAL MUNICIPAL DE CASTANHAL/PARÁ,parque natural municipal de castanhal/para,PA,0.0,Parque · Municipal,-1.30716,-47.92131,-1.30141,-47.91852
conservacao,0160.32.3426,PARQUE NATURAL MUNICIPAL DE CONCEIÇÃO DA BARRA,parque natural municipal de conceicao da barra,ES,6.04,Parque · Municipal,-18.57415,-39.74161,-18.57183,-39.73744
conservacao,0190.32.2067,PARQUE NATURAL MUNICÍPAL DE DOMINGOS MARTINS,parque natural municipal de domingos martins,ES,0.0,Parque · Municipal,-20.36501,-40.65842,-20.3555,-40.64788
conservacao,4480.31.4272,PARQUE NATURAL MUNICIPAL DE FECHOS,parque natural municipal de fechos,MG,19.22,Parque · Municipal,-20.07752,-43.98297,-20.06397,-43.97711
conservacao,0400.50.4247,PARQUE NATURAL MUNICIPAL DE GLÓRIA DE DOURADOS,parque natural municipal de gloria de dourados,MS,19.62,Parque · Municipal,-22.40887,-54.2207,-22.40305,-54.2148
conservacao,0455.33.1827,PARQUE NATURAL MUNICIPAL DE GRUMARI,parque natural municipal de grumari,RJ,793.98,Parque · Municipal,-23.07678,-43.55895,-23.03375,-43.51204
conservacao,0220.33.3044,PARQUE NATURAL MUNICIPAL DE ITAPERUNA,parque natural municipal de itaperuna,RJ,13.55,Parque · Municipal,-21.19386,-41.91756,-21.18721,-41.90858
conservacao,0520.32.2778,PARQUE NATURAL MUNICIPAL DE JACARENEMA,parque natural municipal de jacarenema,ES,346.39,Parque · Municipal,-20.42693,-40.3364,-20.3959,-40.31595
conservacao,0227.33.3468,PARQUE NATURAL MUNICIPAL DE JAPERI,parque natural municipal de japeri,RJ,148.72,Parque · Municipal,-22.64638,-43.5881,-22.63219,-43.57258
conservacao,0455.33.1789,PARQUE NATURAL MUNICIPAL DE MARAPENDI,parque natural municipal de marapendi,RJ,155.64,Parque · Municipal,-23.02202,-43.44994,-23.00426,-43.35395
conservacao,2858.33.4636,PARQUE NATURAL MUNICIPAL DE MESQUITA,parque natural municipal de mesquita,RJ,1892.37,Parque · Municipal,-22.83418,-43.50239,-22.77813,-43.43896
conservacao,1130.42.2359,PARQUE NATURAL MUNICIPAL DE NAVEGANTES,parque natural municipal de navegantes,SC,13.51,Parque · Municipal,-26.84717,-48.6627,-26.84439,-48.65686
conservacao,0570.50.3619,PARQUE NATURAL MUNICIPAL DE NAVIRAÍ,parque natural municipal de navirai,MS,16222.35,Parque · Municipal,-23.18694,-53.80116,-23.01085,-53.66227
conservacao,0330.33.3156,PARQUE NATURAL MUNICIPAL DE NITERÓI,parque natural municipal de niteroi,RJ,895.65,Parque · Municipal,-22.95987,-43.13161,-22.90476,-43.05238
conservacao,0350.33.1580,PARQUE NATURAL MUNICIPAL DE NOVA IGUAÇU,parque natural municipal de nova iguacu,RJ,0.0,Parque · Municipal,-22.80408,-43.50512,-22.77106,-43.45531
conservacao,0390.33.1516,PARQUE NATURAL MUNICIPAL DE PETRÓPOLIS,parque natural municipal de petropolis,RJ,16.52,Parque · Municipal,-22.50356,-43.17551,-22.49677,-43.17129
conservacao,0320.50.1581,PARQUE NATURAL MUNICIPAL DE PIRAPUTANGAS,parque natural municipal de piraputangas,MS,1262.0,Parque · Municipal,-19.29039,-57.64356,-19.21837,-57.57092
conservacao,0613.15.4050,PARQUE NATURAL MUNICIPAL DE REDENÇÃO,parque natural municipal de redencao,PA,16.42,Parque · Municipal,-8.03557,-50.04193,-8.02944,-50.0373
conservacao,7602.51.4560,PARQUE NATURAL MUNICIPAL DE RONDONÓPOLIS,parque natural municipal de rondonopolis,MT,146.01,Parque · Municipal,-16.49732,-54.63479,-16.47982,-54.61852
conservacao,0490.33.3215,PARQUE NATURAL MUNICIPAL DE SÃO GONÇALO,parque natural municipal de sao goncalo,RJ,88.92,Parque · Municipal,-22.86221,-43.05919,-22.8529,-43.04242
conservacao,5060.35.3845,PARQUE NATURAL MUNICIPAL DE SÃO ROQUE,parque natural municipal de sao roque,SP,120.0,Parque · Municipal,-23.53516,-47.12207,-23.52389,-47.09771
conservacao,0040.33.3396,PARQUE NATURAL MUNICIPAL DE SAUDADE,parque natural municipal de saudade,RJ,0.9,Parque · Municipal,-22.53262,-44.18835,-22.53159,-44.18674
conservacao,2050.43.1948,PARQUE NATURAL MUNICIPAL DE SERTÃO,parque natural municipal de sertao,RS,614.15,Parque · Municipal,-28.06422,-52.25407,-28.02656,-52.19843
conservacao,0530.32.2645,PARQUE NATURAL MUNICIPAL DE TABUAZEIRO,parque natural municipal de tabuazeiro,ES,4.67,Parque · Municipal,-20.29321,-40.32751,-20.29,-40.32349
conservacao,0707.26.4739,PARQUE NATURAL MUNICIPAL DO ACARAÚ,parque natural municipal do acarau,PE,33.7,Parque · Municipal,-7.87339,-34.84429,-7.86371,-34.83812
conservacao,3170.31.2011,PARQUE NATURAL MUNICIPAL DO ALTO RIO DO TANQUE,parque natural municipal do alto rio do tanque,MG,247.21,Parque · Municipal,-19.53589,-43.46569,-19.51113,-43.45093
conservacao,0602.43.4676,PARQUE NATURAL MUNICIPAL DO APERTADO,parque natural municipal do apertado,RS,21.59,Parque · Municipal,-27.35275,-52.07849,-27.34793,-52.0709
conservacao,0060.32.1565,PARQUE NATURAL MUNICIPAL DO ARICANGA WALDEMAR DEVENS,parque natural municipal do aricanga waldemar devens,ES,0.0,Parque · Municipal,-19.83172,-40.34666,-19.8035,-40.31353
conservacao,0820.42.1906,PARQUE NATURAL MUNICIPAL DO ATALAIA,parque natural municipal do atalaia,SC,0.0,Parque · Municipal,-26.92354,-48.64502,-26.91809,-48.64004
conservacao,4990.35.2727,PARQUE NATURAL MUNICIPAL DO BANHADO,parque natural municipal do banhado,SP,175.88,Parque · Municipal,-23.18926,-45.90708,-23.16543,-45.88936
conservacao,0320.35.4067,PARQUE NATURAL MUNICIPAL DO BASALTO,parque natural municipal do basalto,SP,7.97,Parque · Municipal,-21.77352,-48.13192,-21.76864,-48.12955
conservacao,0950.35.2637,PARQUE NATURAL MUNICIPAL DO CAMPO GRANDE,parque natural municipal do campo grande,SP,136.3,Parque · Municipal,-22.94154,-47.15523,-22.92134,-47.131
conservacao,0005.16.2855,PARQUE NATURAL MUNICIPAL DO CANCÃO,parque natural municipal do cancao,AP,370.67,Parque · Municipal,0.90163,-52.01446,0.92515,-51.99413
conservacao,9904.35.4813,PARQUE NATURAL MUNICIPAL DO CERRADO,parque natural municipal do cerrado,SP,29.52,Parque · Municipal,-23.2759,-45.8845,-23.26809,-45.87841
conservacao,0570.50.1510,PARQUE NATURAL MUNICIPAL DO CÓRREGO CUMANDAÍ,parque natural municipal do corrego cumandai,MS,8.5,Parque · Municipal,-23.06239,-54.18862,-23.05951,-54.18453
conservacao,5259.51.4447,PARQUE NATURAL MUNICIPAL DO CÓRREGO LUCAS,parque natural municipal do corrego lucas,MT,103.36,Parque · Municipal,-13.08737,-55.93304,-13.05702,-55.90493
conservacao,1305.52.4049,PARQUE NATURAL MUNICIPAL DO CÓRREGO MIMOSO,parque natural municipal do corrego mimoso,GO,37.48,Parque · Municipal,-15.05542,-48.15843,-15.0478,-48.15204
conservacao,0750.25.3853,PARQUE NATURAL MUNICIPAL DO CUIÁ - PARQUE CUIÁ,parque natural municipal do cuia - parque cuia,PB,43.16,Parque · Municipal,-7.19816,-34.86446,-7.18819,-34.85396
conservacao,0360.33.1991,PARQUE NATURAL MUNICIPAL DO CURIÓ,parque natural municipal do curio,RJ,914.29,Parque · Municipal,-22.60279,-43.7144,-22.55899,-43.67305
conservacao,7958.51.5173,PARQUE NATURAL MUNICIPAL DO DISTRITO DE PROGRESSO,parque natural municipal do distrito de progresso,MT,0.89,Parque · Municipal,-14.65955,-57.35997,-14.65872,-57.3589
conservacao,3870.35.4325,PARQUE NATURAL MUNICIPAL DO DISTRITO DE SANTA TEREZINHA,parque natural municipal do distrito de santa terezinha,SP,39.72,Parque · Municipal,-22.6892,-47.69038,-22.68444,-47.67921
conservacao,3880.35.3120,PARQUE NATURAL MUNICIPAL DO DOURADO,parque natural municipal do dourado,SP,49.79,Parque · Municipal,-23.163,-49.41842,-23.15639,-49.40313
conservacao,7602.51.4680,PARQUE NATURAL MUNICIPAL DO ESCONDIDINHO,parque natural municipal do escondidinho,MT,80.51,Parque · Municipal,-16.48619,-54.68433,-16.45937,-54.67518
conservacao,1220.29.4135,PARQUE NATURAL MUNICIPAL DO ESPALHADO,parque natural municipal do espalhado,BA,0.0,Parque · Municipal,-13.34617,-41.18677,-13.29204,-41.1273
conservacao,0240.33.2036,PARQUE NATURAL MUNICIPAL DO ESTUÁRIO DO RIO MACAÉ,parque natural municipal do estuario do rio macae,RJ,0.0,Parque · Municipal,-22.39189,-41.79262,-22.35855,-41.78207
conservacao,1485.26.3281,PARQUE NATURAL MUNICIPAL DO FORTE DE TAMANDARE,parque natural municipal do forte de tamandare,PE,347.01,Parque · Municipal,-8.78136,-35.10463,-8.75569,-35.08248
conservacao,4610.31.2642,PARQUE NATURAL MUNICIPAL DO HORTO DOS CONTOS,parque natural municipal do horto dos contos,MG,0.0,Parque · Municipal,-20.3869,-43.50746,-20.38097,-43.50469
conservacao,3170.31.2025,PARQUE NATURAL MUNICIPAL DO INTELECTO,parque natural municipal do intelecto,MG,35.13,Parque · Municipal,-19.62083,-43.22501,-19.61464,-43.21587
conservacao,0455.33.1814,PARQUE NATURAL MUNICIPAL DO JARDIM DO CARMO,parque natural municipal do jardim do carmo,RJ,2.55,Parque · Municipal,-22.85248,-43.30294,-22.85106,-43.30083
conservacao,0120.33.3752,PARQUE NATURAL MUNICIPAL DO LIVRAMENTO,parque natural municipal do livramento,RJ,226.51,Parque · Municipal,-21.96586,-42.67568,-21.92673,-42.65322
conservacao,0540.42.1841,PARQUE NATURAL MUNICIPAL DO MACIÇO DA COSTEIRA,parque natural municipal do macico da costeira,SC,0.0,Parque · Municipal,-27.65723,-48.524,-27.59816,-48.47474
conservacao,0130.32.2598,PARQUE NATURAL MUNICIPAL DO MANGUEZAL DE ITANGUÁ,parque natural municipal do manguezal de itangua,ES,37.56,Parque · Municipal,-20.32122,-40.37782,-20.31342,-40.36506
conservacao,5407.42.3063,PARQUE NATURAL MUNICIPAL DO MANGUEZAL DO ITACORUBI - FRITZ MÜLLER,parque natural municipal do manguezal do itacorubi - fritz muller,SC,211.67,Parque · Municipal,-27.58918,-48.52763,-27.5611,-48.5045
conservacao,9954.41.4609,PARQUE NATURAL MUNICIPAL DO MANGUEZAL DO RIO PEREQUÊ,parque natural municipal do manguezal do rio pereque,PR,19.37,Parque · Municipal,-25.57953,-48.36067,-25.57155,-48.35073
conservacao,0704.33.5053,PARQUE NATURAL MUNICIPAL DO MICO LEÃO DOURADO,parque natural municipal do mico leao dourado,RJ,714.83,Parque · Municipal,-22.61976,-42.0233,-22.5716,-41.99134
conservacao,0130.32.2600,PARQUE NATURAL MUNICIPAL DO MONTE MOCHUARA,parque natural municipal do monte mochuara,ES,436.28,Parque · Municipal,-20.31047,-40.44933,-20.28618,-40.42665
conservacao,0540.42.3029,PARQUE NATURAL MUNICIPAL DO MORRO DA CRUZ,parque natural municipal do morro da cruz,SC,130.46,Parque · Municipal,-27.61166,-48.54321,-27.58037,-48.52804
conservacao,0553.15.4040,PARQUE NATURAL MUNICIPAL DO MORRO DOS VENTOS,parque natural municipal do morro dos ventos,PA,46.01,Parque · Municipal,-6.07184,-49.89702,-6.06497,-49.88701
conservacao,0160.43.3138,PARQUE NATURAL MUNICIPAL DO PAMPA,parque natural municipal do pampa,RS,0.0,Parque · Municipal,-31.37494,-54.10693,-31.36188,-54.09415
conservacao,0370.50.1509,PARQUE NATURAL MUNICIPAL DO PARAGEM,parque natural municipal do paragem,MS,16.46,Parque · Municipal,-22.25709,-54.79886,-22.25261,-54.79148
conservacao,1270.52.2800,PARQUE NATURAL MUNICIPAL DO PEQUI,parque natural municipal do pequi,GO,2418.59,Parque · Municipal,-14.57086,-46.10863,-14.51433,-46.02975
conservacao,0830.50.2847,PARQUE NATURAL MUNICIPAL DO POMBO,parque natural municipal do pombo,MS,8033.27,Parque · Municipal,-20.40783,-52.69206,-20.30685,-52.5845
conservacao,0030.28.3459,PARQUE NATURAL MUNICIPAL DO POXIM,parque natural municipal do poxim,SE,173.14,Parque · Municipal,-10.97394,-37.08196,-10.95422,-37.05552
conservacao,7958.51.5172,PARQUE NATURAL MUNICIPAL DO RESIDENCIAL ALTO DA BOA VISTA,parque natural municipal do residencial alto da boa vista,MT,10.74,Parque · Municipal,-14.66011,-57.45676,-14.6546,-57.45341
conservacao,3170.31.1523,PARQUE NATURAL MUNICIPAL DO RIBEIRÃO SÃO JOSÉ,parque natural municipal do ribeirao sao jose,MG,76.28,Parque · Municipal,-19.62729,-43.09328,-19.61978,-43.07653
conservacao,0510.52.1947,PARQUE NATURAL MUNICIPAL DO SETOR SANTA CRUZ,parque natural municipal do setor santa cruz,GO,29.76,Parque · Municipal,-18.16499,-47.92679,-18.15501,-47.9222
conservacao,1750.31.3155,PARQUE NATURAL MUNICIPAL DO TABULEIRO,parque natural municipal do tabuleiro,MG,3089.66,Parque · Municipal,-19.11959,-43.62318,-19.06346,-43.53387
conservacao,3800.35.2723,PARQUE NATURAL MUNICIPAL DO TRABIJU,parque natural municipal do trabiju,SP,583.86,Parque · Municipal,-22.85068,-45.53947,-22.81676,-45.51073
conservacao,0530.32.2651,PARQUE NATURAL MUNICIPAL DOM LUIZ GONZAGA FERNANDES,parque natural municipal dom luiz gonzaga fernandes,ES,63.91,Parque · Municipal,-20.27871,-40.33285,-20.26277,-40.31613
conservacao,0704.33.5054,PARQUE NATURAL MUNICIPAL DORMITÓRIO DAS GARÇAS ?WALTER BESSA?,parque natural municipal dormitorio das garcas ?walter bessa?,RJ,19.39,Parque · Municipal,-22.86827,-42.03585,-22.86179,-42.02995
conservacao,0023.33.2050,PARQUE NATURAL MUNICIPAL DOS CORAIS DE ARMAÇÃO DOS BÚZIOS,parque natural municipal dos corais de armacao dos buzios,RJ,57.12,Parque · Municipal,-22.75692,-41.91044,-22.73921,-41.87572
conservacao,0950.35.2631,PARQUE NATURAL MUNICIPAL DOS JATOBÁS,parque natural municipal dos jatobas,SP,107.29,Parque · Municipal,-22.96775,-47.19141,-22.9565,-47.17002
conservacao,1690.43.3508,PARQUE NATURAL MUNICIPAL DOS MORROS,parque natural municipal dos morros,RS,151.43,Parque · Municipal,-29.66375,-53.82636,-29.64506,-53.80037
conservacao,0910.43.4100,PARQUE NATURAL MUNICIPAL DOS PINHEIROS,parque natural municipal dos pinheiros,RS,116.64,Parque · Municipal,-29.35633,-50.87214,-29.33995,-50.86247
conservacao,0420.32.2908,PARQUE NATURAL MUNICIPAL DOS PURIS,parque natural municipal dos puris,ES,36.48,Parque · Municipal,-20.83095,-40.73069,-20.82144,-40.72537
conservacao,0415.33.4110,PARQUE NATURAL MUNICIPAL DOS TERRAÇOS MARINHOS,parque natural municipal dos terracos marinhos,RJ,1904.62,Parque · Municipal,-22.10704,-41.46371,-22.02,-41.38405
conservacao,1405.33.4901,PARQUE NATURAL MUNICIPAL DR. MILNE RIBEIRO,parque natural municipal dr. milne ribeiro,RJ,9.2,Parque · Municipal,-22.08792,-41.87228,-22.08486,-41.86781
conservacao,7040.31.3631,PARQUE NATURAL MUNICIPAL DUJARDES CALDEIRA,parque natural municipal dujardes caldeira,MG,5.81,Parque · Municipal,-16.39181,-46.90827,-16.38675,-46.90353
conservacao,6100.31.3028,PARQUE NATURAL MUNICIPAL ELCI ROLLA GUERRA,parque natural municipal elci rolla guerra,MG,49.31,Parque · Municipal,-19.87718,-42.9799,-19.86894,-42.97127
conservacao,1530.52.3820,PARQUE NATURAL MUNICIPAL ELI BASTOS,parque natural municipal eli bastos,GO,16.9,Parque · Municipal,-17.05044,-48.31064,-17.0438,-48.30201
conservacao,2770.31.2814,PARQUE NATURAL MUNICIPAL EMILIANA MARQUES,parque natural municipal emiliana marques,MG,34.58,Parque · Municipal,-18.87011,-41.93633,-18.85838,-41.93003
conservacao,3201.29.4555,PARQUE NATURAL MUNICIPAL ENGENHEIRO GERALDO ROCHA,parque natural municipal engenheiro geraldo rocha,BA,21.75,Parque · Municipal,-12.14524,-45.00697,-12.14062,-45.0014
conservacao,4850.35.4132,PARQUE NATURAL MUNICIPAL ENGENHO SAO JORGE DOS ERASMOS,parque natural municipal engenho sao jorge dos erasmos,SP,0.0,Parque · Municipal,-23.95031,-46.3639,-23.94669,-46.36112
conservacao,0690.52.4222,PARQUE NATURAL MUNICIPAL ENTRE TREVOS,parque natural municipal entre trevos,GO,10.42,Parque · Municipal,-18.14734,-47.56358,-18.14454,-47.5594
conservacao,4870.35.2955,PARQUE NATURAL MUNICIPAL ESTORIL - VIRGÍLIO SIMIONATO,parque natural municipal estoril - virgilio simionato,SP,38.33,Parque · Municipal,-23.77786,-46.52068,-23.76909,-46.51181
conservacao,0951.33.4945,PARQUE NATURAL MUNICIPAL FAZENDA DAS LARANJEIRAS,parque natural municipal fazenda das laranjeiras,RJ,13.13,Parque · Municipal,-22.06633,-43.21499,-22.06076,-43.21178
conservacao,5030.35.1962,PARQUE NATURAL MUNICIPAL FAZENDA DO CARMO,parque natural municipal fazenda do carmo,SP,448.76,Parque · Municipal,-23.59562,-46.49036,-23.57884,-46.44292
conservacao,0630.33.1568,PARQUE NATURAL MUNICIPAL FAZENDA SANTA CECÍLIA DO INGÁ,parque natural municipal fazenda santa cecilia do inga,RJ,210.76,Parque · Municipal,-22.46045,-44.09047,-22.44076,-44.07724
conservacao,3700.32.4554,PARQUE NATURAL MUNICIPAL FAZENDA SANTA MARIA,parque natural municipal fazenda santa maria,ES,39.9,Parque · Municipal,-20.44454,-41.3967,-20.43992,-41.37512
conservacao,0670.31.3127,PARQUE NATURAL MUNICIPAL FELISBERTO NEVES,parque natural municipal felisberto neves,MG,28.67,Parque · Municipal,-19.95747,-44.19545,-19.95217,-44.18759
conservacao,8402.51.4622,PARQUE NATURAL MUNICIPAL FLOR DO IPÊ,parque natural municipal flor do ipe,MT,4.91,Parque · Municipal,-15.64456,-56.08438,-15.64164,-56.08113
conservacao,0330.33.4348,PARQUE NATURAL MUNICIPAL FLORESTA DO BALDEADOR,parque natural municipal floresta do baldeador,RJ,69.93,Parque · Municipal,-22.87671,-43.06778,-22.86928,-43.05316
conservacao,0455.33.1807,PARQUE NATURAL MUNICIPAL FONTE DA SAUDADE,parque natural municipal fonte da saudade,RJ,2.22,Parque · Municipal,-22.96571,-43.20162,-22.96423,-43.19756
conservacao,1820.42.2340,PARQUE NATURAL MUNICIPAL FREYMUND GERMER,parque natural municipal freymund germer,SC,36.6,Parque · Municipal,-26.76534,-49.21646,-26.76033,-49.20512
conservacao,3536.13.5016,PARQUE NATURAL MUNICIPAL GALO DA SERRA,parque natural municipal galo da serra,AM,28.37,Parque · Municipal,-2.05644,-60.01698,-2.05033,-60.00989
conservacao,0220.32.2039,PARQUE NATURAL MUNICIPAL GOIAPABA-AÇU,parque natural municipal goiapaba-acu,ES,0.0,Parque · Municipal,-19.91716,-40.47761,-19.89966,-40.46955
conservacao,0530.32.2646,PARQUE NATURAL MUNICIPAL GRUTA DA ONÇA,parque natural municipal gruta da onca,ES,6.67,Parque · Municipal,-20.31937,-40.32989,-20.31455,-40.32763
conservacao,0412.33.2887,PARQUE NATURAL MUNICIPAL HORTO DOS QUATIS,parque natural municipal horto dos quatis,RJ,29.38,Parque · Municipal,-22.44608,-44.2593,-22.4389,-44.25318
conservacao,2208.22.4783,PARQUE NATURAL MUNICIPAL HORTO FLORESTAL,parque natural municipal horto florestal,PI,7.1,Parque · Municipal,-4.82645,-42.1813,-4.82172,-42.17645
conservacao,0820.42.1866,PARQUE NATURAL MUNICIPAL ILHA DAS CAPIVARAS/SIBARA,parque natural municipal ilha das capivaras/sibara,SC,10.15,Parque · Municipal,-26.93106,-48.6902,-26.92633,-48.68714
conservacao,7958.51.5166,PARQUE NATURAL MUNICIPAL ILTO FERREIRA COUTINHO,parque natural municipal ilto ferreira coutinho,MT,11.52,Parque · Municipal,-14.62969,-57.49527,-14.62546,-57.49076
conservacao,5030.35.3140,PARQUE NATURAL MUNICIPAL ITAIM,parque natural municipal itaim,SP,125.18,Parque · Municipal,-23.81356,-46.72429,-23.79851,-46.70134
conservacao,8004.52.5160,PARQUE NATURAL MUNICIPAL ITIQUIRA - PNMI,parque natural municipal itiquira - pnmi,GO,48.37,Parque · Municipal,-15.36892,-47.45617,-15.36048,-47.44446
conservacao,7602.51.4695,PARQUE NATURAL MUNICIPAL IZABEL DIAS GOULART,parque natural municipal izabel dias goulart,MT,16.48,Parque · Municipal,-16.48707,-54.64013,-16.48206,-54.63513
conservacao,5030.35.3141,PARQUE NATURAL MUNICIPAL JACEGUAVA,parque natural municipal jaceguava,SP,277.97,Parque · Municipal,-23.80421,-46.78626,-23.76595,-46.74079
conservacao,4300.33.5200,PARQUE NATURAL MUNICIPAL JACUBA,parque natural municipal jacuba,RJ,8.72,Parque · Municipal,-22.69806,-42.59799,-22.6941,-42.58589
conservacao,0790.51.3773,PARQUE NATURAL MUNICIPAL JARDIM BOTÂNICO,parque natural municipal jardim botanico,MT,90.19,Parque · Municipal,-11.87962,-55.52476,-11.87,-55.50668
conservacao,0930.42.3122,PARQUE NATURAL MUNICIPAL JOÃO JOSÉ THEODORO DA COSTA NETO,parque natural municipal joao jose theodoro da costa neto,SC,0.0,Parque · Municipal,-27.79161,-50.35577,-27.79077,-50.35522
conservacao,0225.33.4689,PARQUE NATURAL MUNICIPAL JOSÉ FRANKLIN DOS SANTOS VAZ,parque natural municipal jose franklin dos santos vaz,RJ,4.47,Parque · Municipal,-22.20153,-43.15448,-22.19917,-43.15194
conservacao,0455.33.1805,PARQUE NATURAL MUNICIPAL JOSÉ GUILHERME MERQUIOR,parque natural municipal jose guilherme merquior,RJ,8.29,Parque · Municipal,-22.97054,-43.20445,-22.96576,-43.19735
conservacao,0120.24.4075,PARQUE NATURAL MUNICIPAL JOSÉ MULATO,parque natural municipal jose mulato,RN,82.46,Parque · Municipal,-6.18008,-35.19325,-6.1675,-35.17833
conservacao,7602.51.4876,PARQUE NATURAL MUNICIPAL JUARY MIRANDA DE MORAES,parque natural municipal juary miranda de moraes,MT,11.54,Parque · Municipal,-16.45339,-54.63789,-16.44776,-54.63489
conservacao,0515.51.3801,PARQUE NATURAL MUNICIPAL LAGOA DAS GARÇAS,parque natural municipal lagoa das garcas,MT,39.24,Parque · Municipal,-11.42427,-58.76838,-11.41054,-58.76331
conservacao,0540.42.3430,PARQUE NATURAL MUNICIPAL LAGOA DO JACARÉ DAS DUNAS DO SANTINHO,parque natural municipal lagoa do jacare das dunas do santinho,SC,220.88,Parque · Municipal,-27.46297,-48.37984,-27.43258,-48.35856
conservacao,0960.43.4314,PARQUE NATURAL MUNICIPAL LOGEMANN,parque natural municipal logemann,RS,14.7,Parque · Municipal,-27.6355,-54.30342,-27.63107,-54.29795
conservacao,1760.43.4194,PARQUE NATURAL MUNICIPAL MANUEL DE BARROS PEREIRA,parque natural municipal manuel de barros pereira,RS,0.0,Parque · Municipal,-29.88053,-50.40275,-29.87504,-50.39466
conservacao,1040.42.4195,PARQUE NATURAL MUNICIPAL MARACAJÁ,parque natural municipal maracaja,SC,109.85,Parque · Municipal,-28.88855,-49.47426,-28.87256,-49.46193
conservacao,5536.15.5159,PARQUE NATURAL MUNICIPAL MARIA BONITA,parque natural municipal maria bonita,PA,158.15,Parque · Municipal,-6.11914,-49.8519,-6.10773,-49.83355
conservacao,7602.51.4789,PARQUE NATURAL MUNICIPAL MARIGHELLA,parque natural municipal marighella,MT,3.96,Parque · Municipal,-16.43681,-54.65633,-16.43324,-54.65252
conservacao,2530.29.3033,PARQUE NATURAL MUNICIPAL MARINHO DO RECIFE DE FORA,parque natural municipal marinho do recife de fora,BA,1970.06,Parque · Municipal,-16.4338,-39.00036,-16.3838,-38.96703
conservacao,7602.51.4861,PARQUE NATURAL MUNICIPAL MÁRIO MARQUES DE ALMEIDA,parque natural municipal mario marques de almeida,MT,62.74,Parque · Municipal,-16.50208,-54.61923,-16.49067,-54.60669
conservacao,7602.51.4702,PARQUE NATURAL MUNICIPAL MENINA MOÇA,parque natural municipal menina moca,MT,2.39,Parque · Municipal,-16.46951,-54.64275,-16.46731,-54.64093
conservacao,0580.33.1895,PARQUE NATURAL MUNICIPAL MONTANHAS DE TERESÓPOLIS,parque natural municipal montanhas de teresopolis,RJ,5361.26,Parque · Municipal,-22.4011,-43.04727,-22.22345,-42.91099
conservacao,4300.33.5205,PARQUE NATURAL MUNICIPAL MONTE AZUL,parque natural municipal monte azul,RJ,96.25,Parque · Municipal,-22.67016,-42.60831,-22.65344,-42.59281
conservacao,0430.33.1623,PARQUE NATURAL MUNICIPAL MORADA DOS CORRÊAS,parque natural municipal morada dos correas,RJ,5.87,Parque · Municipal,-22.69617,-42.61525,-22.69278,-42.6127
conservacao,4144.33.4784,PARQUE NATURAL MUNICIPAL MORRO DA BALEIA,parque natural municipal morro da baleia,RJ,26.44,Parque · Municipal,-22.69937,-43.58167,-22.69425,-43.57484
conservacao,0520.32.2888,PARQUE NATURAL MUNICIPAL MORRO DA MANTEIGUEIRA,parque natural municipal morro da manteigueira,ES,161.47,Parque · Municipal,-20.33886,-40.32744,-20.32472,-40.31072
conservacao,0240.32.2939,PARQUE NATURAL MUNICIPAL MORRO DA PESCARIA,parque natural municipal morro da pescaria,ES,0.0,Parque · Municipal,-20.65521,-40.47359,-20.65427,-40.47344
conservacao,4144.33.4890,PARQUE NATURAL MUNICIPAL MORRO DA TORRE ONÇA FELIZ,parque natural municipal morro da torre onca feliz,RJ,56.47,Parque · Municipal,-22.73127,-43.55714,-22.72053,-43.54536
conservacao,0710.42.3398,PARQUE NATURAL MUNICIPAL MORRO DO BAÚ,parque natural municipal morro do bau,SC,0.0,Parque · Municipal,-26.83421,-48.96979,-26.77457,-48.91889
conservacao,0460.42.1913,PARQUE NATURAL MUNICIPAL MORRO DO CÉU,parque natural municipal morro do ceu,SC,0.0,Parque · Municipal,-28.69608,-49.36516,-28.68602,-49.35476
conservacao,3302.33.4968,PARQUE NATURAL MUNICIPAL MORRO DO MORCEGO DORA HEES DE NEGREIROS,parque natural municipal morro do morcego dora hees de negreiros,RJ,24.03,Parque · Municipal,-22.93038,-43.12462,-22.9223,-43.11949
conservacao,0270.35.3143,PARQUE NATURAL MUNICIPAL MORRO DO OURO,parque natural municipal morro do ouro,SP,402.42,Parque · Municipal,-24.52882,-48.84111,-24.50917,-48.80697
conservacao,0890.42.3401,PARQUE NATURAL MUNICIPAL MORRO DOS STINGHEN,parque natural municipal morro dos stinghen,SC,41.13,Parque · Municipal,-26.52457,-49.10713,-26.51771,-49.0978
conservacao,0930.43.4175,PARQUE NATURAL MUNICIPAL MORRO JOSÉ LUTZENBERGER,parque natural municipal morro jose lutzenberger,RS,20.52,Parque · Municipal,-30.11976,-51.32177,-30.1142,-51.31655
conservacao,0185.33.3335,PARQUE NATURAL MUNICIPAL NASCENTE DO JAIBI,parque natural municipal nascente do jaibi,RJ,60.48,Parque · Municipal,-22.63566,-42.99865,-22.62705,-42.9868
conservacao,0607.51.4567,PARQUE NATURAL MUNICIPAL NASCENTE DO RIO TAQUARI,parque natural municipal nascente do rio taquari,MT,123.13,Parque · Municipal,-17.84104,-53.29688,-17.82337,-53.28515
conservacao,4780.35.2857,PARQUE NATURAL MUNICIPAL NASCENTES DE PARANAPIACABA,parque natural municipal nascentes de paranapiacaba,SP,449.9,Parque · Municipal,-23.79018,-46.30879,-23.75867,-46.27863
conservacao,0225.33.4692,PARQUE NATURAL MUNICIPAL ODETTE DE LIMA SOARES,parque natural municipal odette de lima soares,RJ,12.16,Parque · Municipal,-22.22865,-43.12667,-22.22241,-43.11768
conservacao,4530.35.4048,PARQUE NATURAL MUNICIPAL OLESIO DOS SANTOS,parque natural municipal olesio dos santos,SP,6.84,Parque · Municipal,-23.63652,-47.57574,-23.62764,-47.57115
conservacao,4300.33.5201,PARQUE NATURAL MUNICIPAL OLÍVIO OSÓRIO RODRIGUES,parque natural municipal olivio osorio rodrigues,RJ,9.57,Parque · Municipal,-22.71789,-42.62705,-22.71382,-42.62312
conservacao,0455.33.2868,PARQUE NATURAL MUNICIPAL PAISAGEM CARIOCA,parque natural municipal paisagem carioca,RJ,159.82,Parque · Municipal,-22.96782,-43.1897,-22.95601,-43.14732
conservacao,0190.33.3697,PARQUE NATURAL MUNICIPAL PALEONTOLÓGICO DE SÃO JOSÉ DE ITABORAÍ,parque natural municipal paleontologico de sao jose de itaborai,RJ,125.44,Parque · Municipal,-22.84433,-42.88482,-22.83411,-42.86606
conservacao,1000.17.4995,PARQUE NATURAL MUNICIPAL PAPAGAIO GALEGO,parque natural municipal papagaio galego,TO,18.07,Parque · Municipal,-10.27929,-48.34446,-10.27532,-48.34032
conservacao,0790.51.3196,PARQUE NATURAL MUNICIPAL PARQUE FLORESTAL DE SINOP,parque natural municipal parque florestal de sinop,MT,106.03,Parque · Municipal,-11.84758,-55.50518,-11.82543,-55.49671
conservacao,0530.32.2648,PARQUE NATURAL MUNICIPAL PEDRA DOS OLHOS,parque natural municipal pedra dos olhos,ES,27.97,Parque · Municipal,-20.30235,-40.33116,-20.29646,-40.32354
conservacao,7040.31.3622,PARQUE NATURAL MUNICIPAL PEDRO GERALDO DE MENEZES,parque natural municipal pedro geraldo de menezes,MG,1.51,Parque · Municipal,-16.37797,-46.8973,-16.37582,-46.89581
conservacao,0455.33.1800,PARQUE NATURAL MUNICIPAL PENHASCO DOIS IRMÃOS - ARQUITETO SÉRGIO BERNARDES,parque natural municipal penhasco dois irmaos - arquiteto sergio bernardes,RJ,36.91,Parque · Municipal,-22.99072,-43.24054,-22.9836,-43.22761
conservacao,0370.41.2597,PARQUE NATURAL MUNICIPAL PEROBA ROSA,parque natural municipal peroba rosa,PR,2.89,Parque · Municipal,-23.26687,-51.25437,-23.26381,-51.25271
conservacao,0430.50.4332,PARQUE NATURAL MUNICIPAL PIRAY,parque natural municipal piray,MS,3.41,Parque · Municipal,-23.68454,-54.516,-23.68268,-54.51145
conservacao,0410.26.2060,PARQUE NATURAL MUNICIPAL PROFESSOR JOÃO VASCONCELOS SOBRINHO,parque natural municipal professor joao vasconcelos sobrinho,PE,352.07,Parque · Municipal,-8.3774,-36.04358,-8.3551,-36.02106
conservacao,0200.42.2643,PARQUE NATURAL MUNICIPAL RAIMUNDO GONÇALEZ MALTA,parque natural municipal raimundo goncalez malta,SC,0.0,Parque · Municipal,-27.01467,-48.64409,-27.00744,-48.63687
conservacao,0205.11.4602,PARQUE NATURAL MUNICIPAL RAIMUNDO PARAGUASSU DE OLIVEIRA,parque natural municipal raimundo paraguassu de oliveira,RO,391.04,Parque · Municipal,-8.69721,-63.86814,-8.67852,-63.84826
conservacao,0787.51.4352,PARQUE NATURAL MUNICIPAL RAIMUNDO TIVOTTO MASCARELLO,parque natural municipal raimundo tivotto mascarello,MT,28.27,Parque · Municipal,-13.55625,-58.82023,-13.54986,-58.81523
conservacao,4480.31.2798,PARQUE NATURAL MUNICIPAL REGO DOS CARRAPATOS,parque natural municipal rego dos carrapatos,MG,0.0,Parque · Municipal,-19.98113,-43.87709,-19.97514,-43.85315
conservacao,3856.33.4815,PARQUE NATURAL MUNICIPAL RETIRO DE PATY,parque natural municipal retiro de paty,RJ,0.6,Parque · Municipal,-22.42241,-43.4407,-22.42074,-43.43995
conservacao,0080.21.3615,PARQUE NATURAL MUNICIPAL RIACHO ESTRELA,parque natural municipal riacho estrela,MA,4.79,Parque · Municipal,-3.67337,-43.12166,-3.67079,-43.1191
conservacao,1830.52.3515,PARQUE NATURAL MUNICIPAL RIBEIRÃO DA PRATA,parque natural municipal ribeirao da prata,GO,3142.89,Parque · Municipal,-14.15231,-46.31324,-14.09639,-46.2294
conservacao,4128.33.5049,PARQUE NATURAL MUNICIPAL RIBEIRÃO DE SÃO JOAQUIM,parque natural municipal ribeirao de sao joaquim,RJ,17.9,Parque · Municipal,-22.30709,-44.18667,-22.30129,-44.18186
conservacao,4300.33.5202,PARQUE NATURAL MUNICIPAL RIO DOS ÍNDIOS,parque natural municipal rio dos indios,RJ,4.24,Parque · Municipal,-22.72202,-42.67804,-22.71997,-42.67461
conservacao,2202.15.4590,PARQUE NATURAL MUNICIPAL RIO GARRAFÃO,parque natural municipal rio garrafao,PA,16.83,Parque · Municipal,-1.21395,-47.1818,-1.20903,-47.17464
conservacao,4409.33.4970,PARQUE NATURAL MUNICIPAL RIO PARADO,parque natural municipal rio parado,RJ,7.79,Parque · Municipal,-22.83432,-44.19201,-22.83095,-44.18386
conservacao,1280.42.4150,PARQUE NATURAL MUNICIPAL RIO PIÇARRAS,parque natural municipal rio picarras,SC,74.69,Parque · Municipal,-26.75034,-48.69503,-26.74221,-48.68076
conservacao,2908.33.4969,PARQUE NATURAL MUNICIPAL ROCHA NEGRA,parque natural municipal rocha negra,RJ,138.28,Parque · Municipal,-22.49492,-43.53112,-22.48425,-43.5134
conservacao,0510.32.2558,PARQUE NATURAL MUNICIPAL ROTA DAS GARÇAS,parque natural municipal rota das garcas,ES,3.32,Parque · Municipal,-20.38959,-40.49423,-20.3872,-40.49219
conservacao,0060.33.3417,PARQUE NATURAL MUNICIPAL SABIÁ-LARANJEIRA DE ROSAL.,parque natural municipal sabia-laranjeira de rosal.,RJ,93.95,Parque · Municipal,-20.88881,-41.72971,-20.87419,-41.71784
conservacao,2300.43.3400,PARQUE NATURAL MUNICIPAL SAINT HILAIRE,parque natural municipal saint hilaire,RS,942.82,Parque · Municipal,-30.12992,-51.11617,-30.07983,-51.07603
conservacao,1750.31.2730,PARQUE NATURAL MUNICIPAL SALÃO DE PEDRAS,parque natural municipal salao de pedras,MG,857.73,Parque · Municipal,-19.05531,-43.46978,-19.02562,-43.42316
conservacao,9658.41.4455,PARQUE NATURAL MUNICIPAL SALITO JOÃO FIORENTIN,parque natural municipal salito joao fiorentin,PR,116.18,Parque · Municipal,-26.2335,-52.35129,-26.21569,-52.31884
conservacao,2740.35.4225,PARQUE NATURAL MUNICIPAL SALTO BOTELHO,parque natural municipal salto botelho,SP,7.43,Parque · Municipal,-21.4553,-50.92013,-21.45231,-50.91652
conservacao,0325.50.1638,PARQUE NATURAL MUNICIPAL SALTO DO SUCURIÚ,parque natural municipal salto do sucuriu,MS,70.92,Parque · Municipal,-18.57158,-53.13324,-18.56103,-53.12363
conservacao,2404.42.5139,PARQUE NATURAL MUNICIPAL SÃO FRANCISCO DE ASSIS,parque natural municipal sao francisco de assis,SC,22.29,Parque · Municipal,-26.92357,-49.07974,-26.91998,-49.06754
conservacao,5133.33.4757,PARQUE NATURAL MUNICIPAL SÃO JOSÉ DE UBÁ,parque natural municipal sao jose de uba,RJ,6.17,Parque · Municipal,-21.36249,-41.94447,-21.35925,-41.94054
conservacao,7040.31.3632,PARQUE NATURAL MUNICIPAL SENHORINHA LEMOS DO PRADO,parque natural municipal senhorinha lemos do prado,MG,3.76,Parque · Municipal,-16.3443,-46.91076,-16.34067,-46.90798
conservacao,2908.33.4976,PARQUE NATURAL MUNICIPAL SERRA AZUL,parque natural municipal serra azul,RJ,70.92,Parque · Municipal,-22.48973,-43.54458,-22.47596,-43.50047
conservacao,0230.42.3536,PARQUE NATURAL MUNICIPAL SERRA DE SÃO MIGUEL,parque natural municipal serra de sao miguel,SC,1225.66,Parque · Municipal,-27.48438,-48.66785,-27.4221,-48.63479
conservacao,0575.33.1662,PARQUE NATURAL MUNICIPAL SERRA DO BARBOSÃO,parque natural municipal serra do barbosao,RJ,584.04,Parque · Municipal,-22.72203,-42.75489,-22.68596,-42.72774
conservacao,6206.42.5129,PARQUE NATURAL MUNICIPAL SUMIDOURO,parque natural municipal sumidouro,SC,210.09,Parque · Municipal,-26.18432,-48.5683,-26.16755,-48.53468
conservacao,5210.31.2858,PARQUE NATURAL MUNICIPAL TANCREDO NEVES - PASSA CINCO,parque natural municipal tancredo neves - passa cinco,MG,0.0,Parque · Municipal,-20.43076,-42.88707,-20.41688,-42.85235
conservacao,8402.51.4646,PARQUE NATURAL MUNICIPAL TANQUE DO FANCHO,parque natural municipal tanque do fancho,MT,6.04,Parque · Municipal,-15.66681,-56.13235,-15.66411,-56.12839
conservacao,0025.50.1990,PARQUE NATURAL MUNICIPAL TEMPLO DOS PILARES,parque natural municipal templo dos pilares,MS,99.67,Parque · Municipal,-18.15311,-53.68417,-18.14145,-53.67058
conservacao,7602.51.4751,PARQUE NATURAL MUNICIPAL TEREZA DE BENGUELA,parque natural municipal tereza de benguela,MT,17.24,Parque · Municipal,-16.4804,-54.55929,-16.47396,-54.55386
conservacao,0430.33.1883,PARQUE NATURAL MUNICIPAL TRÊS COQUEIROS,parque natural municipal tres coqueiros,RJ,25.44,Parque · Municipal,-22.75483,-42.60856,-22.74691,-42.60108
conservacao,0618.51.3153,PARQUE NATURAL MUNICIPAL UIRAPURU,parque natural municipal uirapuru,MT,798.26,Parque · Municipal,-14.42079,-59.46078,-14.37409,-59.42294
conservacao,0805.51.3616,PARQUE NATURAL MUNICIPAL VALE DO ESPERANÇA,parque natural municipal vale do esperanca,MT,116.97,Parque · Municipal,-10.60762,-55.11277,-10.58794,-55.09713
conservacao,5410.35.3833,PARQUE NATURAL MUNICIPAL VALE DO ITAIM,parque natural municipal vale do itaim,SP,190.08,Parque · Municipal,-23.04149,-45.53413,-23.02285,-45.51326
conservacao,0530.32.2649,PARQUE NATURAL MUNICIPAL VALE DO MULEMBÁ,parque natural municipal vale do mulemba,ES,142.15,Parque · Municipal,-20.29542,-40.33025,-20.27743,-40.3181
conservacao,5030.35.3139,PARQUE NATURAL MUNICIPAL VARGINHA,parque natural municipal varginha,SP,327.5,Parque · Municipal,-23.81183,-46.69876,-23.78482,-46.65646
conservacao,0430.33.1624,PARQUE NATURAL MUNICIPAL VERDE VALE,parque natural municipal verde vale,RJ,16.77,Parque · Municipal,-22.70516,-42.64738,-22.68537,-42.63516
conservacao,0215.15.3163,PARQUE NATURAL MUNICIPAL VEREDAS DOS CARAJÁS,parque natural municipal veredas dos carajas,PA,831.26,Parque · Municipal,-6.52488,-49.82198,-6.49616,-49.78425
conservacao,2908.33.4977,PARQUE NATURAL MUNICIPAL VEREDAS SERTÃOZINHO,parque natural municipal veredas sertaozinho,RJ,32.82,Parque · Municipal,-22.43947,-43.47201,-22.43048,-43.46383
conservacao,5133.33.4754,PARQUE NATURAL MUNICIPAL VIÇOSA,parque natural municipal vicosa,RJ,4.81,Parque · Municipal,-21.35443,-41.92418,-21.35083,-41.92197
conservacao,0690.41.2604,PARQUE NATURAL MUNICIPAL VISTA ALEGRE,parque natural municipal vista alegre,PR,10.07,Parque · Municipal,-25.40422,-49.29767,-25.39975,-49.29337
conservacao,4450.31.3850,PARQUE NATURAL MUNICIPAL VOÇOROCA DO CÓRREGO DO CRAVO,parque natural municipal vocoroca do corrego do cravo,MG,7.14,Parque · Municipal,-21.22215,-44.60709,-21.21854,-44.60459
conservacao,4450.31.3852,PARQUE NATURAL MUNICIPAL VOÇOROCA DO LAR DOS IDOSOS,parque natural municipal vocoroca do lar dos idosos,MG,0.01,Parque · Municipal,-21.21388,-44.63098,-21.21382,-44.6307
conservacao,6305.33.4672,PARQUE NATURAL MUNICIPAL VOLTA REDONDA,parque natural municipal volta redonda,RJ,102.95,Parque · Municipal,-22.57225,-44.07021,-22.55982,-44.05856
conservacao,0530.32.2650,PARQUE NATURAL MUNICIPAL VON SCHILGEN,parque natural municipal von schilgen,ES,7.13,Parque · Municipal,-20.30402,-40.2957,-20.30092,-40.29255
conservacao,4609.32.5187,PARQUE NATURAL MUNICIPAL WALDIR LOUREIRO DE ALMEIDA,parque natural municipal waldir loureiro de almeida,ES,265.82,Parque · Municipal,-19.93212,-40.62473,-19.91022,-40.60763
conservacao,1160.42.4140,PARQUE NATURAL MUNICIPAL XOKLENG,parque natural municipal xokleng,SC,0.0,Parque · Municipal,-28.63304,-49.51003,-28.6321,-49.50664
conservacao,2840.29.3797,PARQUE NATURAL MUNICIPAL ZABELE,parque natural municipal zabele,BA,379.09,Parque · Municipal,-11.02567,-44.54,-11.0059,-44.50864
conservacao,0023.11.4909,PARQUE ZOOBOTÂNICO DE ARIQUEMES,parque zoobotanico de ariquemes,RO,13.53,Área de Proteção Ambiental · Municipal,-9.90916,-63.02408,-9.90631,-63.01892
conservacao,0000.35.1688,RDS BARREIRO ANHEMAS,rds barreiro anhemas,SP,3268.36,Reserva de Desenvolvimento Sustentável · Estadual,-24.88485,-48.49312,-24.79311,-48.39219
conservacao,0000.35.1687,RDS DA BARRA DO UNA,rds da barra do una,SP,1486.69,Reserva de Desenvolvimento Sustentável · Estadual,-24.44816,-47.17095,-24.40982,-47.04581
conservacao,0000.35.1689,RDS DO DESPRAIADO,rds do despraiado,SP,3950.22,Reserva de Desenvolvimento Sustentável · Estadual,-24.43304,-47.4257,-24.35341,-47.28378
conservacao,0000.35.1691,RDS DOS PINHEIRINHOS,rds dos pinheirinhos,SP,1530.01,Reserva de Desenvolvimento Sustentável · Estadual,-25.00356,-48.57433,-24.91954,-48.51812
conservacao,4302.32.4966,RDS FOZ DO ITABAPOANA,rds foz do itabapoana,ES,248.24,Reserva de Desenvolvimento Sustentável · Municipal,-21.30383,-40.97739,-21.2812,-40.95789
conservacao,0000.35.1693,RDS ITAPANHAPIMA,rds itapanhapima,SP,1241.55,Reserva de Desenvolvimento Sustentável · Estadual,-25.1548,-48.0554,-25.08007,-48.01745
conservacao,0000.35.1690,RDS LAVRAS,rds lavras,SP,886.53,Reserva de Desenvolvimento Sustentável · Estadual,-24.78497,-48.26489,-24.75743,-48.22495
conservacao,0000.35.1692,RDS QUILOMBOS DE BARRA DO TURVO,rds quilombos de barra do turvo,SP,5821.6,Reserva de Desenvolvimento Sustentável · Estadual,-24.97949,-48.50359,-24.87279,-48.42137
conservacao,1005.29.4943,REFÚGIO DA VIDA SILVESTRE DA SAPIRANGA,refugio da vida silvestre da sapiranga,BA,756.02,Refúgio de Vida Silvestre · Municipal,-12.58775,-38.06762,-12.53628,-38.02095
conservacao,0320.51.3702,REFUGIO DA VIDA SILVESTRE DE COLÍDER,refugio da vida silvestre de colider,MT,0.0,Refúgio de Vida Silvestre · Municipal,-10.82124,-55.44993,-10.81069,-55.44104
conservacao,9502.35.5128,REFÚGIO DA VIDA SILVESTRE DO QUILOMBO,refugio da vida silvestre do quilombo,SP,31.22,Refúgio de Vida Silvestre · Municipal,-22.84511,-47.1372,-22.83564,-47.11945
conservacao,0220.33.3042,REFÚGIO DA VIDA SILVESTRE DO SAGUI DA SERRA ESCURO,refugio da vida silvestre do sagui da serra escuro,RJ,491.55,Refúgio de Vida Silvestre · Municipal,-21.09503,-42.07072,-21.06153,-42.01584
conservacao,1850.33.4452,REFÚGIO DA VIDA SILVESTRE DO SUCAVÃO,refugio da vida silvestre do sucavao,RJ,212.29,Refúgio de Vida Silvestre · Municipal,-22.5119,-42.95582,-22.4916,-42.93162
conservacao,0530.32.3813,REFUGIO DA VIDA SILVESTRE MUNICIPAL ANDRE RUSCHI,refugio da vida silvestre municipal andre ruschi,ES,92.67,Refúgio de Vida Silvestre · Municipal,-20.31721,-40.33804,-20.3026,-40.32116
conservacao,0530.32.3814,REFUGIO DA VIDA SILVESTRE MUNICIPAL DA MATA PALUDOSA,refugio da vida silvestre municipal da mata paludosa,ES,28.7,Refúgio de Vida Silvestre · Municipal,-20.24734,-40.28001,-20.23913,-40.27174
conservacao,1620.42.4343,REFUGIO DA VIDA SILVESTRE NASCENTES DO SAI,refugio da vida silvestre nascentes do sai,SC,6698.79,Refúgio de Vida Silvestre · Municipal,-26.2476,-48.76393,-26.1272,-48.65233
conservacao,0407.33.4817,REFÚGIO DA VIDA SILVESTRE SERRA DO RIO BONITO,refugio da vida silvestre serra do rio bonito,RJ,2546.7,Refúgio de Vida Silvestre · Municipal,-22.3729,-44.13609,-22.29718,-44.02255
conservacao,0093.33.3628,REFÚGIO DE VIDA SILVESTRE - FAZENDA SÃO LÁZARO,refugio de vida silvestre - fazenda sao lazaro,RJ,196.54,Refúgio de Vida Silvestre · Municipal,-22.2783,-41.69815,-22.25349,-41.68231
conservacao,0000.35.3891,REFÚGIO DE VIDA SILVESTRE AIMORÉS,refugio de vida silvestre aimores,SP,1723.78,Refúgio de Vida Silvestre · Estadual,-22.36126,-49.02989,-22.27084,-48.92504
conservacao,3401.33.5068,REFÚGIO DE VIDA SILVESTRE AMPARO,refugio de vida silvestre amparo,RJ,1033.96,Refúgio de Vida Silvestre · Municipal,-22.29236,-42.46986,-22.25889,-42.40807
conservacao,5030.35.4079,REFÚGIO DE VIDA SILVESTRE ANHANGUERA,refugio de vida silvestre anhanguera,SP,741.35,Refúgio de Vida Silvestre · Municipal,-23.42216,-46.81916,-23.39698,-46.7619
conservacao,7602.51.4750,REFÚGIO DE VIDA SILVESTRE ANTONIO CONSELHEIRO,refugio de vida silvestre antonio conselheiro,MT,38.49,Refúgio de Vida Silvestre · Municipal,-16.43759,-54.59097,-16.42449,-54.58399
conservacao,0000.43.3514,REFÚGIO DE VIDA SILVESTRE BANHADO DO MAÇARICO,refugio de vida silvestre banhado do macarico,RS,6254.87,Refúgio de Vida Silvestre · Estadual,-32.37751,-52.45975,-32.1962,-52.33747
conservacao,0000.43.2006,REFÚGIO DE VIDA SILVESTRE BANHADO DOS PACHECOS,refugio de vida silvestre banhado dos pachecos,RS,2551.96,Refúgio de Vida Silvestre · Estadual,-30.14062,-50.92782,-30.07259,-50.8128
conservacao,2056.33.4988,REFÚGIO DE VIDA SILVESTRE BARRO BRANCO,refugio de vida silvestre barro branco,RJ,260.21,Refúgio de Vida Silvestre · Municipal,-21.43541,-41.75028,-21.40219,-41.70916
conservacao,3104.33.4418,REFÚGIO DE VIDA SILVESTRE BELA VISTA -PARAÍSO,refugio de vida silvestre bela vista -paraiso,RJ,788.05,Refúgio de Vida Silvestre · Municipal,-20.98386,-41.94572,-20.92922,-41.89574
conservacao,0000.26.4192,REFÚGIO DE VIDA SILVESTRE CABECEIRAS DO CAPIBARIBE,refugio de vida silvestre cabeceiras do capibaribe,PE,6926.62,Refúgio de Vida Silvestre · Estadual,-8.20432,-36.66035,-8.09039,-36.53388
conservacao,2056.33.4986,REFÚGIO DE VIDA SILVESTRE CALDEIRÃO,refugio de vida silvestre caldeirao,RJ,301.13,Refúgio de Vida Silvestre · Municipal,-21.34785,-41.61441,-21.32065,-41.58013
conservacao,0000.51.0475,REFÚGIO DE VIDA SILVESTRE CORIXÃO DA MATA AZUL,refugio de vida silvestre corixao da mata azul,MT,35708.05,Refúgio de Vida Silvestre · Estadual,-12.96453,-50.84305,-12.59751,-50.67407
conservacao,1157.33.5114,REFÚGIO DE VIDA SILVESTRE CÓRREGO PALMITAL,refugio de vida silvestre corrego palmital,RJ,205.57,Refúgio de Vida Silvestre · Municipal,-21.45118,-41.46545,-21.42164,-41.4304
conservacao,0000.00.3694,REFÚGIO DE VIDA SILVESTRE DA ARARINHA AZUL,refugio de vida silvestre da ararinha azul,BA,29234.06,Refúgio de Vida Silvestre · Federal,-9.2645,-39.92671,-9.11222,-39.66628
conservacao,1157.33.5113,REFÚGIO DE VIDA SILVESTRE DA BRAÚNA,refugio de vida silvestre da brauna,RJ,277.28,Refúgio de Vida Silvestre · Municipal,-21.48328,-41.57913,-21.46261,-41.54029
conservacao,0455.33.4351,REFÚGIO DE VIDA SILVESTRE DA FLORESTA DO CAMBOATÁ,refugio de vida silvestre da floresta do camboata,RJ,171.6,Refúgio de Vida Silvestre · Municipal,-22.85229,-43.39823,-22.83762,-43.38372
conservacao,7652.41.4997,REFÚGIO DE VIDA SILVESTRE DA FOZ DO RIO MAURÍCIO - RIO IGUAÇU,refugio de vida silvestre da foz do rio mauricio - rio iguacu,PR,603.08,Refúgio de Vida Silvestre · Municipal,-25.72146,-49.36584,-25.62597,-49.31808
conservacao,1157.33.5115,REFÚGIO DE VIDA SILVESTRE DA GARAPA,refugio de vida silvestre da garapa,RJ,91.04,Refúgio de Vida Silvestre · Municipal,-21.52246,-41.51389,-21.50741,-41.49607
conservacao,1709.15.4587,REFÚGIO DE VIDA SILVESTRE DA ILHA CHAÚ,refugio de vida silvestre da ilha chau,PA,115.85,Refúgio de Vida Silvestre · Municipal,-1.15742,-46.80268,-1.14218,-46.79116
conservacao,1709.15.4588,REFÚGIO DE VIDA SILVESTRE DA ILHA DO CANELA,refugio de vida silvestre da ilha do canela,PA,380.02,Refúgio de Vida Silvestre · Municipal,-0.79934,-46.73467,-0.77609,-46.71509
conservacao,0000.00.0190,REFÚGIO DE VIDA SILVESTRE DA ILHA DOS LOBOS,refugio de vida silvestre da ilha dos lobos,RS,142.39,Refúgio de Vida Silvestre · Federal,-29.3523,-49.71029,-29.34085,-49.69867
conservacao,0500.33.4253,REFÚGIO DE VIDA SILVESTRE DA LAGOA DO TAÍ,refugio de vida silvestre da lagoa do tai,RJ,1461.24,Refúgio de Vida Silvestre · Municipal,-21.81162,-41.17718,-21.71987,-41.12523
conservacao,0850.35.3220,REFÚGIO DE VIDA SILVESTRE DA MATA DA REPRESA,refugio de vida silvestre da mata da represa,SP,871.37,Refúgio de Vida Silvestre · Municipal,-23.04561,-45.8425,-22.96921,-45.72306
conservacao,0000.53.3179,REFÚGIO DE VIDA SILVESTRE DA MATA SECA,refugio de vida silvestre da mata seca,DF,253.03,Refúgio de Vida Silvestre · Estadual,-15.58294,-47.90029,-15.5637,-47.87685
conservacao,2056.33.4985,REFÚGIO DE VIDA SILVESTRE DA SERRA DA PRATA,refugio de vida silvestre da serra da prata,RJ,234.4,Refúgio de Vida Silvestre · Municipal,-21.36858,-41.62592,-21.35312,-41.59114
conservacao,0000.29.2016,REFUGIO DE VIDA SILVESTRE DA SERRA DOS MONTES ALTOS,refugio de vida silvestre da serra dos montes altos,BA,27488.54,Refúgio de Vida Silvestre · Estadual,-14.63863,-43.16521,-14.27126,-42.77916
conservacao,0300.33.1945,REFUGIO DE VIDA SILVESTRE DA VENTANIA,refugio de vida silvestre da ventania,RJ,2212.37,Refúgio de Vida Silvestre · Municipal,-21.36459,-42.23729,-21.31342,-42.13841
conservacao,0227.33.3469,REFÚGIO DE VIDA SILVESTRE DAS CAPIVARAS,refugio de vida silvestre das capivaras,RJ,74.68,Refúgio de Vida Silvestre · Municipal,-22.6582,-43.62796,-22.64836,-43.61233
conservacao,0000.35.1681,REFÚGIO DE VIDA SILVESTRE DAS ILHAS DO ABRIGO E GUARARITAMA,refugio de vida silvestre das ilhas do abrigo e guararitama,SP,480.85,Refúgio de Vida Silvestre · Estadual,-24.39132,-46.99982,-24.37119,-46.97796
conservacao,0000.00.0219,REFUGIO DE VIDA SILVESTRE DAS VEREDAS DO OESTE BAIANO,refugio de vida silvestre das veredas do oeste baiano,BA,128048.16,Refúgio de Vida Silvestre · Federal,-14.49194,-45.97184,-13.88241,-44.91914
conservacao,0000.00.1907,REFÚGIO DE VIDA SILVESTRE DE BOA NOVA,refugio de vida silvestre de boa nova,BA,14833.45,Refúgio de Vida Silvestre · Federal,-14.5208,-40.29993,-14.26425,-40.05842
conservacao,4110.33.4778,REFÚGIO DE VIDA SILVESTRE DE BULHÕES,refugio de vida silvestre de bulhoes,RJ,150.25,Refúgio de Vida Silvestre · Municipal,-22.49401,-44.34404,-22.47637,-44.32939
conservacao,0830.42.3770,REFÚGIO DE VIDA SILVESTRE DE ITAPEMA,refugio de vida silvestre de itapema,SC,2601.3,Refúgio de Vida Silvestre · Municipal,-27.14793,-48.68564,-27.04765,-48.60019
conservacao,0803.33.4836,REFÚGIO DE VIDA SILVESTRE DE MACACU,refugio de vida silvestre de macacu,RJ,1954.75,Refúgio de Vida Silvestre · Municipal,-22.56672,-42.83801,-22.45534,-42.73627
conservacao,0412.33.2979,REFÚGIO DE VIDA SILVESTRE DE QUATIS,refugio de vida silvestre de quatis,RJ,64.17,Refúgio de Vida Silvestre · Municipal,-22.44769,-44.2675,-22.43762,-44.25611
conservacao,0000.00.1911,REFÚGIO DE VIDA SILVESTRE DE SANTA CRUZ,refugio de vida silvestre de santa cruz,ES,17749.63,Refúgio de Vida Silvestre · Federal,-20.07414,-40.15395,-19.94782,-39.95835
conservacao,0803.33.4878,REFÚGIO DE VIDA SILVESTRE DE SANTA FÉ,refugio de vida silvestre de santa fe,RJ,3172.78,Refúgio de Vida Silvestre · Municipal,-22.54226,-42.63927,-22.44802,-42.57417
conservacao,0000.00.1880,REFÚGIO DE VIDA SILVESTRE DE UNA,refugio de vida silvestre de una,BA,23261.71,Refúgio de Vida Silvestre · Federal,-15.30066,-39.26588,-15.07605,-38.996
conservacao,0000.00.3432,REFÚGIO DE VIDA SILVESTRE DO ARQUIPÉLAGO DE ALCATRAZES,refugio de vida silvestre do arquipelago de alcatrazes,SP,67479.84,Refúgio de Vida Silvestre · Federal,-24.25181,-45.84969,-24.01643,-45.45056
conservacao,8305.35.4538,REFÚGIO DE VIDA SILVESTRE DO BICUDINHO,refugio de vida silvestre do bicudinho,SP,2366.28,Refúgio de Vida Silvestre · Municipal,-23.53399,-46.07835,-23.42644,-45.96497
conservacao,0090.33.3154,REFUGIO DE VIDA SILVESTRE DO CHAUA,refugio de vida silvestre do chaua,RJ,4433.45,Refúgio de Vida Silvestre · Municipal,-21.55674,-41.95513,-21.43177,-41.80932
conservacao,1157.33.5116,REFÚGIO DE VIDA SILVESTRE DO IPÊ,refugio de vida silvestre do ipe,RJ,786.29,Refúgio de Vida Silvestre · Municipal,-21.5386,-41.46555,-21.49683,-41.39654
conservacao,2452.33.5198,REFÚGIO DE VIDA SILVESTRE DO MACUCO,refugio de vida silvestre do macuco,RJ,1562.62,Refúgio de Vida Silvestre · Municipal,-22.05626,-42.30105,-21.9999,-42.21952
conservacao,1850.43.3207,REFÚGIO DE VIDA SILVESTRE DO MOLHE LESTE,refugio de vida silvestre do molhe leste,RS,24.18,Refúgio de Vida Silvestre · Municipal,-32.1885,-52.0802,-32.17984,-52.0747
conservacao,5752.33.4886,REFÚGIO DE VIDA SILVESTRE DO MORRO DE MUTUAPIRA,refugio de vida silvestre do morro de mutuapira,RJ,381.01,Refúgio de Vida Silvestre · Municipal,-22.80209,-42.79906,-22.77393,-42.76101
conservacao,0000.41.0533,REFÚGIO DE VIDA SILVESTRE DO PINHÃO,refugio de vida silvestre do pinhao,PR,203.96,Refúgio de Vida Silvestre · Estadual,-25.99907,-51.76922,-25.98017,-51.75122
conservacao,0000.00.1813,REFÚGIO DE VIDA SILVESTRE DO RIO DOS FRADES,refugio de vida silvestre do rio dos frades,BA,971.13,Refúgio de Vida Silvestre · Federal,-16.694,-39.12918,-16.64856,-39.09851
conservacao,3256.50.4776,REFÚGIO DE VIDA SILVESTRE DO RIO SUCURIÚ-COSTA RICA,refugio de vida silvestre do rio sucuriu-costa rica,MS,1353.64,Refúgio de Vida Silvestre · Municipal,-18.98635,-53.30496,-18.88452,-53.16929
conservacao,0000.00.4854,REFÚGIO DE VIDA SILVESTRE DO SAUIM-DE-COLEIRA,refugio de vida silvestre do sauim-de-coleira,AM,15289.44,Refúgio de Vida Silvestre · Federal,-3.06701,-59.29667,-2.92647,-59.15095
conservacao,0000.00.5123,REFÚGIO DE VIDA SILVESTRE DO SOLDADINHO-DO-ARARIPE,refugio de vida silvestre do soldadinho-do-araripe,CE,5540.6,Refúgio de Vida Silvestre · Federal,-7.45377,-39.48287,-7.2202,-39.11576
conservacao,0000.00.0278,REFÚGIO DE VIDA SILVESTRE DOS CAMPOS DE PALMAS,refugio de vida silvestre dos campos de palmas,PR,16594.05,Refúgio de Vida Silvestre · Federal,-26.59162,-51.72429,-26.45992,-51.47616
conservacao,0455.33.4350,REFÚGIO DE VIDA SILVESTRE DOS CAMPOS DE SERNAMBETIBA,refugio de vida silvestre dos campos de sernambetiba,RJ,557.07,Refúgio de Vida Silvestre · Municipal,-23.01322,-43.51059,-22.98626,-43.41442
conservacao,0000.27.2576,REFÚGIO DE VIDA SILVESTRE DOS MORROS DO CARAUNÃ E DO PADRE,refugio de vida silvestre dos morros do carauna e do padre,AL,1087.6,Refúgio de Vida Silvestre · Estadual,-9.35695,-37.90369,-9.30819,-37.85335
conservacao,0000.26.2256,REFÚGIO DE VIDA SILVESTRE ENGENHO MORENINHO,refugio de vida silvestre engenho moreninho,PE,63.19,Refúgio de Vida Silvestre · Estadual,-8.11317,-35.13041,-8.10711,-35.1114
conservacao,0000.33.3550,REFÚGIO DE VIDA SILVESTRE ESTADUAL DA LAGOA DA TURFEIRA,refugio de vida silvestre estadual da lagoa da turfeira,RJ,269.49,Refúgio de Vida Silvestre · Estadual,-22.45357,-44.39392,-22.41696,-44.37138
conservacao,0000.33.3971,REFÚGIO DE VIDA SILVESTRE ESTADUAL DA SERRA DA ESTRELA,refugio de vida silvestre estadual da serra da estrela,RJ,4811.27,Refúgio de Vida Silvestre · Estadual,-22.61112,-43.27895,-22.53235,-43.16137
conservacao,0000.31.4696,REFÚGIO DE VIDA SILVESTRE ESTADUAL DE MACAÚBAS,refugio de vida silvestre estadual de macaubas,MG,2283.68,Refúgio de Vida Silvestre · Estadual,-19.70622,-43.83367,-19.61074,-43.77289
conservacao,0000.33.3549,REFÚGIO DE VIDA SILVESTRE ESTADUAL DO MÉDIO PARAÍBA,refugio de vida silvestre estadual do medio paraiba,RJ,11137.2,Refúgio de Vida Silvestre · Estadual,-22.53596,-44.58856,-22.10214,-43.13548
conservacao,0000.31.2620,REFUGIO DE VIDA SILVESTRE ESTADUAL DOS RIOS TIJUCO E DA PRATA,refugio de vida silvestre estadual dos rios tijuco e da prata,MG,9753.41,Refúgio de Vida Silvestre · Estadual,-19.26963,-49.86699,-18.80117,-49.41171
conservacao,0000.31.3041,REFÚGIO DE VIDA SILVESTRE ESTADUAL SERRA DAS AROEIRAS,refugio de vida silvestre estadual serra das aroeiras,MG,1035.97,Refúgio de Vida Silvestre · Estadual,-19.74667,-44.06189,-19.69782,-44.0167
conservacao,5133.33.4760,REFUGIO DE VIDA SILVESTRE INGÁ,refugio de vida silvestre inga,RJ,11.39,Refúgio de Vida Silvestre · Municipal,-21.36483,-41.93909,-21.35889,-41.93303
conservacao,0390.15.3461,REFÚGIO DE VIDA SILVESTRE LAGO MOLE,refugio de vida silvestre lago mole,PA,652.94,Refúgio de Vida Silvestre · Municipal,-2.12233,-55.86225,-2.09186,-55.81861
conservacao,1225.52.4138,REFÚGIO DE VIDA SILVESTRE LAGOA SANTA,refugio de vida silvestre lagoa santa,GO,27.87,Refúgio de Vida Silvestre · Municipal,-19.15506,-51.36668,-19.14842,-51.35912
conservacao,7602.51.4749,REFÚGIO DE VIDA SILVESTRE MANOEL LISBOA,refugio de vida silvestre manoel lisboa,MT,48.73,Refúgio de Vida Silvestre · Municipal,-16.4415,-54.58328,-16.43023,-54.5747
conservacao,0000.26.2254,REFÚGIO DE VIDA SILVESTRE MATA DA USINA SÃO JOSÉ,refugio de vida silvestre mata da usina sao jose,PE,289.91,Refúgio de Vida Silvestre · Estadual,-7.84843,-35.01062,-7.82213,-34.99055
conservacao,0000.26.2248,REFÚGIO DE VIDA SILVESTRE MATA DE BOM JARDIM,refugio de vida silvestre mata de bom jardim,PE,226.88,Refúgio de Vida Silvestre · Estadual,-8.23373,-35.10307,-8.20753,-35.08409
conservacao,0000.26.2255,REFÚGIO DE VIDA SILVESTRE MATA DE CARAÚNA,refugio de vida silvestre mata de carauna,PE,163.97,Refúgio de Vida Silvestre · Estadual,-8.19641,-35.1092,-8.17965,-35.09305
conservacao,0000.26.2242,REFÚGIO DE VIDA SILVESTRE MATA DE JAGUARIBE,refugio de vida silvestre mata de jaguaribe,PE,0.0,Refúgio de Vida Silvestre · Estadual,-7.74139,-34.85411,-7.72907,-34.84139
conservacao,0000.26.2247,REFÚGIO DE VIDA SILVESTRE MATA DE MIRITIBA,refugio de vida silvestre mata de miritiba,PE,283.79,Refúgio de Vida Silvestre · Estadual,-7.8492,-35.12443,-7.83065,-35.10554
conservacao,0000.26.3239,REFÚGIO DE VIDA SILVESTRE MATA DE MUSSAÍBA,refugio de vida silvestre mata de mussaiba,PE,314.27,Refúgio de Vida Silvestre · Estadual,-8.1025,-35.01529,-8.08476,-34.98884
conservacao,0000.26.2244,REFÚGIO DE VIDA SILVESTRE MATA DE SANTA CRUZ,refugio de vida silvestre mata de santa cruz,PE,53.11,Refúgio de Vida Silvestre · Estadual,-7.71928,-34.85846,-7.70756,-34.84987
conservacao,0000.26.2257,REFÚGIO DE VIDA SILVESTRE MATA DE TAPACURÁ,refugio de vida silvestre mata de tapacura,PE,0.0,Refúgio de Vida Silvestre · Estadual,-8.0412,-35.15027,-8.03262,-35.125
conservacao,0000.26.2240,REFÚGIO DE VIDA SILVESTRE MATA DO AMPARO,refugio de vida silvestre mata do amparo,PE,177.7,Refúgio de Vida Silvestre · Estadual,-7.78291,-34.86947,-7.76892,-34.85176
conservacao,0000.26.4191,REFÚGIO DE VIDA SILVESTRE MATA DO BITURY,refugio de vida silvestre mata do bitury,PE,888.25,Refúgio de Vida Silvestre · Estadual,-8.23609,-36.42134,-8.17933,-36.38677
conservacao,0000.25.3124,REFÚGIO DE VIDA SILVESTRE MATA DO BURAQUINHO,refugio de vida silvestre mata do buraquinho,PB,512.79,Refúgio de Vida Silvestre · Estadual,-7.16271,-34.8713,-7.12958,-34.85079
conservacao,0000.26.2560,REFÚGIO DE VIDA SILVESTRE MATA DO CAMUCIM,refugio de vida silvestre mata do camucim,PE,36.46,Refúgio de Vida Silvestre · Estadual,-8.03522,-35.19673,-8.02785,-35.18643
conservacao,0000.26.2249,REFÚGIO DE VIDA SILVESTRE MATA DO CONTRA-AÇUDE,refugio de vida silvestre mata do contra-acude,PE,130.52,Refúgio de Vida Silvestre · Estadual,-8.23726,-35.03236,-8.22479,-35.0134
conservacao,0000.26.3303,REFÚGIO DE VIDA SILVESTRE MATA DO CURADO,refugio de vida silvestre mata do curado,PE,101.45,Refúgio de Vida Silvestre · Estadual,-8.07992,-34.9728,-8.06803,-34.95283
conservacao,0000.26.3328,REFÚGIO DE VIDA SILVESTRE MATA DO ENGENHO SALGADINHO,refugio de vida silvestre mata do engenho salgadinho,PE,259.3,Refúgio de Vida Silvestre · Estadual,-8.21033,-35.02993,-8.1878,-35.0068
conservacao,0000.26.2243,REFÚGIO DE VIDA SILVESTRE MATA DO ENGENHO SÃO JOÃO,refugio de vida silvestre mata do engenho sao joao,PE,32.58,Refúgio de Vida Silvestre · Estadual,-7.76499,-34.87257,-7.75791,-34.86624
conservacao,0000.26.3329,REFÚGIO DE VIDA SILVESTRE MATA DO ENGENHO TAPACURÁ,refugio de vida silvestre mata do engenho tapacura,PE,334.27,Refúgio de Vida Silvestre · Estadual,-8.02464,-35.10484,-8.00263,-35.07565
conservacao,0000.26.3330,REFÚGIO DE VIDA SILVESTRE MATA DO ENGENHO UCHÔA,refugio de vida silvestre mata do engenho uchoa,PE,177.29,Refúgio de Vida Silvestre · Estadual,-8.10986,-34.94989,-8.09478,-34.92768
conservacao,0000.28.1604,REFÚGIO DE VIDA SILVESTRE MATA DO JUNCO,refugio de vida silvestre mata do junco,SE,894.58,Refúgio de Vida Silvestre · Estadual,-10.5841,-37.0639,-10.52743,-36.98838
conservacao,0000.26.3322,REFÚGIO DE VIDA SILVESTRE MATA DO OUTEIRO DO PEDRO,refugio de vida silvestre mata do outeiro do pedro,PE,47.32,Refúgio de Vida Silvestre · Estadual,-8.06317,-35.20058,-8.05325,-35.19567
conservacao,0000.26.3395,REFÚGIO DE VIDA SILVESTRE MATA DO TORÓ,refugio de vida silvestre mata do toro,PE,81.97,Refúgio de Vida Silvestre · Estadual,-8.0666,-35.18357,-8.05369,-35.17026
conservacao,0000.26.2250,REFÚGIO DE VIDA SILVESTRE MATA DO URUCU,refugio de vida silvestre mata do urucu,PE,531.55,Refúgio de Vida Silvestre · Estadual,-8.26873,-35.2654,-8.21129,-35.2414
conservacao,0000.26.2241,REFÚGIO DE VIDA SILVESTRE MATA ENGENHO MACAXEIRA,refugio de vida silvestre mata engenho macaxeira,PE,59.74,Refúgio de Vida Silvestre · Estadual,-7.74471,-34.87017,-7.7329,-34.85793
conservacao,0000.26.2239,REFÚGIO DE VIDA SILVESTRE MATA LANÇO DOS CAÇÕES,refugio de vida silvestre mata lanco dos cacoes,PE,48.36,Refúgio de Vida Silvestre · Estadual,-7.7153,-34.84966,-7.7073,-34.84072
conservacao,0000.26.3304,REFÚGIO DE VIDA SILVESTRE MATA SÃO JOÃO DA VÁRZEA,refugio de vida silvestre mata sao joao da varzea,PE,65.63,Refúgio de Vida Silvestre · Estadual,-8.07316,-34.97969,-8.06194,-34.97041
conservacao,0000.26.2251,REFÚGIO DE VIDA SILVESTRE MATA SERRA DO COTOVELO,refugio de vida silvestre mata serra do cotovelo,PE,986.17,Refúgio de Vida Silvestre · Estadual,-8.25961,-35.21061,-8.17006,-35.17943
conservacao,0000.26.2252,REFÚGIO DE VIDA SILVESTRE MATA SERRA DO CUMARU,refugio de vida silvestre mata serra do cumaru,PE,356.01,Refúgio de Vida Silvestre · Estadual,-8.21904,-35.18491,-8.18549,-35.16417
conservacao,0000.26.3319,REFÚGIO DE VIDA SILVESTRE MATAS DE ÁGUA AZUL,refugio de vida silvestre matas de agua azul,PE,4648.34,Refúgio de Vida Silvestre · Estadual,-7.62752,-35.4385,-7.5839,-35.30871
conservacao,0000.26.3317,REFÚGIO DE VIDA SILVESTRE MATAS DE SIRIJI,refugio de vida silvestre matas de siriji,PE,645.22,Refúgio de Vida Silvestre · Estadual,-7.62948,-35.52694,-7.59413,-35.49793
conservacao,0000.26.2253,REFÚGIO DE VIDA SILVESTRE MATAS DO SISTEMA GURJAÚ,refugio de vida silvestre matas do sistema gurjau,PE,1348.23,Refúgio de Vida Silvestre · Estadual,-8.24251,-35.08096,-8.17748,-35.04274
conservacao,0000.15.1881,REFÚGIO DE VIDA SILVESTRE METRÓPOLE DA AMAZÔNIA,refugio de vida silvestre metropole da amazonia,PA,6369.16,Refúgio de Vida Silvestre · Estadual,-1.47635,-48.3513,-1.39562,-48.21045
conservacao,0220.33.3542,REFÚGIO DE VIDA SILVESTRE MONTE ALEGRE (ALÍRIO BRAZ),refugio de vida silvestre monte alegre (alirio braz),RJ,564.68,Refúgio de Vida Silvestre · Municipal,-21.0723,-42.08874,-21.03423,-42.04476
conservacao,0270.33.3270,REFÚGIO DE VIDA SILVESTRE MUNICIPAL DAS SERRAS DE MARICÁ,refugio de vida silvestre municipal das serras de marica,RJ,8955.22,Refúgio de Vida Silvestre · Municipal,-22.96845,-43.00201,-22.84068,-42.64888
conservacao,0540.42.4318,REFUGIO DE VIDA SILVESTRE MUNICIPAL DO MORRO DO LAMPIÃO,refugio de vida silvestre municipal do morro do lampiao,SC,111.35,Refúgio de Vida Silvestre · Municipal,-27.67698,-48.50181,-27.66397,-48.48868
conservacao,0540.42.4316,REFUGIO DE VIDA SILVESTRE MUNICIPAL MEIEMBIPE,refugio de vida silvestre municipal meiembipe,SC,5968.07,Refúgio de Vida Silvestre · Municipal,-27.60026,-48.53651,-27.38113,-48.40005
conservacao,0227.33.3470,REFÚGIO DE VIDA SILVESTRE ONÇA PARDA,refugio de vida silvestre onca parda,RJ,267.44,Refúgio de Vida Silvestre · Municipal,-22.64436,-43.6682,-22.62197,-43.6425
conservacao,1157.33.5121,REFÚGIO DE VIDA SILVESTRE ORICANA,refugio de vida silvestre oricana,RJ,135.14,Refúgio de Vida Silvestre · Municipal,-21.42964,-41.52882,-21.41924,-41.50665
conservacao,0000.15.3479,REFÚGIO DE VIDA SILVESTRE PADRE SÉRGIO TONETTO,refugio de vida silvestre padre sergio tonetto,PA,338.88,Refúgio de Vida Silvestre · Estadual,-0.79861,-47.56057,-0.76737,-47.53454
conservacao,0385.33.3728,REFÚGIO DE VIDA SILVESTRE PALMARES - RVS PALMARES,refugio de vida silvestre palmares - rvs palmares,RJ,204.3,Refúgio de Vida Silvestre · Municipal,-22.45414,-43.40818,-22.44106,-43.37032
conservacao,2056.33.4990,REFÚGIO DE VIDA SILVESTRE PÃO-DE-LÓ,refugio de vida silvestre pao-de-lo,RJ,154.27,Refúgio de Vida Silvestre · Municipal,-21.46131,-41.61079,-21.4509,-41.58756
conservacao,2056.33.4984,REFÚGIO DE VIDA SILVESTRE PARAÍSO,refugio de vida silvestre paraiso,RJ,313.96,Refúgio de Vida Silvestre · Municipal,-21.38078,-41.6755,-21.34598,-41.63944
conservacao,0000.23.3729,REFÚGIO DE VIDA SILVESTRE PERIQUITO CARA-SUJA,refugio de vida silvestre periquito cara-suja,CE,39.15,Refúgio de Vida Silvestre · Estadual,-4.23562,-38.9627,-4.22654,-38.9553
conservacao,0000.23.5216,REFÚGIO DE VIDA SILVESTRE PICOS DA CAATINGA,refugio de vida silvestre picos da caatinga,CE,2183.29,Refúgio de Vida Silvestre · Estadual,-4.52075,-39.62372,-4.45751,-39.56506
conservacao,0605.33.4667,REFÚGIO DE VIDA SILVESTRE PREFEITO JORGE ASSIS DE OLIVEIRA (MATA DOS MACACOS),refugio de vida silvestre prefeito jorge assis de oliveira (mata dos macacos),RJ,68.54,Refúgio de Vida Silvestre · Municipal,-21.18735,-41.56288,-21.1725,-41.55168
conservacao,0000.26.3320,REFÚGIO DE VIDA SILVESTRE RIACHO PONTAL,refugio de vida silvestre riacho pontal,PE,4819.72,Refúgio de Vida Silvestre · Estadual,-9.07907,-40.64636,-8.95773,-40.54764
conservacao,4902.43.3066,REFÚGIO DE VIDA SILVESTRE SÃO PEDRO,refugio de vida silvestre sao pedro,RS,147.13,Refúgio de Vida Silvestre · Municipal,-30.18811,-51.12343,-30.16895,-51.09225
conservacao,1157.33.5122,REFÚGIO DE VIDA SILVESTRE SERRA DA CACUNDA,refugio de vida silvestre serra da cacunda,RJ,584.41,Refúgio de Vida Silvestre · Municipal,-21.57839,-41.6011,-21.54048,-41.51798
conservacao,3609.33.5071,REFÚGIO DE VIDA SILVESTRE SERRA DE SAUDOSO - SÃO JOSÉ,refugio de vida silvestre serra de saudoso - sao jose,RJ,6094.45,Refúgio de Vida Silvestre · Municipal,-22.67808,-43.84084,-22.54954,-43.70373
conservacao,0000.26.3944,REFÚGIO DE VIDA SILVESTRE SERRA DO GIZ,refugio de vida silvestre serra do giz,PE,310.14,Refúgio de Vida Silvestre · Estadual,-7.89991,-37.6417,-7.88027,-37.62484
conservacao,1157.33.5119,REFÚGIO DE VIDA SILVESTRE SERRA DO IMBURI,refugio de vida silvestre serra do imburi,RJ,1093.56,Refúgio de Vida Silvestre · Municipal,-21.65711,-41.51156,-21.59189,-41.4568
conservacao,0000.26.4016,REFÚGIO DE VIDA SILVESTRE SERRAS CAATINGUEIRAS,refugio de vida silvestre serras caatingueiras,PE,21704.29,Refúgio de Vida Silvestre · Estadual,-8.33771,-39.35639,-8.17217,-39.1049
conservacao,0000.15.3478,REFÚGIO DE VIDA SILVESTRE TABULEIRO DO EMBAUBAL,refugio de vida silvestre tabuleiro do embaubal,PA,4035.91,Refúgio de Vida Silvestre · Estadual,-2.73125,-52.05263,-2.65898,-51.96472
conservacao,0000.26.3318,REFÚGIO DE VIDA SILVESTRE TATU-BOLA,refugio de vida silvestre tatu-bola,PE,110145.02,Refúgio de Vida Silvestre · Estadual,-8.95705,-40.61013,-8.4446,-39.98357
conservacao,6305.33.4957,REFÚGIO DE VIDA SILVESTRE VALE DOS PURIS,refugio de vida silvestre vale dos puris,RJ,3263.26,Refúgio de Vida Silvestre · Municipal,-22.46461,-44.10151,-22.40627,-44.00258
conservacao,0000.31.0937,REFÚGIO ESTADUAL DE VIDA SILVESTRE LIBÉLULAS DA SERRA DE SÃO JOSÉ,refugio estadual de vida silvestre libelulas da serra de sao jose,MG,3712.02,Refúgio de Vida Silvestre · Estadual,-21.1234,-44.21706,-21.03788,-44.1019
conservacao,0000.31.1774,REFÚGIO ESTADUAL DE VIDA SILVESTRE MATA DOS MURIQUIS,refugio estadual de vida silvestre mata dos muriquis,MG,2692.99,Refúgio de Vida Silvestre · Estadual,-16.46435,-40.09103,-16.36972,-40.03986
conservacao,0000.31.0892,REFÚGIO ESTADUAL DE VIDA SILVESTRE RIO PANDEIROS,refugio estadual de vida silvestre rio pandeiros,MG,6107.45,Refúgio de Vida Silvestre · Estadual,-15.7051,-44.75931,-15.49577,-44.57536
conservacao,0000.52.5223,RESERVA  PARTICULAR  DO  PATRIMÔNIO  NATURAL  SEDE CAMPESTRE ADUFG SINDICATO,reserva  particular  do  patrimonio  natural  sede campestre adufg sindicato,GO,133.88,Reserva Particular do Patrimônio Natural · Estadual,-16.90832,-49.23147,-16.88994,-49.21803
conservacao,0000.52.5233,RESERVA  PARTICULAR  DO  PATRIMÔNIO  NATURAL VALE DO TAMANDUÁ,reserva  particular  do  patrimonio  natural vale do tamandua,GO,14.71,Reserva Particular do Patrimônio Natural · Estadual,-16.99143,-49.40235,-16.98657,-49.39313
conservacao,8450.42.4941,RESERVA BIOLÓGICA (REBIO) MATA DOS GUANANDIS - SIMFLOR I,reserva biologica (rebio) mata dos guanandis - simflor i,SC,11.51,Reserva Biológica · Municipal,-26.05983,-48.68862,-26.05234,-48.68258
conservacao,8450.42.5105,RESERVA BIOLÓGICA (REBIO) MATA DOS GUANANDIS - SIMFLOR II,reserva biologica (rebio) mata dos guanandis - simflor ii,SC,28.1,Reserva Biológica · Municipal,-26.05916,-48.68778,-26.05121,-48.68002
conservacao,7602.51.4840,RESERVA BIOLOGICA ARCO VERDE,reserva biologica arco verde,MT,257.96,Reserva Biológica · Municipal,-16.47944,-54.65351,-16.4111,-54.58249
conservacao,0000.00.0191,RESERVA BIOLÓGICA AUGUSTO RUSCHI,reserva biologica augusto ruschi,ES,3540.29,Reserva Biológica · Federal,-19.93778,-40.57342,-19.83671,-40.51776
conservacao,0435.43.2922,RESERVA BIOLÓGICA BIOPAMPA,reserva biologica biopampa,RS,0.0,Reserva Biológica · Municipal,-31.82549,-53.9236,-31.81244,-53.91721
conservacao,0000.00.2634,RESERVA BIOLÓGICA BOM JESUS,reserva biologica bom jesus,PR,34178.51,Reserva Biológica · Federal,-25.45025,-48.68254,-25.17798,-48.46151
conservacao,0000.51.0457,RESERVA BIOLÓGICA CULUENE,reserva biologica culuene,MT,3613.66,Reserva Biológica · Estadual,-13.85387,-53.33755,-13.79814,-53.24438
conservacao,0000.00.0192,RESERVA BIOLÓGICA DA CONTAGEM,reserva biologica da contagem,DF,3411.69,Reserva Biológica · Federal,-15.68315,-47.91363,-15.60176,-47.84646
conservacao,0000.00.0193,RESERVA BIOLÓGICA DA MATA ESCURA,reserva biologica da mata escura,MG,50891.74,Reserva Biológica · Federal,-16.43219,-41.17669,-16.16134,-40.9054
conservacao,5960.31.3061,RESERVA BIOLOGICA DA SERRA DE SANTA RITA MITZI BRANDAO,reserva biologica da serra de santa rita mitzi brandao,MG,0.0,Reserva Biológica · Municipal,-22.21053,-45.74281,-22.19021,-45.71074
conservacao,0000.43.2010,RESERVA BIOLÓGICA DA SERRA GERAL,reserva biologica da serra geral,RS,4848.85,Reserva Biológica · Estadual,-29.64422,-50.24053,-29.53746,-50.13087
conservacao,0210.43.3791,RESERVA BIOLÓGICA DÁRVIN JOÃO GEREMIA,reserva biologica darvin joao geremia,RS,0.0,Reserva Biológica · Municipal,-29.16739,-51.4991,-29.16556,-51.49655
conservacao,0000.00.0276,RESERVA BIOLÓGICA DAS ARAUCÁRIAS,reserva biologica das araucarias,PR,14929.69,Reserva Biológica · Federal,-25.34732,-50.63539,-25.15002,-50.29146
conservacao,0000.00.0275,RESERVA BIOLÓGICA DAS PEROBAS,reserva biologica das perobas,PR,8716.1,Reserva Biológica · Federal,-23.90843,-52.84028,-23.7954,-52.70056
conservacao,0000.33.1483,RESERVA BIOLÓGICA DE ARARAS,reserva biologica de araras,RJ,3837.87,Reserva Biológica · Estadual,-22.47511,-43.32183,-22.42952,-43.19843
conservacao,0000.00.0195,RESERVA BIOLÓGICA DE COMBOIOS,reserva biologica de comboios,ES,784.64,Reserva Biológica · Federal,-19.70166,-39.94609,-19.65021,-39.82626
conservacao,0000.32.1667,RESERVA BIOLÓGICA DE DUAS BOCAS,reserva biologica de duas bocas,ES,3015.41,Reserva Biológica · Estadual,-20.3091,-40.53616,-20.23469,-40.4689
conservacao,0000.15.1033,RESERVA BIOLÓGICA DE MAICURU,reserva biologica de maicuru,PA,1173135.93,Reserva Biológica · Estadual,-0.32229,-54.90162,1.84899,-53.53075
conservacao,0000.00.0197,RESERVA BIOLÓGICA DE PEDRA TALHADA,reserva biologica de pedra talhada,"AL, PE",4382.34,Reserva Biológica · Federal,-9.26501,-36.46804,-9.18333,-36.38751
conservacao,0560.31.2953,RESERVA BIOLÓGICA DE PINHEIRO GROSSO,reserva biologica de pinheiro grosso,MG,355.8,Reserva Biológica · Municipal,-21.20783,-43.7129,-21.18249,-43.69054
conservacao,0000.00.0215,RESERVA BIOLÓGICA DE POÇO DAS ANTAS,reserva biologica de poco das antas,RJ,5065.22,Reserva Biológica · Federal,-22.58893,-42.32683,-22.49851,-42.23084
conservacao,0000.00.0198,RESERVA BIOLÓGICA DE SALTINHO,reserva biologica de saltinho,PE,562.56,Reserva Biológica · Federal,-8.7396,-35.19815,-8.71249,-35.16625
conservacao,0000.00.0199,RESERVA BIOLÓGICA DE SANTA ISABEL,reserva biologica de santa isabel,SE,4110.12,Reserva Biológica · Federal,-10.73415,-36.84642,-10.54652,-36.52975
conservacao,0000.00.0200,RESERVA BIOLÓGICA DE SERRA NEGRA,reserva biologica de serra negra,PE,624.84,Reserva Biológica · Federal,-8.66735,-38.04919,-8.64301,-38.00742
conservacao,0000.00.0201,RESERVA BIOLÓGICA DE SOORETAMA,reserva biologica de sooretama,ES,27858.59,Reserva Biológica · Federal,-19.07271,-40.25671,-18.90438,-39.91094
conservacao,0000.00.0202,RESERVA BIOLÓGICA DE UNA,reserva biologica de una,BA,18724.72,Reserva Biológica · Federal,-15.26605,-39.20313,-15.09613,-39.00159
conservacao,0000.00.0194,RESERVA BIOLÓGICA DO ABUFARI,reserva biologica do abufari,AM,224744.98,Reserva Biológica · Federal,-5.47793,-63.31544,-4.86928,-62.77389
conservacao,0000.00.0203,RESERVA BIOLÓGICA DO ATOL DAS ROCAS,reserva biologica do atol das rocas,RN,35185.93,Reserva Biológica · Federal,-3.93151,-33.93043,-3.77325,-33.63954
conservacao,0025.33.1850,RESERVA BIOLÓGICA DO BREJO JARDIM E ORQUÍDEAS,reserva biologica do brejo jardim e orquideas,RJ,137.25,Reserva Biológica · Municipal,-22.95393,-42.08601,-22.93892,-42.06913
conservacao,0000.53.1647,RESERVA BIOLÓGICA DO CERRADÃO,reserva biologica do cerradao,DF,53.91,Reserva Biológica · Estadual,-15.86283,-47.8283,-15.85473,-47.81833
conservacao,0000.00.0204,RESERVA BIOLÓGICA DO CÓRREGO DO VEADO,reserva biologica do corrego do veado,ES,2375.72,Reserva Biológica · Federal,-18.37712,-40.17655,-18.30751,-40.12575
conservacao,0000.00.0205,RESERVA BIOLÓGICA DO CÓRREGO GRANDE,reserva biologica do corrego grande,ES,1503.74,Reserva Biológica · Federal,-18.29146,-39.8293,-18.22953,-39.77549
conservacao,5158.33.4938,RESERVA BIOLOGICA DO DINDI,reserva biologica do dindi,RJ,987.01,Reserva Biológica · Municipal,-22.20097,-42.93025,-22.14748,-42.88605
conservacao,0000.53.1656,RESERVA BIOLÓGICA DO GAMA,reserva biologica do gama,DF,536.79,Reserva Biológica · Estadual,-16.0493,-48.11054,-16.03188,-48.06343
conservacao,0000.00.0206,RESERVA BIOLÓGICA DO GUAPORÉ,reserva biologica do guapore,RO,615810.66,Reserva Biológica · Federal,-12.88025,-63.54992,-12.19194,-62.17317
conservacao,0000.53.1655,RESERVA BIOLÓGICA DO GUARÁ,reserva biologica do guara,DF,145.37,Reserva Biológica · Estadual,-15.82033,-47.98503,-15.80248,-47.96859
conservacao,0000.00.0207,RESERVA BIOLÓGICA DO GURUPI,reserva biologica do gurupi,MA,271465.08,Reserva Biológica · Federal,-4.13093,-46.9631,-3.16133,-46.45875
conservacao,0000.43.3799,RESERVA BIOLÓGICA DO IBICUÍ MIRIM,reserva biologica do ibicui mirim,RS,601.63,Reserva Biológica · Estadual,-29.56643,-53.82954,-29.53684,-53.7915
conservacao,0000.43.2007,RESERVA BIOLÓGICA DO IBIRAPUITÃ,reserva biologica do ibirapuita,RS,351.6,Reserva Biológica · Estadual,-29.9334,-55.79484,-29.91421,-55.75905
conservacao,0000.00.0208,RESERVA BIOLÓGICA DO JARU,reserva biologica do jaru,RO,346862.66,Reserva Biológica · Federal,-10.26745,-61.9938,-9.27498,-61.47668
conservacao,0000.00.0209,RESERVA BIOLÓGICA DO LAGO PIRATUBA,reserva biologica do lago piratuba,AP,392465.18,Reserva Biológica · Federal,1.16994,-50.5685,1.82463,-49.88123
conservacao,4902.43.4436,RESERVA BIOLÓGICA DO LAMI JOSÉ LUTZENBERGER,reserva biologica do lami jose lutzenberger,RS,204.46,Reserva Biológica · Municipal,-30.25987,-51.113,-30.23412,-51.09352
conservacao,0000.00.3411,RESERVA BIOLÓGICA DO MANICORÉ,reserva biologica do manicore,AM,359140.41,Reserva Biológica · Federal,-7.34685,-61.26401,-6.51667,-60.58048
conservacao,0000.43.1993,RESERVA BIOLÓGICA DO MATO GRANDE,reserva biologica do mato grande,RS,4959.21,Reserva Biológica · Estadual,-32.17293,-52.76255,-32.11271,-52.6175
conservacao,0000.16.0291,RESERVA BIOLÓGICA DO PARAZINHO,reserva biologica do parazinho,AP,276.24,Reserva Biológica · Estadual,0.86624,-49.99793,0.8988,-49.98444
conservacao,0170.33.3230,RESERVA BIOLÓGICA DO PARQUE EQUITATIVA,reserva biologica do parque equitativa,RJ,157.06,Reserva Biológica · Municipal,-22.63638,-43.2762,-22.61544,-43.25776
conservacao,0000.53.1657,RESERVA BIOLÓGICA DO RIO DESCOBERTO,reserva biologica do rio descoberto,DF,434.07,Reserva Biológica · Estadual,-15.78702,-48.22945,-15.7088,-48.16791
conservacao,0000.00.0210,RESERVA BIOLÓGICA DO RIO TROMBETAS,reserva biologica do rio trombetas,PA,410677.44,Reserva Biológica · Federal,-1.4913,-57.04755,-0.65285,-56.28731
conservacao,0000.43.2009,RESERVA BIOLÓGICA DO SÃO DONATO,reserva biologica do sao donato,RS,4268.2,Reserva Biológica · Estadual,-29.04252,-56.24127,-28.92564,-56.136
conservacao,0000.00.0211,RESERVA BIOLÓGICA DO TAPIRAPÉ,reserva biologica do tapirape,PA,99271.04,Reserva Biológica · Federal,-5.80736,-50.94677,-5.51565,-50.27843
conservacao,0000.00.0212,RESERVA BIOLÓGICA DO TINGUÁ,reserva biologica do tingua,RJ,24812.52,Reserva Biológica · Federal,-22.65581,-43.57998,-22.4747,-43.22833
conservacao,0000.00.0213,RESERVA BIOLÓGICA DO UATUMÃ,reserva biologica do uatuma,AM,938592.13,Reserva Biológica · Federal,-1.83748,-60.19669,-0.7147,-58.79191
conservacao,0000.41.3333,RESERVA BIOLÓGICA ESTADUAL DA BIODIVERSIDADE COP9 MOP4,reserva biologica estadual da biodiversidade cop9 mop4,PR,133.17,Reserva Biológica · Estadual,-24.99975,-49.839,-24.98025,-49.82579
conservacao,0000.42.3926,RESERVA BIOLÓGICA ESTADUAL DA CANELA PRETA,reserva biologica estadual da canela preta,SC,1818.31,Reserva Biológica · Estadual,-27.30215,-49.17524,-27.25957,-49.09228
conservacao,0000.33.0728,RESERVA BIOLÓGICA ESTADUAL DA PRAIA DO SUL,reserva biologica estadual da praia do sul,RJ,3266.95,Reserva Biológica · Estadual,-23.22682,-44.35102,-23.13656,-44.23498
conservacao,0000.33.1482,RESERVA BIOLÓGICA ESTADUAL DE GUARATIBA,reserva biologica estadual de guaratiba,RJ,3361.18,Reserva Biológica · Estadual,-23.0615,-43.62434,-22.98692,-43.54301
conservacao,0000.42.0781,RESERVA BIOLÓGICA ESTADUAL DO AGUAÍ,reserva biologica estadual do aguai,SC,7840.63,Reserva Biológica · Estadual,-28.66967,-49.71779,-28.44214,-49.5251
conservacao,0000.42.1830,RESERVA BIOLOGICA ESTADUAL DO SASSAFRAS,reserva biologica estadual do sassafras,SC,5072.62,Reserva Biológica · Estadual,-26.86941,-49.68299,-26.69204,-49.49054
conservacao,0000.43.2008,RESERVA BIOLÓGICA ESTADUAL MATA PALUDOSA,reserva biologica estadual mata paludosa,RS,272.34,Reserva Biológica · Estadual,-29.51718,-50.12995,-29.50403,-50.09611
conservacao,0000.00.0196,RESERVA BIOLÓGICA GUARIBAS,reserva biologica guaribas,PB,4274.51,Reserva Biológica · Federal,-6.81062,-35.2122,-6.66504,-35.08383
conservacao,0000.31.0415,RESERVA BIOLÓGICA JAÍBA,reserva biologica jaiba,MG,6350.8,Reserva Biológica · Estadual,-15.1117,-43.79107,-15.02223,-43.73067
conservacao,0000.00.0214,RESERVA BIOLÓGICA MARINHA DO ARVOREDO,reserva biologica marinha do arvoredo,SC,17104.12,Reserva Biológica · Federal,-27.29967,-48.42548,-27.15883,-48.30882
conservacao,0000.35.4922,RESERVA BIOLÓGICA MOGI-GUAÇU,reserva biologica mogi-guacu,SP,435.18,Reserva Biológica · Estadual,-22.26078,-47.19471,-22.1951,-47.13773
conservacao,0000.13.1011,RESERVA BIOLÓGICA MORRO DOS SEIS LAGOS,reserva biologica morro dos seis lagos,AM,38287.36,Reserva Biológica · Estadual,0.22338,-66.80429,0.42099,-66.58385
conservacao,3170.31.1525,RESERVA BIOLÓGICA MUNICIPAL DA MATA DO BISPO,reserva biologica municipal da mata do bispo,MG,691.56,Reserva Biológica · Municipal,-19.58285,-43.10312,-19.55879,-43.06764
conservacao,1860.41.4220,RESERVA BIOLÓGICA MUNICIPAL DAS AVES,reserva biologica municipal das aves,PR,200.18,Reserva Biológica · Municipal,-26.13237,-50.9367,-26.11615,-50.91763
conservacao,8203.41.5127,RESERVA BIOLÓGICA MUNICIPAL EDUARDO SONNENSTRAHL,reserva biologica municipal eduardo sonnenstrahl,PR,363.9,Reserva Biológica · Municipal,-26.1103,-50.96944,-26.0948,-50.93439
conservacao,0000.00.0216,RESERVA BIOLÓGICA NASCENTES DA SERRA DO CACHIMBO,reserva biologica nascentes da serra do cachimbo,PA,342191.92,Reserva Biológica · Federal,-9.37415,-54.99161,-8.65401,-54.36985
conservacao,7602.51.4888,RESERVA BIOLÓGICA RESISTÊNCIA POPULAR,reserva biologica resistencia popular,MT,345.72,Reserva Biológica · Municipal,-16.50165,-54.70739,-16.47919,-54.6806
conservacao,0000.11.0767,RESERVA BIOLÓGICA RIO OURO PRETO,reserva biologica rio ouro preto,RO,59136.71,Reserva Biológica · Estadual,-11.00014,-64.8883,-10.84132,-64.36676
conservacao,0000.31.0389,RESERVA BIOLÓGICA SERRA AZUL,reserva biologica serra azul,MG,3842.73,Reserva Biológica · Estadual,-15.34026,-43.98076,-15.23357,-43.87385
conservacao,0000.11.0770,RESERVA BIOLÓGICA TRAÇADAL,reserva biologica tracadal,RO,24149.39,Reserva Biológica · Estadual,-11.52026,-64.91335,-11.26894,-64.78489
conservacao,0000.00.0217,RESERVA BIOLÓGICA UNIÃO,reserva biologica uniao,RJ,7756.62,Reserva Biológica · Federal,-22.49291,-42.18614,-22.36749,-42.00021
conservacao,2908.33.5001,RESERVA BIOLÓGICA VALE DAS PRINCESAS,reserva biologica vale das princesas,RJ,100.41,Reserva Biológica · Municipal,-22.49138,-43.32658,-22.47843,-43.30916
conservacao,0000.15.1030,RESERVA DE DESENVOLVIMENTO SUSTENTÁVEL ALCOBAÇA,reserva de desenvolvimento sustentavel alcobaca,PA,22461.24,Reserva de Desenvolvimento Sustentável · Estadual,-4.06512,-49.94839,-3.71805,-49.68148
conservacao,0000.13.0981,RESERVA DE DESENVOLVIMENTO SUSTENTÁVEL AMANÃ,reserva de desenvolvimento sustentavel amana,AM,2303458.24,Reserva de Desenvolvimento Sustentável · Estadual,-3.51534,-65.22639,-1.52906,-62.8026
conservacao,0000.13.0982,RESERVA DE DESENVOLVIMENTO SUSTENTÁVEL ARIPUANÃ,reserva de desenvolvimento sustentavel aripuana,AM,218093.28,Reserva de Desenvolvimento Sustentável · Estadual,-8.80331,-60.14126,-8.18925,-59.2871
conservacao,0000.13.0983,RESERVA DE DESENVOLVIMENTO SUSTENTÁVEL BARARATI,reserva de desenvolvimento sustentavel bararati,AM,110808.0,Reserva de Desenvolvimento Sustentável · Estadual,-7.92191,-58.57359,-7.41739,-58.19978
conservacao,0000.11.4454,RESERVA DE DESENVOLVIMENTO SUSTENTÁVEL BOM JARDIM,reserva de desenvolvimento sustentavel bom jardim,RO,1679.63,Reserva de Desenvolvimento Sustentável · Estadual,-8.56838,-63.67339,-8.49967,-63.62102
conservacao,0000.14.4914,RESERVA DE DESENVOLVIMENTO SUSTENTÁVEL CAMPINA,reserva de desenvolvimento sustentavel campina,RR,220686.46,Reserva de Desenvolvimento Sustentável · Estadual,-0.65521,-61.45204,0.0511,-61.02321
conservacao,0000.15.3481,RESERVA DE DESENVOLVIMENTO SUSTENTÁVEL CAMPO DAS MANGABAS,reserva de desenvolvimento sustentavel campo das mangabas,PA,7053.72,Reserva de Desenvolvimento Sustentável · Estadual,-0.80057,-47.58743,-0.70273,-47.48234
conservacao,0000.13.0984,RESERVA DE DESENVOLVIMENTO SUSTENTÁVEL CANUMÃ,reserva de desenvolvimento sustentavel canuma,AM,22757.93,Reserva de Desenvolvimento Sustentável · Estadual,-4.10235,-59.10252,-3.84915,-58.7781
conservacao,0000.00.5332,RESERVA DE DESENVOLVIMENTO SUSTENTÁVEL CÓRREGOS DOS VALES DO NORTE DE MINAS,reserva de desenvolvimento sustentavel corregos dos vales do norte de minas,MG,40834.55,Reserva de Desenvolvimento Sustentável · Federal,-16.16999,-43.12405,-15.96748,-42.78598
conservacao,0000.13.0985,RESERVA DE DESENVOLVIMENTO SUSTENTÁVEL CUJUBIM,reserva de desenvolvimento sustentavel cujubim,AM,2421908.85,Reserva de Desenvolvimento Sustentável · Estadual,-6.46553,-69.87692,-4.33279,-68.11438
conservacao,0000.23.5210,RESERVA DE DESENVOLVIMENTO SUSTENTÁVEL DA FOZ DO RIO ARACATIAÇU,reserva de desenvolvimento sustentavel da foz do rio aracatiacu,CE,12553.14,Reserva de Desenvolvimento Sustentável · Estadual,-3.05874,-39.74264,-2.78969,-39.6256
conservacao,0910.42.2927,RESERVA DE DESENVOLVIMENTO SUSTENTÁVEL DA ILHA DO MORRO DO AMARAL,reserva de desenvolvimento sustentavel da ilha do morro do amaral,SC,345.46,Reserva de Desenvolvimento Sustentável · Municipal,-26.31567,-48.78023,-26.29478,-48.74849
conservacao,0000.00.0218,RESERVA DE DESENVOLVIMENTO SUSTENTÁVEL DE ITATUPÃ-BAQUIÁ,reserva de desenvolvimento sustentavel de itatupa-baquia,PA,64440.76,Reserva de Desenvolvimento Sustentável · Federal,-0.87585,-51.4734,-0.58043,-51.17812
conservacao,0000.33.0723,RESERVA DE DESENVOLVIMENTO SUSTENTÁVEL DO AVENTUREIRO,reserva de desenvolvimento sustentavel do aventureiro,RJ,1900.13,Reserva de Desenvolvimento Sustentável · Estadual,-23.22389,-44.33406,-23.17658,-44.26659
conservacao,0000.13.1573,RESERVA DE DESENVOLVIMENTO SUSTENTÁVEL DO JUMA,reserva de desenvolvimento sustentavel do juma,AM,580779.04,Reserva de Desenvolvimento Sustentável · Estadual,-6.50241,-60.65092,-5.18244,-59.91189
conservacao,0000.13.1735,RESERVA DE DESENVOLVIMENTO SUSTENTÁVEL DO MATUPIRI,reserva de desenvolvimento sustentavel do matupiri,AM,177009.14,Reserva de Desenvolvimento Sustentável · Estadual,-5.11301,-61.04246,-4.60828,-60.17716
conservacao,0000.16.0292,RESERVA DE DESENVOLVIMENTO SUSTENTÁVEL DO RIO IRATAPURU,reserva de desenvolvimento sustentavel do rio iratapuru,AP,873570.75,Reserva de Desenvolvimento Sustentável · Estadual,-0.48457,-53.17927,0.86771,-52.16665
conservacao,0000.13.1977,RESERVA DE DESENVOLVIMENTO SUSTENTAVEL DO RIO MADEIRA,reserva de desenvolvimento sustentavel do rio madeira,AM,279629.71,Reserva de Desenvolvimento Sustentável · Estadual,-5.60347,-61.19156,-4.64961,-60.05113
conservacao,0000.13.1730,RESERVA DE DESENVOLVIMENTO SUSTENTÁVEL DO RIO NEGRO,reserva de desenvolvimento sustentavel do rio negro,AM,102977.63,Reserva de Desenvolvimento Sustentável · Estadual,-3.19643,-60.91391,-2.69985,-60.456
conservacao,0260.13.2556,RESERVA DE DESENVOLVIMENTO SUSTENTÁVEL DO TUPÉ,reserva de desenvolvimento sustentavel do tupe,AM,0.0,Reserva de Desenvolvimento Sustentável · Municipal,-3.05092,-60.31995,-2.95731,-60.1755
conservacao,0000.13.0990,RESERVA DE DESENVOLVIMENTO SUSTENTÁVEL DO UATUMÃ,reserva de desenvolvimento sustentavel do uatuma,AM,423455.28,Reserva de Desenvolvimento Sustentável · Estadual,-2.62627,-59.23966,-2.04807,-58.06229
conservacao,0000.24.1468,RESERVA DE DESENVOLVIMENTO SUSTENTÁVEL ESTADUAL PONTA DO TUBARÃO,reserva de desenvolvimento sustentavel estadual ponta do tubarao,RN,12924.99,Reserva de Desenvolvimento Sustentável · Estadual,-5.14812,-36.53844,-5.04462,-36.4022
conservacao,0000.00.5124,RESERVA DE DESENVOLVIMENTO SUSTENTÁVEL FAXINAL BOM RETIRO,reserva de desenvolvimento sustentavel faxinal bom retiro,PR,1370.0,Reserva de Desenvolvimento Sustentável · Federal,-25.73582,-51.46163,-25.69114,-51.40389
conservacao,0000.00.5125,RESERVA DE DESENVOLVIMENTO SUSTENTÁVEL FAXINAL SÃO ROQUINHO,reserva de desenvolvimento sustentavel faxinal sao roquinho,PR,1212.17,Reserva de Desenvolvimento Sustentável · Federal,-25.96489,-51.80189,-25.92045,-51.75549
conservacao,0000.13.1732,RESERVA DE DESENVOLVIMENTO SUSTENTÁVEL IGAPÓ-AÇU,reserva de desenvolvimento sustentavel igapo-acu,AM,394614.9,Reserva de Desenvolvimento Sustentável · Estadual,-5.32367,-62.24866,-4.53432,-60.82993
conservacao,0000.14.4385,RESERVA DE DESENVOLVIMENTO SUSTENTÁVEL ITAPARÁ - BOIAÇU,reserva de desenvolvimento sustentavel itapara - boiacu,RR,622831.78,Reserva de Desenvolvimento Sustentável · Estadual,-0.9534,-61.8774,0.9944,-61.10519
conservacao,0000.11.4426,RESERVA DE DESENVOLVIMENTO SUSTENTÁVEL LIMOEIRO,reserva de desenvolvimento sustentavel limoeiro,RO,18838.13,Reserva de Desenvolvimento Sustentável · Estadual,-12.50898,-63.61724,-12.3482,-63.45841
conservacao,0000.13.0986,RESERVA DE DESENVOLVIMENTO SUSTENTÁVEL MAMIRAUÁ,reserva de desenvolvimento sustentavel mamiraua,AM,1319930.37,Reserva de Desenvolvimento Sustentável · Estadual,-3.14526,-67.3806,-1.83403,-64.75863
conservacao,4906.32.5191,RESERVA DE DESENVOLVIMENTO SUSTENTÁVEL MUNICIPAL DE BARRA NOVA,reserva de desenvolvimento sustentavel municipal de barra nova,ES,3146.23,Reserva de Desenvolvimento Sustentável · Municipal,-19.04759,-39.77015,-18.87171,-39.73083
conservacao,0130.32.2599,RESERVA DE DESENVOLVIMENTO SUSTENTÁVEL MUNICIPAL DO MANGUEZAL DE CARIACICA,reserva de desenvolvimento sustentavel municipal do manguezal de cariacica,ES,740.57,Reserva de Desenvolvimento Sustentável · Municipal,-20.30095,-40.39268,-20.22698,-40.33834
conservacao,0040.32.2539,RESERVA DE DESENVOLVIMENTO SUSTENTÁVEL MUNICIPAL PAPAGAIO,reserva de desenvolvimento sustentavel municipal papagaio,ES,1729.66,Reserva de Desenvolvimento Sustentável · Municipal,-20.80801,-40.67404,-20.73879,-40.62075
conservacao,0060.32.2919,RESERVA DE DESENVOLVIMENTO SUSTENTÁVEL MUNICIPAL PIRAQUE-AÇÚ E PIRAQUE-MIRIM,reserva de desenvolvimento sustentavel municipal piraque-acu e piraque-mirim,ES,2080.07,Reserva de Desenvolvimento Sustentável · Municipal,-19.95696,-40.2878,-19.87087,-40.16637
conservacao,0000.00.3135,RESERVA DE DESENVOLVIMENTO SUSTENTÁVEL NASCENTES GERAIZEIRAS,reserva de desenvolvimento sustentavel nascentes geraizeiras,MG,38176.53,Reserva de Desenvolvimento Sustentável · Federal,-15.53554,-42.51365,-15.20648,-42.27968
conservacao,0000.13.0987,RESERVA DE DESENVOLVIMENTO SUSTENTÁVEL PIAGAÇU PURUS,reserva de desenvolvimento sustentavel piagacu purus,AM,800896.38,Reserva de Desenvolvimento Sustentável · Estadual,-5.33646,-63.34982,-4.06234,-61.72822
conservacao,0000.15.1031,RESERVA DE DESENVOLVIMENTO SUSTENTÁVEL PUCURUÍ - ARARÃO,reserva de desenvolvimento sustentavel pucurui - ararao,PA,29165.19,Reserva de Desenvolvimento Sustentável · Estadual,-4.33427,-49.84594,-3.98248,-49.61599
conservacao,0000.13.3182,RESERVA DE DESENVOLVIMENTO SUSTENTAVEL PURANGA CONQUISTA,reserva de desenvolvimento sustentavel puranga conquista,AM,86027.7,Reserva de Desenvolvimento Sustentável · Estadual,-3.05706,-60.51488,-2.61898,-60.21751
conservacao,0000.13.0988,RESERVA DE DESENVOLVIMENTO SUSTENTÁVEL RIO AMAPÁ,reserva de desenvolvimento sustentavel rio amapa,AM,214313.47,Reserva de Desenvolvimento Sustentável · Estadual,-5.85457,-62.10118,-5.24637,-61.47397
conservacao,0000.11.4431,RESERVA DE DESENVOLVIMENTO SUSTENTÁVEL RIO MACHADO,reserva de desenvolvimento sustentavel rio machado,RO,9204.52,Reserva de Desenvolvimento Sustentável · Estadual,-8.70889,-62.49594,-8.47811,-62.27175
conservacao,0000.11.4430,RESERVA DE DESENVOLVIMENTO SUSTENTÁVEL SERRA GRANDE,reserva de desenvolvimento sustentavel serra grande,RO,23186.16,Reserva de Desenvolvimento Sustentável · Estadual,-12.41381,-64.49817,-12.30051,-64.26961
conservacao,0000.13.0989,RESERVA DE DESENVOLVIMENTO SUSTENTÁVEL UACARÍ,reserva de desenvolvimento sustentavel uacari,AM,620295.94,Reserva de Desenvolvimento Sustentável · Estadual,-6.05096,-68.31274,-5.36029,-66.9581
conservacao,0000.15.3480,RESERVA DE DESENVOLVIMENTO SUSTENTÁVEL VITÓRIA DE SOUZEL,reserva de desenvolvimento sustentavel vitoria de souzel,PA,22968.55,Reserva de Desenvolvimento Sustentável · Estadual,-2.90106,-52.06439,-2.64995,-51.88605
conservacao,0000.14.4398,RESERVA DE DESENVOLVIMENTO SUSTENTÁVEL XERIUINI,reserva de desenvolvimento sustentavel xeriuini,RR,1521174.37,Reserva de Desenvolvimento Sustentável · Estadual,-1.39439,-62.53289,1.20928,-61.33793
conservacao,0000.11.4641,RESERVA DE FAUNA PAU D'OLEO,reserva de fauna pau d'oleo,RO,10528.35,Reserva de Fauna · Estadual,-12.66355,-63.24526,-12.57207,-63.09898
conservacao,0000.32.1832,RESERVA ESTADUAL DE DESENVOLVIMENTO SUSTENTÁVEL CONCHA D´OSTRA,reserva estadual de desenvolvimento sustentavel concha d ostra,ES,953.66,Reserva de Desenvolvimento Sustentável · Estadual,-20.69557,-40.56223,-20.6513,-40.49822
conservacao,0000.31.0416,RESERVA ESTADUAL DE DESENVOLVIMENTO SUSTENTÁVEL VEREDAS DO ACARI,reserva estadual de desenvolvimento sustentavel veredas do acari,MG,59114.88,Reserva de Desenvolvimento Sustentável · Estadual,-15.82426,-45.60198,-15.51946,-45.2191
conservacao,0000.00.1563,RESERVA EXTRATIVISTA ACAÚ-GOIANA,reserva extrativista acau-goiana,"PB, PE",6708.62,Reserva Extrativista · Federal,-7.58391,-34.97914,-7.52455,-34.78797
conservacao,0000.11.0743,RESERVA EXTRATIVISTA ANGELIM,reserva extrativista angelim,RO,8928.84,Reserva Extrativista · Estadual,-9.39698,-62.37572,-9.2931,-62.23701
conservacao,0000.11.0754,RESERVA EXTRATIVISTA AQUARIQUARA,reserva extrativista aquariquara,RO,17922.57,Reserva Extrativista · Estadual,-9.78791,-62.16191,-9.59112,-61.97451
conservacao,0000.00.3654,RESERVA EXTRATIVISTA ARAPIRANGA-TROMAÍ,reserva extrativista arapiranga-tromai,MA,186933.97,Reserva Extrativista · Federal,-1.28988,-46.07337,-0.78095,-45.64981
conservacao,0000.00.0285,RESERVA EXTRATIVISTA ARAPIXI,reserva extrativista arapixi,AM,133705.05,Reserva Extrativista · Federal,-9.15319,-68.09514,-8.64946,-67.6388
conservacao,0000.00.0273,RESERVA EXTRATIVISTA ARIÓCA PRUANÃ,reserva extrativista arioca pruana,PA,83816.62,Reserva Extrativista · Federal,-2.56439,-50.11616,-2.122,-49.86672
conservacao,0000.00.0220,RESERVA EXTRATIVISTA AUATÍ-PARANÁ,reserva extrativista auati-parana,AM,141985.91,Reserva Extrativista · Federal,-2.38343,-66.7772,-1.83342,-65.98828
conservacao,0000.00.3693,RESERVA EXTRATIVISTA BAIXO RIO BRANCO-JAUAPERI,reserva extrativista baixo rio branco-jauaperi,"AM, RR",580621.06,Reserva Extrativista · Federal,-1.59097,-61.88941,-0.13506,-61.23373
conservacao,0000.00.0221,RESERVA EXTRATIVISTA BARREIRO DAS ANTAS,reserva extrativista barreiro das antas,RO,106110.99,Reserva Extrativista · Federal,-11.69425,-64.87823,-11.34398,-64.33592
conservacao,0000.13.1733,RESERVA EXTRATIVISTA CANUTAMA,reserva extrativista canutama,AM,197960.31,Reserva Extrativista · Estadual,-7.07465,-65.01203,-6.50062,-64.41692
conservacao,0000.11.0753,RESERVA EXTRATIVISTA CASTANHEIRA,reserva extrativista castanheira,RO,9924.23,Reserva Extrativista · Estadual,-9.59237,-62.25388,-9.47073,-62.13035
conservacao,0000.13.0991,RESERVA EXTRATIVISTA CATUÁ-IPIXUNA,reserva extrativista catua-ipixuna,AM,212321.56,Reserva Extrativista · Estadual,-4.16789,-64.69777,-3.66405,-63.75537
conservacao,0000.00.1564,RESERVA EXTRATIVISTA CHAPADA LIMPA,reserva extrativista chapada limpa,MA,11907.91,Reserva Extrativista · Federal,-4.02029,-43.59635,-3.86972,-43.46949
conservacao,0000.00.0222,RESERVA EXTRATIVISTA CHICO MENDES,reserva extrativista chico mendes,AC,931452.27,Reserva Extrativista · Federal,-10.97428,-69.80558,-10.09934,-67.93639
conservacao,0000.00.0223,RESERVA EXTRATIVISTA CHOCOARÉ-MATO GROSSO,reserva extrativista chocoare-mato grosso,PA,4617.83,Reserva Extrativista · Federal,-0.97709,-47.42241,-0.8095,-47.2803
conservacao,0000.11.0771,RESERVA EXTRATIVISTA CURRALINHO,reserva extrativista curralinho,RO,1756.65,Reserva Extrativista · Estadual,-12.50016,-64.29833,-12.44066,-64.24596
conservacao,0000.00.3653,RESERVA EXTRATIVISTA DA BAÍA DO TUBARÃO,reserva extrativista da baia do tubarao,MA,223922.86,Reserva Extrativista · Federal,-2.7383,-44.09065,-2.16459,-43.44245
conservacao,0000.00.0226,RESERVA EXTRATIVISTA DA MATA GRANDE,reserva extrativista da mata grande,MA,11431.44,Reserva Extrativista · Federal,-5.56416,-47.40703,-5.44098,-47.27349
conservacao,0000.00.0253,RESERVA EXTRATIVISTA DE CANAVIEIRAS,reserva extrativista de canavieiras,BA,100687.37,Reserva Extrativista · Federal,-15.84049,-39.00084,-15.36184,-38.68208
conservacao,0000.00.1808,RESERVA EXTRATIVISTA DE CASSURUBÁ,reserva extrativista de cassuruba,BA,100575.45,Reserva Extrativista · Federal,-18.06675,-39.49183,-17.63044,-38.99649
conservacao,0000.00.0279,RESERVA EXTRATIVISTA DE CURURUPU,reserva extrativista de cururupu,MA,185190.94,Reserva Extrativista · Federal,-1.83089,-45.08727,-1.2371,-44.54779
conservacao,0000.00.0286,RESERVA EXTRATIVISTA DE RECANTO DAS ARARAS DE TERRA RONCA,reserva extrativista de recanto das araras de terra ronca,GO,12349.24,Reserva Extrativista · Federal,-13.75555,-46.35543,-13.62254,-46.22976
conservacao,0000.00.0228,RESERVA EXTRATIVISTA DE SÃO JOÃO DA PONTA,reserva extrativista de sao joao da ponta,PA,3409.47,Reserva Extrativista · Federal,-0.89467,-48.0318,-0.76104,-47.90662
conservacao,0000.00.1517,RESERVA EXTRATIVISTA DO ALTO JURUÁ,reserva extrativista do alto jurua,AC,537979.87,Reserva Extrativista · Federal,-9.49218,-72.9071,-8.68494,-72.01108
conservacao,0000.00.0274,RESERVA EXTRATIVISTA DO ALTO TARAUACÁ,reserva extrativista do alto tarauaca,AC,154131.6,Reserva Extrativista · Federal,-9.25199,-72.16945,-8.61261,-71.67483
conservacao,0000.00.0230,RESERVA EXTRATIVISTA DO BAIXO JURUÁ,reserva extrativista do baixo jurua,AM,176572.04,Reserva Extrativista · Federal,-3.95785,-66.15112,-3.18186,-65.76316
conservacao,0000.00.0231,RESERVA EXTRATIVISTA DO BATOQUE,reserva extrativista do batoque,CE,601.43,Reserva Extrativista · Federal,-4.01168,-38.25846,-3.97639,-38.22378
conservacao,0000.00.0232,RESERVA EXTRATIVISTA DO CAZUMBÁ-IRACEMA,reserva extrativista do cazumba-iracema,AC,756926.53,Reserva Extrativista · Federal,-10.33589,-70.19372,-9.02245,-68.8399
conservacao,0000.00.1519,RESERVA EXTRATIVISTA DO CIRIACO,reserva extrativista do ciriaco,MA,8098.03,Reserva Extrativista · Federal,-5.32331,-47.86945,-5.20802,-47.76133
conservacao,0000.00.0240,RESERVA EXTRATIVISTA DO EXTREMO NORTE DO ESTADO DO TOCANTINS,reserva extrativista do extremo norte do estado do tocantins,TO,9070.08,Reserva Extrativista · Federal,-5.40481,-48.07811,-5.29041,-47.95758
conservacao,0000.13.0992,RESERVA EXTRATIVISTA DO GUARIBA,reserva extrativista do guariba,AM,148079.05,Reserva Extrativista · Estadual,-8.80119,-60.61288,-8.37221,-60.19344
conservacao,0000.11.0748,RESERVA EXTRATIVISTA DO ITAÚBA,reserva extrativista do itauba,RO,1815.34,Reserva Extrativista · Estadual,-9.7705,-62.22854,-9.7128,-62.17715
conservacao,0000.00.0242,RESERVA EXTRATIVISTA DO LAGO DO CAPANÃ GRANDE,reserva extrativista do lago do capana grande,AM,304896.51,Reserva Extrativista · Federal,-6.13035,-62.48183,-5.45086,-61.71799
conservacao,0000.00.0233,RESERVA EXTRATIVISTA DO LAGO DO CUNIÃ,reserva extrativista do lago do cunia,RO,76409.99,Reserva Extrativista · Federal,-8.49962,-63.74801,-8.08554,-63.33484
conservacao,0000.00.0234,RESERVA EXTRATIVISTA DO MANDIRA,reserva extrativista do mandira,SP,1177.81,Reserva Extrativista · Federal,-25.03153,-48.06038,-24.98438,-48.0029
conservacao,0000.00.0235,RESERVA EXTRATIVISTA DO MÉDIO JURUÁ,reserva extrativista do medio jurua,AM,286954.95,Reserva Extrativista · Federal,-5.61283,-67.83646,-4.90014,-67.09675
conservacao,0000.00.1606,RESERVA EXTRATIVISTA DO MÉDIO PURÚS,reserva extrativista do medio purus,AM,600547.32,Reserva Extrativista · Federal,-7.99404,-66.886,-7.13931,-64.78445
conservacao,0000.00.1520,RESERVA EXTRATIVISTA DO QUILOMBO FLEXAL,reserva extrativista do quilombo flexal,MA,9338.23,Reserva Extrativista · Federal,-2.07453,-44.87013,-2.0018,-44.73235
conservacao,0000.00.1518,RESERVA EXTRATIVISTA DO RIO CAJARI,reserva extrativista do rio cajari,AP,532393.64,Reserva Extrativista · Federal,-1.08612,-52.4184,-0.28029,-51.53428
conservacao,0000.00.0238,RESERVA EXTRATIVISTA DO RIO DO CAUTÁRIO,reserva extrativista do rio do cautario,RO,75125.03,Reserva Extrativista · Federal,-12.00691,-64.46839,-11.60362,-63.96342
conservacao,0000.13.1506,RESERVA EXTRATIVISTA DO RIO GREGÓRIO,reserva extrativista do rio gregorio,AM,424836.34,Reserva Extrativista · Estadual,-7.72712,-71.86597,-7.12736,-70.75074
conservacao,0000.00.0239,RESERVA EXTRATIVISTA DO RIO JUTAÍ,reserva extrativista do rio jutai,AM,275511.12,Reserva Extrativista · Federal,-3.86896,-67.58896,-3.05401,-67.05231
conservacao,0000.00.0256,RESERVA EXTRATIVISTA DO RIO OURO PRETO,reserva extrativista do rio ouro preto,RO,183986.47,Reserva Extrativista · Federal,-11.06805,-65.22042,-10.58924,-64.3706
conservacao,0000.00.4777,RESERVA EXTRATIVISTA FILHOS DO MANGUE,reserva extrativista filhos do mangue,PA,40538.72,Reserva Extrativista · Federal,-0.98509,-47.13432,-0.65155,-46.88331
conservacao,0000.11.0745,RESERVA EXTRATIVISTA FREIJÓ,reserva extrativista freijo,RO,600.69,Reserva Extrativista · Estadual,-9.59693,-62.12966,-9.57172,-62.09206
conservacao,0000.11.0757,RESERVA EXTRATIVISTA GARROTE,reserva extrativista garrote,RO,859.84,Reserva Extrativista · Estadual,-9.55758,-62.01851,-9.50664,-61.99313
conservacao,0000.51.0463,RESERVA EXTRATIVISTA GUARIBA-ROOSEVELT,reserva extrativista guariba-roosevelt,MT,163373.04,Reserva Extrativista · Estadual,-9.73667,-60.84655,-8.79662,-60.16503
conservacao,0000.00.0288,RESERVA EXTRATIVISTA GURUPÁ-MELGAÇO,reserva extrativista gurupa-melgaco,PA,145408.55,Reserva Extrativista · Federal,-1.64475,-51.57966,-1.11803,-51.00318
conservacao,0000.35.1685,RESERVA EXTRATIVISTA ILHA DO TUMBA,reserva extrativista ilha do tumba,SP,1126.64,Reserva Extrativista · Estadual,-25.22906,-48.02979,-25.17284,-47.99276
conservacao,0000.00.0241,RESERVA EXTRATIVISTA IPAÚ-ANILZINHO,reserva extrativista ipau-anilzinho,PA,55833.81,Reserva Extrativista · Federal,-3.32258,-49.85913,-2.99717,-49.6569
conservacao,0000.11.0749,RESERVA EXTRATIVISTA IPÊ,reserva extrativista ipe,RO,815.46,Reserva Extrativista · Estadual,-9.40339,-62.39988,-9.37497,-62.3623
conservacao,0000.00.3651,RESERVA EXTRATIVISTA ITAPETININGA,reserva extrativista itapetininga,MA,16293.89,Reserva Extrativista · Federal,-2.45085,-44.7801,-2.26052,-44.6378
conservacao,0000.00.1628,RESERVA EXTRATIVISTA ITUXÍ,reserva extrativista ituxi,AM,777381.62,Reserva Extrativista · Federal,-8.99886,-65.83179,-7.86421,-64.54513
conservacao,0000.11.0776,RESERVA EXTRATIVISTA JACI-PARANÁ,reserva extrativista jaci-parana,RO,197091.17,Reserva Extrativista · Estadual,-10.16611,-64.47717,-9.37808,-64.00079
conservacao,0000.11.0750,RESERVA EXTRATIVISTA JATOBÁ,reserva extrativista jatoba,RO,1253.03,Reserva Extrativista · Estadual,-9.75863,-62.25364,-9.70665,-62.21104
conservacao,0000.00.0287,RESERVA EXTRATIVISTA LAGO DO CEDRO,reserva extrativista lago do cedro,GO,17179.12,Reserva Extrativista · Federal,-14.86534,-51.08933,-14.61996,-50.94625
conservacao,0000.00.0243,RESERVA EXTRATIVISTA MÃE GRANDE DE CURUÇÁ,reserva extrativista mae grande de curuca,PA,36827.83,Reserva Extrativista · Federal,-0.89306,-47.98464,-0.53621,-47.75391
conservacao,0000.00.0244,RESERVA EXTRATIVISTA MAPUÁ,reserva extrativista mapua,PA,93757.53,Reserva Extrativista · Federal,-1.33154,-50.55684,-0.96027,-49.93574
conservacao,0000.00.0227,RESERVA EXTRATIVISTA MARACANÃ,reserva extrativista maracana,PA,30179.15,Reserva Extrativista · Federal,-0.979,-47.62167,-0.56955,-47.37496
conservacao,0000.11.0744,RESERVA EXTRATIVISTA MARACATIARA,reserva extrativista maracatiara,RO,9511.56,Reserva Extrativista · Estadual,-9.42402,-61.93157,-9.29871,-61.80677
conservacao,0000.00.0248,RESERVA EXTRATIVISTA MARINHA CAETÉ-TAPERAÇU,reserva extrativista marinha caete-taperacu,PA,42456.1,Reserva Extrativista · Federal,-1.04864,-46.82459,-0.77528,-46.5786
conservacao,0000.00.3134,RESERVA EXTRATIVISTA MARINHA CUINARANA,reserva extrativista marinha cuinarana,PA,11036.17,Reserva Extrativista · Federal,-0.87038,-47.7302,-0.68999,-47.56784
conservacao,0000.00.0245,RESERVA EXTRATIVISTA MARINHA DA BAÍA DO IGUAPE,reserva extrativista marinha da baia do iguape,BA,10082.52,Reserva Extrativista · Federal,-12.87436,-38.95386,-12.63984,-38.83266
conservacao,0000.00.0246,RESERVA EXTRATIVISTA MARINHA DA LAGOA DO JEQUIÁ,reserva extrativista marinha da lagoa do jequia,AL,10183.28,Reserva Extrativista · Federal,-10.0856,-36.10528,-9.91648,-35.92023
conservacao,0000.00.0247,RESERVA EXTRATIVISTA MARINHA DE ARAÍ-PEROBA,reserva extrativista marinha de arai-peroba,PA,62577.06,Reserva Extrativista · Federal,-1.14092,-46.64801,-0.85094,-46.32718
conservacao,0000.00.0249,RESERVA EXTRATIVISTA MARINHA DE GURUPI-PIRIÁ,reserva extrativista marinha de gurupi-piria,PA,72789.21,Reserva Extrativista · Federal,-1.30369,-46.35376,-0.87049,-46.07206
conservacao,0000.33.2981,RESERVA EXTRATIVISTA MARINHA DE ITAIPU,reserva extrativista marinha de itaipu,RJ,3942.55,Reserva Extrativista · Estadual,-23.01097,-43.10591,-22.95286,-43.01631
conservacao,0000.00.0254,RESERVA EXTRATIVISTA MARINHA DE SOURE,reserva extrativista marinha de soure,PA,29578.57,Reserva Extrativista · Federal,-0.75952,-48.58082,-0.21576,-48.35724
conservacao,0000.00.0250,RESERVA EXTRATIVISTA MARINHA DE TRACUATEUA,reserva extrativista marinha de tracuateua,PA,27864.3,Reserva Extrativista · Federal,-0.99155,-47.00859,-0.72229,-46.79362
conservacao,0000.00.0251,RESERVA EXTRATIVISTA MARINHA DO ARRAIAL DO CABO,reserva extrativista marinha do arraial do cabo,RJ,51852.84,Reserva Extrativista · Federal,-23.06667,-42.30061,-22.93333,-41.92506
conservacao,0000.00.0252,RESERVA EXTRATIVISTA MARINHA DO CORUMBAU,reserva extrativista marinha do corumbau,BA,89995.88,Reserva Extrativista · Federal,-17.22518,-39.22639,-16.72281,-38.972
conservacao,0000.00.0225,RESERVA EXTRATIVISTA MARINHA DO DELTA DO PARNAÍBA,reserva extrativista marinha do delta do parnaiba,"MA, PI",27021.48,Reserva Extrativista · Federal,-2.86775,-42.08167,-2.7149,-41.81919
conservacao,0000.00.0255,RESERVA EXTRATIVISTA MARINHA DO PIRAJUBAÉ,reserva extrativista marinha do pirajubae,SC,1686.85,Reserva Extrativista · Federal,-27.67795,-48.57174,-27.624,-48.502
conservacao,0000.00.3133,RESERVA EXTRATIVISTA MARINHA MESTRE LUCINDO,reserva extrativista marinha mestre lucindo,PA,26465.13,Reserva Extrativista · Federal,-0.88887,-47.77877,-0.51926,-47.60134
conservacao,0000.00.3132,RESERVA EXTRATIVISTA MARINHA MOCAPAJUBA,reserva extrativista marinha mocapajuba,PA,21027.63,Reserva Extrativista · Federal,-0.86424,-48.14523,-0.64126,-47.95533
conservacao,0000.11.0751,RESERVA EXTRATIVISTA MASSARANDUBA,reserva extrativista massaranduba,RO,5568.46,Reserva Extrativista · Estadual,-9.53632,-61.97259,-9.44658,-61.86857
conservacao,0000.11.0747,RESERVA EXTRATIVISTA MOGNO,reserva extrativista mogno,RO,2451.69,Reserva Extrativista · Estadual,-9.36879,-62.1394,-9.30932,-62.05944
conservacao,0015.16.2588,RESERVA EXTRATIVISTA MUNICIPAL BEIJA FLOR BRILHO DE FOGO,reserva extrativista municipal beija flor brilho de fogo,AP,68220.27,Reserva Extrativista · Municipal,0.7088,-52.49898,0.9528,-52.11918
conservacao,0000.11.0773,RESERVA EXTRATIVISTA PEDRAS NEGRAS,reserva extrativista pedras negras,RO,124281.48,Reserva Extrativista · Estadual,-13.01686,-63.13142,-12.57181,-62.5947
conservacao,0000.11.0746,RESERVA EXTRATIVISTA PIQUIÁ,reserva extrativista piquia,RO,1449.77,Reserva Extrativista · Estadual,-9.65863,-62.18117,-9.59806,-62.13172
conservacao,0000.00.1809,RESERVA EXTRATIVISTA PRAINHA DO CANTO VERDE,reserva extrativista prainha do canto verde,CE,29804.78,Reserva Extrativista · Federal,-4.33731,-37.95876,-4.0796,-37.70496
conservacao,0000.00.1810,RESERVA EXTRATIVISTA RENASCER,reserva extrativista renascer,PA,209656.3,Reserva Extrativista · Federal,-2.52664,-53.65475,-1.98796,-53.22167
conservacao,0000.11.0775,RESERVA EXTRATIVISTA RIO CAUTÁRIO,reserva extrativista rio cautario,RO,148485.4,Reserva Extrativista · Estadual,-12.28085,-64.75656,-11.71881,-63.88703
conservacao,0000.00.0280,RESERVA EXTRATIVISTA RIO IRIRI,reserva extrativista rio iriri,PA,394477.85,Reserva Extrativista · Federal,-5.47795,-54.83362,-4.39283,-53.6174
conservacao,0000.11.0772,RESERVA EXTRATIVISTA RIO PACAÁS NOVOS,reserva extrativista rio pacaas novos,RO,346242.96,Reserva Extrativista · Estadual,-11.50793,-65.15258,-10.86231,-63.84257
conservacao,0000.11.0777,RESERVA EXTRATIVISTA RIO PRETO-JACUNDÁ,reserva extrativista rio preto-jacunda,RO,101351.73,Reserva Extrativista · Estadual,-9.13258,-62.44565,-8.67499,-62.07761
conservacao,0000.00.0283,RESERVA EXTRATIVISTA RIO UNINI,reserva extrativista rio unini,AM,849679.76,Reserva Extrativista · Federal,-2.00954,-64.97999,-1.36966,-61.51973
conservacao,0000.00.1635,RESERVA EXTRATIVISTA RIO XINGU,reserva extrativista rio xingu,PA,301049.58,Reserva Extrativista · Federal,-5.67693,-53.0738,-4.34971,-52.63731
conservacao,0000.00.0257,RESERVA EXTRATIVISTA RIOZINHO DA LIBERDADE,reserva extrativista riozinho da liberdade,AC,324899.93,Reserva Extrativista · Federal,-8.77972,-72.33071,-7.70965,-71.87087
conservacao,0000.00.0258,RESERVA EXTRATIVISTA RIOZINHO DO ANFRÍSIO,reserva extrativista riozinho do anfrisio,PA,737031.01,Reserva Extrativista · Federal,-5.40258,-55.62387,-4.4098,-54.55175
conservacao,0000.11.0755,RESERVA EXTRATIVISTA ROXINHO,reserva extrativista roxinho,RO,963.64,Reserva Extrativista · Estadual,-9.59738,-62.08852,-9.55448,-62.04878
conservacao,0000.11.0756,RESERVA EXTRATIVISTA SERINGUEIRA,reserva extrativista seringueira,RO,556.19,Reserva Extrativista · Estadual,-9.57255,-62.05447,-9.53351,-62.02381
conservacao,0000.11.0752,RESERVA EXTRATIVISTA SUCUPIRA,reserva extrativista sucupira,RO,3057.9,Reserva Extrativista · Estadual,-9.44641,-62.24386,-9.37705,-62.17301
conservacao,0000.00.0259,RESERVA EXTRATIVISTA TAPAJÓS-ARAPIUNS,reserva extrativista tapajos-arapiuns,PA,677317.56,Reserva Extrativista · Federal,-3.69842,-56.00048,-2.31722,-55.01357
conservacao,0000.35.1686,RESERVA EXTRATIVISTA TAQUARI,reserva extrativista taquari,SP,1660.3,Reserva Extrativista · Estadual,-25.09121,-48.08345,-25.02928,-48.01343
conservacao,0000.00.0282,RESERVA EXTRATIVISTA TERRA GRANDE-PRACUÚBA,reserva extrativista terra grande-pracuuba,PA,194855.83,Reserva Extrativista · Federal,-1.60414,-50.29276,-1.08342,-49.52695
conservacao,0000.00.0260,RESERVA EXTRATIVISTA VERDE PARA SEMPRE,reserva extrativista verde para sempre,PA,1289292.23,Reserva Extrativista · Federal,-2.76325,-53.3851,-1.5219,-52.10921
conservacao,0000.00.4780,RESERVA EXTRATIVISTA VIRIANDEUA,reserva extrativista viriandeua,PA,34169.47,Reserva Extrativista · Federal,-0.84922,-47.43183,-0.61181,-47.04602
conservacao,0620.33.4390,RESERVA PARTICULAR DE PATRIMÔNIO NATURAL MUNICIPAL MAURO ROMANO,reserva particular de patrimonio natural municipal mauro romano,RJ,2.21,Reserva Particular do Patrimônio Natural · Municipal,-22.26608,-43.37289,-22.2641,-43.37122
conservacao,0000.26.4889,RESERVA PARTICULAR DE PATRIMÔNIO NATURAL QUIZANGA,reserva particular de patrimonio natural quizanga,PE,713.03,Reserva Particular do Patrimônio Natural · Estadual,-7.96824,-35.08117,-7.92664,-35.0431
conservacao,0000.52.5307,RESERVA PARTICULAR DO PATRIMÔNIO  NATURAL GOIÁS SUL PARTE A E  PARTE B,reserva particular do patrimonio  natural goias sul parte a e  parte b,GO,300.11,Reserva Particular do Patrimônio Natural · Estadual,-18.17573,-48.27022,-18.15381,-48.24539
conservacao,0000.52.5306,RESERVA PARTICULAR DO PATRIMÔNIO  NATURAL RENASCER,reserva particular do patrimonio  natural renascer,GO,9.69,Reserva Particular do Patrimônio Natural · Estadual,-14.05974,-47.45494,-14.05578,-47.45053
conservacao,0000.31.3932,RESERVA PARTICULAR DO PATRIMÔNIO CARLOS SILVÉRIO DA ROCHA DE PROTEÇÃO AO MEIO AMBIENTE E DESENVOLVIMENTO SUSTENTÁVEL,reserva particular do patrimonio carlos silverio da rocha de protecao ao meio ambiente e desenvolvimento sustentavel,MG,57.6,Reserva Particular do Patrimônio Natural · Estadual,-22.45623,-46.37212,-22.44568,-46.36045
conservacao,0000.27.4975,RESERVA PARTICULAR DO PATRIMÔNIO MATA DA SUIÇA II,reserva particular do patrimonio mata da suica ii,AL,9.09,Reserva Particular do Patrimônio Natural · Estadual,-9.31776,-36.47624,-9.3132,-36.47305
conservacao,0000.32.3451,RESERVA PARTICULAR DO PATRIMÔNIO NATARUAL URUÇU CAPIXABA,reserva particular do patrimonio natarual urucu capixaba,ES,4.0,Reserva Particular do Patrimônio Natural · Estadual,-20.33209,-40.7298,-20.331,-40.72638
conservacao,0000.35.3387,RESERVA PARTICULAR DO PATRIMÔNIO NATURA BOTUJURU-SERRA DO ITAPETY,reserva particular do patrimonio natura botujuru-serra do itapety,SP,444.18,Reserva Particular do Patrimônio Natural · Estadual,-23.48942,-46.18945,-23.46449,-46.15068
conservacao,0000.00.4514,RESERVA PARTICULAR DO PATRIMÔNIO NATURAL  CHAPÉU DO SOL,reserva particular do patrimonio natural  chapeu do sol,GO,6.72,Reserva Particular do Patrimônio Natural · Federal,-16.73228,-47.55708,-16.729,-47.55398
conservacao,0000.00.1115,RESERVA PARTICULAR DO PATRIMÔNIO NATURAL  FAZENDA CURUPIRA,reserva particular do patrimonio natural  fazenda curupira,RS,98.9,Reserva Particular do Patrimônio Natural · Federal,-31.89721,-52.88807,-31.88712,-52.87616
conservacao,0000.33.4540,RESERVA PARTICULAR DO PATRIMÔNIO NATURAL  MATA DO GAITÓ,reserva particular do patrimonio natural  mata do gaito,RJ,80.69,Reserva Particular do Patrimônio Natural · Estadual,-22.43842,-43.94478,-22.42947,-43.92731
conservacao,0000.00.1274,RESERVA PARTICULAR DO PATRIMÔNIO NATURAL  MORRO DA CRUZ DAS ALMAS,reserva particular do patrimonio natural  morro da cruz das almas,MG,72.93,Reserva Particular do Patrimônio Natural · Federal,-17.18087,-46.88539,-17.17213,-46.8763
conservacao,0000.33.4541,RESERVA PARTICULAR DO PATRIMÔNIO NATURAL  REGUA IV,reserva particular do patrimonio natural  regua iv,RJ,862.28,Reserva Particular do Patrimônio Natural · Estadual,-22.43462,-42.76845,-22.41088,-42.73515
conservacao,0000.00.2201,RESERVA PARTICULAR DO PATRIMÔNIO NATURAL  RIO DOS PILÕES,reserva particular do patrimonio natural  rio dos piloes,SP,384.89,Reserva Particular do Patrimônio Natural · Federal,-23.30764,-46.31114,-23.27995,-46.27935
conservacao,0000.52.5237,RESERVA PARTICULAR DO PATRIMÔNIO NATURAL  SANTO    INÁCIO,reserva particular do patrimonio natural  santo    inacio,GO,6.97,Reserva Particular do Patrimônio Natural · Estadual,-16.24051,-49.94726,-16.23853,-49.94399
conservacao,0000.00.1258,RESERVA PARTICULAR DO PATRIMÔNIO NATURAL - RESERVA ECOLÓGICA DO PANGA,reserva particular do patrimonio natural - reserva ecologica do panga,MG,406.24,Reserva Particular do Patrimônio Natural · Federal,-19.16632,-48.40019,-19.14572,-48.37849
conservacao,0000.00.5182,RESERVA PARTICULAR DO PATRIMÔNIO NATURAL - RPPN CORREDOR JENNIFER MICKELBERG,reserva particular do patrimonio natural - rppn corredor jennifer mickelberg,RJ,97.66,Reserva Particular do Patrimônio Natural · Federal,-22.57392,-42.56461,-22.56368,-42.55
conservacao,0000.31.3877,RESERVA PARTICULAR DO PATRIMÔNIO NATURAL 07 DE OUTUBRO,reserva particular do patrimonio natural 07 de outubro,MG,5.22,Reserva Particular do Patrimônio Natural · Estadual,-19.19521,-41.43041,-19.18815,-41.42821
conservacao,3856.33.4826,RESERVA PARTICULAR DO PATRIMÔNIO NATURAL ? RPPN CANTAGALO,reserva particular do patrimonio natural ? rppn cantagalo,RJ,3.03,Reserva Particular do Patrimônio Natural · Municipal,-22.3847,-43.31394,-22.38316,-43.31193
conservacao,0000.00.1421,RESERVA PARTICULAR DO PATRIMÔNIO NATURAL ADÍLIA PARAGUASSU BATISTA,reserva particular do patrimonio natural adilia paraguassu batista,BA,69.42,Reserva Particular do Patrimônio Natural · Federal,-13.00644,-41.39282,-12.99792,-41.38411
conservacao,0000.27.4949,RESERVA PARTICULAR DO PATRIMÔNIO NATURAL AFRÂNIO MENEZES,reserva particular do patrimonio natural afranio menezes,AL,220.38,Reserva Particular do Patrimônio Natural · Estadual,-10.02229,-36.30148,-9.98933,-36.27001
conservacao,0000.00.1133,RESERVA PARTICULAR DO PATRIMÔNIO NATURAL ÁGUA BOA,reserva particular do patrimonio natural agua boa,RO,45.42,Reserva Particular do Patrimônio Natural · Federal,-11.4899,-61.44823,-11.48315,-61.44111
conservacao,0000.00.1043,RESERVA PARTICULAR DO PATRIMÔNIO NATURAL ÁGUA BONITA,reserva particular do patrimonio natural agua bonita,TO,307.67,Reserva Particular do Patrimônio Natural · Federal,-9.58347,-49.17948,-9.56557,-49.16145
conservacao,0000.00.3094,RESERVA PARTICULAR DO PATRIMÔNIO NATURAL ÁGUAS CLARAS,reserva particular do patrimonio natural aguas claras,SP,14.07,Reserva Particular do Patrimônio Natural · Federal,-23.31476,-45.23092,-23.30882,-45.22473
conservacao,0000.33.2280,RESERVA PARTICULAR DO PATRIMÔNIO NATURAL AGUAS CLARAS I,reserva particular do patrimonio natural aguas claras i,RJ,2.1,Reserva Particular do Patrimônio Natural · Estadual,-22.08186,-41.96124,-22.08026,-41.95893
conservacao,0000.33.2277,RESERVA PARTICULAR DO PATRIMÔNIO NATURAL AGUAS CLARAS II,reserva particular do patrimonio natural aguas claras ii,RJ,3.49,Reserva Particular do Patrimônio Natural · Estadual,-22.08052,-41.96696,-22.07909,-41.96234
conservacao,0000.52.5305,RESERVA PARTICULAR DO PATRIMÔNIO NATURAL ÁGUAS DA  MANHANA,reserva particular do patrimonio natural aguas da  manhana,GO,13.52,Reserva Particular do Patrimônio Natural · Estadual,-14.06329,-47.46515,-14.05694,-47.46189
conservacao,0000.32.2343,RESERVA PARTICULAR DO PATRIMÔNIO NATURAL ÁGUAS DO CAPARAÓ,reserva particular do patrimonio natural aguas do caparao,ES,0.86,Reserva Particular do Patrimônio Natural · Estadual,-20.60195,-41.77996,-20.59948,-41.77855
conservacao,0000.33.2265,RESERVA PARTICULAR DO PATRIMÔNIO NATURAL ÁGUAS VERTENTES,reserva particular do patrimonio natural aguas vertentes,RJ,0.0,Reserva Particular do Patrimônio Natural · Estadual,-22.50578,-42.46512,-22.50063,-42.45973
conservacao,0000.31.4745,RESERVA PARTICULAR DO PATRIMÔNIO NATURAL ÁGUAS VIVAS,reserva particular do patrimonio natural aguas vivas,MG,27.96,Reserva Particular do Patrimônio Natural · Estadual,-18.82353,-48.11665,-18.81515,-48.11195
conservacao,0000.32.3523,RESERVA PARTICULAR DO PATRIMÔNIO NATURAL ÁGUIA BRANCA,reserva particular do patrimonio natural aguia branca,ES,1697.58,Reserva Particular do Patrimônio Natural · Estadual,-20.51388,-41.04133,-20.46263,-40.96497
conservacao,0000.00.4522,RESERVA PARTICULAR DO PATRIMÔNIO NATURAL AJURICABA,reserva particular do patrimonio natural ajuricaba,AM,302.37,Reserva Particular do Patrimônio Natural · Federal,-0.59832,-63.38221,-0.56965,-63.33583
conservacao,0000.31.3886,RESERVA PARTICULAR DO PATRIMÔNIO NATURAL ALBERT SCHARLE,reserva particular do patrimonio natural albert scharle,MG,93.87,Reserva Particular do Patrimônio Natural · Estadual,-19.91316,-43.84067,-19.90176,-43.82282
conservacao,0000.23.4874,RESERVA PARTICULAR DO PATRIMÔNIO NATURAL ALDEIA DA LUZ,reserva particular do patrimonio natural aldeia da luz,CE,6.6,Reserva Particular do Patrimônio Natural · Estadual,-7.12605,-39.53449,-7.12199,-39.53227
conservacao,0000.27.1607,RESERVA PARTICULAR DO PATRIMÔNIO NATURAL ALDEIA VERDE,reserva particular do patrimonio natural aldeia verde,AL,19.22,Reserva Particular do Patrimônio Natural · Estadual,-9.57643,-35.69784,-9.5699,-35.69264
conservacao,0000.00.1186,RESERVA PARTICULAR DO PATRIMÔNIO NATURAL ALEGRETE,reserva particular do patrimonio natural alegrete,PR,151.67,Reserva Particular do Patrimônio Natural · Federal,-25.46816,-49.82638,-25.4556,-49.81251
conservacao,0000.50.1666,RESERVA PARTICULAR DO PATRIMÔNIO NATURAL ALEGRIA,reserva particular do patrimonio natural alegria,MS,1136.27,Reserva Particular do Patrimônio Natural · Estadual,-19.10156,-56.80604,-19.05662,-56.74322
conservacao,0000.31.4773,RESERVA PARTICULAR DO PATRIMÔNIO NATURAL ALESSANDRA BELLO VICINTIN,reserva particular do patrimonio natural alessandra bello vicintin,MG,11775.11,Reserva Particular do Patrimônio Natural · Estadual,-15.4358,-45.21391,-15.27533,-45.02404
conservacao,0000.27.5087,RESERVA PARTICULAR DO PATRIMÔNIO NATURAL ALFREDO ELIAS DA ROSA OITICICA,reserva particular do patrimonio natural alfredo elias da rosa oiticica,AL,262.98,Reserva Particular do Patrimônio Natural · Estadual,-9.43356,-35.81702,-9.40235,-35.7788
conservacao,0000.00.2069,RESERVA PARTICULAR DO PATRIMÔNIO NATURAL ALIMERCINO GOMES CARVALHO,reserva particular do patrimonio natural alimercino gomes carvalho,ES,6.01,Reserva Particular do Patrimônio Natural · Federal,-20.69419,-41.65851,-20.69203,-41.65548
conservacao,0000.00.2664,RESERVA PARTICULAR DO PATRIMÔNIO NATURAL ALMIRANTE RENATO DE MIRANDA MONTEIRO,reserva particular do patrimonio natural almirante renato de miranda monteiro,CE,219.89,Reserva Particular do Patrimônio Natural · Federal,-5.68514,-40.79542,-5.67313,-40.76978
conservacao,0000.31.4727,RESERVA PARTICULAR DO PATRIMÔNIO NATURAL ALTO ALEGRE,reserva particular do patrimonio natural alto alegre,MG,25.55,Reserva Particular do Patrimônio Natural · Estadual,-22.25056,-46.6498,-22.24392,-46.64297
conservacao,0000.00.1277,RESERVA PARTICULAR DO PATRIMÔNIO NATURAL ALTO DA BOA VISTA,reserva particular do patrimonio natural alto da boa vista,MG,21.85,Reserva Particular do Patrimônio Natural · Federal,-21.37732,-42.93436,-21.37254,-42.92925
conservacao,0000.00.3089,RESERVA PARTICULAR DO PATRIMÔNIO NATURAL ALTO DA BOA VISTA - RESGATE VIII,reserva particular do patrimonio natural alto da boa vista - resgate viii,RJ,29.8,Reserva Particular do Patrimônio Natural · Federal,-22.19317,-42.56639,-22.18621,-42.55997
conservacao,0000.31.2370,RESERVA PARTICULAR DO PATRIMÔNIO NATURAL ALTO DA BOA VISTA II,reserva particular do patrimonio natural alto da boa vista ii,MG,7.27,Reserva Particular do Patrimônio Natural · Estadual,-21.38291,-42.93727,-21.37435,-42.92939
conservacao,0000.00.2685,RESERVA PARTICULAR DO PATRIMÔNIO NATURAL ALTO DA MANTIQUEIRA,reserva particular do patrimonio natural alto da mantiqueira,MG,20.28,Reserva Particular do Patrimônio Natural · Federal,-22.62705,-45.38895,-22.62279,-45.37984
conservacao,0000.32.2354,RESERVA PARTICULAR DO PATRIMÔNIO NATURAL ALTO DA SERRA,reserva particular do patrimonio natural alto da serra,ES,10.2,Reserva Particular do Patrimônio Natural · Estadual,-20.39077,-41.47627,-20.38426,-41.47326
conservacao,0000.31.2371,RESERVA PARTICULAR DO PATRIMÔNIO NATURAL ALTO DO PALACIO,reserva particular do patrimonio natural alto do palacio,MG,280.52,Reserva Particular do Patrimônio Natural · Estadual,-19.28872,-43.57069,-19.262,-43.54911
conservacao,0000.32.3457,RESERVA PARTICULAR DO PATRIMÔNIO NATURAL ALTO GURURU,reserva particular do patrimonio natural alto gururu,ES,4.64,Reserva Particular do Patrimônio Natural · Estadual,-20.62156,-40.75845,-20.61643,-40.75467
conservacao,0000.31.2374,RESERVA PARTICULAR DO PATRIMÔNIO NATURAL ALTO RIO GRANDE,reserva particular do patrimonio natural alto rio grande,MG,32.82,Reserva Particular do Patrimônio Natural · Estadual,-22.23859,-44.5766,-22.22964,-44.56716
conservacao,0000.31.3893,RESERVA PARTICULAR DO PATRIMÔNIO NATURAL ALTO SERENO,reserva particular do patrimonio natural alto sereno,MG,21.7,Reserva Particular do Patrimônio Natural · Estadual,-21.60285,-42.74042,-21.5972,-42.73344
conservacao,0000.33.2639,RESERVA PARTICULAR DO PATRIMÔNIO NATURAL ALVORADA DO ITAVERÁ,reserva particular do patrimonio natural alvorada do itavera,RJ,160.56,Reserva Particular do Patrimônio Natural · Estadual,-22.83805,-43.89713,-22.82012,-43.88449
conservacao,0000.00.1383,RESERVA PARTICULAR DO PATRIMÔNIO NATURAL AMBIENTALISTA FRANCY NUNES,reserva particular do patrimonio natural ambientalista francy nunes,CE,1034.15,Reserva Particular do Patrimônio Natural · Federal,-4.03315,-39.49045,-4.00371,-39.46101
conservacao,0000.29.4240,RESERVA PARTICULAR DO PATRIMÔNIO NATURAL AMETISTA,reserva particular do patrimonio natural ametista,BA,1.88,Reserva Particular do Patrimônio Natural · Estadual,-11.16855,-40.48865,-11.16737,-40.48537
conservacao,0000.00.1316,RESERVA PARTICULAR DO PATRIMÔNIO NATURAL AMOREIRA,reserva particular do patrimonio natural amoreira,MA,346.75,Reserva Particular do Patrimônio Natural · Federal,-2.97617,-44.23009,-2.95711,-44.21113
conservacao,0000.00.3098,RESERVA PARTICULAR DO PATRIMÔNIO NATURAL AMPLUS LUCIDUS,reserva particular do patrimonio natural amplus lucidus,SC,13.55,Reserva Particular do Patrimônio Natural · Federal,-27.77574,-48.95837,-27.7723,-48.95278
conservacao,0000.31.3894,RESERVA PARTICULAR DO PATRIMÔNIO NATURAL ANA HELENA,reserva particular do patrimonio natural ana helena,MG,62.24,Reserva Particular do Patrimônio Natural · Estadual,-20.64455,-43.56695,-20.63554,-43.55485
conservacao,0000.31.3817,RESERVA PARTICULAR DO PATRIMÔNIO NATURAL ANGLOGOLD ASHANTI - CUIABÁ,reserva particular do patrimonio natural anglogold ashanti - cuiaba,MG,726.59,Reserva Particular do Patrimônio Natural · Estadual,-19.84628,-43.73743,-19.82178,-43.6974
conservacao,0000.27.4205,RESERVA PARTICULAR DO PATRIMÔNIO NATURAL ANHUMAS I,reserva particular do patrimonio natural anhumas i,AL,71.55,Reserva Particular do Patrimônio Natural · Estadual,-9.17563,-36.13462,-9.16557,-36.12268
conservacao,0000.27.4206,RESERVA PARTICULAR DO PATRIMÔNIO NATURAL ANHUMAS III,reserva particular do patrimonio natural anhumas iii,AL,40.17,Reserva Particular do Patrimônio Natural · Estadual,-9.17311,-36.12492,-9.1612,-36.11886
conservacao,0000.00.1096,RESERVA PARTICULAR DO PATRIMÔNIO NATURAL ANO BOM,reserva particular do patrimonio natural ano bom,SC,87.17,Reserva Particular do Patrimônio Natural · Federal,-26.3387,-49.1863,-26.32917,-49.17571
conservacao,0000.00.4528,RESERVA PARTICULAR DO PATRIMÔNIO NATURAL ANTENOR RIVAL CREMA,reserva particular do patrimonio natural antenor rival crema,PR,133.14,Reserva Particular do Patrimônio Natural · Federal,-25.1853,-48.93163,-25.16815,-48.91958
conservacao,0000.27.5086,RESERVA PARTICULAR DO PATRIMÔNIO NATURAL ANTÔNIO COUTINHO,reserva particular do patrimonio natural antonio coutinho,AL,472.61,Reserva Particular do Patrimônio Natural · Estadual,-9.95604,-36.12475,-9.91448,-36.10559
conservacao,0000.31.2375,RESERVA PARTICULAR DO PATRIMÔNIO NATURAL ANTÔNIO LOPES MERSON,reserva particular do patrimonio natural antonio lopes merson,MG,258.87,Reserva Particular do Patrimônio Natural · Estadual,-17.54381,-41.78553,-17.52213,-41.76687
conservacao,0000.00.1342,RESERVA PARTICULAR DO PATRIMÔNIO NATURAL APA DA LAGOA,reserva particular do patrimonio natural apa da lagoa,GO,55.19,Reserva Particular do Patrimônio Natural · Federal,-15.30492,-47.64712,-15.29734,-47.63932
conservacao,0000.27.3869,RESERVA PARTICULAR DO PATRIMÔNIO NATURAL APOLINÁRIO,reserva particular do patrimonio natural apolinario,AL,119.05,Reserva Particular do Patrimônio Natural · Estadual,-9.39704,-35.65554,-9.38315,-35.63083
conservacao,0000.23.4275,RESERVA PARTICULAR DO PATRIMÔNIO NATURAL AQUIRAZ RIVIERA,reserva particular do patrimonio natural aquiraz riviera,CE,40.71,Reserva Particular do Patrimônio Natural · Estadual,-3.93796,-38.33688,-3.92895,-38.32584
conservacao,0000.23.4912,RESERVA PARTICULAR DO PATRIMÔNIO NATURAL AQUIRAZ RIVIERA,reserva particular do patrimonio natural aquiraz riviera,CE,40.71,Reserva Particular do Patrimônio Natural · Estadual,-3.93796,-38.33688,-3.92894,-38.32584
conservacao,0000.00.4529,RESERVA PARTICULAR DO PATRIMÔNIO NATURAL ARAÇÁ,reserva particular do patrimonio natural araca,CE,10.97,Reserva Particular do Patrimônio Natural · Federal,-7.23979,-39.47487,-7.23615,-39.47016
conservacao,0000.00.1413,RESERVA PARTICULAR DO PATRIMÔNIO NATURAL ARAÇARI,reserva particular do patrimonio natural aracari,BA,108.73,Reserva Particular do Patrimônio Natural · Federal,-14.31371,-38.99564,-14.30307,-38.98467
conservacao,0000.00.1385,RESERVA PARTICULAR DO PATRIMÔNIO NATURAL ARAJARA PARK,reserva particular do patrimonio natural arajara park,CE,27.5,Reserva Particular do Patrimônio Natural · Federal,-7.32813,-39.41386,-7.32277,-39.40847
conservacao,0000.00.1243,RESERVA PARTICULAR DO PATRIMÔNIO NATURAL ARARA AZUL,reserva particular do patrimonio natural arara azul,MS,286.07,Reserva Particular do Patrimônio Natural · Federal,-18.77209,-57.49383,-18.75485,-57.47573
conservacao,0000.00.1263,RESERVA PARTICULAR DO PATRIMÔNIO NATURAL ARARA VERMELHA,reserva particular do patrimonio natural arara vermelha,MG,254.43,Reserva Particular do Patrimônio Natural · Federal,-15.45631,-45.83002,-15.4368,-45.80262
conservacao,0000.31.4919,RESERVA PARTICULAR DO PATRIMÔNIO NATURAL ARAUCÁRIA,reserva particular do patrimonio natural araucaria,MG,47.06,Reserva Particular do Patrimônio Natural · Estadual,-22.16989,-44.32693,-22.16254,-44.31696
conservacao,0000.29.3388,RESERVA PARTICULAR DO PATRIMÔNIO NATURAL ARCO VERDE,reserva particular do patrimonio natural arco verde,BA,153.04,Reserva Particular do Patrimônio Natural · Estadual,-13.4097,-40.3662,-13.39421,-40.34728
conservacao,0000.00.4496,RESERVA PARTICULAR DO PATRIMÔNIO NATURAL ARIVAL ANTÔNIO ZARDO,reserva particular do patrimonio natural arival antonio zardo,MS,211.72,Reserva Particular do Patrimônio Natural · Federal,-18.88352,-52.75607,-18.85895,-52.74286
conservacao,0000.00.3665,RESERVA PARTICULAR DO PATRIMÔNIO NATURAL ARMIL,reserva particular do patrimonio natural armil,PB,5.1,Reserva Particular do Patrimônio Natural · Federal,-6.83751,-37.18981,-6.83554,-37.18624
conservacao,0000.29.4402,RESERVA PARTICULAR DO PATRIMÔNIO NATURAL ARUÁ,reserva particular do patrimonio natural arua,BA,0.11,Reserva Particular do Patrimônio Natural · Estadual,-12.55689,-38.03655,-12.55663,-38.03619
conservacao,0000.00.4550,RESERVA PARTICULAR DO PATRIMÔNIO NATURAL ASEPI,reserva particular do patrimonio natural asepi,GO,52.88,Reserva Particular do Patrimônio Natural · Federal,-15.81795,-48.91133,-15.79823,-48.89405
conservacao,0000.00.4462,RESERVA PARTICULAR DO PATRIMÔNIO NATURAL AVÁ-CANOEIRO,reserva particular do patrimonio natural ava-canoeiro,GO,1016.52,Reserva Particular do Patrimônio Natural · Federal,-13.84309,-47.53175,-13.79575,-47.49163
conservacao,0000.31.3896,RESERVA PARTICULAR DO PATRIMÔNIO NATURAL AVE LAVRINHA I,reserva particular do patrimonio natural ave lavrinha i,MG,23.22,Reserva Particular do Patrimônio Natural · Estadual,-22.12063,-44.45882,-22.11458,-44.45293
conservacao,0000.00.3073,RESERVA PARTICULAR DO PATRIMÔNIO NATURAL AVE NATURA,reserva particular do patrimonio natural ave natura,BA,44.07,Reserva Particular do Patrimônio Natural · Federal,-13.54363,-41.9052,-13.53475,-41.89094
conservacao,0000.00.3088,RESERVA PARTICULAR DO PATRIMÔNIO NATURAL AVES GERAIS,reserva particular do patrimonio natural aves gerais,MG,1.85,Reserva Particular do Patrimônio Natural · Federal,-19.21981,-43.49329,-19.21811,-43.49122
conservacao,0000.23.4294,RESERVA PARTICULAR DO PATRIMÔNIO NATURAL AZEDOS,reserva particular do patrimonio natural azedos,CE,8.98,Reserva Particular do Patrimônio Natural · Estadual,-7.2205,-39.67536,-7.21718,-39.67184
conservacao,0000.33.2302,RESERVA PARTICULAR DO PATRIMÔNIO NATURAL BACCHUS,reserva particular do patrimonio natural bacchus,RJ,0.0,Reserva Particular do Patrimônio Natural · Estadual,-22.38121,-42.50686,-22.37279,-42.48382
conservacao,0000.00.4507,RESERVA PARTICULAR DO PATRIMÔNIO NATURAL BACUPARI,reserva particular do patrimonio natural bacupari,GO,36.77,Reserva Particular do Patrimônio Natural · Federal,-13.81179,-47.43544,-13.80078,-47.42417
conservacao,0000.27.3946,RESERVA PARTICULAR DO PATRIMÔNIO NATURAL BAIXA GRANDE,reserva particular do patrimonio natural baixa grande,AL,82.78,Reserva Particular do Patrimônio Natural · Estadual,-9.71928,-36.19234,-9.70582,-36.17499
conservacao,0000.33.4144,RESERVA PARTICULAR DO PATRIMÔNIO NATURAL BARRA DE SANTANA,reserva particular do patrimonio natural barra de santana,RJ,7.66,Reserva Particular do Patrimônio Natural · Estadual,-22.00677,-41.97123,-21.99963,-41.96667
conservacao,0000.31.3897,RESERVA PARTICULAR DO PATRIMÔNIO NATURAL BARRA DO BACALHAU,reserva particular do patrimonio natural barra do bacalhau,MG,4.05,Reserva Particular do Patrimônio Natural · Estadual,-20.56684,-42.94294,-20.56481,-42.93969
conservacao,0000.00.1093,RESERVA PARTICULAR DO PATRIMÔNIO NATURAL BARRA DO RIO DO MEIO,reserva particular do patrimonio natural barra do rio do meio,SC,9.99,Reserva Particular do Patrimônio Natural · Federal,-28.02166,-49.13314,-28.01745,-49.12743
conservacao,0000.29.5023,RESERVA PARTICULAR DO PATRIMÔNIO NATURAL BARREIRAS,reserva particular do patrimonio natural barreiras,BA,134.84,Reserva Particular do Patrimônio Natural · Estadual,-10.21592,-38.70993,-10.20336,-38.69582
conservacao,0000.29.5118,RESERVA PARTICULAR DO PATRIMÔNIO NATURAL BARREIRAS III,reserva particular do patrimonio natural barreiras iii,BA,109.19,Reserva Particular do Patrimônio Natural · Estadual,-10.21957,-38.73204,-10.20263,-38.70761
conservacao,0000.32.3452,RESERVA PARTICULAR DO PATRIMÔNIO NATURAL BARRO BRANCO,reserva particular do patrimonio natural barro branco,ES,76.16,Reserva Particular do Patrimônio Natural · Estadual,-20.89219,-41.65695,-20.87388,-41.64815
conservacao,0000.33.5055,RESERVA PARTICULAR DO PATRIMÔNIO NATURAL BARRO VERMELHO,reserva particular do patrimonio natural barro vermelho,RJ,30.88,Reserva Particular do Patrimônio Natural · Estadual,-20.94849,-41.89317,-20.93877,-41.8853
conservacao,0000.32.2577,RESERVA PARTICULAR DO PATRIMÔNIO NATURAL BEI CANTONI,reserva particular do patrimonio natural bei cantoni,ES,4.1,Reserva Particular do Patrimônio Natural · Estadual,-19.95119,-40.60616,-19.94853,-40.60266
conservacao,0000.52.5304,RESERVA PARTICULAR DO PATRIMÔNIO NATURAL BEIRA DA  MATA,reserva particular do patrimonio natural beira da  mata,GO,9.72,Reserva Particular do Patrimônio Natural · Estadual,-17.43378,-49.99781,-17.42766,-49.99411
conservacao,0000.52.5243,RESERVA PARTICULAR DO PATRIMÔNIO NATURAL BEIRA DA MATA,reserva particular do patrimonio natural beira da mata,GO,9.72,Reserva Particular do Patrimônio Natural · Estadual,-17.43378,-49.99781,-17.42766,-49.99411
conservacao,0000.00.1452,RESERVA PARTICULAR DO PATRIMÔNIO NATURAL BELA VISTA,reserva particular do patrimonio natural bela vista,TO,96.4,Reserva Particular do Patrimônio Natural · Federal,-10.22605,-48.26909,-10.2164,-48.25944
conservacao,0000.29.2029,RESERVA PARTICULAR DO PATRIMÔNIO NATURAL BELAS ARTES,reserva particular do patrimonio natural belas artes,BA,5.47,Reserva Particular do Patrimônio Natural · Estadual,-16.69237,-39.79861,-16.6903,-39.79405
conservacao,0000.00.4465,RESERVA PARTICULAR DO PATRIMÔNIO NATURAL BELLATRIX,reserva particular do patrimonio natural bellatrix,PR,71.08,Reserva Particular do Patrimônio Natural · Federal,-25.19069,-49.10102,-25.17686,-49.09156
conservacao,0000.00.4495,RESERVA PARTICULAR DO PATRIMÔNIO NATURAL BELLATRIX 2,reserva particular do patrimonio natural bellatrix 2,PR,3.59,Reserva Particular do Patrimônio Natural · Federal,-25.19041,-49.09995,-25.18769,-49.09817
conservacao,0000.00.4484,RESERVA PARTICULAR DO PATRIMÔNIO NATURAL BELLATRIX 3,reserva particular do patrimonio natural bellatrix 3,PR,8.91,Reserva Particular do Patrimônio Natural · Federal,-25.1911,-49.0985,-25.18731,-49.09572
conservacao,0000.33.2269,RESERVA PARTICULAR DO PATRIMÔNIO NATURAL BELLO E KERIDA,reserva particular do patrimonio natural bello e kerida,RJ,0.0,Reserva Particular do Patrimônio Natural · Estadual,-22.21688,-42.57725,-22.21307,-42.57311
conservacao,0000.00.2661,RESERVA PARTICULAR DO PATRIMÔNIO NATURAL BELO MONTE,reserva particular do patrimonio natural belo monte,CE,15.71,Reserva Particular do Patrimônio Natural · Federal,-4.26541,-38.97816,-4.25874,-38.97542
conservacao,0000.00.4543,RESERVA PARTICULAR DO PATRIMÔNIO NATURAL BEM VIVER,reserva particular do patrimonio natural bem viver,GO,21.26,Reserva Particular do Patrimônio Natural · Federal,-15.77815,-48.94283,-15.76739,-48.94053
conservacao,0000.27.5084,RESERVA PARTICULAR DO PATRIMÔNIO NATURAL BENEDITO COUTINHO,reserva particular do patrimonio natural benedito coutinho,AL,617.34,Reserva Particular do Patrimônio Natural · Estadual,-9.94407,-36.15909,-9.82933,-36.12311
conservacao,0000.31.3899,RESERVA PARTICULAR DO PATRIMÔNIO NATURAL BENJAMIM VICENTE PEREIRA,reserva particular do patrimonio natural benjamim vicente pereira,MG,4.22,Reserva Particular do Patrimônio Natural · Estadual,-22.44919,-46.00563,-22.44652,-46.00184
conservacao,0000.31.2379,RESERVA PARTICULAR DO PATRIMÔNIO NATURAL BERÇO DE FURNAS,reserva particular do patrimonio natural berco de furnas,MG,5.31,Reserva Particular do Patrimônio Natural · Estadual,-22.00571,-44.68205,-22.00311,-44.67906
conservacao,0000.31.2380,RESERVA PARTICULAR DO PATRIMÔNIO NATURAL BERÇO DE FURNAS II,reserva particular do patrimonio natural berco de furnas ii,MG,18.22,Reserva Particular do Patrimônio Natural · Estadual,-22.01099,-44.68313,-22.00546,-44.67659
conservacao,0000.35.4019,RESERVA PARTICULAR DO PATRIMÔNIO NATURAL BESOURO DE FOGO,reserva particular do patrimonio natural besouro de fogo,SP,36.2,Reserva Particular do Patrimônio Natural · Estadual,-22.68822,-44.5723,-22.67851,-44.56102
conservacao,0000.33.3058,RESERVA PARTICULAR DO PATRIMÔNIO NATURAL BICHO PREGUIÇA,reserva particular do patrimonio natural bicho preguica,RJ,1.73,Reserva Particular do Patrimônio Natural · Estadual,-22.82748,-43.55064,-22.82571,-43.54915
conservacao,0000.26.5148,RESERVA PARTICULAR DO PATRIMÔNIO NATURAL BICHO-HOMEM,reserva particular do patrimonio natural bicho-homem,PE,93.5,Reserva Particular do Patrimônio Natural · Estadual,-8.61327,-35.74291,-8.5978,-35.72412
conservacao,0000.00.2744,RESERVA PARTICULAR DO PATRIMÔNIO NATURAL BICO DO JAVAÉS,reserva particular do patrimonio natural bico do javaes,TO,2762.02,Reserva Particular do Patrimônio Natural · Federal,-10.67856,-49.9847,-10.5695,-49.90689
conservacao,0000.00.1092,RESERVA PARTICULAR DO PATRIMÔNIO NATURAL BIO ESTAÇÃO ÁGUAS CRISTALINAS,reserva particular do patrimonio natural bio estacao aguas cristalinas,SC,22.38,Reserva Particular do Patrimônio Natural · Federal,-27.08756,-48.98653,-27.08247,-48.98144
conservacao,0000.00.1353,RESERVA PARTICULAR DO PATRIMÔNIO NATURAL BIO SANTUÁRIO TRAJETO DO CERRADO,reserva particular do patrimonio natural bio santuario trajeto do cerrado,GO,48.05,Reserva Particular do Patrimônio Natural · Federal,-15.81969,-48.71256,-15.8126,-48.70523
conservacao,0000.00.4498,RESERVA PARTICULAR DO PATRIMÔNIO NATURAL BIORREGIONAL,reserva particular do patrimonio natural biorregional,GO,2.5,Reserva Particular do Patrimônio Natural · Federal,-14.11604,-47.52832,-14.11493,-47.52618
conservacao,0000.33.2266,RESERVA PARTICULAR DO PATRIMÔNIO NATURAL BOA ESPERANÇA,reserva particular do patrimonio natural boa esperanca,RJ,0.0,Reserva Particular do Patrimônio Natural · Estadual,-22.50924,-42.51164,-22.50166,-42.50253
conservacao,0000.32.3456,RESERVA PARTICULAR DO PATRIMÔNIO NATURAL BOA FÉ,reserva particular do patrimonio natural boa fe,ES,14.18,Reserva Particular do Patrimônio Natural · Estadual,-20.07258,-41.1486,-20.06876,-41.14269
conservacao,0000.27.1613,RESERVA PARTICULAR DO PATRIMÔNIO NATURAL BOA SORTE,reserva particular do patrimonio natural boa sorte,AL,0.0,Reserva Particular do Patrimônio Natural · Estadual,-9.19308,-35.9318,-9.18163,-35.9273
conservacao,0000.00.2070,RESERVA PARTICULAR DO PATRIMÔNIO NATURAL BOA UNIÃO,reserva particular do patrimonio natural boa uniao,BA,112.93,Reserva Particular do Patrimônio Natural · Federal,-15.0819,-39.05482,-15.06929,-39.04387
conservacao,0000.33.2292,RESERVA PARTICULAR DO PATRIMÔNIO NATURAL BOA VISTA,reserva particular do patrimonio natural boa vista,RJ,49.86,Reserva Particular do Patrimônio Natural · Estadual,-20.89624,-41.83411,-20.87864,-41.82572
conservacao,0000.43.3776,RESERVA PARTICULAR DO PATRIMÔNIO NATURAL BOA VISTA,reserva particular do patrimonio natural boa vista,RS,242.16,Reserva Particular do Patrimônio Natural · Estadual,-30.79414,-53.03077,-30.77273,-53.00828
conservacao,0000.33.2297,RESERVA PARTICULAR DO PATRIMÔNIO NATURAL BOA VISTA E PHAROL,reserva particular do patrimonio natural boa vista e pharol,RJ,7.99,Reserva Particular do Patrimônio Natural · Estadual,-21.55032,-42.1999,-21.54616,-42.19482
conservacao,0000.27.3879,RESERVA PARTICULAR DO PATRIMÔNIO NATURAL BOCA DO RIO,reserva particular do patrimonio natural boca do rio,AL,66.41,Reserva Particular do Patrimônio Natural · Estadual,-9.79265,-35.99112,-9.78159,-35.97939
conservacao,0000.00.2071,RESERVA PARTICULAR DO PATRIMÔNIO NATURAL BOM SOSSEGO II,reserva particular do patrimonio natural bom sossego ii,BA,53.88,Reserva Particular do Patrimônio Natural · Federal,-16.37123,-39.10992,-16.36368,-39.10114
conservacao,0000.00.2072,RESERVA PARTICULAR DO PATRIMÔNIO NATURAL BOM SOSSEGO III,reserva particular do patrimonio natural bom sossego iii,BA,25.8,Reserva Particular do Patrimônio Natural · Federal,-16.36739,-39.10103,-16.36071,-39.08814
conservacao,0000.27.2696,RESERVA PARTICULAR DO PATRIMÔNIO NATURAL BOSQUE,reserva particular do patrimonio natural bosque,AL,332.88,Reserva Particular do Patrimônio Natural · Estadual,-8.96164,-35.24583,-8.93921,-35.21803
conservacao,0000.00.1123,RESERVA PARTICULAR DO PATRIMÔNIO NATURAL BOSQUE DE CANELA,reserva particular do patrimonio natural bosque de canela,RS,5.82,Reserva Particular do Patrimônio Natural · Federal,-29.34177,-50.80884,-29.33843,-50.80625
conservacao,0000.00.2074,RESERVA PARTICULAR DO PATRIMÔNIO NATURAL BOSQUE DOS SAMAMBAIAÇUS - RESGATE V,reserva particular do patrimonio natural bosque dos samambaiacus - resgate v,MG,25.18,Reserva Particular do Patrimônio Natural · Federal,-20.49945,-42.05055,-20.49365,-42.04523
conservacao,0000.29.2030,RESERVA PARTICULAR DO PATRIMÔNIO NATURAL BOZI,reserva particular do patrimonio natural bozi,BA,35.63,Reserva Particular do Patrimônio Natural · Estadual,-17.18107,-39.25817,-17.17558,-39.233
conservacao,0000.00.3660,RESERVA PARTICULAR DO PATRIMÔNIO NATURAL BRAVA BEACH INTERNACIONAL,reserva particular do patrimonio natural brava beach internacional,SC,5.69,Reserva Particular do Patrimônio Natural · Federal,-26.95305,-48.63731,-26.95065,-48.63392
conservacao,0000.00.1297,RESERVA PARTICULAR DO PATRIMÔNIO NATURAL BREJO NOVO,reserva particular do patrimonio natural brejo novo,MG,18.36,Reserva Particular do Patrimônio Natural · Federal,-21.41319,-43.57923,-21.40663,-43.57098
conservacao,0000.29.2018,RESERVA PARTICULAR DO PATRIMÔNIO NATURAL BRONZON,reserva particular do patrimonio natural bronzon,BA,150.66,Reserva Particular do Patrimônio Natural · Estadual,-17.13845,-39.36931,-17.12423,-39.35307
conservacao,0000.00.3072,RESERVA PARTICULAR DO PATRIMÔNIO NATURAL BRUMADINHO,reserva particular do patrimonio natural brumadinho,BA,12.06,Reserva Particular do Patrimônio Natural · Federal,-13.54771,-41.8938,-13.54239,-41.88584
conservacao,0000.32.2350,RESERVA PARTICULAR DO PATRIMÔNIO NATURAL BUGIO E COMPANHIA,reserva particular do patrimonio natural bugio e companhia,ES,6.52,Reserva Particular do Patrimônio Natural · Estadual,-20.06586,-40.97068,-20.06177,-40.96701
conservacao,0000.33.3909,RESERVA PARTICULAR DO PATRIMÔNIO NATURAL BUGIOS DA BOA ESPERANÇA,reserva particular do patrimonio natural bugios da boa esperanca,RJ,5.64,Reserva Particular do Patrimônio Natural · Estadual,-21.43091,-42.08159,-21.42733,-42.07974
conservacao,0000.33.4095,RESERVA PARTICULAR DO PATRIMÔNIO NATURAL BUGIOS DA BOA ESPERANÇA II,reserva particular do patrimonio natural bugios da boa esperanca ii,RJ,6.47,Reserva Particular do Patrimônio Natural · Estadual,-21.43059,-42.07994,-21.4272,-42.07802
conservacao,0000.00.2075,RESERVA PARTICULAR DO PATRIMÔNIO NATURAL BURACO DAS ARARAS,reserva particular do patrimonio natural buraco das araras,MS,29.06,Reserva Particular do Patrimônio Natural · Federal,-21.49764,-56.40375,-21.49075,-56.39598
conservacao,0000.23.4273,RESERVA PARTICULAR DO PATRIMÔNIO NATURAL BURITIS ÁGUAS NATURAIS,reserva particular do patrimonio natural buritis aguas naturais,CE,10.01,Reserva Particular do Patrimônio Natural · Estadual,-7.22602,-39.67509,-7.22047,-39.67198
conservacao,0000.50.2066,RESERVA PARTICULAR DO PATRIMÔNIO NATURAL CABECEIRA DA LAGOA,reserva particular do patrimonio natural cabeceira da lagoa,MS,431.02,Reserva Particular do Patrimônio Natural · Estadual,-19.75894,-55.12613,-19.70423,-55.0946
conservacao,0000.00.1291,RESERVA PARTICULAR DO PATRIMÔNIO NATURAL CABECEIRA DAS FLORES,reserva particular do patrimonio natural cabeceira das flores,MG,41.34,Reserva Particular do Patrimônio Natural · Federal,-18.88117,-45.41669,-18.87462,-45.4098
conservacao,0000.50.2761,RESERVA PARTICULAR DO PATRIMÔNIO NATURAL CABECEIRA DO PRATA,reserva particular do patrimonio natural cabeceira do prata,MS,292.07,Reserva Particular do Patrimônio Natural · Estadual,-21.45858,-56.44706,-21.42793,-56.42536
conservacao,0000.00.3682,RESERVA PARTICULAR DO PATRIMÔNIO NATURAL CABURÉ,reserva particular do patrimonio natural cabure,SP,114.12,Reserva Particular do Patrimônio Natural · Federal,-22.74915,-44.55763,-22.73215,-44.53781
conservacao,0000.27.2684,RESERVA PARTICULAR DO PATRIMÔNIO NATURAL CACHOEIRA,reserva particular do patrimonio natural cachoeira,AL,34.05,Reserva Particular do Patrimônio Natural · Estadual,-9.53868,-36.44673,-9.52832,-36.44153
conservacao,0000.27.2694,RESERVA PARTICULAR DO PATRIMÔNIO NATURAL CACHOEIRA 1,reserva particular do patrimonio natural cachoeira 1,AL,220.59,Reserva Particular do Patrimônio Natural · Estadual,-8.98417,-35.26358,-8.96257,-35.2365
conservacao,0000.00.2076,RESERVA PARTICULAR DO PATRIMÔNIO NATURAL CACHOEIRA ALTA,reserva particular do patrimonio natural cachoeira alta,ES,9.85,Reserva Particular do Patrimônio Natural · Federal,-20.60271,-41.77964,-20.59773,-41.77569
conservacao,0000.32.2579,RESERVA PARTICULAR DO PATRIMÔNIO NATURAL CACHOEIRA DA FUMAÇA,reserva particular do patrimonio natural cachoeira da fumaca,ES,45.22,Reserva Particular do Patrimônio Natural · Estadual,-20.63852,-41.63027,-20.62894,-41.62241
conservacao,0000.00.4494,RESERVA PARTICULAR DO PATRIMÔNIO NATURAL CACHOEIRA DA IMBUIA,reserva particular do patrimonio natural cachoeira da imbuia,SC,67.12,Reserva Particular do Patrimônio Natural · Federal,-26.36916,-51.19529,-26.35262,-51.17675
conservacao,0000.35.4216,RESERVA PARTICULAR DO PATRIMÔNIO NATURAL CACHOEIRA DA LUISA,reserva particular do patrimonio natural cachoeira da luisa,SP,17.66,Reserva Particular do Patrimônio Natural · Estadual,-22.82073,-44.3489,-22.81554,-44.34407
conservacao,0000.31.2382,RESERVA PARTICULAR DO PATRIMÔNIO NATURAL CACHOEIRA DA SUCUPIRA,reserva particular do patrimonio natural cachoeira da sucupira,MG,42.1,Reserva Particular do Patrimônio Natural · Estadual,-18.99373,-48.17454,-18.98612,-48.16611
conservacao,0000.31.3916,RESERVA PARTICULAR DO PATRIMÔNIO NATURAL CACHOEIRA DAS PEDRAS,reserva particular do patrimonio natural cachoeira das pedras,MG,7.82,Reserva Particular do Patrimônio Natural · Estadual,-20.33179,-42.59321,-20.32828,-42.58813
conservacao,0000.00.1346,RESERVA PARTICULAR DO PATRIMÔNIO NATURAL CACHOEIRA DAS PEDRAS BONITAS,reserva particular do patrimonio natural cachoeira das pedras bonitas,GO,92.98,Reserva Particular do Patrimônio Natural · Federal,-14.21253,-48.06669,-14.18926,-48.05149
conservacao,0000.00.3659,RESERVA PARTICULAR DO PATRIMÔNIO NATURAL CACHOEIRA DO ANDORINHÃO,reserva particular do patrimonio natural cachoeira do andorinhao,MG,2.23,Reserva Particular do Patrimônio Natural · Federal,-22.56068,-46.09307,-22.55885,-46.09094
conservacao,0000.00.1283,RESERVA PARTICULAR DO PATRIMÔNIO NATURAL CACHOEIRA DO CERRADÃO,reserva particular do patrimonio natural cachoeira do cerradao,MG,324.12,Reserva Particular do Patrimônio Natural · Federal,-20.19698,-46.39692,-20.17863,-46.37748
conservacao,0000.00.4516,RESERVA PARTICULAR DO PATRIMÔNIO NATURAL CACHOEIRA DO JUJU,reserva particular do patrimonio natural cachoeira do juju,MG,2.92,Reserva Particular do Patrimônio Natural · Federal,-22.10015,-44.72866,-22.09739,-44.72678
conservacao,0000.00.1345,RESERVA PARTICULAR DO PATRIMÔNIO NATURAL CACHOEIRA DO PROFETA,reserva particular do patrimonio natural cachoeira do profeta,GO,91.29,Reserva Particular do Patrimônio Natural · Federal,-15.3083,-47.6256,-15.29856,-47.61556
conservacao,0000.00.4490,RESERVA PARTICULAR DO PATRIMÔNIO NATURAL CACHOEIRA DO REDONDO,reserva particular do patrimonio natural cachoeira do redondo,BA,67.79,Reserva Particular do Patrimônio Natural · Federal,-11.8899,-45.43358,-11.88208,-45.42285
conservacao,0000.31.2383,RESERVA PARTICULAR DO PATRIMÔNIO NATURAL CACHOEIRA DO TOMBO,reserva particular do patrimonio natural cachoeira do tombo,MG,12.05,Reserva Particular do Patrimônio Natural · Estadual,-22.02045,-44.60694,-22.01552,-44.59932
conservacao,0000.50.2567,RESERVA PARTICULAR DO PATRIMÔNIO NATURAL CACHOEIRAS DO SÃO BENTO,reserva particular do patrimonio natural cachoeiras do sao bento,MS,3035.21,Reserva Particular do Patrimônio Natural · Estadual,-18.13494,-54.82136,-18.03402,-54.7448
conservacao,0000.00.4474,RESERVA PARTICULAR DO PATRIMÔNIO NATURAL CACHOEIRINHA,reserva particular do patrimonio natural cachoeirinha,GO,89.51,Reserva Particular do Patrimônio Natural · Federal,-16.09432,-48.30335,-16.08259,-48.29009
conservacao,0000.33.2263,RESERVA PARTICULAR DO PATRIMÔNIO NATURAL CACHOEIRINHA,reserva particular do patrimonio natural cachoeirinha,RJ,23.74,Reserva Particular do Patrimônio Natural · Estadual,-22.5931,-42.49976,-22.5859,-42.49127
conservacao,0000.00.1097,RESERVA PARTICULAR DO PATRIMÔNIO NATURAL CAETEZAL,reserva particular do patrimonio natural caetezal,SC,4581.5,Reserva Particular do Patrimônio Natural · Federal,-26.19383,-49.1039,-26.1248,-49.02718
conservacao,0000.00.2077,RESERVA PARTICULAR DO PATRIMÔNIO NATURAL CAHY,reserva particular do patrimonio natural cahy,BA,495.52,Reserva Particular do Patrimônio Natural · Federal,-17.02051,-39.26608,-16.993,-39.22195
conservacao,0000.33.4613,RESERVA PARTICULAR DO PATRIMÔNIO NATURAL CAIUÁ,reserva particular do patrimonio natural caiua,RJ,7.02,Reserva Particular do Patrimônio Natural · Estadual,-22.32879,-42.50323,-22.32546,-42.50058
conservacao,0000.00.1404,RESERVA PARTICULAR DO PATRIMÔNIO NATURAL CAJUEIRO,reserva particular do patrimonio natural cajueiro,BA,373.73,Reserva Particular do Patrimônio Natural · Federal,-11.97918,-37.81599,-11.95948,-37.79583
conservacao,0000.33.2950,RESERVA PARTICULAR DO PATRIMÔNIO NATURAL CALDEIRÃO,reserva particular do patrimonio natural caldeirao,RJ,2.18,Reserva Particular do Patrimônio Natural · Estadual,-22.28686,-43.08999,-22.28566,-43.08452
conservacao,0000.31.3918,RESERVA PARTICULAR DO PATRIMÔNIO NATURAL CAMBRAIA,reserva particular do patrimonio natural cambraia,MG,95.4,Reserva Particular do Patrimônio Natural · Estadual,-18.75449,-48.87742,-18.74545,-48.86277
conservacao,0000.31.2385,RESERVA PARTICULAR DO PATRIMÔNIO NATURAL CAMBUÍ VELHO,reserva particular do patrimonio natural cambui velho,MG,9.69,Reserva Particular do Patrimônio Natural · Estadual,-22.59211,-46.08868,-22.58914,-46.08298
conservacao,0000.31.2387,RESERVA PARTICULAR DO PATRIMÔNIO NATURAL CAMPINA,reserva particular do patrimonio natural campina,MG,11.53,Reserva Particular do Patrimônio Natural · Estadual,-22.11798,-44.67388,-22.10909,-44.67083
conservacao,0000.31.4394,RESERVA PARTICULAR DO PATRIMÔNIO NATURAL CAMPO ALEGRE,reserva particular do patrimonio natural campo alegre,MG,65.8,Reserva Particular do Patrimônio Natural · Estadual,-21.73853,-43.85808,-21.72309,-43.84896
conservacao,0000.33.2267,RESERVA PARTICULAR DO PATRIMÔNIO NATURAL CAMPO ESCOTEIRO GERALDO HUGO NUNES,reserva particular do patrimonio natural campo escoteiro geraldo hugo nunes,RJ,20.28,Reserva Particular do Patrimônio Natural · Estadual,-22.58479,-43.04029,-22.57784,-43.03065
conservacao,0000.31.3919,RESERVA PARTICULAR DO PATRIMÔNIO NATURAL CAMPOS JOVIANO,reserva particular do patrimonio natural campos joviano,MG,29.99,Reserva Particular do Patrimônio Natural · Estadual,-22.47057,-45.27271,-22.46632,-45.26387
conservacao,0000.00.3091,RESERVA PARTICULAR DO PATRIMÔNIO NATURAL CAMPOS NOVOS,reserva particular do patrimonio natural campos novos,SE,102.79,Reserva Particular do Patrimônio Natural · Federal,-10.42454,-37.62921,-10.41131,-37.61579
conservacao,0000.00.4467,RESERVA PARTICULAR DO PATRIMÔNIO NATURAL CAMPOS ÚMIDOS VOCHYSIAS,reserva particular do patrimonio natural campos umidos vochysias,GO,17.9,Reserva Particular do Patrimônio Natural · Federal,-14.10373,-47.54913,-14.09628,-47.54094
conservacao,0000.27.1609,RESERVA PARTICULAR DO PATRIMÔNIO NATURAL CANADÁ,reserva particular do patrimonio natural canada,AL,8.48,Reserva Particular do Patrimônio Natural · Estadual,-9.46429,-36.37734,-9.46066,-36.37451
conservacao,0000.35.4616,RESERVA PARTICULAR DO PATRIMÔNIO NATURAL CANDEIA,reserva particular do patrimonio natural candeia,SP,42.73,Reserva Particular do Patrimônio Natural · Estadual,-22.8366,-44.42494,-22.83006,-44.41252
conservacao,0000.00.2078,RESERVA PARTICULAR DO PATRIMÔNIO NATURAL CANGUÇU,reserva particular do patrimonio natural cangucu,TO,79.35,Reserva Particular do Patrimônio Natural · Federal,-9.98115,-50.04425,-9.97299,-50.03304
conservacao,0000.31.3929,RESERVA PARTICULAR DO PATRIMÔNIO NATURAL CANOA VALE DOS IPÊS,reserva particular do patrimonio natural canoa vale dos ipes,MG,34.61,Reserva Particular do Patrimônio Natural · Estadual,-20.41326,-44.65873,-20.40688,-44.64953
conservacao,0000.00.1197,RESERVA PARTICULAR DO PATRIMÔNIO NATURAL CANTIDIANO VALGUEIRO DE CARVALHO BARROS,reserva particular do patrimonio natural cantidiano valgueiro de carvalho barros,PE,281.38,Reserva Particular do Patrimônio Natural · Federal,-8.48925,-38.48039,-8.47214,-38.46309
conservacao,0000.00.4473,RESERVA PARTICULAR DO PATRIMÔNIO NATURAL CANTINHO DO RIO,reserva particular do patrimonio natural cantinho do rio,GO,1.84,Reserva Particular do Patrimônio Natural · Federal,-15.83984,-48.88401,-15.83818,-48.88088
conservacao,0000.00.3100,RESERVA PARTICULAR DO PATRIMÔNIO NATURAL CANTO DA ARAPONGA,reserva particular do patrimonio natural canto da araponga,SC,45.17,Reserva Particular do Patrimônio Natural · Federal,-27.75412,-49.52035,-27.73792,-49.50721
conservacao,0000.33.4098,RESERVA PARTICULAR DO PATRIMÔNIO NATURAL CANTO DA CORUJA,reserva particular do patrimonio natural canto da coruja,RJ,2.4,Reserva Particular do Patrimônio Natural · Estadual,-22.40865,-42.41904,-22.40514,-42.41711
conservacao,0000.00.4505,RESERVA PARTICULAR DO PATRIMÔNIO NATURAL CANTO DO OBRIENI,reserva particular do patrimonio natural canto do obrieni,TO,240.01,Reserva Particular do Patrimônio Natural · Federal,-9.4115,-50.00071,-9.39063,-49.96895
conservacao,0000.00.3076,RESERVA PARTICULAR DO PATRIMÔNIO NATURAL CANTO DO SENHOR,reserva particular do patrimonio natural canto do senhor,BA,7.98,Reserva Particular do Patrimônio Natural · Federal,-14.49257,-39.04591,-14.48868,-39.04222
conservacao,0000.00.2080,RESERVA PARTICULAR DO PATRIMÔNIO NATURAL CANTO DOS PÁSSAROS,reserva particular do patrimonio natural canto dos passaros,BA,215.4,Reserva Particular do Patrimônio Natural · Federal,-11.00213,-39.86215,-10.98248,-39.84959
conservacao,0000.33.3056,RESERVA PARTICULAR DO PATRIMÔNIO NATURAL CANTO DOS PÁSSAROS,reserva particular do patrimonio natural canto dos passaros,RJ,28.05,Reserva Particular do Patrimônio Natural · Estadual,-22.23563,-42.9032,-22.22902,-42.89665
conservacao,0000.33.3057,RESERVA PARTICULAR DO PATRIMÔNIO NATURAL CANTO DOS PÁSSAROS II,reserva particular do patrimonio natural canto dos passaros ii,RJ,3.07,Reserva Particular do Patrimônio Natural · Estadual,-22.2349,-42.90519,-22.23142,-42.9035
conservacao,0000.00.5267,RESERVA PARTICULAR DO PATRIMÔNIO NATURAL CAPÃO DA ONÇA,reserva particular do patrimonio natural capao da onca,GO,4.97,Reserva Particular do Patrimônio Natural · Federal,-13.70805,-47.32396,-13.70552,-47.32091
conservacao,0000.31.3930,RESERVA PARTICULAR DO PATRIMÔNIO NATURAL CAPÃO DAS ÉGUAS,reserva particular do patrimonio natural capao das eguas,MG,17.31,Reserva Particular do Patrimônio Natural · Estadual,-19.47162,-44.09067,-19.46746,-44.08557
conservacao,0000.00.2081,RESERVA PARTICULAR DO PATRIMÔNIO NATURAL CAPÃO REDONDO,reserva particular do patrimonio natural capao redondo,SC,14.0,Reserva Particular do Patrimônio Natural · Federal,-28.98236,-49.45215,-28.9738,-49.44204
conservacao,0000.29.4614,RESERVA PARTICULAR DO PATRIMÔNIO NATURAL CAPITÃO DA MATA,reserva particular do patrimonio natural capitao da mata,BA,14.66,Reserva Particular do Patrimônio Natural · Estadual,-14.24807,-39.04256,-14.24374,-39.03664
conservacao,0000.31.3931,RESERVA PARTICULAR DO PATRIMÔNIO NATURAL CAPOEIRA DO BOI,reserva particular do patrimonio natural capoeira do boi,MG,118.46,Reserva Particular do Patrimônio Natural · Estadual,-19.65406,-47.80681,-19.64061,-47.78784
conservacao,0000.50.1982,RESERVA PARTICULAR DO PATRIMÔNIO NATURAL CARA DA ONÇA,reserva particular do patrimonio natural cara da onca,MS,11.7,Reserva Particular do Patrimônio Natural · Estadual,-20.74015,-56.74069,-20.73621,-56.73549
conservacao,0000.00.1330,RESERVA PARTICULAR DO PATRIMÔNIO NATURAL CARA PRETA,reserva particular do patrimonio natural cara preta,GO,970.94,Reserva Particular do Patrimônio Natural · Federal,-14.03713,-47.53049,-13.99021,-47.49239
conservacao,0000.00.4471,RESERVA PARTICULAR DO PATRIMÔNIO NATURAL CARAÍVAS CHÁCARA VALE DA DHYANA,reserva particular do patrimonio natural caraivas chacara vale da dhyana,GO,4.5,Reserva Particular do Patrimônio Natural · Federal,-15.83086,-48.89615,-15.82719,-48.89387
conservacao,0000.00.4513,RESERVA PARTICULAR DO PATRIMÔNIO NATURAL CARAÍVAS COMUNIDADE VALE DA DHYANA,reserva particular do patrimonio natural caraivas comunidade vale da dhyana,GO,10.18,Reserva Particular do Patrimônio Natural · Federal,-15.8323,-48.89598,-15.82905,-48.89042
conservacao,0000.00.4526,RESERVA PARTICULAR DO PATRIMÔNIO NATURAL CARAÍVAS ECOVILLA,reserva particular do patrimonio natural caraivas ecovilla,GO,7.92,Reserva Particular do Patrimônio Natural · Federal,-15.8254,-48.89685,-15.82157,-48.89174
conservacao,0000.00.1075,RESERVA PARTICULAR DO PATRIMÔNIO NATURAL CARBOCLORO S/A,reserva particular do patrimonio natural carbocloro s/a,SP,0.7,Reserva Particular do Patrimônio Natural · Federal,-23.89259,-46.44259,-23.89174,-46.44212
conservacao,0000.33.2342,RESERVA PARTICULAR DO PATRIMÔNIO NATURAL CARPI,reserva particular do patrimonio natural carpi,RJ,8.2,Reserva Particular do Patrimônio Natural · Estadual,-22.31353,-42.46785,-22.30659,-42.46341
conservacao,0000.00.1431,RESERVA PARTICULAR DO PATRIMÔNIO NATURAL CARROULA,reserva particular do patrimonio natural carroula,BA,14.66,Reserva Particular do Patrimônio Natural · Federal,-16.91371,-39.13505,-16.90714,-39.13125
conservacao,0000.00.2082,RESERVA PARTICULAR DO PATRIMÔNIO NATURAL CATEDRAL DO JALAPÃO,reserva particular do patrimonio natural catedral do jalapao,TO,325.58,Reserva Particular do Patrimônio Natural · Federal,-10.14714,-46.89969,-10.13168,-46.86771
conservacao,0000.00.3107,RESERVA PARTICULAR DO PATRIMÔNIO NATURAL CATINGUEIRO,reserva particular do patrimonio natural catingueiro,GO,59.94,Reserva Particular do Patrimônio Natural · Federal,-13.91944,-47.56808,-13.90572,-47.5583
conservacao,0000.00.2083,RESERVA PARTICULAR DO PATRIMÔNIO NATURAL CAVA II,reserva particular do patrimonio natural cava ii,SP,40.93,Reserva Particular do Patrimônio Natural · Federal,-20.79137,-48.65256,-20.78212,-48.64337
conservacao,0000.00.1179,RESERVA PARTICULAR DO PATRIMÔNIO NATURAL CEC/TINGUÁ,reserva particular do patrimonio natural cec/tingua,RJ,16.39,Reserva Particular do Patrimônio Natural · Federal,-22.59141,-43.40824,-22.58727,-43.40378
conservacao,0000.31.2388,RESERVA PARTICULAR DO PATRIMÔNIO NATURAL CÉLULAS VERDES,reserva particular do patrimonio natural celulas verdes,MG,6.86,Reserva Particular do Patrimônio Natural · Estadual,-21.99964,-44.78926,-21.99766,-44.78312
conservacao,0000.00.3077,RESERVA PARTICULAR DO PATRIMÔNIO NATURAL CENTRO DE PESQUISA ESPELIOLÓGICO - AURORA NATURA,reserva particular do patrimonio natural centro de pesquisa espeliologico - aurora natura,TO,15.1,Reserva Particular do Patrimônio Natural · Federal,-12.71278,-46.4002,-12.70769,-46.39479
conservacao,0000.00.1064,RESERVA PARTICULAR DO PATRIMÔNIO NATURAL CENTRO DE VIVÊNCIA COM A NATUREZA - CVN,reserva particular do patrimonio natural centro de vivencia com a natureza - cvn,SP,28.19,Reserva Particular do Patrimônio Natural · Federal,-23.53593,-47.65341,-23.53051,-47.64752
conservacao,0000.00.1161,RESERVA PARTICULAR DO PATRIMÔNIO NATURAL CÉU DO MAR,reserva particular do patrimonio natural ceu do mar,RJ,3.33,Reserva Particular do Patrimônio Natural · Federal,-22.98784,-43.2707,-22.98462,-43.26819
conservacao,0000.24.4947,RESERVA PARTICULAR DO PATRIMÔNIO NATURAL CHÁCARA DO MADEIRO,reserva particular do patrimonio natural chacara do madeiro,RN,13.4,Reserva Particular do Patrimônio Natural · Estadual,-6.22637,-35.06962,-6.22146,-35.06329
conservacao,0000.00.1091,RESERVA PARTICULAR DO PATRIMÔNIO NATURAL CHÁCARA EDITH,reserva particular do patrimonio natural chacara edith,SC,415.62,Reserva Particular do Patrimônio Natural · Federal,-27.10639,-48.90816,-27.09438,-48.86408
conservacao,0000.00.1366,RESERVA PARTICULAR DO PATRIMÔNIO NATURAL CHÁCARA MANGUEIRAS,reserva particular do patrimonio natural chacara mangueiras,GO,17.03,Reserva Particular do Patrimônio Natural · Federal,-16.72534,-49.29696,-16.72114,-49.29259
conservacao,0000.00.1122,RESERVA PARTICULAR DO PATRIMÔNIO NATURAL CHACARA SANANDUVA,reserva particular do patrimonio natural chacara sananduva,RS,2.97,Reserva Particular do Patrimônio Natural · Federal,-30.11417,-51.05902,-30.11242,-51.05699
conservacao,0000.35.3421,RESERVA PARTICULAR DO PATRIMÔNIO NATURAL CHACARA SANTA INEZ,reserva particular do patrimonio natural chacara santa inez,SP,5.5,Reserva Particular do Patrimônio Natural · Estadual,-22.69853,-44.32419,-22.69459,-44.32146
conservacao,0000.00.4532,RESERVA PARTICULAR DO PATRIMÔNIO NATURAL CHÁCARA SÃO MIGUEL,reserva particular do patrimonio natural chacara sao miguel,SC,10.65,Reserva Particular do Patrimônio Natural · Federal,-27.23597,-50.71807,-27.23234,-50.71452
conservacao,0000.00.1375,RESERVA PARTICULAR DO PATRIMÔNIO NATURAL CHAKRA GRISU,reserva particular do patrimonio natural chakra grisu,DF,5.22,Reserva Particular do Patrimônio Natural · Federal,-15.53123,-47.65941,-15.5289,-47.657
conservacao,0000.33.2725,RESERVA PARTICULAR DO PATRIMÔNIO NATURAL CHALÉ CLUB DO ALAMBARY,reserva particular do patrimonio natural chale club do alambary,RJ,2.43,Reserva Particular do Patrimônio Natural · Estadual,-22.39962,-44.56963,-22.39766,-44.56716
conservacao,0000.00.2084,RESERVA PARTICULAR DO PATRIMÔNIO NATURAL CHANCELER EDSON QUEIROZ,reserva particular do patrimonio natural chanceler edson queiroz,CE,130.64,Reserva Particular do Patrimônio Natural · Federal,-4.03643,-38.64656,-4.01897,-38.63519
conservacao,0000.31.4396,RESERVA PARTICULAR DO PATRIMÔNIO NATURAL CHAPADA DOS PERDIZES,reserva particular do patrimonio natural chapada dos perdizes,MG,0.0,Reserva Particular do Patrimônio Natural · Estadual,-21.61402,-44.62229,-21.60434,-44.61219
conservacao,0000.31.4774,RESERVA PARTICULAR DO PATRIMÔNIO NATURAL CHAPADÃO DA SERRA NEGRA,reserva particular do patrimonio natural chapadao da serra negra,MG,19.55,Reserva Particular do Patrimônio Natural · Estadual,-21.97114,-43.80132,-21.96364,-43.79777
conservacao,0000.00.3678,RESERVA PARTICULAR DO PATRIMÔNIO NATURAL CHICO BIMBINO,reserva particular do patrimonio natural chico bimbino,CE,25.02,Reserva Particular do Patrimônio Natural · Federal,-5.14111,-40.72186,-5.13095,-40.71875
conservacao,0000.00.3079,RESERVA PARTICULAR DO PATRIMÔNIO NATURAL CÍCERO ALMEIDA,reserva particular do patrimonio natural cicero almeida,CE,36.03,Reserva Particular do Patrimônio Natural · Federal,-4.00428,-39.47248,-3.9945,-39.46531
conservacao,0000.50.4032,RESERVA PARTICULAR DO PATRIMONIO NATURAL CISALPINA,reserva particular do patrimonio natural cisalpina,MS,3859.83,Reserva Particular do Patrimônio Natural · Estadual,-21.33347,-51.98026,-21.19096,-51.90758
conservacao,0000.33.2264,RESERVA PARTICULAR DO PATRIMÔNIO NATURAL CISNE BRANCO,reserva particular do patrimonio natural cisne branco,RJ,5.35,Reserva Particular do Patrimônio Natural · Estadual,-22.6099,-42.48724,-22.60781,-42.48337
conservacao,3302.33.4967,RESERVA PARTICULAR DO PATRIMÔNIO NATURAL CLÁUDIA ALMEIDA,reserva particular do patrimonio natural claudia almeida,RJ,1.02,Reserva Particular do Patrimônio Natural · Municipal,-22.89843,-43.03228,-22.89743,-43.03093
conservacao,0000.00.1269,RESERVA PARTICULAR DO PATRIMÔNIO NATURAL COMODATO RESERVA DE PETI,reserva particular do patrimonio natural comodato reserva de peti,MG,162.18,Reserva Particular do Patrimônio Natural · Federal,-19.89091,-43.38347,-19.87793,-43.36975
conservacao,0000.27.3809,RESERVA PARTICULAR DO PATRIMÔNIO NATURAL CONCEIÇÃO LYRA I,reserva particular do patrimonio natural conceicao lyra i,AL,44.35,Reserva Particular do Patrimônio Natural · Estadual,-10.21554,-36.46239,-10.20494,-36.45534
conservacao,0000.27.3810,RESERVA PARTICULAR DO PATRIMÔNIO NATURAL CONCEIÇÃO LYRA II,reserva particular do patrimonio natural conceicao lyra ii,AL,347.65,Reserva Particular do Patrimônio Natural · Estadual,-10.21554,-36.45683,-10.16331,-36.42527
conservacao,0000.27.3811,RESERVA PARTICULAR DO PATRIMÔNIO NATURAL CONCEIÇÃO LYRA III,reserva particular do patrimonio natural conceicao lyra iii,AL,852.06,Reserva Particular do Patrimônio Natural · Estadual,-10.18635,-36.47237,-10.12475,-36.43053
conservacao,0000.27.3812,RESERVA PARTICULAR DO PATRIMÔNIO NATURAL CONCEIÇÃO LYRA IV,reserva particular do patrimonio natural conceicao lyra iv,AL,95.27,Reserva Particular do Patrimônio Natural · Estadual,-10.2061,-36.46546,-10.19236,-36.45525
conservacao,0000.33.5059,RESERVA PARTICULAR DO PATRIMÔNIO NATURAL CONDE RECREIO,reserva particular do patrimonio natural conde recreio,RJ,34.41,Reserva Particular do Patrimônio Natural · Estadual,-21.45177,-42.22022,-21.43019,-42.21078
conservacao,0000.00.3661,RESERVA PARTICULAR DO PATRIMÔNIO NATURAL CONTENDAS II,reserva particular do patrimonio natural contendas ii,BA,173.3,Reserva Particular do Patrimônio Natural · Federal,-13.75329,-39.31612,-13.73819,-39.29052
conservacao,0000.35.3890,RESERVA PARTICULAR DO PATRIMÔNIO NATURAL COPAÍBA,reserva particular do patrimonio natural copaiba,SP,2.31,Reserva Particular do Patrimônio Natural · Estadual,-22.71705,-46.61119,-22.71517,-46.60928
conservacao,0000.00.2085,RESERVA PARTICULAR DO PATRIMÔNIO NATURAL CORREDEIRAS DO RIO ITAJAÍ,reserva particular do patrimonio natural corredeiras do rio itajai,SC,333.09,Reserva Particular do Patrimônio Natural · Federal,-26.57214,-49.9512,-26.54357,-49.92402
conservacao,0000.00.2715,RESERVA PARTICULAR DO PATRIMÔNIO NATURAL CORREDEIRAS DO RIO ITAJAI II,reserva particular do patrimonio natural corredeiras do rio itajai ii,SC,79.1,Reserva Particular do Patrimônio Natural · Federal,-26.56056,-49.94606,-26.5421,-49.92475
conservacao,0000.52.5241,RESERVA PARTICULAR DO PATRIMÔNIO NATURAL CÓRREGO CAPOEIRÃO,reserva particular do patrimonio natural corrego capoeirao,GO,10.74,Reserva Particular do Patrimônio Natural · Estadual,-16.22778,-49.36427,-16.22421,-49.35945
conservacao,0000.31.2390,RESERVA PARTICULAR DO PATRIMÔNIO NATURAL CÓRREGO DA ONÇA,reserva particular do patrimonio natural corrego da onca,MG,20.38,Reserva Particular do Patrimônio Natural · Estadual,-22.08379,-45.12909,-22.0776,-45.12305
conservacao,0000.31.2391,RESERVA PARTICULAR DO PATRIMÔNIO NATURAL CÓRREGO DAS TRAÍRAS,reserva particular do patrimonio natural corrego das trairas,MG,158.73,Reserva Particular do Patrimônio Natural · Estadual,-17.1545,-41.11553,-17.13803,-41.10219
conservacao,0000.50.4226,RESERVA PARTICULAR DO PATRIMÔNIO NATURAL CÓRREGO DO MACACO,reserva particular do patrimonio natural corrego do macaco,MS,524.89,Reserva Particular do Patrimônio Natural · Estadual,-19.12537,-52.94198,-19.08088,-52.88106
conservacao,0000.31.3933,RESERVA PARTICULAR DO PATRIMÔNIO NATURAL CÓRREGO DO SÍTIO I,reserva particular do patrimonio natural corrego do sitio i,MG,180.05,Reserva Particular do Patrimônio Natural · Estadual,-20.05183,-43.53684,-20.03068,-43.5198
conservacao,0000.31.4921,RESERVA PARTICULAR DO PATRIMÔNIO NATURAL CÓRREGO DO SÍTIO II,reserva particular do patrimonio natural corrego do sitio ii,MG,328.13,Reserva Particular do Patrimônio Natural · Estadual,-19.97633,-43.79918,-19.96035,-43.76985
conservacao,0000.00.1422,RESERVA PARTICULAR DO PATRIMÔNIO NATURAL CÓRREGO DOS BOIS,reserva particular do patrimonio natural corrego dos bois,BA,49.6,Reserva Particular do Patrimônio Natural · Federal,-12.58279,-41.49262,-12.57559,-41.48528
conservacao,0000.00.2086,RESERVA PARTICULAR DO PATRIMÔNIO NATURAL CÓRREGO FLORESTA,reserva particular do patrimonio natural corrego floresta,ES,23.88,Reserva Particular do Patrimônio Natural · Federal,-20.09839,-41.17697,-20.09133,-41.1702
conservacao,0000.33.2268,RESERVA PARTICULAR DO PATRIMÔNIO NATURAL CÓRREGO FRIO,reserva particular do patrimonio natural corrego frio,RJ,21.68,Reserva Particular do Patrimônio Natural · Estadual,-22.22985,-42.58468,-22.2247,-42.57581
conservacao,0000.52.5232,RESERVA PARTICULAR DO PATRIMÔNIO NATURAL CÓRREGO FUNDO,reserva particular do patrimonio natural corrego fundo,GO,23.81,Reserva Particular do Patrimônio Natural · Estadual,-16.8834,-50.37712,-16.87801,-50.37162
conservacao,0000.29.2763,RESERVA PARTICULAR DO PATRIMÔNIO NATURAL CORUMBAU,reserva particular do patrimonio natural corumbau,BA,29.42,Reserva Particular do Patrimônio Natural · Estadual,-16.99216,-39.37498,-16.98145,-39.36626
conservacao,0000.29.2854,RESERVA PARTICULAR DO PATRIMÔNIO NATURAL CORUMBAU I,reserva particular do patrimonio natural corumbau i,BA,164.27,Reserva Particular do Patrimônio Natural · Estadual,-16.98936,-39.38764,-16.96434,-39.36614
conservacao,0000.00.3103,RESERVA PARTICULAR DO PATRIMÔNIO NATURAL CORVO BRANCO,reserva particular do patrimonio natural corvo branco,SC,13.81,Reserva Particular do Patrimônio Natural · Federal,-28.06258,-49.38221,-28.05784,-49.37555
conservacao,0000.00.1104,RESERVA PARTICULAR DO PATRIMÔNIO NATURAL COSTA DO SERRO,reserva particular do patrimonio natural costa do serro,RS,7.91,Reserva Particular do Patrimônio Natural · Federal,-30.19165,-51.10813,-30.18878,-51.10482
conservacao,0000.29.3433,RESERVA PARTICULAR DO PATRIMÔNIO NATURAL COTINGA-CREJOÁ,reserva particular do patrimonio natural cotinga-crejoa,BA,9.39,Reserva Particular do Patrimônio Natural · Estadual,-15.29099,-39.0621,-15.28619,-39.0595
conservacao,0000.51.2045,RESERVA PARTICULAR DO PATRIMÔNIO NATURAL CRISTALINO I,reserva particular do patrimonio natural cristalino i,MT,2450.8,Reserva Particular do Patrimônio Natural · Estadual,-9.58515,-55.91522,-9.52647,-55.85452
conservacao,0000.51.1924,RESERVA PARTICULAR DO PATRIMÔNIO NATURAL CRISTALINO III,reserva particular do patrimonio natural cristalino iii,MT,1617.41,Reserva Particular do Patrimônio Natural · Estadual,-9.60551,-55.93054,-9.56637,-55.86914
conservacao,0000.00.2741,RESERVA PARTICULAR DO PATRIMÔNIO NATURAL CRUZ PRETA,reserva particular do patrimonio natural cruz preta,SP,157.23,Reserva Particular do Patrimônio Natural · Federal,-23.85224,-47.2529,-23.83921,-47.23389
conservacao,0000.00.2087,RESERVA PARTICULAR DO PATRIMÔNIO NATURAL CURIÓ,reserva particular do patrimonio natural curio,BA,13.4,Reserva Particular do Patrimônio Natural · Federal,-12.5195,-38.45605,-12.51366,-38.44973
conservacao,0000.00.2088,RESERVA PARTICULAR DO PATRIMÔNIO NATURAL CURUCACA 1,reserva particular do patrimonio natural curucaca 1,SC,32.1,Reserva Particular do Patrimônio Natural · Federal,-27.88667,-49.57804,-27.88041,-49.57068
conservacao,0000.00.2089,RESERVA PARTICULAR DO PATRIMÔNIO NATURAL CURUCACA 2,reserva particular do patrimonio natural curucaca 2,SC,24.45,Reserva Particular do Patrimônio Natural · Federal,-27.88502,-49.57066,-27.88173,-49.55797
conservacao,0000.00.2090,RESERVA PARTICULAR DO PATRIMÔNIO NATURAL CURUCACA 3,reserva particular do patrimonio natural curucaca 3,SC,78.47,Reserva Particular do Patrimônio Natural · Federal,-27.88194,-49.57422,-27.87211,-49.55836
conservacao,0000.00.2091,RESERVA PARTICULAR DO PATRIMÔNIO NATURAL CURUCACA 4,reserva particular do patrimonio natural curucaca 4,SC,59.48,Reserva Particular do Patrimônio Natural · Federal,-27.8763,-49.57566,-27.8644,-49.56411
conservacao,0000.33.3518,RESERVA PARTICULAR DO PATRIMÔNIO NATURAL DA ÁGUA BOA,reserva particular do patrimonio natural da agua boa,RJ,2.96,Reserva Particular do Patrimônio Natural · Estadual,-22.41448,-42.32583,-22.4122,-42.32434
conservacao,0000.00.2092,RESERVA PARTICULAR DO PATRIMÔNIO NATURAL DA CABECEIRA DO CAFÔFO,reserva particular do patrimonio natural da cabeceira do cafofo,RJ,167.35,Reserva Particular do Patrimônio Natural · Federal,-22.1183,-42.03584,-22.10099,-42.01092
conservacao,0000.31.2393,RESERVA PARTICULAR DO PATRIMÔNIO NATURAL DA FRAGALHA,reserva particular do patrimonio natural da fragalha,MG,2.99,Reserva Particular do Patrimônio Natural · Estadual,-22.02398,-44.65284,-22.01737,-44.65072
conservacao,0000.00.1435,RESERVA PARTICULAR DO PATRIMÔNIO NATURAL DA MATA ATLÂNTICA DA MANONA,reserva particular do patrimonio natural da mata atlantica da manona,BA,6.84,Reserva Particular do Patrimônio Natural · Federal,-16.39662,-39.05,-16.39392,-39.04725
conservacao,0000.29.4675,RESERVA PARTICULAR DO PATRIMÔNIO NATURAL DA PEDREIRA,reserva particular do patrimonio natural da pedreira,BA,4.11,Reserva Particular do Patrimônio Natural · Estadual,-14.79247,-39.07751,-14.79046,-39.07529
conservacao,0000.00.2093,RESERVA PARTICULAR DO PATRIMÔNIO NATURAL DA UNISC,reserva particular do patrimonio natural da unisc,RS,266.94,Reserva Particular do Patrimônio Natural · Federal,-29.4025,-52.55663,-29.38066,-52.52563
conservacao,0000.31.4718,RESERVA PARTICULAR DO PATRIMÔNIO NATURAL DAPHNE KAUKAL VALLADARES,reserva particular do patrimonio natural daphne kaukal valladares,MG,1751.88,Reserva Particular do Patrimônio Natural · Estadual,-17.46192,-44.90034,-17.39294,-44.84732
conservacao,0000.00.3664,RESERVA PARTICULAR DO PATRIMÔNIO NATURAL DAS ÁGUAS E DAS MATAS,reserva particular do patrimonio natural das aguas e das matas,BA,10.7,Reserva Particular do Patrimônio Natural · Federal,-13.61407,-39.1661,-13.60963,-39.16268
conservacao,0000.00.1183,RESERVA PARTICULAR DO PATRIMÔNIO NATURAL DAS ARAUCÁRIAS,reserva particular do patrimonio natural das araucarias,PR,113.73,Reserva Particular do Patrimônio Natural · Federal,-26.40557,-51.37304,-26.39472,-51.36092
conservacao,0000.00.2094,RESERVA PARTICULAR DO PATRIMÔNIO NATURAL DAS ARAUCÁRIAS GIGANTES,reserva particular do patrimonio natural das araucarias gigantes,SC,55.76,Reserva Particular do Patrimônio Natural · Federal,-26.53085,-49.94548,-26.52035,-49.93998
conservacao,0000.00.1420,RESERVA PARTICULAR DO PATRIMÔNIO NATURAL DAS DUNAS,reserva particular do patrimonio natural das dunas,BA,79.41,Reserva Particular do Patrimônio Natural · Federal,-12.85217,-38.26635,-12.84005,-38.25353
conservacao,0000.00.3668,RESERVA PARTICULAR DO PATRIMÔNIO NATURAL DAS NASCENTES,reserva particular do patrimonio natural das nascentes,BA,22.71,Reserva Particular do Patrimônio Natural · Federal,-13.60884,-39.18306,-13.60363,-39.17528
conservacao,0000.33.2290,RESERVA PARTICULAR DO PATRIMÔNIO NATURAL DAS ORQUÍDEAS,reserva particular do patrimonio natural das orquideas,RJ,5.72,Reserva Particular do Patrimônio Natural · Estadual,-20.89954,-41.82962,-20.89585,-41.82562
conservacao,0000.32.2357,RESERVA PARTICULAR DO PATRIMÔNIO NATURAL DEBORA,reserva particular do patrimonio natural debora,ES,120.11,Reserva Particular do Patrimônio Natural · Estadual,-20.00232,-41.2283,-19.97933,-41.21032
conservacao,0000.29.2703,RESERVA PARTICULAR DO PATRIMÔNIO NATURAL DEMUNER,reserva particular do patrimonio natural demuner,BA,80.46,Reserva Particular do Patrimônio Natural · Estadual,-17.03179,-39.37015,-17.01496,-39.3511
conservacao,0000.31.4747,RESERVA PARTICULAR DO PATRIMÔNIO NATURAL DIADORIM,reserva particular do patrimonio natural diadorim,MG,1832.94,Reserva Particular do Patrimônio Natural · Estadual,-17.12589,-43.51536,-17.08112,-43.42144
conservacao,0000.52.5225,RESERVA PARTICULAR DO PATRIMÔNIO NATURAL DIAMANTE,reserva particular do patrimonio natural diamante,GO,369.04,Reserva Particular do Patrimônio Natural · Estadual,-14.06752,-47.25426,-14.04277,-47.22967
conservacao,0000.31.2399,RESERVA PARTICULAR DO PATRIMÔNIO NATURAL DO BOM FIM,reserva particular do patrimonio natural do bom fim,MG,2.71,Reserva Particular do Patrimônio Natural · Estadual,-20.6563,-41.85587,-20.65503,-41.85322
conservacao,0000.29.4674,RESERVA PARTICULAR DO PATRIMÔNIO NATURAL DO BOQUEIRÃO DA MATA,reserva particular do patrimonio natural do boqueirao da mata,BA,26.82,Reserva Particular do Patrimônio Natural · Estadual,-18.07464,-39.73504,-18.06991,-39.72241
conservacao,0000.00.2095,RESERVA PARTICULAR DO PATRIMÔNIO NATURAL DO CAJU,reserva particular do patrimonio natural do caju,SE,762.24,Reserva Particular do Patrimônio Natural · Federal,-11.15475,-37.21685,-11.09615,-37.17555
conservacao,0000.29.3201,RESERVA PARTICULAR DO PATRIMÔNIO NATURAL DO JEQUITIBÁ,reserva particular do patrimonio natural do jequitiba,BA,615.19,Reserva Particular do Patrimônio Natural · Estadual,-12.23952,-37.98939,-12.20282,-37.95738
conservacao,0000.00.2183,RESERVA PARTICULAR DO PATRIMÔNIO NATURAL DO TOMBADOR,reserva particular do patrimonio natural do tombador,GO,8717.48,Reserva Particular do Patrimônio Natural · Federal,-13.71597,-47.87579,-13.59004,-47.74342
conservacao,0000.29.4665,RESERVA PARTICULAR DO PATRIMÔNIO NATURAL DO VALDEMAR E DA VITÓRIA,reserva particular do patrimonio natural do valdemar e da vitoria,BA,20.33,Reserva Particular do Patrimônio Natural · Estadual,-18.07004,-39.73702,-18.06655,-39.73046
conservacao,0000.32.3453,RESERVA PARTICULAR DO PATRIMÔNIO NATURAL DOIS IRMÃOS,reserva particular do patrimonio natural dois irmaos,ES,2.15,Reserva Particular do Patrimônio Natural · Estadual,-20.20018,-40.59584,-20.19939,-40.59302
conservacao,0000.33.2640,RESERVA PARTICULAR DO PATRIMÔNIO NATURAL DOIS PEÕES,reserva particular do patrimonio natural dois peoes,RJ,60.02,Reserva Particular do Patrimônio Natural · Estadual,-22.39908,-44.58408,-22.38954,-44.5747
conservacao,0000.32.3261,RESERVA PARTICULAR DO PATRIMÔNIO NATURAL DOM PEDRO,reserva particular do patrimonio natural dom pedro,ES,3.33,Reserva Particular do Patrimônio Natural · Estadual,-19.9689,-40.7344,-19.96772,-40.73073
conservacao,0000.27.4937,RESERVA PARTICULAR DO PATRIMÔNIO NATURAL DOMÍCIO SILVA,reserva particular do patrimonio natural domicio silva,AL,10.17,Reserva Particular do Patrimônio Natural · Estadual,-9.3309,-37.82266,-9.32681,-37.81855
conservacao,0000.00.2097,RESERVA PARTICULAR DO PATRIMÔNIO NATURAL DONA BENTA E SEU CABOCLO,reserva particular do patrimonio natural dona benta e seu caboclo,SE,24.06,Reserva Particular do Patrimônio Natural · Federal,-10.65887,-36.78549,-10.65403,-36.77848
conservacao,0000.31.4703,RESERVA PARTICULAR DO PATRIMÔNIO NATURAL DORES DE GUANHÃES,reserva particular do patrimonio natural dores de guanhaes,MG,17.94,Reserva Particular do Patrimônio Natural · Estadual,-18.98343,-42.99561,-18.97819,-42.98822
conservacao,0000.00.1306,RESERVA PARTICULAR DO PATRIMÔNIO NATURAL DOS FEIXOS,reserva particular do patrimonio natural dos feixos,MG,2.09,Reserva Particular do Patrimônio Natural · Federal,-20.0553,-43.94845,-20.05382,-43.94689
conservacao,0000.33.2286,RESERVA PARTICULAR DO PATRIMÔNIO NATURAL DOUGLAS VIEIRA SOARES,reserva particular do patrimonio natural douglas vieira soares,RJ,17.59,Reserva Particular do Patrimônio Natural · Estadual,-20.93755,-41.85006,-20.93264,-41.84507
conservacao,0000.50.2759,RESERVA PARTICULAR DO PATRIMÔNIO NATURAL DOURADINHO,reserva particular do patrimonio natural douradinho,MS,978.84,Reserva Particular do Patrimônio Natural · Estadual,-21.65289,-53.32193,-21.58485,-53.26401
conservacao,0000.31.4721,RESERVA PARTICULAR DO PATRIMÔNIO NATURAL DOUTOR BENEDICTO JÚLIO VALLADARES,reserva particular do patrimonio natural doutor benedicto julio valladares,MG,1087.95,Reserva Particular do Patrimônio Natural · Estadual,-16.59882,-41.16601,-16.52923,-41.12207
conservacao,0000.31.3993,RESERVA PARTICULAR DO PATRIMÔNIO NATURAL DOUTOR NORBERTO CUSTÓDIO FERREIRA,reserva particular do patrimonio natural doutor norberto custodio ferreira,MG,217.0,Reserva Particular do Patrimônio Natural · Estadual,-21.32687,-42.55103,-21.30595,-42.52774
conservacao,0000.33.2777,RESERVA PARTICULAR DO PATRIMÔNIO NATURAL DR. CARLOS DE OLIVEIRA RAMOS,reserva particular do patrimonio natural dr. carlos de oliveira ramos,RJ,25.32,Reserva Particular do Patrimônio Natural · Estadual,-20.91785,-41.8907,-20.91257,-41.88195
conservacao,0000.00.1450,RESERVA PARTICULAR DO PATRIMÔNIO NATURAL DR. DAISAKU IKEDA,reserva particular do patrimonio natural dr. daisaku ikeda,AM,50.03,Reserva Particular do Patrimônio Natural · Federal,-3.11877,-59.91116,-3.11165,-59.90384
conservacao,0000.35.4073,RESERVA PARTICULAR DO PATRIMÔNIO NATURAL DUAS CACHOEIRAS,reserva particular do patrimonio natural duas cachoeiras,SP,6.3,Reserva Particular do Patrimônio Natural · Estadual,-22.75845,-46.8107,-22.75442,-46.80616
conservacao,0000.33.2288,RESERVA PARTICULAR DO PATRIMÔNIO NATURAL DUAS PEDRAS,reserva particular do patrimonio natural duas pedras,RJ,1.51,Reserva Particular do Patrimônio Natural · Estadual,-22.24937,-42.55401,-22.24731,-42.55209
conservacao,0000.50.1663,RESERVA PARTICULAR DO PATRIMÔNIO NATURAL DUAS PEDRAS,reserva particular do patrimonio natural duas pedras,MS,152.86,Reserva Particular do Patrimônio Natural · Estadual,-19.67931,-54.52352,-19.66918,-54.50345
conservacao,0000.27.4202,RESERVA PARTICULAR DO PATRIMÔNIO NATURAL DUBINHA GUIMARÃES,reserva particular do patrimonio natural dubinha guimaraes,AL,630.43,Reserva Particular do Patrimônio Natural · Estadual,-9.79149,-36.24892,-9.75308,-36.21995
conservacao,0000.00.1405,RESERVA PARTICULAR DO PATRIMÔNIO NATURAL DUNAS DE SANTO ANTÔNIO,reserva particular do patrimonio natural dunas de santo antonio,BA,362.72,Reserva Particular do Patrimônio Natural · Federal,-12.46438,-37.94742,-12.4186,-37.9242
conservacao,0000.00.3687,RESERVA PARTICULAR DO PATRIMÔNIO NATURAL DUNAS DOURADAS,reserva particular do patrimonio natural dunas douradas,RN,166.19,Reserva Particular do Patrimônio Natural · Federal,-5.63405,-35.24709,-5.6196,-35.22782
conservacao,0000.32.3455,RESERVA PARTICULAR DO PATRIMÔNIO NATURAL DUTRA PIMENTA,reserva particular do patrimonio natural dutra pimenta,ES,13.9,Reserva Particular do Patrimônio Natural · Estadual,-20.07011,-41.19825,-20.06768,-41.1919
conservacao,0000.31.2402,RESERVA PARTICULAR DO PATRIMÔNIO NATURAL ECOCERRADO BRASIL,reserva particular do patrimonio natural ecocerrado brasil,MG,39.38,Reserva Particular do Patrimônio Natural · Estadual,-19.61561,-47.1448,-19.60857,-47.13575
conservacao,0000.31.3994,RESERVA PARTICULAR DO PATRIMÔNIO NATURAL ECOLIFE,reserva particular do patrimonio natural ecolife,MG,1.16,Reserva Particular do Patrimônio Natural · Estadual,-20.77594,-42.88089,-20.77418,-42.87981
conservacao,0000.00.1419,RESERVA PARTICULAR DO PATRIMÔNIO NATURAL ECOPARQUE DE UNA,reserva particular do patrimonio natural ecoparque de una,BA,82.38,Reserva Particular do Patrimônio Natural · Federal,-15.17374,-39.05712,-15.16448,-39.04754
conservacao,0000.29.4035,RESERVA PARTICULAR DO PATRIMÔNIO NATURAL ECOTERRA TICO TINGA,reserva particular do patrimonio natural ecoterra tico tinga,BA,41.73,Reserva Particular do Patrimônio Natural · Estadual,-13.54444,-39.1708,-13.53442,-39.16367
conservacao,0000.31.3995,RESERVA PARTICULAR DO PATRIMÔNIO NATURAL ECOVIVE - ESTÂNCIA ECOLÓGICA VIVA VERDE,reserva particular do patrimonio natural ecovive - estancia ecologica viva verde,MG,38.78,Reserva Particular do Patrimônio Natural · Estadual,-17.84462,-41.71284,-17.83781,-41.70343
conservacao,0000.00.1074,RESERVA PARTICULAR DO PATRIMÔNIO NATURAL ECOWORLD,reserva particular do patrimonio natural ecoworld,SP,51.05,Reserva Particular do Patrimônio Natural · Federal,-23.17249,-46.53684,-23.16519,-46.52895
conservacao,0000.29.4410,RESERVA PARTICULAR DO PATRIMÔNIO NATURAL EDGARD NAVARRO SAMPAIO,reserva particular do patrimonio natural edgard navarro sampaio,BA,307.85,Reserva Particular do Patrimônio Natural · Estadual,-11.58641,-41.33715,-11.56301,-41.31031
conservacao,0000.29.4408,RESERVA PARTICULAR DO PATRIMÔNIO NATURAL EDNA MARIA TOURINHO SAMPAIO NAVARRO,reserva particular do patrimonio natural edna maria tourinho sampaio navarro,BA,104.53,Reserva Particular do Patrimônio Natural · Estadual,-11.53599,-41.34793,-11.52187,-41.33854
conservacao,0000.00.1160,RESERVA PARTICULAR DO PATRIMÔNIO NATURAL EL NAGUAL,reserva particular do patrimonio natural el nagual,RJ,17.08,Reserva Particular do Patrimônio Natural · Federal,-22.54581,-43.06848,-22.54159,-43.06393
conservacao,0000.33.5066,RESERVA PARTICULAR DO PATRIMÔNIO NATURAL EL SHAMMAH,reserva particular do patrimonio natural el shammah,RJ,6.36,Reserva Particular do Patrimônio Natural · Estadual,-22.34126,-42.58508,-22.33721,-42.58151
conservacao,0000.00.4506,RESERVA PARTICULAR DO PATRIMÔNIO NATURAL ELDORADO,reserva particular do patrimonio natural eldorado,RJ,140.01,Reserva Particular do Patrimônio Natural · Federal,-22.8692,-42.66858,-22.85576,-42.64718
conservacao,0000.00.2098,RESERVA PARTICULAR DO PATRIMÔNIO NATURAL ELIAS ANDRADE,reserva particular do patrimonio natural elias andrade,CE,208.07,Reserva Particular do Patrimônio Natural · Federal,-4.01497,-39.51656,-3.99988,-39.49982
conservacao,0000.00.2099,RESERVA PARTICULAR DO PATRIMÔNIO NATURAL EMILIO EINSFELD FILHO,reserva particular do patrimonio natural emilio einsfeld filho,SC,6333.78,Reserva Particular do Patrimônio Natural · Federal,-28.08814,-50.92518,-27.91728,-50.74485
conservacao,0000.00.1081,RESERVA PARTICULAR DO PATRIMÔNIO NATURAL EMILIO FIORENTINO BATTISTELLA,reserva particular do patrimonio natural emilio fiorentino battistella,SC,1156.49,Reserva Particular do Patrimônio Natural · Federal,-26.42826,-49.37766,-26.38203,-49.34355
conservacao,0000.00.4517,RESERVA PARTICULAR DO PATRIMÔNIO NATURAL ENCONTRO DAS ÁGUAS,reserva particular do patrimonio natural encontro das aguas,PR,17.85,Reserva Particular do Patrimônio Natural · Federal,-25.73073,-48.59579,-25.72466,-48.58858
conservacao,0000.29.2057,RESERVA PARTICULAR DO PATRIMÔNIO NATURAL ENGELHARDT,reserva particular do patrimonio natural engelhardt,BA,392.92,Reserva Particular do Patrimônio Natural · Estadual,-17.03968,-39.36704,-17.01496,-39.3324
conservacao,0000.26.5153,RESERVA PARTICULAR DO PATRIMÔNIO NATURAL ENGENHO DE SANTA RITA,reserva particular do patrimonio natural engenho de santa rita,PE,113.52,Reserva Particular do Patrimônio Natural · Estadual,-8.69192,-35.49922,-8.67334,-35.4817
conservacao,0000.29.4403,RESERVA PARTICULAR DO PATRIMÔNIO NATURAL ENGENHO FAZENDA LIMOEIRO,reserva particular do patrimonio natural engenho fazenda limoeiro,BA,47.6,Reserva Particular do Patrimônio Natural · Estadual,-14.09342,-44.22709,-14.08179,-44.21869
conservacao,0000.00.1206,RESERVA PARTICULAR DO PATRIMÔNIO NATURAL ENGENHO GARGAÚ,reserva particular do patrimonio natural engenho gargau,PB,1036.01,Reserva Particular do Patrimônio Natural · Federal,-7.03233,-34.97106,-6.99963,-34.93784
conservacao,0000.52.5234,RESERVA PARTICULAR DO PATRIMÔNIO NATURAL ENGENHO NOVO,reserva particular do patrimonio natural engenho novo,GO,32.9,Reserva Particular do Patrimônio Natural · Estadual,-18.26259,-51.38985,-18.24771,-51.36818
conservacao,0000.35.5178,RESERVA PARTICULAR DO PATRIMÔNIO NATURAL ENTRE RIOS,reserva particular do patrimonio natural entre rios,SP,305.72,Reserva Particular do Patrimônio Natural · Estadual,-23.27047,-48.44569,-23.24824,-48.42542
conservacao,0000.50.4036,RESERVA PARTICULAR DO PATRIMONIO NATURAL ERNESTO VARGAS BATISTA,reserva particular do patrimonio natural ernesto vargas batista,MS,14.48,Reserva Particular do Patrimônio Natural · Estadual,-23.81207,-54.10331,-23.80623,-54.09837
conservacao,0000.00.1347,RESERVA PARTICULAR DO PATRIMÔNIO NATURAL ESCARPAS DO PARAÍSO,reserva particular do patrimonio natural escarpas do paraiso,GO,82.09,Reserva Particular do Patrimônio Natural · Federal,-14.18896,-47.81852,-14.1797,-47.80902
conservacao,0000.00.2100,RESERVA PARTICULAR DO PATRIMÔNIO NATURAL ESPERANÇA,reserva particular do patrimonio natural esperanca,RN,534.07,Reserva Particular do Patrimônio Natural · Federal,-5.23986,-36.88984,-5.20202,-36.82409
conservacao,0000.29.3412,RESERVA PARTICULAR DO PATRIMÔNIO NATURAL ESPINITA,reserva particular do patrimonio natural espinita,BA,29.17,Reserva Particular do Patrimônio Natural · Estadual,-13.878,-39.16116,-13.87279,-39.15369
conservacao,0000.00.2101,RESERVA PARTICULAR DO PATRIMÔNIO NATURAL ESTAÇÃO VERACEL,reserva particular do patrimonio natural estacao veracel,BA,2535.37,Reserva Particular do Patrimônio Natural · Federal,-16.35456,-39.16141,-16.30407,-39.10774
conservacao,0000.42.5177,RESERVA PARTICULAR DO PATRIMÔNIO NATURAL ESTADUAL   DE PAULO  BERNARDO  SCHMITT  &  AMÉLIA  SCHMITT,reserva particular do patrimonio natural estadual   de paulo  bernardo  schmitt  &  amelia  schmitt,SC,0.36,Reserva Particular do Patrimônio Natural · Estadual,-26.93545,-48.94262,-26.935,-48.94196
conservacao,0000.42.5111,RESERVA PARTICULAR DO PATRIMÔNIO NATURAL ESTADUAL ADÉLIO MURAKAMI,reserva particular do patrimonio natural estadual adelio murakami,SC,3.01,Reserva Particular do Patrimônio Natural · Estadual,-27.30692,-48.79318,-27.30456,-48.79155
conservacao,0000.42.3953,RESERVA PARTICULAR DO PATRIMÔNIO NATURAL ESTADUAL AROEIRA VERMELHA,reserva particular do patrimonio natural estadual aroeira vermelha,SC,15.19,Reserva Particular do Patrimônio Natural · Estadual,-26.9376,-48.6394,-26.93332,-48.62788
conservacao,0000.43.3753,RESERVA PARTICULAR DO PATRIMÔNIO NATURAL ESTADUAL BARBA,reserva particular do patrimonio natural estadual barba,RS,2381.39,Reserva Particular do Patrimônio Natural · Estadual,-30.44335,-51.25604,-30.29856,-51.09534
conservacao,0000.42.4898,RESERVA PARTICULAR DO PATRIMÔNIO NATURAL ESTADUAL CANELA PRETA,reserva particular do patrimonio natural estadual canela preta,SC,3.0,Reserva Particular do Patrimônio Natural · Estadual,-27.20985,-49.60754,-27.20875,-49.60498
conservacao,0000.42.3516,RESERVA PARTICULAR DO PATRIMÔNIO NATURAL ESTADUAL CB - CARTONAGEM BATISTENSE,reserva particular do patrimonio natural estadual cb - cartonagem batistense,SC,5.0,Reserva Particular do Patrimônio Natural · Estadual,-27.22103,-48.94941,-27.21922,-48.94487
conservacao,0000.42.3960,RESERVA PARTICULAR DO PATRIMÔNIO NATURAL ESTADUAL COMPLEXO SERRA DA FAROFA,reserva particular do patrimonio natural estadual complexo serra da farofa,SC,5255.23,Reserva Particular do Patrimônio Natural · Estadual,-28.03251,-49.90517,-27.87718,-49.68476
conservacao,0000.42.5110,RESERVA PARTICULAR DO PATRIMÔNIO NATURAL ESTADUAL COOPER A1,reserva particular do patrimonio natural estadual cooper a1,SC,17.77,Reserva Particular do Patrimônio Natural · Estadual,-27.02472,-53.7245,-27.02006,-53.71766
conservacao,0000.32.2361,RESERVA PARTICULAR DO PATRIMÔNIO NATURAL ESTADUAL CÓRREGO CASCATA,reserva particular do patrimonio natural estadual corrego cascata,ES,6.68,Reserva Particular do Patrimônio Natural · Estadual,-19.96184,-41.13057,-19.95876,-41.12266
conservacao,0000.42.4996,RESERVA PARTICULAR DO PATRIMÔNIO NATURAL ESTADUAL COSTA ESMERALDA,reserva particular do patrimonio natural estadual costa esmeralda,SC,2.84,Reserva Particular do Patrimônio Natural · Estadual,-27.16201,-48.53345,-27.15987,-48.53124
conservacao,0000.42.3211,RESERVA PARTICULAR DO PATRIMONIO NATURAL ESTADUAL DAS CASCATAS,reserva particular do patrimonio natural estadual das cascatas,SC,21.44,Reserva Particular do Patrimônio Natural · Estadual,-27.42108,-49.36055,-27.41194,-49.35618
conservacao,0000.42.4897,RESERVA PARTICULAR DO PATRIMÔNIO NATURAL ESTADUAL DO SISSIAL,reserva particular do patrimonio natural estadual do sissial,SC,27.77,Reserva Particular do Patrimônio Natural · Estadual,-27.35304,-48.54172,-27.34672,-48.53291
conservacao,0000.42.4578,RESERVA PARTICULAR DO PATRIMÔNIO NATURAL ESTADUAL DONA AUGUSTA,reserva particular do patrimonio natural estadual dona augusta,SC,14.64,Reserva Particular do Patrimônio Natural · Estadual,-26.23526,-48.8271,-26.22985,-48.8195
conservacao,0000.42.4642,RESERVA PARTICULAR DO PATRIMÔNIO NATURAL ESTADUAL DONA BLANKA,reserva particular do patrimonio natural estadual dona blanka,SC,2.02,Reserva Particular do Patrimônio Natural · Estadual,-26.97148,-48.63142,-26.97043,-48.62856
conservacao,0000.42.5302,RESERVA PARTICULAR DO PATRIMÔNIO NATURAL ESTADUAL FRANCISCO RECH,reserva particular do patrimonio natural estadual francisco rech,SC,2.43,Reserva Particular do Patrimônio Natural · Estadual,-27.3709,-49.60158,-27.36963,-49.59904
conservacao,0000.42.4344,RESERVA PARTICULAR DO PATRIMÔNIO NATURAL ESTADUAL FRIOESTE,reserva particular do patrimonio natural estadual frioeste,SC,17.95,Reserva Particular do Patrimônio Natural · Estadual,-26.78371,-53.65866,-26.77813,-53.65165
conservacao,0000.42.4900,RESERVA PARTICULAR DO PATRIMÔNIO NATURAL ESTADUAL HERMÍNIO GIRARDI,reserva particular do patrimonio natural estadual herminio girardi,SC,9.49,Reserva Particular do Patrimônio Natural · Estadual,-27.16317,-49.7198,-27.16002,-49.71555
conservacao,0000.42.4358,RESERVA PARTICULAR DO PATRIMÔNIO NATURAL ESTADUAL ICAP - INDUSTRIA E COMÉRCIO CATARINENSE DE PESCADOS LTDA,reserva particular do patrimonio natural estadual icap - industria e comercio catarinense de pescados ltda,SC,5.05,Reserva Particular do Patrimônio Natural · Estadual,-27.19704,-48.59554,-27.19308,-48.59063
conservacao,0000.42.5176,RESERVA PARTICULAR DO PATRIMÔNIO NATURAL ESTADUAL INIDAVI,reserva particular do patrimonio natural estadual inidavi,SC,2.51,Reserva Particular do Patrimônio Natural · Estadual,-27.25721,-49.64783,-27.25656,-49.64372
conservacao,0000.42.4579,RESERVA PARTICULAR DO PATRIMÔNIO NATURAL ESTADUAL ITUTUPÃ,reserva particular do patrimonio natural estadual itutupa,SC,8.0,Reserva Particular do Patrimônio Natural · Estadual,-27.9519,-49.06686,-27.94515,-49.06372
conservacao,0000.42.3958,RESERVA PARTICULAR DO PATRIMÔNIO NATURAL ESTADUAL JARDIM DAS COLINAS,reserva particular do patrimonio natural estadual jardim das colinas,SC,7.68,Reserva Particular do Patrimônio Natural · Estadual,-27.51552,-49.25844,-27.51153,-49.25523
conservacao,0000.42.3951,RESERVA PARTICULAR DO PATRIMÔNIO NATURAL ESTADUAL JOÃO HEYSE SOBRINHO,reserva particular do patrimonio natural estadual joao heyse sobrinho,SC,5.58,Reserva Particular do Patrimônio Natural · Estadual,-26.1772,-49.88408,-26.17455,-49.88118
conservacao,0000.42.5303,RESERVA PARTICULAR DO PATRIMÔNIO NATURAL ESTADUAL MIGUEL MOCHON,reserva particular do patrimonio natural estadual miguel mochon,SC,0.53,Reserva Particular do Patrimônio Natural · Estadual,-27.48947,-48.49958,-27.48864,-48.49864
conservacao,0000.42.4899,RESERVA PARTICULAR DO PATRIMÔNIO NATURAL ESTADUAL MIRANTE DA AGRONÔMICA,reserva particular do patrimonio natural estadual mirante da agronomica,SC,5.49,Reserva Particular do Patrimônio Natural · Estadual,-27.26521,-49.73803,-27.26248,-49.73412
conservacao,0000.43.3754,RESERVA PARTICULAR DO PATRIMÔNIO NATURAL ESTADUAL MO'Ã,reserva particular do patrimonio natural estadual mo'a,RS,21.0,Reserva Particular do Patrimônio Natural · Estadual,-29.62925,-53.74224,-29.62332,-53.7355
conservacao,0000.42.3950,RESERVA PARTICULAR DO PATRIMÔNIO NATURAL ESTADUAL MORRO DO MOREIRA,reserva particular do patrimonio natural estadual morro do moreira,SC,0.71,Reserva Particular do Patrimônio Natural · Estadual,-27.15615,-48.53501,-27.15521,-48.53392
conservacao,0000.42.4148,RESERVA PARTICULAR DO PATRIMÔNIO NATURAL ESTADUAL NATUREZA VIVA BRF,reserva particular do patrimonio natural estadual natureza viva brf,SC,16.83,Reserva Particular do Patrimônio Natural · Estadual,-26.99841,-51.18102,-26.99453,-51.17452
conservacao,0000.42.4359,RESERVA PARTICULAR DO PATRIMÔNIO NATURAL ESTADUAL PALEOTOCA SERRA LAURENTINO,reserva particular do patrimonio natural estadual paleotoca serra laurentino,SC,2.09,Reserva Particular do Patrimônio Natural · Estadual,-27.17748,-49.72043,-27.17634,-49.71777
conservacao,0000.42.3954,RESERVA PARTICULAR DO PATRIMÔNIO NATURAL ESTADUAL PARQUE DAS ARAUCÁRIAS,reserva particular do patrimonio natural estadual parque das araucarias,SC,35.06,Reserva Particular do Patrimônio Natural · Estadual,-26.48083,-49.59477,-26.47457,-49.58527
conservacao,0000.42.4361,RESERVA PARTICULAR DO PATRIMÔNIO NATURAL ESTADUAL PARQUE DAS BORBOLETAS,reserva particular do patrimonio natural estadual parque das borboletas,SC,8.15,Reserva Particular do Patrimônio Natural · Estadual,-27.21917,-49.66577,-27.21471,-49.66191
conservacao,0000.43.4697,RESERVA PARTICULAR DO PATRIMÔNIO NATURAL ESTADUAL PASSO DO BURACO,reserva particular do patrimonio natural estadual passo do buraco,RS,0.28,Reserva Particular do Patrimônio Natural · Estadual,-28.28849,-50.83574,-28.28788,-50.83474
conservacao,0000.42.3210,RESERVA PARTICULAR DO PATRIMÔNIO NATURAL ESTADUAL PEDRA BRANCA,reserva particular do patrimonio natural estadual pedra branca,SC,10.57,Reserva Particular do Patrimônio Natural · Estadual,-27.80804,-49.33074,-27.80412,-49.32483
conservacao,0000.42.4360,RESERVA PARTICULAR DO PATRIMÔNIO NATURAL ESTADUAL PICO DA BANDEIRA,reserva particular do patrimonio natural estadual pico da bandeira,SC,15.14,Reserva Particular do Patrimônio Natural · Estadual,-27.23434,-49.63124,-27.22949,-49.62435
conservacao,0000.42.3957,RESERVA PARTICULAR DO PATRIMÔNIO NATURAL ESTADUAL PROF. YARA C. NICOLETTI,reserva particular do patrimonio natural estadual prof. yara c. nicoletti,SC,285.18,Reserva Particular do Patrimônio Natural · Estadual,-26.90671,-51.78378,-26.87986,-51.76585
conservacao,0000.42.3959,RESERVA PARTICULAR DO PATRIMÔNIO NATURAL ESTADUAL RESERVA AMBIENTAL S. SANTOS,reserva particular do patrimonio natural estadual reserva ambiental s. santos,SC,12.87,Reserva Particular do Patrimônio Natural · Estadual,-27.32248,-49.19878,-27.318,-49.19496
conservacao,0000.42.3212,RESERVA PARTICULAR DO PATRIMONIO NATURAL ESTADUAL RESERVA DE FONTES E VERDES,reserva particular do patrimonio natural estadual reserva de fontes e verdes,SC,130.19,Reserva Particular do Patrimônio Natural · Estadual,-26.60828,-49.29182,-26.59144,-49.28047
conservacao,0000.42.5301,RESERVA PARTICULAR DO PATRIMÔNIO NATURAL ESTADUAL RIBEIRÃO AREIA,reserva particular do patrimonio natural estadual ribeirao areia,SC,7.0,Reserva Particular do Patrimônio Natural · Estadual,-27.34158,-49.66987,-27.33845,-49.66736
conservacao,0000.42.3956,RESERVA PARTICULAR DO PATRIMÔNIO NATURAL ESTADUAL RIO BONITO,reserva particular do patrimonio natural estadual rio bonito,SC,11.94,Reserva Particular do Patrimônio Natural · Estadual,-26.42575,-50.89099,-26.41959,-50.88772
conservacao,0000.42.2876,RESERVA PARTICULAR DO PATRIMONIO NATURAL ESTADUAL RIO DA PRATA BUGIU,reserva particular do patrimonio natural estadual rio da prata bugiu,SC,15.0,Reserva Particular do Patrimônio Natural · Estadual,-27.85127,-49.12598,-27.84649,-49.12092
conservacao,0000.42.3955,RESERVA PARTICULAR DO PATRIMÔNIO NATURAL ESTADUAL RIO DOS PARDOS,reserva particular do patrimonio natural estadual rio dos pardos,SC,18.38,Reserva Particular do Patrimônio Natural · Estadual,-26.43452,-50.98058,-26.42828,-50.97507
conservacao,0000.43.4028,RESERVA PARTICULAR DO PATRIMÔNIO NATURAL ESTADUAL SALTO FORQUETA,reserva particular do patrimonio natural estadual salto forqueta,RS,45.49,Reserva Particular do Patrimônio Natural · Estadual,-29.07981,-52.22627,-29.07361,-52.21312
conservacao,0000.42.5163,RESERVA PARTICULAR DO PATRIMÔNIO NATURAL ESTADUAL SÍTIO AMOR VERDADEIRO,reserva particular do patrimonio natural estadual sitio amor verdadeiro,SC,33.34,Reserva Particular do Patrimônio Natural · Estadual,-27.18779,-48.57544,-27.17578,-48.56883
conservacao,0000.42.5162,RESERVA PARTICULAR DO PATRIMÔNIO NATURAL ESTADUAL SÍTIO DUNKA ROSA,reserva particular do patrimonio natural estadual sitio dunka rosa,SC,6.31,Reserva Particular do Patrimônio Natural · Estadual,-26.51601,-49.94498,-26.51058,-49.94277
conservacao,0000.42.4146,RESERVA PARTICULAR DO PATRIMÔNIO NATURAL ESTADUAL SONHO AZUL,reserva particular do patrimonio natural estadual sonho azul,SC,1.57,Reserva Particular do Patrimônio Natural · Estadual,-27.78346,-48.63439,-27.78237,-48.63255
conservacao,0000.42.4147,RESERVA PARTICULAR DO PATRIMÔNIO NATURAL ESTADUAL VALDIR BALDIN,reserva particular do patrimonio natural estadual valdir baldin,SC,6.58,Reserva Particular do Patrimônio Natural · Estadual,-27.1733,-52.48463,-27.16813,-52.48166
conservacao,0000.00.2102,RESERVA PARTICULAR DO PATRIMÔNIO NATURAL ESTÂNCIA CAIMAN,reserva particular do patrimonio natural estancia caiman,MS,5511.72,Reserva Particular do Patrimônio Natural · Federal,-19.95561,-56.41126,-19.87064,-56.30212
conservacao,0000.00.1231,RESERVA PARTICULAR DO PATRIMÔNIO NATURAL ESTÂNCIA ECOLÓGICA SESC - PANTANAL,reserva particular do patrimonio natural estancia ecologica sesc - pantanal,MT,9275.01,Reserva Particular do Patrimônio Natural · Federal,-16.7853,-56.22972,-16.68527,-56.12967
conservacao,0000.00.2314,RESERVA PARTICULAR DO PATRIMÔNIO NATURAL ESTÂNCIA ECOLÓGICA SESC - PANTANAL,reserva particular do patrimonio natural estancia ecologica sesc - pantanal,MT,25763.98,Reserva Particular do Patrimônio Natural · Federal,-16.76855,-56.40518,-16.60185,-56.23847
conservacao,0000.00.1063,RESERVA PARTICULAR DO PATRIMÔNIO NATURAL ESTÂNCIA JATOBÁ,reserva particular do patrimonio natural estancia jatoba,SP,26.48,Reserva Particular do Patrimônio Natural · Federal,-22.66233,-47.03873,-22.65707,-47.03306
conservacao,0000.00.1417,RESERVA PARTICULAR DO PATRIMÔNIO NATURAL ESTÂNCIA MANACÁ,reserva particular do patrimonio natural estancia manaca,BA,94.0,Reserva Particular do Patrimônio Natural · Federal,-14.79404,-39.63456,-14.78414,-39.62435
conservacao,0000.50.3172,RESERVA PARTICULAR DO PATRIMÔNIO NATURAL ESTÂNCIA MIMOSA,reserva particular do patrimonio natural estancia mimosa,MS,271.97,Reserva Particular do Patrimônio Natural · Estadual,-21.00094,-56.52025,-20.96192,-56.50427
conservacao,0000.00.1322,RESERVA PARTICULAR DO PATRIMÔNIO NATURAL ESTÂNCIA PEDREIRAS,reserva particular do patrimonio natural estancia pedreiras,MA,37.77,Reserva Particular do Patrimônio Natural · Federal,-2.61587,-44.29469,-2.60958,-44.28844
conservacao,0000.33.2900,RESERVA PARTICULAR DO PATRIMÔNIO NATURAL ESTÂNCIA RIO DO OURO,reserva particular do patrimonio natural estancia rio do ouro,RJ,7.07,Reserva Particular do Patrimônio Natural · Estadual,-22.58928,-42.49157,-22.58587,-42.48617
conservacao,0000.00.1446,RESERVA PARTICULAR DO PATRIMÔNIO NATURAL ESTÂNCIA RIVAS,reserva particular do patrimonio natural estancia rivas,AM,96.05,Reserva Particular do Patrimônio Natural · Federal,-1.99957,-60.03114,-1.98971,-60.021
conservacao,0000.00.1105,RESERVA PARTICULAR DO PATRIMÔNIO NATURAL ESTÂNCIA SANTA IZABEL DO BUTUÍ,reserva particular do patrimonio natural estancia santa izabel do butui,RS,132.22,Reserva Particular do Patrimônio Natural · Federal,-29.0057,-55.69086,-28.99409,-55.67746
conservacao,0000.00.1124,RESERVA PARTICULAR DO PATRIMÔNIO NATURAL ESTÂNCIA SANTA RITA,reserva particular do patrimonio natural estancia santa rita,RS,335.53,Reserva Particular do Patrimônio Natural · Federal,-32.93031,-52.96348,-32.91173,-52.9413
conservacao,0000.27.2675,RESERVA PARTICULAR DO PATRIMÔNIO NATURAL ESTÂNCIA SÃO LUIZ,reserva particular do patrimonio natural estancia sao luiz,AL,0.0,Reserva Particular do Patrimônio Natural · Estadual,-9.40674,-37.25245,-9.40537,-37.25006
conservacao,0000.33.2304,RESERVA PARTICULAR DO PATRIMÔNIO NATURAL ESTELA,reserva particular do patrimonio natural estela,RJ,3.18,Reserva Particular do Patrimônio Natural · Estadual,-22.61228,-43.69586,-22.61051,-43.69283
conservacao,0000.31.3996,RESERVA PARTICULAR DO PATRIMÔNIO NATURAL ESTRELA DA MANHÃ,reserva particular do patrimonio natural estrela da manha,MG,85.14,Reserva Particular do Patrimônio Natural · Estadual,-16.91977,-46.2149,-16.91229,-46.19935
conservacao,0000.27.5078,RESERVA PARTICULAR DO PATRIMÔNIO NATURAL ESTRELA DO SUL,reserva particular do patrimonio natural estrela do sul,AL,52.43,Reserva Particular do Patrimônio Natural · Estadual,-8.94279,-35.71211,-8.92982,-35.70144
conservacao,0000.27.5083,RESERVA PARTICULAR DO PATRIMÔNIO NATURAL EUSTÁQUIO TOLEDO NETO,reserva particular do patrimonio natural eustaquio toledo neto,AL,635.94,Reserva Particular do Patrimônio Natural · Estadual,-9.78942,-36.0001,-9.7366,-35.94564
conservacao,0000.29.4239,RESERVA PARTICULAR DO PATRIMÔNIO NATURAL FALCÃO,reserva particular do patrimonio natural falcao,BA,937.66,Reserva Particular do Patrimônio Natural · Estadual,-12.03673,-37.80275,-11.96722,-37.76123
conservacao,0000.33.2278,RESERVA PARTICULAR DO PATRIMÔNIO NATURAL FARGO,reserva particular do patrimonio natural fargo,RJ,11.81,Reserva Particular do Patrimônio Natural · Estadual,-22.45895,-42.31218,-22.45487,-42.30717
conservacao,0000.00.1125,RESERVA PARTICULAR DO PATRIMÔNIO NATURAL FARROUPILHA,reserva particular do patrimonio natural farroupilha,RS,9.65,Reserva Particular do Patrimônio Natural · Federal,-30.11517,-50.97774,-30.11051,-50.97065
conservacao,0000.00.1163,RESERVA PARTICULAR DO PATRIMÔNIO NATURAL FATTORIA GRIGIA,reserva particular do patrimonio natural fattoria grigia,RJ,63.02,Reserva Particular do Patrimônio Natural · Federal,-22.40006,-42.44377,-22.39167,-42.43538
conservacao,0000.00.1233,RESERVA PARTICULAR DO PATRIMÔNIO NATURAL FAZENDA ACURIZAL E FAZENDA PENHA,reserva particular do patrimonio natural fazenda acurizal e fazenda penha,MS,25574.53,Reserva Particular do Patrimônio Natural · Federal,-18.0359,-57.61319,-17.77396,-57.44552
conservacao,0000.00.1204,RESERVA PARTICULAR DO PATRIMÔNIO NATURAL FAZENDA ALMAS,reserva particular do patrimonio natural fazenda almas,PB,3448.48,Reserva Particular do Patrimônio Natural · Federal,-7.51275,-36.93359,-7.45295,-36.87308
conservacao,0000.00.1270,RESERVA PARTICULAR DO PATRIMÔNIO NATURAL FAZENDA ALTO DA BOA VISTA,reserva particular do patrimonio natural fazenda alto da boa vista,MG,54.65,Reserva Particular do Patrimônio Natural · Federal,-22.26706,-44.4996,-22.25951,-44.49148
conservacao,0000.00.1234,RESERVA PARTICULAR DO PATRIMÔNIO NATURAL FAZENDA AMÉRICA,reserva particular do patrimonio natural fazenda america,MS,31.14,Reserva Particular do Patrimônio Natural · Federal,-21.24076,-56.59919,-21.23507,-56.59312
conservacao,0000.00.1425,RESERVA PARTICULAR DO PATRIMÔNIO NATURAL FAZENDA ARARAUNA,reserva particular do patrimonio natural fazenda ararauna,BA,38.56,Reserva Particular do Patrimônio Natural · Federal,-15.30693,-39.16533,-15.30059,-39.15877
conservacao,0000.00.1088,RESERVA PARTICULAR DO PATRIMÔNIO NATURAL FAZENDA ARAUCÁRIA,reserva particular do patrimonio natural fazenda araucaria,SC,7.37,Reserva Particular do Patrimônio Natural · Federal,-28.34716,-49.88326,-28.34422,-49.88032
conservacao,0000.00.1159,RESERVA PARTICULAR DO PATRIMÔNIO NATURAL FAZENDA ARCO-ÍRIS,reserva particular do patrimonio natural fazenda arco-iris,RJ,45.53,Reserva Particular do Patrimônio Natural · Federal,-22.61121,-42.41339,-22.60432,-42.40596
conservacao,0000.00.3086,RESERVA PARTICULAR DO PATRIMÔNIO NATURAL FAZENDA ARIZONA,reserva particular do patrimonio natural fazenda arizona,CE,216.46,Reserva Particular do Patrimônio Natural · Federal,-4.80206,-39.01038,-4.78172,-38.99583
conservacao,0000.00.1434,RESERVA PARTICULAR DO PATRIMÔNIO NATURAL FAZENDA ARTE VERDE,reserva particular do patrimonio natural fazenda arte verde,BA,9.88,Reserva Particular do Patrimônio Natural · Federal,-14.81648,-39.08125,-14.81327,-39.07794
conservacao,0000.00.1401,RESERVA PARTICULAR DO PATRIMÔNIO NATURAL FAZENDA AVAÍ,reserva particular do patrimonio natural fazenda avai,BA,463.9,Reserva Particular do Patrimônio Natural · Federal,-17.731,-39.18419,-17.70903,-39.16116
conservacao,0000.00.2313,RESERVA PARTICULAR DO PATRIMÔNIO NATURAL FAZENDA BARRA MANSA,reserva particular do patrimonio natural fazenda barra mansa,PR,218.82,Reserva Particular do Patrimônio Natural · Federal,-24.09916,-49.82901,-24.0805,-49.79011
conservacao,0000.00.4510,RESERVA PARTICULAR DO PATRIMÔNIO NATURAL FAZENDA BELÉM,reserva particular do patrimonio natural fazenda belem,CE,2982.8,Reserva Particular do Patrimônio Natural · Federal,-4.78816,-37.4994,-4.70369,-37.41726
conservacao,0000.26.0969,RESERVA PARTICULAR DO PATRIMÔNIO NATURAL FAZENDA BITURI,reserva particular do patrimonio natural fazenda bituri,PE,110.07,Reserva Particular do Patrimônio Natural · Estadual,-8.2217,-36.40143,-8.18945,-36.39271
conservacao,0000.00.2103,RESERVA PARTICULAR DO PATRIMÔNIO NATURAL FAZENDA BOA ESPERANÇA,reserva particular do patrimonio natural fazenda boa esperanca,ES,516.01,Reserva Particular do Patrimônio Natural · Federal,-20.75483,-41.2678,-20.70882,-41.21343
conservacao,0000.33.5060,RESERVA PARTICULAR DO PATRIMÔNIO NATURAL FAZENDA BOA FÉ,reserva particular do patrimonio natural fazenda boa fe,RJ,18.2,Reserva Particular do Patrimônio Natural · Estadual,-22.01425,-42.02463,-22.00313,-42.01665
conservacao,0000.00.1387,RESERVA PARTICULAR DO PATRIMÔNIO NATURAL FAZENDA BOA VENTURA,reserva particular do patrimonio natural fazenda boa ventura,BA,561.67,Reserva Particular do Patrimônio Natural · Federal,-11.73413,-43.63586,-11.70994,-43.61134
conservacao,0000.00.1389,RESERVA PARTICULAR DO PATRIMÔNIO NATURAL FAZENDA BOA VISTA,reserva particular do patrimonio natural fazenda boa vista,BA,161.46,Reserva Particular do Patrimônio Natural · Federal,-14.0353,-43.65473,-14.02234,-43.64146
conservacao,0000.00.1391,RESERVA PARTICULAR DO PATRIMÔNIO NATURAL FAZENDA BOA VISTA,reserva particular do patrimonio natural fazenda boa vista,BA,161.48,Reserva Particular do Patrimônio Natural · Federal,-14.01507,-43.64902,-14.00211,-43.63575
conservacao,0000.00.1392,RESERVA PARTICULAR DO PATRIMÔNIO NATURAL FAZENDA BOA VISTA,reserva particular do patrimonio natural fazenda boa vista,BA,161.44,Reserva Particular do Patrimônio Natural · Federal,-14.07313,-43.65235,-14.06017,-43.63908
conservacao,0000.00.1265,RESERVA PARTICULAR DO PATRIMÔNIO NATURAL FAZENDA BOM JARDIM,reserva particular do patrimonio natural fazenda bom jardim,MG,260.5,Reserva Particular do Patrimônio Natural · Federal,-19.54076,-44.06788,-19.5243,-44.05053
conservacao,0000.00.1157,RESERVA PARTICULAR DO PATRIMÔNIO NATURAL FAZENDA BOM RETIRO,reserva particular do patrimonio natural fazenda bom retiro,RJ,471.7,Reserva Particular do Patrimônio Natural · Federal,-22.45802,-42.30047,-22.43303,-42.25312
conservacao,0000.00.1362,RESERVA PARTICULAR DO PATRIMÔNIO NATURAL FAZENDA BOM SUCESSO,reserva particular do patrimonio natural fazenda bom sucesso,GO,10.0,Reserva Particular do Patrimônio Natural · Federal,-16.57815,-49.08195,-16.57493,-49.07861
conservacao,0000.00.2104,RESERVA PARTICULAR DO PATRIMÔNIO NATURAL FAZENDA BONSUCESSO,reserva particular do patrimonio natural fazenda bonsucesso,RJ,230.66,Reserva Particular do Patrimônio Natural · Federal,-22.38154,-44.08684,-22.36602,-44.07014
conservacao,0000.00.1235,RESERVA PARTICULAR DO PATRIMÔNIO NATURAL FAZENDA BOQUEIRÃO,reserva particular do patrimonio natural fazenda boqueirao,PI,925.03,Reserva Particular do Patrimônio Natural · Federal,-7.58642,-43.53368,-7.55539,-43.50258
conservacao,0000.00.1196,RESERVA PARTICULAR DO PATRIMÔNIO NATURAL FAZENDA BOQUEIRÃO DOS FRADES,reserva particular do patrimonio natural fazenda boqueirao dos frades,PI,575.56,Reserva Particular do Patrimônio Natural · Federal,-5.30127,-42.61486,-5.27672,-42.59035
conservacao,0000.00.2105,RESERVA PARTICULAR DO PATRIMÔNIO NATURAL FAZENDA BOSCO,reserva particular do patrimonio natural fazenda bosco,RO,486.82,Reserva Particular do Patrimônio Natural · Federal,-12.5183,-61.58048,-12.49569,-61.5624
conservacao,0000.00.1333,RESERVA PARTICULAR DO PATRIMÔNIO NATURAL FAZENDA BRANCA TERRA DOS ANÕES,reserva particular do patrimonio natural fazenda branca terra dos anoes,GO,595.63,Reserva Particular do Patrimônio Natural · Federal,-14.33248,-47.51305,-14.30752,-47.48743
conservacao,0000.00.1117,RESERVA PARTICULAR DO PATRIMÔNIO NATURAL FAZENDA BRANQUILHO,reserva particular do patrimonio natural fazenda branquilho,RS,12.78,Reserva Particular do Patrimônio Natural · Federal,-30.91456,-54.62758,-30.91094,-54.62334
conservacao,0000.00.4548,RESERVA PARTICULAR DO PATRIMÔNIO NATURAL FAZENDA BUTIA,reserva particular do patrimonio natural fazenda butia,SC,9.05,Reserva Particular do Patrimônio Natural · Federal,-26.53092,-49.64762,-26.52812,-49.64323
conservacao,0000.00.1268,RESERVA PARTICULAR DO PATRIMÔNIO NATURAL FAZENDA CACHOEIRA,reserva particular do patrimonio natural fazenda cachoeira,MG,122.52,Reserva Particular do Patrimônio Natural · Federal,-19.16543,-46.58203,-19.15293,-46.56576
conservacao,0000.00.1348,RESERVA PARTICULAR DO PATRIMÔNIO NATURAL FAZENDA CACHOEIRINHA,reserva particular do patrimonio natural fazenda cachoeirinha,GO,80.73,Reserva Particular do Patrimônio Natural · Federal,-15.46973,-48.24987,-15.46062,-48.23413
conservacao,0000.00.1252,RESERVA PARTICULAR DO PATRIMÔNIO NATURAL FAZENDA CAETANO,reserva particular do patrimonio natural fazenda caetano,MG,967.47,Reserva Particular do Patrimônio Natural · Federal,-17.22787,-47.07995,-17.19615,-47.04695
conservacao,0000.00.1253,RESERVA PARTICULAR DO PATRIMÔNIO NATURAL FAZENDA CAETANO-LUGAR SANTO AGOSTINHO,reserva particular do patrimonio natural fazenda caetano-lugar santo agostinho,MG,679.32,Reserva Particular do Patrimônio Natural · Federal,-17.1909,-47.08558,-17.16432,-47.05794
conservacao,0000.00.2106,RESERVA PARTICULAR DO PATRIMÔNIO NATURAL FAZENDA CALIXTO,reserva particular do patrimonio natural fazenda calixto,TO,343.37,Reserva Particular do Patrimônio Natural · Federal,-11.48485,-46.78844,-11.46894,-46.75689
conservacao,0000.29.5069,RESERVA PARTICULAR DO PATRIMÔNIO NATURAL FAZENDA CAMPINAS DE DENTRO - GLEBA 1,reserva particular do patrimonio natural fazenda campinas de dentro - gleba 1,BA,155.6,Reserva Particular do Patrimônio Natural · Estadual,-11.19741,-44.03439,-11.18041,-44.01925
conservacao,0000.00.1325,RESERVA PARTICULAR DO PATRIMÔNIO NATURAL FAZENDA CAMPO ALEGRE,reserva particular do patrimonio natural fazenda campo alegre,GO,7445.88,Reserva Particular do Patrimônio Natural · Federal,-14.28905,-47.85746,-14.20083,-47.76689
conservacao,0000.00.1116,RESERVA PARTICULAR DO PATRIMÔNIO NATURAL FAZENDA CANELEIRA,reserva particular do patrimonio natural fazenda caneleira,RS,44.25,Reserva Particular do Patrimônio Natural · Federal,-30.91659,-54.63483,-30.90986,-54.62695
conservacao,0000.00.1244,RESERVA PARTICULAR DO PATRIMÔNIO NATURAL FAZENDA CAPÃO BONITO,reserva particular do patrimonio natural fazenda capao bonito,MS,53.23,Reserva Particular do Patrimônio Natural · Federal,-21.81925,-55.42568,-21.81182,-55.41772
conservacao,0000.33.2717,RESERVA PARTICULAR DO PATRIMÔNIO NATURAL FAZENDA CARUARA,reserva particular do patrimonio natural fazenda caruara,RJ,3843.53,Reserva Particular do Patrimônio Natural · Estadual,-21.82131,-41.08293,-21.72838,-41.01288
conservacao,0000.00.4478,RESERVA PARTICULAR DO PATRIMÔNIO NATURAL FAZENDA CATADUPA,reserva particular do patrimonio natural fazenda catadupa,SP,38.26,Reserva Particular do Patrimônio Natural · Federal,-22.67663,-44.53123,-22.66577,-44.5193
conservacao,0000.00.4479,RESERVA PARTICULAR DO PATRIMÔNIO NATURAL FAZENDA CHAPADÕES,reserva particular do patrimonio natural fazenda chapadoes,MA,1747.78,Reserva Particular do Patrimônio Natural · Federal,-9.57625,-46.53903,-9.53986,-46.46903
conservacao,1850.33.5277,RESERVA PARTICULAR DO PATRIMÔNIO NATURAL FAZENDA COLOMI,reserva particular do patrimonio natural fazenda colomi,RJ,1.12,Reserva Particular do Patrimônio Natural · Municipal,-22.47875,-42.94482,-22.47747,-42.94331
conservacao,0000.00.1264,RESERVA PARTICULAR DO PATRIMÔNIO NATURAL FAZENDA CRUZEIRO,reserva particular do patrimonio natural fazenda cruzeiro,MG,82.08,Reserva Particular do Patrimônio Natural · Federal,-18.23638,-43.58721,-18.22715,-43.57755
conservacao,0000.00.1294,RESERVA PARTICULAR DO PATRIMÔNIO NATURAL FAZENDA DA SERRA,reserva particular do patrimonio natural fazenda da serra,MG,22.33,Reserva Particular do Patrimônio Natural · Federal,-21.80221,-43.93613,-21.79738,-43.93095
conservacao,0000.00.1119,RESERVA PARTICULAR DO PATRIMÔNIO NATURAL FAZENDA DAS PALMAS,reserva particular do patrimonio natural fazenda das palmas,RS,157.91,Reserva Particular do Patrimônio Natural · Federal,-30.26321,-52.67137,-30.25045,-52.65657
conservacao,0000.29.3203,RESERVA PARTICULAR DO PATRIMÔNIO NATURAL FAZENDA DO CAHY,reserva particular do patrimonio natural fazenda do cahy,BA,83.35,Reserva Particular do Patrimônio Natural · Estadual,-17.00998,-39.19995,-17.0015,-39.17341
conservacao,0000.00.1275,RESERVA PARTICULAR DO PATRIMÔNIO NATURAL FAZENDA DO IRACAMBI,reserva particular do patrimonio natural fazenda do iracambi,MG,69.49,Reserva Particular do Patrimônio Natural · Federal,-20.94887,-42.50477,-20.94035,-42.49569
conservacao,0000.00.1273,RESERVA PARTICULAR DO PATRIMÔNIO NATURAL FAZENDA DO LÔBO,reserva particular do patrimonio natural fazenda do lobo,MG,15.3,Reserva Particular do Patrimônio Natural · Federal,-20.31798,-46.54292,-20.31399,-46.5387
conservacao,0000.00.1298,RESERVA PARTICULAR DO PATRIMÔNIO NATURAL FAZENDA DO SINO,reserva particular do patrimonio natural fazenda do sino,MG,16.09,Reserva Particular do Patrimônio Natural · Federal,-19.91988,-44.25993,-19.91606,-44.25591
conservacao,0000.00.2107,RESERVA PARTICULAR DO PATRIMÔNIO NATURAL FAZENDA DO TANGUÁ,reserva particular do patrimonio natural fazenda do tangua,RJ,118.02,Reserva Particular do Patrimônio Natural · Federal,-23.0163,-44.35845,-23.00639,-44.33937
conservacao,0000.31.4952,RESERVA PARTICULAR DO PATRIMÔNIO NATURAL FAZENDA DOS CORDEIROS,reserva particular do patrimonio natural fazenda dos cordeiros,MG,24.78,Reserva Particular do Patrimônio Natural · Estadual,-19.81493,-43.83592,-19.80961,-43.82977
conservacao,0000.00.2108,RESERVA PARTICULAR DO PATRIMÔNIO NATURAL FAZENDA ESPORA DE OURO,reserva particular do patrimonio natural fazenda espora de ouro,RS,28.5,Reserva Particular do Patrimônio Natural · Federal,-28.39783,-54.69132,-28.39243,-54.68514
conservacao,0000.00.1218,RESERVA PARTICULAR DO PATRIMÔNIO NATURAL FAZENDA ESTÂNCIA DOROCHÊ,reserva particular do patrimonio natural fazenda estancia doroche,MT,25826.53,Reserva Particular do Patrimônio Natural · Federal,-17.5397,-57.18337,-17.37727,-57.01073
conservacao,0000.00.1236,RESERVA PARTICULAR DO PATRIMÔNIO NATURAL FAZENDA FLORESTA NEGRA,reserva particular do patrimonio natural fazenda floresta negra,MS,953.38,Reserva Particular do Patrimônio Natural · Federal,-23.78202,-54.73885,-23.75073,-54.70444
conservacao,0000.00.4466,RESERVA PARTICULAR DO PATRIMÔNIO NATURAL FAZENDA FONSECA - IRMÃ HELOÍSA E MAURÍCIO HOLANDA,reserva particular do patrimonio natural fazenda fonseca - irma heloisa e mauricio holanda,CE,226.47,Reserva Particular do Patrimônio Natural · Federal,-4.94845,-39.02051,-4.91132,-39.00775
conservacao,0000.00.1390,RESERVA PARTICULAR DO PATRIMÔNIO NATURAL FAZENDA FORTE,reserva particular do patrimonio natural fazenda forte,BA,161.43,Reserva Particular do Patrimônio Natural · Federal,-14.08235,-43.64911,-14.06939,-43.63583
conservacao,0000.00.1393,RESERVA PARTICULAR DO PATRIMÔNIO NATURAL FAZENDA FORTE,reserva particular do patrimonio natural fazenda forte,BA,161.44,Reserva Particular do Patrimônio Natural · Federal,-14.07275,-43.64573,-14.05979,-43.63245
conservacao,0000.00.1271,RESERVA PARTICULAR DO PATRIMÔNIO NATURAL FAZENDA GANA,reserva particular do patrimonio natural fazenda gana,MG,92.57,Reserva Particular do Patrimônio Natural · Federal,-18.5126,-48.83145,-18.50277,-48.82113
conservacao,0000.00.1336,RESERVA PARTICULAR DO PATRIMÔNIO NATURAL FAZENDA GLEBA VAGEM GRANDE I,reserva particular do patrimonio natural fazenda gleba vagem grande i,GO,386.66,Reserva Particular do Patrimônio Natural · Federal,-15.82313,-48.92854,-15.80304,-48.90774
conservacao,0000.00.1061,RESERVA PARTICULAR DO PATRIMÔNIO NATURAL FAZENDA HORII,reserva particular do patrimonio natural fazenda horii,SP,234.75,Reserva Particular do Patrimônio Natural · Federal,-24.21897,-48.46855,-24.20267,-48.45226
conservacao,0000.00.4520,RESERVA PARTICULAR DO PATRIMÔNIO NATURAL FAZENDA ILHA,reserva particular do patrimonio natural fazenda ilha,PR,112.04,Reserva Particular do Patrimônio Natural · Federal,-24.66669,-49.02946,-24.65306,-49.01777
conservacao,0000.00.1337,RESERVA PARTICULAR DO PATRIMÔNIO NATURAL FAZENDA JAQUANÊZ,reserva particular do patrimonio natural fazenda jaquanez,GO,767.75,Reserva Particular do Patrimônio Natural · Federal,-17.00664,-50.64086,-16.97839,-50.6115
conservacao,0000.29.4341,RESERVA PARTICULAR DO PATRIMÔNIO NATURAL FAZENDA JUAZEIRO,reserva particular do patrimonio natural fazenda juazeiro,BA,24.53,Reserva Particular do Patrimônio Natural · Estadual,-11.32971,-41.82079,-11.32508,-41.81169
conservacao,0000.00.1241,RESERVA PARTICULAR DO PATRIMÔNIO NATURAL FAZENDA LAGEADO,reserva particular do patrimonio natural fazenda lageado,MS,12551.9,Reserva Particular do Patrimônio Natural · Federal,-20.38792,-55.51933,-20.13839,-55.29908
conservacao,0000.50.4034,RESERVA PARTICULAR DO PATRIMONIO NATURAL FAZENDA LAGOA,reserva particular do patrimonio natural fazenda lagoa,MS,149.75,Reserva Particular do Patrimônio Natural · Estadual,-19.08993,-53.82623,-19.07062,-53.79225
conservacao,0000.50.2758,RESERVA PARTICULAR DO PATRIMÔNIO NATURAL FAZENDA LARANJAL,reserva particular do patrimonio natural fazenda laranjal,MS,474.71,Reserva Particular do Patrimônio Natural · Estadual,-22.07027,-53.40899,-22.03695,-53.38176
conservacao,0000.51.2790,RESERVA PARTICULAR DO PATRIMÔNIO NATURAL FAZENDA LOANDA,reserva particular do patrimonio natural fazenda loanda,MT,514.63,Reserva Particular do Patrimônio Natural · Estadual,-13.35974,-57.35387,-13.33305,-57.31799
conservacao,0000.00.1237,RESERVA PARTICULAR DO PATRIMÔNIO NATURAL FAZENDA MARGARIDA,reserva particular do patrimonio natural fazenda margarida,MS,1672.59,Reserva Particular do Patrimônio Natural · Federal,-21.84881,-56.72918,-21.80677,-56.68908
conservacao,0000.00.1343,RESERVA PARTICULAR DO PATRIMÔNIO NATURAL FAZENDA MATA FUNDA,reserva particular do patrimonio natural fazenda mata funda,GO,309.35,Reserva Particular do Patrimônio Natural · Federal,-14.1541,-47.72404,-14.13616,-47.70566
conservacao,0000.35.4323,RESERVA PARTICULAR DO PATRIMÔNIO NATURAL FAZENDA MATA NATIVA,reserva particular do patrimonio natural fazenda mata nativa,SP,291.6,Reserva Particular do Patrimônio Natural · Estadual,-24.62736,-47.4724,-24.61022,-47.44961
conservacao,0000.33.3149,RESERVA PARTICULAR DO PATRIMÔNIO NATURAL FAZENDA MINAS GERAIS,reserva particular do patrimonio natural fazenda minas gerais,RJ,18.36,Reserva Particular do Patrimônio Natural · Estadual,-21.99196,-42.03311,-21.98719,-42.02635
conservacao,0000.00.1041,RESERVA PARTICULAR DO PATRIMÔNIO NATURAL FAZENDA MINNEHAHA,reserva particular do patrimonio natural fazenda minnehaha,TO,1333.11,Reserva Particular do Patrimônio Natural · Federal,-11.11952,-47.26576,-11.08228,-47.22805
conservacao,0000.33.2733,RESERVA PARTICULAR DO PATRIMÔNIO NATURAL FAZENDA MIOSÓTIS,reserva particular do patrimonio natural fazenda miosotis,RJ,93.21,Reserva Particular do Patrimônio Natural · Estadual,-22.23383,-42.97065,-22.22318,-42.95483
conservacao,0000.00.1398,RESERVA PARTICULAR DO PATRIMÔNIO NATURAL FAZENDA MORRINHOS,reserva particular do patrimonio natural fazenda morrinhos,BA,299.03,Reserva Particular do Patrimônio Natural · Federal,-11.20521,-39.69145,-11.17158,-39.67187
conservacao,0000.00.2109,RESERVA PARTICULAR DO PATRIMÔNIO NATURAL FAZENDA MORRO DE SAPUCAIA,reserva particular do patrimonio natural fazenda morro de sapucaia,RS,89.29,Reserva Particular do Patrimônio Natural · Federal,-29.83919,-51.11133,-29.82958,-51.10026
conservacao,0000.00.1381,RESERVA PARTICULAR DO PATRIMÔNIO NATURAL FAZENDA NÃO ME DEIXES,reserva particular do patrimonio natural fazenda nao me deixes,CE,300.26,Reserva Particular do Patrimônio Natural · Federal,-4.84393,-38.99267,-4.79616,-38.96021
conservacao,0000.50.2755,RESERVA PARTICULAR DO PATRIMÔNIO NATURAL FAZENDA NHUMIRIM,reserva particular do patrimonio natural fazenda nhumirim,MS,671.29,Reserva Particular do Patrimônio Natural · Estadual,-18.94035,-56.62235,-18.9063,-56.59092
conservacao,0000.00.1377,RESERVA PARTICULAR DO PATRIMÔNIO NATURAL FAZENDA OLHO D'ÁGUA DO URUCU,reserva particular do patrimonio natural fazenda olho d'agua do urucu,CE,2584.93,Reserva Particular do Patrimônio Natural · Federal,-6.46022,-40.52836,-6.40824,-40.47627
conservacao,0000.00.1211,RESERVA PARTICULAR DO PATRIMÔNIO NATURAL FAZENDA PACATUBA,reserva particular do patrimonio natural fazenda pacatuba,PB,261.0,Reserva Particular do Patrimônio Natural · Federal,-7.05496,-35.16507,-7.03854,-35.1484
conservacao,0000.00.1327,RESERVA PARTICULAR DO PATRIMÔNIO NATURAL FAZENDA PALMEIRAS,reserva particular do patrimonio natural fazenda palmeiras,GO,1285.13,Reserva Particular do Patrimônio Natural · Federal,-16.85,-49.71492,-16.80748,-49.66672
conservacao,0000.31.4746,RESERVA PARTICULAR DO PATRIMÔNIO NATURAL FAZENDA PALMEIRAS,reserva particular do patrimonio natural fazenda palmeiras,MG,54.99,Reserva Particular do Patrimônio Natural · Estadual,-21.63584,-42.96879,-21.62584,-42.95526
conservacao,0000.00.1067,RESERVA PARTICULAR DO PATRIMÔNIO NATURAL FAZENDA PALMIRA,reserva particular do patrimonio natural fazenda palmira,SP,112.46,Reserva Particular do Patrimônio Natural · Federal,-21.35473,-47.61009,-21.34392,-47.59855
conservacao,0000.00.1083,RESERVA PARTICULAR DO PATRIMÔNIO NATURAL FAZENDA PALMITAL,reserva particular do patrimonio natural fazenda palmital,SC,70.34,Reserva Particular do Patrimônio Natural · Federal,-26.08962,-48.66466,-26.08066,-48.65571
conservacao,0000.00.1409,RESERVA PARTICULAR DO PATRIMÔNIO NATURAL FAZENDA PANEMA,reserva particular do patrimonio natural fazenda panema,BA,213.25,Reserva Particular do Patrimônio Natural · Federal,-12.54729,-38.38776,-12.5324,-38.3725
conservacao,0000.00.1321,RESERVA PARTICULAR DO PATRIMÔNIO NATURAL FAZENDA PANTANAL,reserva particular do patrimonio natural fazenda pantanal,MA,22.34,Reserva Particular do Patrimônio Natural · Federal,-4.41224,-43.84453,-4.40742,-43.83973
conservacao,0000.00.1428,RESERVA PARTICULAR DO PATRIMÔNIO NATURAL FAZENDA PARAÍSO,reserva particular do patrimonio natural fazenda paraiso,BA,25.7,Reserva Particular do Patrimônio Natural · Federal,-14.47638,-39.05998,-14.4712,-39.05465
conservacao,0000.00.1395,RESERVA PARTICULAR DO PATRIMÔNIO NATURAL FAZENDA PÉ DE SERRA,reserva particular do patrimonio natural fazenda pe de serra,BA,168.49,Reserva Particular do Patrimônio Natural · Federal,-12.18228,-43.08493,-12.16904,-43.07147
conservacao,0000.00.1288,RESERVA PARTICULAR DO PATRIMÔNIO NATURAL FAZENDA PEDRA BONITA,reserva particular do patrimonio natural fazenda pedra bonita,MG,228.42,Reserva Particular do Patrimônio Natural · Federal,-21.61991,-43.15401,-21.604,-43.1381
conservacao,0000.00.1210,RESERVA PARTICULAR DO PATRIMÔNIO NATURAL FAZENDA PEDRA D'AGUA,reserva particular do patrimonio natural fazenda pedra d'agua,PB,166.73,Reserva Particular do Patrimônio Natural · Federal,-6.74068,-35.69197,-6.72755,-35.67866
conservacao,0000.00.2096,RESERVA PARTICULAR DO PATRIMÔNIO NATURAL FAZENDA PEREIRA,reserva particular do patrimonio natural fazenda pereira,AL,216.07,Reserva Particular do Patrimônio Natural · Federal,-10.26759,-36.3801,-10.25264,-36.36483
conservacao,0000.00.1414,RESERVA PARTICULAR DO PATRIMÔNIO NATURAL FAZENDA PIABAS,reserva particular do patrimonio natural fazenda piabas,BA,108.63,Reserva Particular do Patrimônio Natural · Federal,-11.25135,-39.72639,-11.24071,-39.71557
conservacao,0000.00.1214,RESERVA PARTICULAR DO PATRIMÔNIO NATURAL FAZENDA PIONEIRA,reserva particular do patrimonio natural fazenda pioneira,PA,396.47,Reserva Particular do Patrimônio Natural · Federal,-5.64726,-49.00882,-5.62727,-48.98881
conservacao,0000.35.2326,RESERVA PARTICULAR DO PATRIMÔNIO NATURAL FAZENDA RENOPOLIS,reserva particular do patrimonio natural fazenda renopolis,SP,102.92,Reserva Particular do Patrimônio Natural · Estadual,-22.81124,-45.62837,-22.80045,-45.61299
conservacao,0000.00.1248,RESERVA PARTICULAR DO PATRIMÔNIO NATURAL FAZENDA RESSACA,reserva particular do patrimonio natural fazenda ressaca,MG,148.47,Reserva Particular do Patrimônio Natural · Federal,-14.87378,-43.96634,-14.86137,-43.95358
conservacao,0000.00.1388,RESERVA PARTICULAR DO PATRIMÔNIO NATURAL FAZENDA RETIRO,reserva particular do patrimonio natural fazenda retiro,BA,161.44,Reserva Particular do Patrimônio Natural · Federal,-14.06017,-43.65235,-14.04721,-43.63908
conservacao,0000.33.4027,RESERVA PARTICULAR DO PATRIMÔNIO NATURAL FAZENDA RIBEIRÃO,reserva particular do patrimonio natural fazenda ribeirao,RJ,21.86,Reserva Particular do Patrimônio Natural · Estadual,-22.41184,-43.78072,-22.4024,-43.77488
conservacao,0000.50.4037,RESERVA PARTICULAR DO PATRIMONIO NATURAL FAZENDA RIO NEGRO,reserva particular do patrimonio natural fazenda rio negro,MS,7001.32,Reserva Particular do Patrimônio Natural · Estadual,-19.63196,-56.26904,-19.46988,-56.17313
conservacao,0000.00.1162,RESERVA PARTICULAR DO PATRIMÔNIO NATURAL FAZENDA ROÇA GRANDE,reserva particular do patrimonio natural fazenda roca grande,RJ,164.05,Reserva Particular do Patrimônio Natural · Federal,-22.80806,-44.12935,-22.79451,-44.1158
conservacao,0000.00.1464,RESERVA PARTICULAR DO PATRIMÔNIO NATURAL FAZENDA ROSA DO SOL,reserva particular do patrimonio natural fazenda rosa do sol,AL,15.21,Reserva Particular do Patrimônio Natural · Federal,-9.83423,-35.91352,-9.83026,-35.90947
conservacao,0000.00.1138,RESERVA PARTICULAR DO PATRIMÔNIO NATURAL FAZENDA SALOBRO,reserva particular do patrimonio natural fazenda salobro,RN,756.39,Reserva Particular do Patrimônio Natural · Federal,-6.22904,-37.07926,-6.19123,-37.02656
conservacao,0000.33.2295,RESERVA PARTICULAR DO PATRIMÔNIO NATURAL FAZENDA SAMBAIBA,reserva particular do patrimonio natural fazenda sambaiba,RJ,118.34,Reserva Particular do Patrimônio Natural · Estadual,-22.84841,-44.23224,-22.83281,-44.21348
conservacao,0000.00.2312,RESERVA PARTICULAR DO PATRIMÔNIO NATURAL FAZENDA SAMOINHO,reserva particular do patrimonio natural fazenda samoinho,MG,165.33,Reserva Particular do Patrimônio Natural · Federal,-19.97985,-44.67839,-19.96674,-44.66452
conservacao,0000.00.1056,RESERVA PARTICULAR DO PATRIMÔNIO NATURAL FAZENDA SAN MICHELE,reserva particular do patrimonio natural fazenda san michele,SP,40.73,Reserva Particular do Patrimônio Natural · Federal,-23.09009,-46.10746,-23.08357,-46.1004
conservacao,0000.00.1199,RESERVA PARTICULAR DO PATRIMÔNIO NATURAL FAZENDA SANTA BEATRIZ DO CARNIJÓ,reserva particular do patrimonio natural fazenda santa beatriz do carnijo,PE,24.97,Reserva Particular do Patrimônio Natural · Federal,-8.14446,-35.0818,-8.13938,-35.07663
conservacao,0000.00.1357,RESERVA PARTICULAR DO PATRIMÔNIO NATURAL FAZENDA SANTA BRANCA,reserva particular do patrimonio natural fazenda santa branca,GO,35.94,Reserva Particular do Patrimônio Natural · Federal,-16.42184,-49.10863,-16.41572,-49.10227
conservacao,0000.00.1209,RESERVA PARTICULAR DO PATRIMÔNIO NATURAL FAZENDA SANTA CLARA,reserva particular do patrimonio natural fazenda santa clara,PB,737.52,Reserva Particular do Patrimônio Natural · Federal,-7.33359,-36.36837,-7.30594,-36.34038
conservacao,0000.00.1135,RESERVA PARTICULAR DO PATRIMÔNIO NATURAL FAZENDA SANTA HELENA,reserva particular do patrimonio natural fazenda santa helena,MS,4182.66,Reserva Particular do Patrimônio Natural · Federal,-19.34663,-57.2499,-19.28132,-57.1797
conservacao,0000.00.1239,RESERVA PARTICULAR DO PATRIMÔNIO NATURAL FAZENDA SANTA HELENA,reserva particular do patrimonio natural fazenda santa helena,RN,21.63,Reserva Particular do Patrimônio Natural · Federal,-5.10189,-36.0243,-5.08218,-36.02032
conservacao,0000.00.1143,RESERVA PARTICULAR DO PATRIMÔNIO NATURAL FAZENDA SANTA IZABEL,reserva particular do patrimonio natural fazenda santa izabel,RJ,521.57,Reserva Particular do Patrimônio Natural · Federal,-22.93287,-44.04752,-22.90952,-44.02232
conservacao,0000.50.2773,RESERVA PARTICULAR DO PATRIMÔNIO NATURAL FAZENDA SANTA SOFIA,reserva particular do patrimonio natural fazenda santa sofia,MS,8056.51,Reserva Particular do Patrimônio Natural · Estadual,-19.72382,-56.56751,-19.55714,-56.42395
conservacao,0000.00.2112,RESERVA PARTICULAR DO PATRIMÔNIO NATURAL FAZENDA SANTA TEREZINHA,reserva particular do patrimonio natural fazenda santa terezinha,SC,60.04,Reserva Particular do Patrimônio Natural · Federal,-26.88947,-51.56148,-26.87807,-51.5517
conservacao,0000.50.1981,RESERVA PARTICULAR DO PATRIMÔNIO NATURAL FAZENDA SANTO ANTÔNIO- LOTE 1 C,reserva particular do patrimonio natural fazenda santo antonio- lote 1 c,MS,3872.56,Reserva Particular do Patrimônio Natural · Estadual,-23.89809,-54.17225,-23.81501,-54.09843
conservacao,0000.00.1139,RESERVA PARTICULAR DO PATRIMÔNIO NATURAL FAZENDA SÃO BENEDITO,reserva particular do patrimonio natural fazenda sao benedito,RJ,143.06,Reserva Particular do Patrimônio Natural · Federal,-22.7465,-44.09578,-22.73427,-44.0826
conservacao,0000.00.1140,RESERVA PARTICULAR DO PATRIMÔNIO NATURAL FAZENDA SÃO GERALDO,reserva particular do patrimonio natural fazenda sao geraldo,RJ,171.86,Reserva Particular do Patrimônio Natural · Federal,-22.25691,-43.76226,-22.24351,-43.74786
conservacao,0000.50.2772,RESERVA PARTICULAR DO PATRIMÔNIO NATURAL FAZENDA SÃO GERALDO,reserva particular do patrimonio natural fazenda sao geraldo,MS,642.64,Reserva Particular do Patrimônio Natural · Estadual,-21.28924,-56.63305,-21.23116,-56.53231
conservacao,0000.29.5024,RESERVA PARTICULAR DO PATRIMÔNIO NATURAL FAZENDA SÃO JOSÉ,reserva particular do patrimonio natural fazenda sao jose,BA,367.3,Reserva Particular do Patrimônio Natural · Estadual,-13.84456,-39.31017,-13.82524,-39.27355
conservacao,0000.00.1217,RESERVA PARTICULAR DO PATRIMÔNIO NATURAL FAZENDA SÃO LUIZ,reserva particular do patrimonio natural fazenda sao luiz,MT,195.34,Reserva Particular do Patrimônio Natural · Federal,-15.42141,-55.9669,-15.40725,-55.95206
conservacao,0000.00.2113,RESERVA PARTICULAR DO PATRIMÔNIO NATURAL FAZENDA SÃO MIGUEL,reserva particular do patrimonio natural fazenda sao miguel,MG,34.32,Reserva Particular do Patrimônio Natural · Federal,-18.31897,-47.17517,-18.31281,-47.16444
conservacao,0000.00.1462,RESERVA PARTICULAR DO PATRIMÔNIO NATURAL FAZENDA SÃO PEDRO,reserva particular do patrimonio natural fazenda sao pedro,AL,49.08,Reserva Particular do Patrimônio Natural · Federal,-9.55129,-35.96179,-9.54416,-35.95453
conservacao,0000.50.1980,RESERVA PARTICULAR DO PATRIMÔNIO NATURAL FAZENDA SÃO PEDRO,reserva particular do patrimonio natural fazenda sao pedro,MS,3683.55,Reserva Particular do Patrimônio Natural · Estadual,-23.92789,-54.23341,-23.86496,-54.11866
conservacao,0000.50.2752,RESERVA PARTICULAR DO PATRIMÔNIO NATURAL FAZENDA SÃO PEDRO DA BARRA,reserva particular do patrimonio natural fazenda sao pedro da barra,MS,86.66,Reserva Particular do Patrimônio Natural · Estadual,-21.10167,-56.23968,-21.08536,-56.22704
conservacao,0000.00.1371,RESERVA PARTICULAR DO PATRIMÔNIO NATURAL FAZENDA SAYONARA,reserva particular do patrimonio natural fazenda sayonara,ES,27.73,Reserva Particular do Patrimônio Natural · Federal,-18.49705,-39.95787,-18.49168,-39.95222
conservacao,0000.00.2687,RESERVA PARTICULAR DO PATRIMÔNIO NATURAL FAZENDA SERRA DO RIBEIRÃO,reserva particular do patrimonio natural fazenda serra do ribeirao,MG,46.99,Reserva Particular do Patrimônio Natural · Federal,-22.18706,-44.85561,-22.17763,-44.84555
conservacao,0000.00.1073,RESERVA PARTICULAR DO PATRIMÔNIO NATURAL FAZENDA SERRINHA,reserva particular do patrimonio natural fazenda serrinha,SP,15.37,Reserva Particular do Patrimônio Natural · Federal,-22.99418,-46.44454,-22.98692,-46.42988
conservacao,0000.00.1257,RESERVA PARTICULAR DO PATRIMÔNIO NATURAL FAZENDA SERROTE,reserva particular do patrimonio natural fazenda serrote,MG,326.12,Reserva Particular do Patrimônio Natural · Federal,-19.7019,-46.67327,-19.6835,-46.65384
conservacao,0000.00.1240,RESERVA PARTICULAR DO PATRIMÔNIO NATURAL FAZENDA SINGAPURA,reserva particular do patrimonio natural fazenda singapura,MS,419.25,Reserva Particular do Patrimônio Natural · Federal,-21.20944,-56.71745,-21.1596,-56.69459
conservacao,0000.00.1438,RESERVA PARTICULAR DO PATRIMÔNIO NATURAL FAZENDA SOSSEGO,reserva particular do patrimonio natural fazenda sossego,BA,4.65,Reserva Particular do Patrimônio Natural · Federal,-14.48628,-39.04011,-14.48408,-39.03784
conservacao,0000.00.1141,RESERVA PARTICULAR DO PATRIMÔNIO NATURAL FAZENDA SUSPIRO,reserva particular do patrimonio natural fazenda suspiro,RJ,18.21,Reserva Particular do Patrimônio Natural · Federal,-22.40133,-42.92304,-22.39273,-42.91583
conservacao,0000.26.0974,RESERVA PARTICULAR DO PATRIMÔNIO NATURAL FAZENDA TABATINGA,reserva particular do patrimonio natural fazenda tabatinga,PE,18.86,Reserva Particular do Patrimônio Natural · Estadual,-7.60606,-34.82598,-7.59232,-34.8173
conservacao,0000.00.1208,RESERVA PARTICULAR DO PATRIMÔNIO NATURAL FAZENDA TAMANDUÁ,reserva particular do patrimonio natural fazenda tamandua,PB,1258.3,Reserva Particular do Patrimônio Natural · Federal,-7.01742,-37.3844,-6.98616,-37.35314
conservacao,0000.29.5025,RESERVA PARTICULAR DO PATRIMÔNIO NATURAL FAZENDA UNIÃO GLEBA 01,reserva particular do patrimonio natural fazenda uniao gleba 01,BA,755.73,Reserva Particular do Patrimônio Natural · Estadual,-11.22145,-44.10077,-11.14457,-44.05422
conservacao,0000.00.1361,RESERVA PARTICULAR DO PATRIMÔNIO NATURAL FAZENDA VAGAFOGO BOA VISTA,reserva particular do patrimonio natural fazenda vagafogo boa vista,GO,198.82,Reserva Particular do Patrimônio Natural · Federal,-15.85384,-48.97415,-15.83946,-48.95929
conservacao,0000.00.1207,RESERVA PARTICULAR DO PATRIMÔNIO NATURAL FAZENDA VÁRZEA,reserva particular do patrimonio natural fazenda varzea,PB,383.12,Reserva Particular do Patrimônio Natural · Federal,-6.50257,-35.67999,-6.48267,-35.65983
conservacao,0000.00.1340,RESERVA PARTICULAR DO PATRIMÔNIO NATURAL FAZENDA VEREDA DO GATO,reserva particular do patrimonio natural fazenda vereda do gato,GO,142.65,Reserva Particular do Patrimônio Natural · Federal,-16.39983,-47.46801,-16.38625,-47.45
conservacao,0000.00.1250,RESERVA PARTICULAR DO PATRIMÔNIO NATURAL FAZENDA VEREDA GRANDE,reserva particular do patrimonio natural fazenda vereda grande,MG,3131.15,Reserva Particular do Patrimônio Natural · Federal,-18.24623,-46.5527,-18.14528,-46.50047
conservacao,0000.00.1242,RESERVA PARTICULAR DO PATRIMÔNIO NATURAL FAZENDINHA,reserva particular do patrimonio natural fazendinha,MS,1410.53,Reserva Particular do Patrimônio Natural · Federal,-19.48512,-56.54895,-19.4458,-56.50963
conservacao,0000.00.1254,RESERVA PARTICULAR DO PATRIMÔNIO NATURAL FELICIANO MIGUEL ABDALA,reserva particular do patrimonio natural feliciano miguel abdala,MG,950.13,Reserva Particular do Patrimônio Natural · Federal,-19.74817,-41.83455,-19.71668,-41.80125
conservacao,0000.00.4546,RESERVA PARTICULAR DO PATRIMÔNIO NATURAL FERLAG RESINAS BRASIL,reserva particular do patrimonio natural ferlag resinas brasil,SP,89.98,Reserva Particular do Patrimônio Natural · Federal,-24.21082,-49.00795,-24.19128,-48.98787
conservacao,0000.29.3173,"RESERVA PARTICULAR DO PATRIMÔNIO NATURAL FERNANDES I, II E III","reserva particular do patrimonio natural fernandes i, ii e iii",BA,589.03,Reserva Particular do Patrimônio Natural · Estadual,-17.1336,-39.42233,-17.10264,-39.3748
conservacao,0000.33.5064,RESERVA PARTICULAR DO PATRIMÔNIO NATURAL FIZINHO DUTRA,reserva particular do patrimonio natural fizinho dutra,RJ,1.37,Reserva Particular do Patrimônio Natural · Estadual,-20.8747,-41.79369,-20.87321,-41.79224
conservacao,0000.00.4477,RESERVA PARTICULAR DO PATRIMÔNIO NATURAL FLOR DAS ÁGUAS DO CERRADO,reserva particular do patrimonio natural flor das aguas do cerrado,GO,27.82,Reserva Particular do Patrimônio Natural · Federal,-13.71685,-47.40008,-13.71206,-47.3851
conservacao,0000.00.3686,RESERVA PARTICULAR DO PATRIMÔNIO NATURAL FLOR DO CERRADO,reserva particular do patrimonio natural flor do cerrado,GO,1549.5,Reserva Particular do Patrimônio Natural · Federal,-14.35873,-47.82195,-14.28266,-47.74298
conservacao,0000.00.3681,RESERVA PARTICULAR DO PATRIMÔNIO NATURAL FLOR DO CERRADO II,reserva particular do patrimonio natural flor do cerrado ii,GO,73.97,Reserva Particular do Patrimônio Natural · Federal,-14.3286,-47.81426,-14.31997,-47.80409
conservacao,0000.00.3684,RESERVA PARTICULAR DO PATRIMÔNIO NATURAL FLOR DO CERRADO III,reserva particular do patrimonio natural flor do cerrado iii,GO,1541.17,Reserva Particular do Patrimônio Natural · Federal,-14.35524,-47.82407,-14.29347,-47.76694
conservacao,0000.00.2115,RESERVA PARTICULAR DO PATRIMÔNIO NATURAL FLOR DO NORTE I,reserva particular do patrimonio natural flor do norte i,BA,304.37,Reserva Particular do Patrimônio Natural · Federal,-17.02943,-39.23628,-17.00233,-39.2094
conservacao,0000.00.2116,RESERVA PARTICULAR DO PATRIMÔNIO NATURAL FLOR DO NORTE II,reserva particular do patrimonio natural flor do norte ii,BA,170.74,Reserva Particular do Patrimônio Natural · Federal,-17.03082,-39.23998,-16.99596,-39.20434
conservacao,0000.00.2719,RESERVA PARTICULAR DO PATRIMÔNIO NATURAL FLORESCER,reserva particular do patrimonio natural florescer,SC,154.78,Reserva Particular do Patrimônio Natural · Federal,-27.94985,-49.50176,-27.93508,-49.48047
conservacao,0000.00.1164,RESERVA PARTICULAR DO PATRIMÔNIO NATURAL FLORESTA ALTA,reserva particular do patrimonio natural floresta alta,RJ,972.9,Reserva Particular do Patrimônio Natural · Federal,-22.53431,-42.57168,-22.50134,-42.5387
conservacao,0000.35.2635,RESERVA PARTICULAR DO PATRIMÔNIO NATURAL FLORESTA DAS ÁGUAS PERENES,reserva particular do patrimonio natural floresta das aguas perenes,SP,792.73,Reserva Particular do Patrimônio Natural · Estadual,-22.23425,-48.14826,-22.18952,-48.09212
conservacao,0000.31.2440,RESERVA PARTICULAR DO PATRIMÔNIO NATURAL FLORESTA DO PENGÁ,reserva particular do patrimonio natural floresta do penga,MG,56.81,Reserva Particular do Patrimônio Natural · Estadual,-22.01335,-44.67883,-22.00646,-44.66347
conservacao,0000.00.4481,RESERVA PARTICULAR DO PATRIMÔNIO NATURAL FLORESTA ENCANTADA,reserva particular do patrimonio natural floresta encantada,BA,19.2,Reserva Particular do Patrimônio Natural · Federal,-14.33546,-39.2633,-14.3291,-39.25829
conservacao,0000.35.4954,RESERVA PARTICULAR DO PATRIMÔNIO NATURAL FLORESTA MARIA HELENA,reserva particular do patrimonio natural floresta maria helena,SP,29.99,Reserva Particular do Patrimônio Natural · Estadual,-23.04866,-49.21793,-23.0421,-49.21011
conservacao,0000.00.1055,"RESERVA PARTICULAR DO PATRIMÔNIO NATURAL FLORESTA NEGRA, PARQUE NATURAL PARA ESTUDOS, PESQUISA E EDUCAÇÃO AMBIENTAL","reserva particular do patrimonio natural floresta negra, parque natural para estudos, pesquisa e educacao ambiental",SP,6.95,Reserva Particular do Patrimônio Natural · Federal,-23.54314,-47.67586,-23.54044,-47.67294
conservacao,0000.32.2344,RESERVA PARTICULAR DO PATRIMÔNIO NATURAL FLORINDO VIDAS,reserva particular do patrimonio natural florindo vidas,ES,1.14,Reserva Particular do Patrimônio Natural · Estadual,-20.34406,-41.49837,-20.34331,-41.49659
conservacao,0000.00.3084,RESERVA PARTICULAR DO PATRIMÔNIO NATURAL FONTE DE LUZ,reserva particular do patrimonio natural fonte de luz,CE,7.03,Reserva Particular do Patrimônio Natural · Federal,-3.53389,-40.48942,-3.53181,-40.48464
conservacao,0000.52.5236,RESERVA PARTICULAR DO PATRIMÔNIO NATURAL FORTUNA,reserva particular do patrimonio natural fortuna,GO,4.62,Reserva Particular do Patrimônio Natural · Estadual,-17.32107,-53.17521,-17.31796,-53.17178
conservacao,0000.00.1200,RESERVA PARTICULAR DO PATRIMÔNIO NATURAL FREI CANECA,reserva particular do patrimonio natural frei caneca,PE,618.63,Reserva Particular do Patrimônio Natural · Federal,-8.73236,-35.85759,-8.70706,-35.83185
conservacao,0000.32.2916,RESERVA PARTICULAR DO PATRIMÔNIO NATURAL FREISLEBEN,reserva particular do patrimonio natural freisleben,ES,8.34,Reserva Particular do Patrimônio Natural · Estadual,-20.07936,-41.05126,-20.07749,-41.04515
conservacao,0000.00.4534,RESERVA PARTICULAR DO PATRIMÔNIO NATURAL FRIGONOSSO,reserva particular do patrimonio natural frigonosso,RO,558.06,Reserva Particular do Patrimônio Natural · Federal,-9.74003,-65.31419,-9.71687,-65.28671
conservacao,0000.33.2287,RESERVA PARTICULAR DO PATRIMÔNIO NATURAL FRILSON MATHEUS VIEIRA,reserva particular do patrimonio natural frilson matheus vieira,RJ,14.95,Reserva Particular do Patrimônio Natural · Estadual,-20.93772,-41.85592,-20.93352,-41.84968
conservacao,0000.35.5014,RESERVA PARTICULAR DO PATRIMÔNIO NATURAL FRUTA DO LOBO,reserva particular do patrimonio natural fruta do lobo,SP,30.21,Reserva Particular do Patrimônio Natural · Estadual,-22.7371,-44.37052,-22.73058,-44.36311
conservacao,0000.50.3180,RESERVA PARTICULAR DO PATRIMÔNIO NATURAL FUNDÃO,reserva particular do patrimonio natural fundao,MS,252.11,Reserva Particular do Patrimônio Natural · Estadual,-18.37732,-53.0181,-18.33051,-52.9932
conservacao,0000.26.5150,RESERVA PARTICULAR DO PATRIMÔNIO NATURAL GAIPIÓ,reserva particular do patrimonio natural gaipio,PE,88.49,Reserva Particular do Patrimônio Natural · Estadual,-8.4272,-35.1885,-8.4156,-35.1762
conservacao,0000.00.2660,RESERVA PARTICULAR DO PATRIMÔNIO NATURAL GÁLIA,reserva particular do patrimonio natural galia,CE,56.02,Reserva Particular do Patrimônio Natural · Federal,-4.2529,-38.93652,-4.24435,-38.92458
conservacao,0000.27.4199,RESERVA PARTICULAR DO PATRIMÔNIO NATURAL GARABU,reserva particular do patrimonio natural garabu,AL,224.99,Reserva Particular do Patrimônio Natural · Estadual,-9.29341,-35.58874,-9.27101,-35.56748
conservacao,0000.29.5026,RESERVA PARTICULAR DO PATRIMÔNIO NATURAL GAVIÃO CARIJÓ,reserva particular do patrimonio natural gaviao carijo,BA,16.23,Reserva Particular do Patrimônio Natural · Estadual,-13.87324,-43.78851,-13.85949,-43.77955
conservacao,0000.00.1154,RESERVA PARTICULAR DO PATRIMÔNIO NATURAL GAVIÕES,reserva particular do patrimonio natural gavioes,RJ,507.93,Reserva Particular do Patrimônio Natural · Federal,-22.59416,-42.53465,-22.57033,-42.51082
conservacao,0000.00.2708,RESERVA PARTICULAR DO PATRIMÔNIO NATURAL GIBEÃO,reserva particular do patrimonio natural gibeao,RO,31.32,Reserva Particular do Patrimônio Natural · Federal,-11.12652,-61.78535,-11.11858,-61.78028
conservacao,0000.35.3730,RESERVA PARTICULAR DO PATRIMÔNIO NATURAL GIGANTE DO ITAGUARÉ,reserva particular do patrimonio natural gigante do itaguare,SP,358.42,Reserva Particular do Patrimônio Natural · Estadual,-22.50674,-45.10768,-22.4827,-45.08251
conservacao,0000.31.4383,RESERVA PARTICULAR DO PATRIMÔNIO NATURAL GIRASSOL,reserva particular do patrimonio natural girassol,MG,60.14,Reserva Particular do Patrimônio Natural · Estadual,-19.5322,-43.22737,-19.52172,-43.21288
conservacao,0000.00.1142,RESERVA PARTICULAR DO PATRIMÔNIO NATURAL GLEBA O SAQUINHO DE ITAPIRAPUÁ,reserva particular do patrimonio natural gleba o saquinho de itapirapua,RJ,3.95,Reserva Particular do Patrimônio Natural · Federal,-22.95207,-44.33398,-22.95004,-44.33179
conservacao,0000.33.2275,RESERVA PARTICULAR DO PATRIMÔNIO NATURAL GOTAS AZUIS,reserva particular do patrimonio natural gotas azuis,RJ,6.55,Reserva Particular do Patrimônio Natural · Estadual,-22.67921,-43.68769,-22.6743,-43.68249
conservacao,0000.00.2702,RESERVA PARTICULAR DO PATRIMÔNIO NATURAL GRACIOSA,reserva particular do patrimonio natural graciosa,PR,17.28,Reserva Particular do Patrimônio Natural · Federal,-25.42515,-48.87144,-25.42105,-48.86161
conservacao,0000.00.2711,RESERVA PARTICULAR DO PATRIMÔNIO NATURAL GRANDE FLORESTA DAS ARAUCÁRIAS,reserva particular do patrimonio natural grande floresta das araucarias,SC,4019.53,Reserva Particular do Patrimônio Natural · Federal,-27.94835,-49.49589,-27.88203,-49.31229
conservacao,0000.00.1110,RESERVA PARTICULAR DO PATRIMÔNIO NATURAL GRANJA SÃO ROQUE - RESERVA DO PAREDÃO,reserva particular do patrimonio natural granja sao roque - reserva do paredao,RS,137.47,Reserva Particular do Patrimônio Natural · Federal,-29.3862,-55.16309,-29.37434,-55.14939
conservacao,0000.00.1166,RESERVA PARTICULAR DO PATRIMÔNIO NATURAL GRAZIELA MACIEL BARROSO,reserva particular do patrimonio natural graziela maciel barroso,RJ,184.99,Reserva Particular do Patrimônio Natural · Federal,-22.46405,-43.19175,-22.44253,-43.16994
conservacao,0000.33.2894,RESERVA PARTICULAR DO PATRIMÔNIO NATURAL GROTA DO SOSSEGO,reserva particular do patrimonio natural grota do sossego,RJ,15.1,Reserva Particular do Patrimônio Natural · Estadual,-22.56431,-43.72865,-22.55995,-43.72253
conservacao,0000.31.2443,RESERVA PARTICULAR DO PATRIMÔNIO NATURAL GRUTA DO CARIMBADO,reserva particular do patrimonio natural gruta do carimbado,MG,1.52,Reserva Particular do Patrimônio Natural · Estadual,-21.70965,-44.98299,-21.70702,-44.98179
conservacao,0000.00.2117,RESERVA PARTICULAR DO PATRIMÔNIO NATURAL GRUTINHA,reserva particular do patrimonio natural grutinha,SC,5.98,Reserva Particular do Patrimônio Natural · Federal,-27.29541,-48.93466,-27.28876,-48.93356
conservacao,0000.35.3650,RESERVA PARTICULAR DO PATRIMÔNIO NATURAL GUAINUMBI,reserva particular do patrimonio natural guainumbi,SP,46.3,Reserva Particular do Patrimônio Natural · Estadual,-23.31922,-45.16801,-23.31182,-45.15756
conservacao,0000.00.4535,RESERVA PARTICULAR DO PATRIMÔNIO NATURAL GUAÍRA,reserva particular do patrimonio natural guaira,TO,190.28,Reserva Particular do Patrimônio Natural · Federal,-9.35816,-49.9733,-9.34141,-49.94015
conservacao,0000.27.4207,RESERVA PARTICULAR DO PATRIMÔNIO NATURAL GUANABARA,reserva particular do patrimonio natural guanabara,AL,305.61,Reserva Particular do Patrimônio Natural · Estadual,-9.11935,-36.13673,-9.09891,-36.10779
conservacao,0000.00.3067,RESERVA PARTICULAR DO PATRIMÔNIO NATURAL GUANANDI,reserva particular do patrimonio natural guanandi,BA,14.71,Reserva Particular do Patrimônio Natural · Federal,-14.5152,-39.08278,-14.5097,-39.07571
conservacao,0000.00.1396,RESERVA PARTICULAR DO PATRIMÔNIO NATURAL GUARÁ,reserva particular do patrimonio natural guara,BA,2109.96,Reserva Particular do Patrimônio Natural · Federal,-14.63298,-45.82686,-14.58613,-45.77876
conservacao,0000.00.1399,RESERVA PARTICULAR DO PATRIMÔNIO NATURAL GUARÁ I E II,reserva particular do patrimonio natural guara i e ii,BA,1144.46,Reserva Particular do Patrimônio Natural · Federal,-14.60655,-45.84121,-14.57204,-45.80578
conservacao,0000.32.3591,RESERVA PARTICULAR DO PATRIMÔNIO NATURAL GUARIBUS,reserva particular do patrimonio natural guaribus,ES,10.78,Reserva Particular do Patrimônio Natural · Estadual,-19.84376,-40.84626,-19.84077,-40.84064
conservacao,0000.00.2118,RESERVA PARTICULAR DO PATRIMÔNIO NATURAL GUARIRÚ,reserva particular do patrimonio natural guariru,BA,41.04,Reserva Particular do Patrimônio Natural · Federal,-12.86475,-39.46962,-12.85542,-39.46264
conservacao,0000.00.2119,RESERVA PARTICULAR DO PATRIMÔNIO NATURAL HELICO,reserva particular do patrimonio natural helico,BA,63.33,Reserva Particular do Patrimônio Natural · Federal,-15.01314,-39.14344,-14.99602,-39.13071
conservacao,0000.31.4705,RESERVA PARTICULAR DO PATRIMÔNIO NATURAL HORTO ALEGRIA II,reserva particular do patrimonio natural horto alegria ii,MG,141.6,Reserva Particular do Patrimônio Natural · Estadual,-20.1491,-43.50264,-20.13497,-43.47954
conservacao,0000.31.4720,RESERVA PARTICULAR DO PATRIMÔNIO NATURAL HORTO ALEGRIA III,reserva particular do patrimonio natural horto alegria iii,MG,84.37,Reserva Particular do Patrimônio Natural · Estadual,-20.14529,-43.49468,-20.13177,-43.46433
conservacao,0000.00.2120,RESERVA PARTICULAR DO PATRIMÔNIO NATURAL HOTEL MIRANTE,reserva particular do patrimonio natural hotel mirante,MT,19.79,Reserva Particular do Patrimônio Natural · Federal,-15.48222,-55.69483,-15.47798,-55.68744
conservacao,0000.23.4865,RESERVA PARTICULAR DO PATRIMÔNIO NATURAL HUGO PEREIRA,reserva particular do patrimonio natural hugo pereira,CE,41.08,Reserva Particular do Patrimônio Natural · Estadual,-4.03816,-39.22518,-4.03093,-39.21698
conservacao,0000.00.1181,RESERVA PARTICULAR DO PATRIMÔNIO NATURAL IGUAÇU I,reserva particular do patrimonio natural iguacu i,PR,5171.02,Reserva Particular do Patrimônio Natural · Federal,-25.54332,-52.78269,-25.34789,-52.60554
conservacao,0000.33.3903,RESERVA PARTICULAR DO PATRIMÔNIO NATURAL ILAN,reserva particular do patrimonio natural ilan,RJ,50.78,Reserva Particular do Patrimônio Natural · Estadual,-22.88069,-44.26993,-22.87384,-44.24722
conservacao,0000.00.1319,RESERVA PARTICULAR DO PATRIMÔNIO NATURAL ILHA DO CAJU,reserva particular do patrimonio natural ilha do caju,MA,101.14,Reserva Particular do Patrimônio Natural · Federal,-2.73511,-42.10224,-2.72483,-42.092
conservacao,0000.00.3080,RESERVA PARTICULAR DO PATRIMÔNIO NATURAL ILHA ENCANTADA,reserva particular do patrimonio natural ilha encantada,CE,18.6,Reserva Particular do Patrimônio Natural · Federal,-4.57019,-37.69909,-4.56686,-37.6937
conservacao,0000.00.2121,RESERVA PARTICULAR DO PATRIMÔNIO NATURAL ILHAS ALEXANDRE RODRIGUES FERREIRA,reserva particular do patrimonio natural ilhas alexandre rodrigues ferreira,AM,302.37,Reserva Particular do Patrimônio Natural · Federal,-0.59797,-63.38169,-0.5693,-63.33531
conservacao,0000.00.2122,RESERVA PARTICULAR DO PATRIMÔNIO NATURAL INHOTIM,reserva particular do patrimonio natural inhotim,MG,249.26,Reserva Particular do Patrimônio Natural · Federal,-20.13705,-44.24886,-20.11362,-44.21734
conservacao,0000.00.3108,RESERVA PARTICULAR DO PATRIMÔNIO NATURAL INTEGRA O PARQUE,reserva particular do patrimonio natural integra o parque,GO,318.48,Reserva Particular do Patrimônio Natural · Federal,-13.8996,-47.5111,-13.87183,-47.48242
conservacao,0000.00.4547,RESERVA PARTICULAR DO PATRIMÔNIO NATURAL IPUÇABA,reserva particular do patrimonio natural ipucaba,CE,5.5,Reserva Particular do Patrimônio Natural · Federal,-4.30183,-40.74427,-4.29863,-40.74162
conservacao,0000.00.4464,RESERVA PARTICULAR DO PATRIMÔNIO NATURAL IRACEMA VALENTE FRANCO,reserva particular do patrimonio natural iracema valente franco,GO,371.38,Reserva Particular do Patrimônio Natural · Federal,-15.85737,-48.7253,-15.84018,-48.6967
conservacao,0000.29.3413,RESERVA PARTICULAR DO PATRIMÔNIO NATURAL IRARA,reserva particular do patrimonio natural irara,BA,95.66,Reserva Particular do Patrimônio Natural · Estadual,-14.02522,-39.19306,-14.00581,-39.18454
conservacao,0000.00.3090,RESERVA PARTICULAR DO PATRIMÔNIO NATURAL IRMÃOS SATELIS,reserva particular do patrimonio natural irmaos satelis,RO,41.13,Reserva Particular do Patrimônio Natural · Federal,-11.10851,-61.76756,-11.0995,-61.76322
conservacao,0000.33.2283,RESERVA PARTICULAR DO PATRIMÔNIO NATURAL ITACOLOMY,reserva particular do patrimonio natural itacolomy,RJ,0.75,Reserva Particular do Patrimônio Natural · Estadual,-21.84415,-41.88967,-21.84347,-41.88834
conservacao,0000.35.4324,RESERVA PARTICULAR DO PATRIMÔNIO NATURAL JACARANDÁS,reserva particular do patrimonio natural jacarandas,SP,9.78,Reserva Particular do Patrimônio Natural · Estadual,-23.16975,-46.30972,-23.16483,-46.30354
conservacao,2510.31.3555,RESERVA PARTICULAR DO PATRIMÔNIO NATURAL JACUAÇU,reserva particular do patrimonio natural jacuacu,MG,43.29,Reserva Particular do Patrimônio Natural · Municipal,-22.82233,-46.24374,-22.8124,-46.23408
conservacao,0000.00.2124,RESERVA PARTICULAR DO PATRIMÔNIO NATURAL JACUBA VELHA,reserva particular do patrimonio natural jacuba velha,BA,83.52,Reserva Particular do Patrimônio Natural · Federal,-16.53725,-39.20119,-16.51857,-39.18901
conservacao,0000.33.3438,RESERVA PARTICULAR DO PATRIMÔNIO NATURAL JACUTINGA,reserva particular do patrimonio natural jacutinga,RJ,15.36,Reserva Particular do Patrimônio Natural · Estadual,-22.4386,-43.09959,-22.43354,-43.0946
conservacao,0000.27.2690,RESERVA PARTICULAR DO PATRIMÔNIO NATURAL JADER FERREIRA RAMOS,reserva particular do patrimonio natural jader ferreira ramos,AL,43.7,Reserva Particular do Patrimônio Natural · Estadual,-9.379,-37.3668,-9.37571,-37.35372
conservacao,0000.35.4131,RESERVA PARTICULAR DO PATRIMÔNIO NATURAL JAGUARETÊ,reserva particular do patrimonio natural jaguarete,SP,6.04,Reserva Particular do Patrimônio Natural · Estadual,-22.81071,-44.34786,-22.8082,-44.34442
conservacao,0000.29.4238,RESERVA PARTICULAR DO PATRIMÔNIO NATURAL JAPURÁ,reserva particular do patrimonio natural japura,BA,534.48,Reserva Particular do Patrimônio Natural · Estadual,-12.18925,-37.89036,-12.16048,-37.86353
conservacao,0000.00.1108,RESERVA PARTICULAR DO PATRIMÔNIO NATURAL JARDIM DA PAZ,reserva particular do patrimonio natural jardim da paz,RS,1.73,Reserva Particular do Patrimônio Natural · Federal,-30.09023,-51.13746,-30.0889,-51.13591
conservacao,0000.00.2125,RESERVA PARTICULAR DO PATRIMÔNIO NATURAL JARDIM DAS DELÍCIAS,reserva particular do patrimonio natural jardim das delicias,RJ,18.99,Reserva Particular do Patrimônio Natural · Federal,-22.41537,-42.38319,-22.41132,-42.37587
conservacao,0000.33.2294,RESERVA PARTICULAR DO PATRIMÔNIO NATURAL JARDIM DE MUKUNDA,reserva particular do patrimonio natural jardim de mukunda,RJ,21.72,Reserva Particular do Patrimônio Natural · Estadual,-22.29691,-44.40466,-22.29098,-44.39797
conservacao,0000.00.3673,RESERVA PARTICULAR DO PATRIMÔNIO NATURAL JARDIM DOS BEIJA-FLORES,reserva particular do patrimonio natural jardim dos beija-flores,SC,6.14,Reserva Particular do Patrimônio Natural · Federal,-27.95742,-48.70028,-27.95598,-48.69295
conservacao,0000.00.4504,RESERVA PARTICULAR DO PATRIMÔNIO NATURAL JATAIPEBA,reserva particular do patrimonio natural jataipeba,BA,298.0,Reserva Particular do Patrimônio Natural · Federal,-13.6981,-39.00691,-13.67685,-38.9831
conservacao,0000.00.2126,RESERVA PARTICULAR DO PATRIMÔNIO NATURAL JATOBÁ,reserva particular do patrimonio natural jatoba,BA,15.62,Reserva Particular do Patrimônio Natural · Federal,-13.77697,-39.33176,-13.77123,-39.32737
conservacao,0000.00.1367,RESERVA PARTICULAR DO PATRIMÔNIO NATURAL JOÃO DE BARRO,reserva particular do patrimonio natural joao de barro,GO,2.88,Reserva Particular do Patrimônio Natural · Federal,-16.16726,-48.31948,-16.16553,-48.31769
conservacao,0000.00.2127,RESERVA PARTICULAR DO PATRIMÔNIO NATURAL JOAQUIM THEODORO DE MORAES,reserva particular do patrimonio natural joaquim theodoro de moraes,MG,55.95,Reserva Particular do Patrimônio Natural · Federal,-19.16826,-46.62214,-19.15996,-46.61078
conservacao,0000.00.3670,RESERVA PARTICULAR DO PATRIMÔNIO NATURAL JORGE LUIZ ORSI,reserva particular do patrimonio natural jorge luiz orsi,SC,1.79,Reserva Particular do Patrimônio Natural · Federal,-27.27945,-48.93469,-27.27909,-48.93019
conservacao,0000.00.1147,RESERVA PARTICULAR DO PATRIMÔNIO NATURAL JORNALISTA ANTENOR NOVAES,reserva particular do patrimonio natural jornalista antenor novaes,RJ,1383.06,Reserva Particular do Patrimônio Natural · Federal,-22.47945,-43.59827,-22.44015,-43.55897
conservacao,0000.27.2691,RESERVA PARTICULAR DO PATRIMÔNIO NATURAL JOSÉ ABDON MALTA MARQUES,reserva particular do patrimonio natural jose abdon malta marques,AL,26.77,Reserva Particular do Patrimônio Natural · Estadual,-9.17835,-37.42643,-9.17197,-37.42017
conservacao,0000.00.1228,RESERVA PARTICULAR DO PATRIMÔNIO NATURAL JUBRAN,reserva particular do patrimonio natural jubran,MT,36230.81,Reserva Particular do Patrimônio Natural · Federal,-16.89066,-57.66246,-16.67675,-57.35961
conservacao,0000.00.1427,RESERVA PARTICULAR DO PATRIMÔNIO NATURAL JUERANA,reserva particular do patrimonio natural juerana,BA,26.7,Reserva Particular do Patrimônio Natural · Federal,-14.26092,-39.17605,-14.25565,-39.17062
conservacao,0000.00.3667,RESERVA PARTICULAR DO PATRIMÔNIO NATURAL JUERANA MILAGROSA,reserva particular do patrimonio natural juerana milagrosa,BA,94.04,Reserva Particular do Patrimônio Natural · Federal,-14.44182,-39.05472,-14.43034,-39.03348
conservacao,0000.27.5085,RESERVA PARTICULAR DO PATRIMÔNIO NATURAL JÚLIA SILVEIRA COUTINHO,reserva particular do patrimonio natural julia silveira coutinho,AL,364.17,Reserva Particular do Patrimônio Natural · Estadual,-9.93961,-36.11321,-9.87933,-36.08852
conservacao,0000.26.5147,RESERVA PARTICULAR DO PATRIMÔNIO NATURAL JUSSARAL,reserva particular do patrimonio natural jussaral,PE,292.07,Reserva Particular do Patrimônio Natural · Estadual,-8.63182,-35.75207,-8.61226,-35.72356
conservacao,0000.00.2128,RESERVA PARTICULAR DO PATRIMÔNIO NATURAL KAHENA,reserva particular do patrimonio natural kahena,MG,5.77,Reserva Particular do Patrimônio Natural · Federal,-22.48911,-45.13503,-22.48655,-45.13105
conservacao,0000.26.3311,RESERVA PARTICULAR DO PATRIMÔNIO NATURAL KARAWA-TÃ,reserva particular do patrimonio natural karawa-ta,PE,85.67,Reserva Particular do Patrimônio Natural · Estadual,-8.1896,-35.57209,-8.17326,-35.55371
conservacao,0000.29.5027,RESERVA PARTICULAR DO PATRIMÔNIO NATURAL KC,reserva particular do patrimonio natural kc,BA,28.67,Reserva Particular do Patrimônio Natural · Estadual,-16.83321,-39.89137,-16.82663,-39.88706
conservacao,0000.00.2129,RESERVA PARTICULAR DO PATRIMÔNIO NATURAL KLAGESI,reserva particular do patrimonio natural klagesi,PA,22.82,Reserva Particular do Patrimônio Natural · Federal,-1.16832,-48.13862,-1.16554,-48.13025
conservacao,0000.31.4395,RESERVA PARTICULAR DO PATRIMÔNIO NATURAL KLEM,reserva particular do patrimonio natural klem,MG,139.01,Reserva Particular do Patrimônio Natural · Estadual,-20.50926,-42.08094,-20.49783,-42.06496
conservacao,0000.32.3237,RESERVA PARTICULAR DO PATRIMÔNIO NATURAL KOEHLER,reserva particular do patrimonio natural koehler,ES,4.21,Reserva Particular do Patrimônio Natural · Estadual,-20.38796,-40.67469,-20.38574,-40.66898
conservacao,0000.52.5224,RESERVA PARTICULAR DO PATRIMÔNIO NATURAL KOMODO,reserva particular do patrimonio natural komodo,GO,169.67,Reserva Particular do Patrimônio Natural · Estadual,-14.05265,-47.26845,-14.0386,-47.24871
conservacao,0000.29.5029,RESERVA PARTICULAR DO PATRIMÔNIO NATURAL LABAREDA II,reserva particular do patrimonio natural labareda ii,BA,1.05,Reserva Particular do Patrimônio Natural · Estadual,-14.45045,-39.05615,-14.44863,-39.05537
conservacao,0000.29.5030,RESERVA PARTICULAR DO PATRIMÔNIO NATURAL LABAREDA III,reserva particular do patrimonio natural labareda iii,BA,1.24,Reserva Particular do Patrimônio Natural · Estadual,-14.44929,-39.05588,-14.44713,-39.05534
conservacao,0000.29.5031,RESERVA PARTICULAR DO PATRIMÔNIO NATURAL LABAREDA V,reserva particular do patrimonio natural labareda v,BA,0.5,Reserva Particular do Patrimônio Natural · Estadual,-14.4504,-39.05505,-14.44919,-39.05443
conservacao,0000.00.1456,RESERVA PARTICULAR DO PATRIMÔNIO NATURAL LAÇO DE AMOR,reserva particular do patrimonio natural laco de amor,AM,7.68,Reserva Particular do Patrimônio Natural · Federal,-2.86761,-60.03616,-2.86482,-60.03328
conservacao,0000.00.3671,RESERVA PARTICULAR DO PATRIMÔNIO NATURAL LAFIGUEIRA - NATURARTE,reserva particular do patrimonio natural lafigueira - naturarte,SP,33.69,Reserva Particular do Patrimônio Natural · Federal,-23.03458,-46.4104,-23.02393,-46.40214
conservacao,0000.52.5240,RESERVA PARTICULAR DO PATRIMÔNIO NATURAL LAGO DAS BRISAS,reserva particular do patrimonio natural lago das brisas,GO,7.44,Reserva Particular do Patrimônio Natural · Estadual,-18.25004,-48.90915,-18.24661,-48.90413
conservacao,0000.29.5047,RESERVA PARTICULAR DO PATRIMÔNIO NATURAL LAGOA  AZUL,reserva particular do patrimonio natural lagoa  azul,BA,9.59,Reserva Particular do Patrimônio Natural · Estadual,-16.52807,-39.08697,-16.52304,-39.07973
conservacao,0000.29.4409,RESERVA PARTICULAR DO PATRIMÔNIO NATURAL LAGOA DA VELHA,reserva particular do patrimonio natural lagoa da velha,BA,207.48,Reserva Particular do Patrimônio Natural · Estadual,-11.52186,-41.34386,-11.49686,-41.32838
conservacao,0000.00.1400,RESERVA PARTICULAR DO PATRIMÔNIO NATURAL LAGOA DO FORMOSO,reserva particular do patrimonio natural lagoa do formoso,BA,500.71,Reserva Particular do Patrimônio Natural · Federal,-14.79796,-45.97184,-14.76966,-45.94455
conservacao,0000.00.2740,RESERVA PARTICULAR DO PATRIMÔNIO NATURAL LAGOA ENCANTADA DO MORRO DA LUCRÉCIA,reserva particular do patrimonio natural lagoa encantada do morro da lucrecia,SE,10.72,Reserva Particular do Patrimônio Natural · Federal,-10.64674,-36.77665,-10.64027,-36.77422
conservacao,0000.26.3331,RESERVA PARTICULAR DO PATRIMÔNIO NATURAL LAJE BONITA,reserva particular do patrimonio natural laje bonita,PE,0.0,Reserva Particular do Patrimônio Natural · Estadual,-8.80447,-36.01939,-8.80031,-36.01511
conservacao,0000.00.4461,RESERVA PARTICULAR DO PATRIMÔNIO NATURAL LAVRINHAS,reserva particular do patrimonio natural lavrinhas,GO,1.24,Reserva Particular do Patrimônio Natural · Federal,-15.8373,-48.88456,-15.8356,-48.88182
conservacao,0000.29.2031,RESERVA PARTICULAR DO PATRIMÔNIO NATURAL LEMBRANÇA,reserva particular do patrimonio natural lembranca,BA,19.47,Reserva Particular do Patrimônio Natural · Estadual,-16.50867,-39.34043,-16.50201,-39.33536
conservacao,0000.29.3202,RESERVA PARTICULAR DO PATRIMÔNIO NATURAL LEMBRANÇA II,reserva particular do patrimonio natural lembranca ii,BA,36.24,Reserva Particular do Patrimônio Natural · Estadual,-16.79377,-39.40666,-16.77987,-39.394
conservacao,0000.00.2130,RESERVA PARTICULAR DO PATRIMÔNIO NATURAL LEMKE,reserva particular do patrimonio natural lemke,ES,2.0,Reserva Particular do Patrimônio Natural · Federal,-18.58124,-40.54189,-18.57876,-40.53915
conservacao,0000.33.2282,RESERVA PARTICULAR DO PATRIMÔNIO NATURAL LENÇÓIS,reserva particular do patrimonio natural lencois,RJ,18.39,Reserva Particular do Patrimônio Natural · Estadual,-22.53303,-42.55547,-22.52617,-42.55058
conservacao,0000.31.4392,RESERVA PARTICULAR DO PATRIMÔNIO NATURAL LIMEIRA,reserva particular do patrimonio natural limeira,MG,101.45,Reserva Particular do Patrimônio Natural · Estadual,-19.62292,-47.77648,-19.61068,-47.76186
conservacao,0000.52.5231,RESERVA PARTICULAR DO PATRIMÔNIO NATURAL LIMÍRIO FIGUEIREDO,reserva particular do patrimonio natural limirio figueiredo,GO,7.36,Reserva Particular do Patrimônio Natural · Estadual,-16.80904,-49.47872,-16.80372,-49.47584
conservacao,0000.29.3733,RESERVA PARTICULAR DO PATRIMÔNIO NATURAL LIMOEIRO,reserva particular do patrimonio natural limoeiro,BA,475.01,Reserva Particular do Patrimônio Natural · Estadual,-12.16483,-37.84676,-12.13933,-37.8148
conservacao,0000.32.2349,RESERVA PARTICULAR DO PATRIMÔNIO NATURAL LINDA LAÍS,reserva particular do patrimonio natural linda lais,ES,3.48,Reserva Particular do Patrimônio Natural · Estadual,-19.95423,-40.75369,-19.95202,-40.75132
conservacao,0000.00.1335,RESERVA PARTICULAR DO PATRIMÔNIO NATURAL LINDA SERRA DOS TOPÁZIOS,reserva particular do patrimonio natural linda serra dos topazios,GO,43.39,Reserva Particular do Patrimônio Natural · Federal,-16.73696,-47.70517,-16.73025,-47.6982
conservacao,0000.32.3262,RESERVA PARTICULAR DO PATRIMÔNIO NATURAL LINDA SOFIA,reserva particular do patrimonio natural linda sofia,ES,3.77,Reserva Particular do Patrimônio Natural · Estadual,-19.93903,-40.72829,-19.93766,-40.72322
conservacao,0000.00.2131,RESERVA PARTICULAR DO PATRIMÔNIO NATURAL LOTE CRISTALINO,reserva particular do patrimonio natural lote cristalino,MT,604.29,Reserva Particular do Patrimônio Natural · Federal,-9.63556,-55.95945,-9.59713,-55.92349
conservacao,0000.00.1443,RESERVA PARTICULAR DO PATRIMÔNIO NATURAL LOTE URBANO,reserva particular do patrimonio natural lote urbano,AP,16.97,Reserva Particular do Patrimônio Natural · Federal,-0.05912,-51.15977,-0.05491,-51.15557
conservacao,0000.31.4719,RESERVA PARTICULAR DO PATRIMÔNIO NATURAL LUA BRANCA,reserva particular do patrimonio natural lua branca,MG,314.24,Reserva Particular do Patrimônio Natural · Estadual,-18.46559,-43.53509,-18.425,-43.51493
conservacao,0000.27.4200,RESERVA PARTICULAR DO PATRIMÔNIO NATURAL LUIZ JATOBÁ FILHO,reserva particular do patrimonio natural luiz jatoba filho,AL,48.11,Reserva Particular do Patrimônio Natural · Estadual,-9.76301,-36.02109,-9.75239,-36.006
conservacao,0000.27.4203,RESERVA PARTICULAR DO PATRIMÔNIO NATURAL LUIZ JOAQUIM BARBOSA,reserva particular do patrimonio natural luiz joaquim barbosa,AL,61.58,Reserva Particular do Patrimônio Natural · Estadual,-9.65667,-35.90542,-9.64953,-35.88949
conservacao,0000.00.3082,RESERVA PARTICULAR DO PATRIMÔNIO NATURAL LUIZINHO ALENCAR,reserva particular do patrimonio natural luizinho alencar,CE,200.41,Reserva Particular do Patrimônio Natural · Federal,-4.60991,-39.65002,-4.59177,-39.63325
conservacao,0000.00.1461,RESERVA PARTICULAR DO PATRIMÔNIO NATURAL LULA LOBO I,reserva particular do patrimonio natural lula lobo i,AL,67.45,Reserva Particular do Patrimônio Natural · Federal,-10.26674,-36.37344,-10.25839,-36.36491
conservacao,0000.32.2365,RESERVA PARTICULAR DO PATRIMÔNIO NATURAL MACACO BARBADO,reserva particular do patrimonio natural macaco barbado,ES,2.93,Reserva Particular do Patrimônio Natural · Estadual,-19.9916,-40.61145,-19.99032,-40.60811
conservacao,0000.27.5088,RESERVA PARTICULAR DO PATRIMÔNIO NATURAL MACACOS,reserva particular do patrimonio natural macacos,AL,63.6,Reserva Particular do Patrimônio Natural · Estadual,-9.10181,-35.4428,-9.08285,-35.41901
conservacao,0000.29.3793,RESERVA PARTICULAR DO PATRIMÔNIO NATURAL MACUQUINHO-BAIANO,reserva particular do patrimonio natural macuquinho-baiano,BA,77.97,Reserva Particular do Patrimônio Natural · Estadual,-13.77567,-39.32057,-13.76546,-39.31203
conservacao,0000.27.2676,RESERVA PARTICULAR DO PATRIMÔNIO NATURAL MADEIRAS,reserva particular do patrimonio natural madeiras,AL,124.55,Reserva Particular do Patrimônio Natural · Estadual,-9.88019,-36.3438,-9.86134,-36.33141
conservacao,0000.00.2132,RESERVA PARTICULAR DO PATRIMÔNIO NATURAL MÃE DA LUA,reserva particular do patrimonio natural mae da lua,CE,825.38,Reserva Particular do Patrimônio Natural · Federal,-3.86008,-39.47713,-3.81077,-39.43958
conservacao,0000.00.1433,RESERVA PARTICULAR DO PATRIMÔNIO NATURAL MÃE DA MATA,reserva particular do patrimonio natural mae da mata,BA,13.37,Reserva Particular do Patrimônio Natural · Federal,-14.83425,-39.10278,-14.82679,-39.09615
conservacao,0000.00.4469,RESERVA PARTICULAR DO PATRIMÔNIO NATURAL MAGIA DO CERRADO,reserva particular do patrimonio natural magia do cerrado,GO,18.57,Reserva Particular do Patrimônio Natural · Federal,-15.81787,-48.89285,-15.81033,-48.88655
conservacao,0000.00.1205,RESERVA PARTICULAR DO PATRIMÔNIO NATURAL MAJOR BADÚ LOUREIRO,reserva particular do patrimonio natural major badu loureiro,PB,186.21,Reserva Particular do Patrimônio Natural · Federal,-7.16214,-37.70139,-7.12892,-37.68875
conservacao,0000.00.3109,RESERVA PARTICULAR DO PATRIMÔNIO NATURAL MARIA BATISTA,reserva particular do patrimonio natural maria batista,GO,47.58,Reserva Particular do Patrimônio Natural · Federal,-13.89014,-47.51664,-13.87819,-47.50688
conservacao,0000.00.3075,RESERVA PARTICULAR DO PATRIMÔNIO NATURAL MARIA MARIA,reserva particular do patrimonio natural maria maria,BA,4.12,Reserva Particular do Patrimônio Natural · Federal,-10.90737,-40.43284,-10.90405,-40.43086
conservacao,0000.31.5104,RESERVA PARTICULAR DO PATRIMÔNIO NATURAL MARIA TEREZA JORGE PÁDUA,reserva particular do patrimonio natural maria tereza jorge padua,MG,353.83,Reserva Particular do Patrimônio Natural · Estadual,-18.1269,-44.36698,-18.08772,-44.34897
conservacao,0000.00.1120,RESERVA PARTICULAR DO PATRIMÔNIO NATURAL MARIANA PIMENTEL,reserva particular do patrimonio natural mariana pimentel,RS,45.48,Reserva Particular do Patrimônio Natural · Federal,-30.32761,-51.60365,-30.32075,-51.5957
conservacao,0000.00.2133,RESERVA PARTICULAR DO PATRIMÔNIO NATURAL MARIE CAMILLE,reserva particular do patrimonio natural marie camille,RJ,4.28,Reserva Particular do Patrimônio Natural · Federal,-22.27176,-42.3063,-22.26849,-42.30386
conservacao,0000.31.4735,RESERVA PARTICULAR DO PATRIMÔNIO NATURAL MARIGAIA AMBIENTAL,reserva particular do patrimonio natural marigaia ambiental,MG,44.35,Reserva Particular do Patrimônio Natural · Estadual,-21.0811,-44.14196,-21.07177,-44.13421
conservacao,0000.33.3535,RESERVA PARTICULAR DO PATRIMÔNIO NATURAL MARIO E ALBA CORRAL,reserva particular do patrimonio natural mario e alba corral,RJ,9.0,Reserva Particular do Patrimônio Natural · Estadual,-22.27978,-42.0884,-22.2772,-42.08185
conservacao,0000.00.1194,RESERVA PARTICULAR DO PATRIMÔNIO NATURAL MARVÃO,reserva particular do patrimonio natural marvao,PI,1977.49,Reserva Particular do Patrimônio Natural · Federal,-5.12239,-41.57594,-5.07701,-41.53068
conservacao,0000.00.2134,"RESERVA PARTICULAR DO PATRIMÔNIO NATURAL MATA 01 (BOM JARDIM) E MATA 02,03 E 04 (TAPERA)","reserva particular do patrimonio natural mata 01 (bom jardim) e mata 02,03 e 04 (tapera)",SE,297.09,Reserva Particular do Patrimônio Natural · Federal,-11.34755,-37.49281,-11.33252,-37.42376
conservacao,0000.00.2135,RESERVA PARTICULAR DO PATRIMÔNIO NATURAL MATA 01 E 02 (MARINHEIRO) E MATA 03 (PEDRA DA URÇA),reserva particular do patrimonio natural mata 01 e 02 (marinheiro) e mata 03 (pedra da urca),SE,174.32,Reserva Particular do Patrimônio Natural · Federal,-11.34412,-37.51333,-11.32487,-37.49131
conservacao,0000.00.4491,RESERVA PARTICULAR DO PATRIMÔNIO NATURAL MATA DA BELA,reserva particular do patrimonio natural mata da bela,RN,89.09,Reserva Particular do Patrimônio Natural · Federal,-6.42904,-35.12213,-6.41706,-35.107
conservacao,0000.00.4483,RESERVA PARTICULAR DO PATRIMÔNIO NATURAL MATA DA BORBOLETA AZUL,reserva particular do patrimonio natural mata da borboleta azul,GO,4.62,Reserva Particular do Patrimônio Natural · Federal,-15.83465,-48.89133,-15.83067,-48.88889
conservacao,0000.00.1266,RESERVA PARTICULAR DO PATRIMÔNIO NATURAL MATA DA CALIFÓRNIA,reserva particular do patrimonio natural mata da california,MG,149.88,Reserva Particular do Patrimônio Natural · Federal,-16.21312,-39.91763,-16.19822,-39.90659
conservacao,0000.27.4964,RESERVA PARTICULAR DO PATRIMÔNIO NATURAL MATA DA SÁLVIA,reserva particular do patrimonio natural mata da salvia,AL,623.03,Reserva Particular do Patrimônio Natural · Estadual,-9.55099,-35.85023,-9.50536,-35.82007
conservacao,0000.00.2136,RESERVA PARTICULAR DO PATRIMÔNIO NATURAL MATA DA SERRA,reserva particular do patrimonio natural mata da serra,ES,14.54,Reserva Particular do Patrimônio Natural · Federal,-20.63367,-40.97341,-20.62715,-40.96827
conservacao,0000.00.1284,RESERVA PARTICULAR DO PATRIMÔNIO NATURAL MATA DO BUGIO,reserva particular do patrimonio natural mata do bugio,MG,36.71,Reserva Particular do Patrimônio Natural · Federal,-21.42816,-43.23877,-21.41955,-43.22964
conservacao,0000.31.4017,RESERVA PARTICULAR DO PATRIMÔNIO NATURAL MATA DO CARIMBADO,reserva particular do patrimonio natural mata do carimbado,MG,5.0,Reserva Particular do Patrimônio Natural · Estadual,-21.78272,-44.98749,-21.78112,-44.98356
conservacao,0000.27.3804,RESERVA PARTICULAR DO PATRIMÔNIO NATURAL MATA DO CEDRO,reserva particular do patrimonio natural mata do cedro,AL,974.84,Reserva Particular do Patrimônio Natural · Estadual,-9.5416,-35.93431,-9.50437,-35.8732
conservacao,0000.00.3066,RESERVA PARTICULAR DO PATRIMÔNIO NATURAL MATA DO GUIGO,reserva particular do patrimonio natural mata do guigo,BA,36.5,Reserva Particular do Patrimônio Natural · Federal,-12.41071,-38.49695,-12.40075,-38.47571
conservacao,0000.32.2355,RESERVA PARTICULAR DO PATRIMÔNIO NATURAL MATA DO MACUCO,reserva particular do patrimonio natural mata do macuco,ES,75.45,Reserva Particular do Patrimônio Natural · Estadual,-21.07381,-41.14079,-21.05926,-41.13131
conservacao,0000.00.3677,RESERVA PARTICULAR DO PATRIMÔNIO NATURAL MATA DO PASSARINHO,reserva particular do patrimonio natural mata do passarinho,MG,345.85,Reserva Particular do Patrimônio Natural · Federal,-15.81888,-40.51981,-15.78438,-40.49812
conservacao,0000.00.2137,RESERVA PARTICULAR DO PATRIMÔNIO NATURAL MATA DO PROFESSOR BAPTISTA,reserva particular do patrimonio natural mata do professor baptista,RS,9.3,Reserva Particular do Patrimônio Natural · Federal,-29.38642,-49.84219,-29.38171,-49.83749
conservacao,0000.35.4363,RESERVA PARTICULAR DO PATRIMÔNIO NATURAL MATA DO ROQUE,reserva particular do patrimonio natural mata do roque,SP,7.16,Reserva Particular do Patrimônio Natural · Estadual,-22.05109,-47.37835,-22.04794,-47.37481
conservacao,0000.00.2138,RESERVA PARTICULAR DO PATRIMÔNIO NATURAL MATA DOS JACUS - RESGATE VI,reserva particular do patrimonio natural mata dos jacus - resgate vi,MG,21.02,Reserva Particular do Patrimônio Natural · Federal,-20.48403,-42.04876,-20.47867,-42.04094
conservacao,0000.00.1137,RESERVA PARTICULAR DO PATRIMÔNIO NATURAL MATA ESTRELA,reserva particular do patrimonio natural mata estrela,RN,2038.91,Reserva Particular do Patrimônio Natural · Federal,-6.44612,-35.03426,-6.37407,-34.975
conservacao,0000.31.4951,RESERVA PARTICULAR DO PATRIMÔNIO NATURAL MATA SAMUEL DE PAULA,reserva particular do patrimonio natural mata samuel de paula,MG,122.32,Reserva Particular do Patrimônio Natural · Estadual,-20.00607,-43.88008,-19.99626,-43.85933
conservacao,0000.35.4709,RESERVA PARTICULAR DO PATRIMÔNIO NATURAL MATA VIRGEM,reserva particular do patrimonio natural mata virgem,SP,1.48,Reserva Particular do Patrimônio Natural · Estadual,-23.88692,-46.74032,-23.88605,-46.73852
conservacao,0000.27.3462,RESERVA PARTICULAR DO PATRIMÔNIO NATURAL MATO DA ONÇA,reserva particular do patrimonio natural mato da onca,AL,34.07,Reserva Particular do Patrimônio Natural · Estadual,-9.73253,-37.57995,-9.72487,-37.5739
conservacao,0000.00.1148,RESERVA PARTICULAR DO PATRIMÔNIO NATURAL MATO GROSSO,reserva particular do patrimonio natural mato grosso,RJ,84.33,Reserva Particular do Patrimônio Natural · Federal,-22.89134,-42.63888,-22.88162,-42.62916
conservacao,0000.00.2139,RESERVA PARTICULAR DO PATRIMÔNIO NATURAL MATUMBO,reserva particular do patrimonio natural matumbo,RJ,31.26,Reserva Particular do Patrimônio Natural · Federal,-22.45132,-42.24605,-22.44366,-42.2394
conservacao,0000.00.1384,RESERVA PARTICULAR DO PATRIMÔNIO NATURAL MERCÊS SABIAQUABA E NAZÁRIO,reserva particular do patrimonio natural merces sabiaquaba e nazario,CE,52.05,Reserva Particular do Patrimônio Natural · Federal,-3.08775,-39.59029,-3.07657,-39.58475
conservacao,0000.32.2934,RESERVA PARTICULAR DO PATRIMÔNIO NATURAL MEU CANTINHO,reserva particular do patrimonio natural meu cantinho,ES,2.73,Reserva Particular do Patrimônio Natural · Estadual,-19.91342,-40.58368,-19.91167,-40.58204
conservacao,0000.00.2707,RESERVA PARTICULAR DO PATRIMÔNIO NATURAL MICO LEÃO DOURADO,reserva particular do patrimonio natural mico leao dourado,RJ,22.11,Reserva Particular do Patrimônio Natural · Federal,-22.52128,-42.54753,-22.51576,-42.53753
conservacao,0000.00.4480,RESERVA PARTICULAR DO PATRIMÔNIO NATURAL MIMOSA,reserva particular do patrimonio natural mimosa,GO,2.03,Reserva Particular do Patrimônio Natural · Federal,-15.83822,-48.88431,-15.83674,-48.88182
conservacao,0000.00.1126,RESERVA PARTICULAR DO PATRIMÔNIO NATURAL MINAS DO PAREDÃO,reserva particular do patrimonio natural minas do paredao,RS,14.8,Reserva Particular do Patrimônio Natural · Federal,-30.93277,-52.9547,-30.92887,-52.95014
conservacao,0000.00.1285,RESERVA PARTICULAR DO PATRIMÔNIO NATURAL MITRA DO BISPO,reserva particular do patrimonio natural mitra do bispo,MG,34.77,Reserva Particular do Patrimônio Natural · Federal,-22.15798,-44.56239,-22.15195,-44.55592
conservacao,0000.00.1256,RESERVA PARTICULAR DO PATRIMÔNIO NATURAL MONLEVADE,reserva particular do patrimonio natural monlevade,MG,28.38,Reserva Particular do Patrimônio Natural · Federal,-19.84437,-43.13168,-19.83894,-43.12594
conservacao,0000.00.1382,RESERVA PARTICULAR DO PATRIMÔNIO NATURAL MONTE ALEGRE,reserva particular do patrimonio natural monte alegre,CE,259.88,Reserva Particular do Patrimônio Natural · Federal,-3.9589,-38.63783,-3.94245,-38.62134
conservacao,0000.33.2279,RESERVA PARTICULAR DO PATRIMÔNIO NATURAL MONTE ALEGRE 1A,reserva particular do patrimonio natural monte alegre 1a,RJ,8.35,Reserva Particular do Patrimônio Natural · Estadual,-22.46202,-43.45083,-22.45646,-43.44743
conservacao,0000.00.1457,RESERVA PARTICULAR DO PATRIMÔNIO NATURAL MORADA DO SOL E DA LUA,reserva particular do patrimonio natural morada do sol e da lua,AM,6.72,Reserva Particular do Patrimônio Natural · Federal,-1.98936,-60.02681,-1.98675,-60.02413
conservacao,0000.00.1094,RESERVA PARTICULAR DO PATRIMÔNIO NATURAL MORRO DA PALHA,reserva particular do patrimonio natural morro da palha,SC,6.67,Reserva Particular do Patrimônio Natural · Federal,-26.26564,-48.64979,-26.26295,-48.64692
conservacao,0000.27.4606,RESERVA PARTICULAR DO PATRIMÔNIO NATURAL MORRO DA TORRE,reserva particular do patrimonio natural morro da torre,AL,30.32,Reserva Particular do Patrimônio Natural · Estadual,-9.55598,-37.54835,-9.54894,-37.54251
conservacao,0000.00.1095,RESERVA PARTICULAR DO PATRIMÔNIO NATURAL MORRO DAS ARANHAS,reserva particular do patrimonio natural morro das aranhas,SC,44.13,Reserva Particular do Patrimônio Natural · Federal,-27.47105,-48.38858,-27.46406,-48.37582
conservacao,0000.00.1053,RESERVA PARTICULAR DO PATRIMÔNIO NATURAL MORRO DO CURUSSU MIRIM,reserva particular do patrimonio natural morro do curussu mirim,SP,22.65,Reserva Particular do Patrimônio Natural · Federal,-23.43458,-45.06741,-23.42971,-45.06213
conservacao,0000.31.5196,RESERVA PARTICULAR DO PATRIMÔNIO NATURAL MORRO DO MACUCO,reserva particular do patrimonio natural morro do macuco,MG,60.73,Reserva Particular do Patrimônio Natural · Estadual,-22.25897,-44.47925,-22.24911,-44.46557
conservacao,0000.00.4488,RESERVA PARTICULAR DO PATRIMÔNIO NATURAL MORRO DO SEGREDO,reserva particular do patrimonio natural morro do segredo,TO,32.96,Reserva Particular do Patrimônio Natural · Federal,-9.78723,-48.35016,-9.77824,-48.33934
conservacao,0000.00.4525,RESERVA PARTICULAR DO PATRIMÔNIO NATURAL MORRO DOS ZIMBROS,reserva particular do patrimonio natural morro dos zimbros,SC,28.68,Reserva Particular do Patrimônio Natural · Federal,-27.16024,-48.53203,-27.14937,-48.52689
conservacao,0000.00.2705,RESERVA PARTICULAR DO PATRIMÔNIO NATURAL MORRO GRANDE,reserva particular do patrimonio natural morro grande,RJ,190.85,Reserva Particular do Patrimônio Natural · Federal,-22.53917,-42.02613,-22.52505,-42.01092
conservacao,0000.35.2317,RESERVA PARTICULAR DO PATRIMÔNIO NATURAL MOSQUITO,reserva particular do patrimonio natural mosquito,SP,2244.98,Reserva Particular do Patrimônio Natural · Estadual,-22.6881,-51.59656,-22.57353,-51.48344
conservacao,0000.31.5218,RESERVA PARTICULAR DO PATRIMÔNIO NATURAL MUNDO DOS GIGANTES,reserva particular do patrimonio natural mundo dos gigantes,MG,10.06,Reserva Particular do Patrimônio Natural · Estadual,-22.15353,-44.54671,-22.14921,-44.54236
conservacao,0000.23.4872,RESERVA PARTICULAR DO PATRIMÔNIO NATURAL MUNDO LIVRE,reserva particular do patrimonio natural mundo livre,CE,3.28,Reserva Particular do Patrimônio Natural · Estadual,-4.20529,-38.95463,-4.20302,-38.95254
conservacao,0000.00.4493,RESERVA PARTICULAR DO PATRIMÔNIO NATURAL MURUNDU,reserva particular do patrimonio natural murundu,GO,40.84,Reserva Particular do Patrimônio Natural · Federal,-14.10721,-47.54982,-14.09726,-47.54162
conservacao,5030.35.2562,RESERVA PARTICULAR DO PATRIMONIO NATURAL MUTINGA,reserva particular do patrimonio natural mutinga,SP,2.74,Reserva Particular do Patrimônio Natural · Municipal,-23.50042,-46.75272,-23.49841,-46.75152
conservacao,0000.27.4950,RESERVA PARTICULAR DO PATRIMÔNIO NATURAL MUTUM DE ALAGOAS I,reserva particular do patrimonio natural mutum de alagoas i,AL,74.77,Reserva Particular do Patrimônio Natural · Estadual,-10.01148,-36.29684,-9.98947,-36.2762
conservacao,0000.27.4706,RESERVA PARTICULAR DO PATRIMÔNIO NATURAL MUTUM DE ALAGOAS II,reserva particular do patrimonio natural mutum de alagoas ii,AL,249.01,Reserva Particular do Patrimônio Natural · Estadual,-10.02704,-36.30312,-9.99603,-36.26426
conservacao,0000.32.2345,RESERVA PARTICULAR DO PATRIMÔNIO NATURAL MUTUM PRETO,reserva particular do patrimonio natural mutum preto,ES,378.37,Reserva Particular do Patrimônio Natural · Estadual,-19.14897,-39.96018,-19.11577,-39.93946
conservacao,0000.29.3792,RESERVA PARTICULAR DO PATRIMÔNIO NATURAL MUTUM-DE-BICO-VERMELHO,reserva particular do patrimonio natural mutum-de-bico-vermelho,BA,97.07,Reserva Particular do Patrimônio Natural · Estadual,-13.76561,-39.3184,-13.74986,-39.30892
conservacao,0000.33.4145,RESERVA PARTICULAR DO PATRIMÔNIO NATURAL NÃO PENSEI,reserva particular do patrimonio natural nao pensei,RJ,9.97,Reserva Particular do Patrimônio Natural · Estadual,-21.99677,-41.97051,-21.98772,-41.96171
conservacao,0000.35.4848,RESERVA PARTICULAR DO PATRIMÔNIO NATURAL NARDINI SEMPRE VERDE,reserva particular do patrimonio natural nardini sempre verde,SP,14.03,Reserva Particular do Patrimônio Natural · Estadual,-21.22227,-48.57362,-21.2176,-48.56437
conservacao,0000.00.2668,RESERVA PARTICULAR DO PATRIMÔNIO NATURAL NASCENTES DO RIO  ARAGUAIA,reserva particular do patrimonio natural nascentes do rio  araguaia,GO,390.06,Reserva Particular do Patrimônio Natural · Federal,-18.0009,-53.05643,-17.98021,-53.02271
conservacao,0000.00.3105,RESERVA PARTICULAR DO PATRIMÔNIO NATURAL NASCENTES DO RIO TOCANTINS,reserva particular do patrimonio natural nascentes do rio tocantins,GO,269.86,Reserva Particular do Patrimônio Natural · Federal,-14.2131,-47.44181,-14.19227,-47.41268
conservacao,0000.00.3074,RESERVA PARTICULAR DO PATRIMÔNIO NATURAL NATURA CERRADA,reserva particular do patrimonio natural natura cerrada,BA,90.92,Reserva Particular do Patrimônio Natural · Federal,-13.54164,-41.89282,-13.52951,-41.87856
conservacao,0000.00.3071,RESERVA PARTICULAR DO PATRIMÔNIO NATURAL NATURA MATER,reserva particular do patrimonio natural natura mater,BA,41.46,Reserva Particular do Patrimônio Natural · Federal,-13.53623,-41.89429,-13.52865,-41.88222
conservacao,0000.00.2140,RESERVA PARTICULAR DO PATRIMÔNIO NATURAL NATURAL SERRA DA PACAVIRA,reserva particular do patrimonio natural natural serra da pacavira,CE,33.49,Reserva Particular do Patrimônio Natural · Federal,-4.24924,-38.9271,-4.24442,-38.91859
conservacao,0000.00.1292,RESERVA PARTICULAR DO PATRIMÔNIO NATURAL NAVE DA ESPERANÇA,reserva particular do patrimonio natural nave da esperanca,MG,81.08,Reserva Particular do Patrimônio Natural · Federal,-22.02086,-44.66726,-22.01137,-44.65777
conservacao,0000.33.2949,RESERVA PARTICULAR DO PATRIMÔNIO NATURAL NÊGA FULÔ,reserva particular do patrimonio natural nega fulo,RJ,4.58,Reserva Particular do Patrimônio Natural · Estadual,-22.22217,-42.57834,-22.22008,-42.57512
conservacao,0000.00.2141,"RESERVA PARTICULAR DO PATRIMÔNIO NATURAL NEIVA, PATRÍCIA, CLÁUDIA E ALEXANDRA","reserva particular do patrimonio natural neiva, patricia, claudia e alexandra",RJ,10.79,Reserva Particular do Patrimônio Natural · Federal,-22.70358,-42.50045,-22.69536,-42.49389
conservacao,7602.51.4790,RESERVA PARTICULAR DO PATRIMÔNIO NATURAL NELSON MANDELA,reserva particular do patrimonio natural nelson mandela,MT,14.1,Reserva Particular do Patrimônio Natural · Municipal,-16.46569,-54.55577,-16.46164,-54.54936
conservacao,0000.27.4345,RESERVA PARTICULAR DO PATRIMÔNIO NATURAL NELSON SIMÕES COSTA I,reserva particular do patrimonio natural nelson simoes costa i,AL,201.64,Reserva Particular do Patrimônio Natural · Estadual,-10.3374,-36.3633,-10.31691,-36.33565
conservacao,0000.27.4346,RESERVA PARTICULAR DO PATRIMÔNIO NATURAL NELSON SIMÕES COSTA II,reserva particular do patrimonio natural nelson simoes costa ii,AL,72.51,Reserva Particular do Patrimônio Natural · Estadual,-10.32932,-36.3565,-10.31581,-36.33877
conservacao,0000.27.4347,RESERVA PARTICULAR DO PATRIMÔNIO NATURAL NELSON SIMÕES COSTA III,reserva particular do patrimonio natural nelson simoes costa iii,AL,4.99,Reserva Particular do Patrimônio Natural · Estadual,-10.30913,-36.37007,-10.3072,-36.3631
conservacao,0000.00.2659,RESERVA PARTICULAR DO PATRIMÔNIO NATURAL NENÉM BARROS,reserva particular do patrimonio natural nenem barros,CE,63.0,Reserva Particular do Patrimônio Natural · Federal,-5.43504,-40.87724,-5.42602,-40.87011
conservacao,0000.00.4509,RESERVA PARTICULAR DO PATRIMÔNIO NATURAL NINHO DA TARTARUGA,reserva particular do patrimonio natural ninho da tartaruga,MG,83.18,Reserva Particular do Patrimônio Natural · Federal,-20.8409,-42.00541,-20.83059,-41.98803
conservacao,0000.00.2142,RESERVA PARTICULAR DO PATRIMÔNIO NATURAL NOSSA SENHORA APARECIDA,reserva particular do patrimonio natural nossa senhora aparecida,RJ,8.74,Reserva Particular do Patrimônio Natural · Federal,-22.28003,-42.30238,-22.27495,-42.29692
conservacao,0000.00.2143,RESERVA PARTICULAR DO PATRIMÔNIO NATURAL NOSSA SENHORA APARECIDA,reserva particular do patrimonio natural nossa senhora aparecida,RJ,59.23,Reserva Particular do Patrimônio Natural · Federal,-22.12547,-42.49461,-22.11393,-42.48208
conservacao,0000.00.2144,RESERVA PARTICULAR DO PATRIMÔNIO NATURAL NOSSA SENHORA APARECIDA,reserva particular do patrimonio natural nossa senhora aparecida,RJ,6.92,Reserva Particular do Patrimônio Natural · Federal,-22.02255,-42.79342,-22.01904,-42.78832
conservacao,0000.29.5032,RESERVA PARTICULAR DO PATRIMÔNIO NATURAL NOSSA SENHORA DA CONCEIÇÃO,reserva particular do patrimonio natural nossa senhora da conceicao,BA,79.46,Reserva Particular do Patrimônio Natural · Estadual,-12.3759,-38.99008,-12.36484,-38.97728
conservacao,0000.00.1201,RESERVA PARTICULAR DO PATRIMÔNIO NATURAL NOSSA SENHORA DO OITEIRO DE MARACAÍPE,reserva particular do patrimonio natural nossa senhora do oiteiro de maracaipe,PE,34.55,Reserva Particular do Patrimônio Natural · Federal,-8.52833,-35.02117,-8.52231,-35.01516
conservacao,0000.29.2603,RESERVA PARTICULAR DO PATRIMÔNIO NATURAL NOVA ANGÉLICA,reserva particular do patrimonio natural nova angelica,BA,135.28,Reserva Particular do Patrimônio Natural · Estadual,-15.25679,-39.09037,-15.24338,-39.07536
conservacao,0000.00.2709,RESERVA PARTICULAR DO PATRIMÔNIO NATURAL NOVA AURORA,reserva particular do patrimonio natural nova aurora,RO,18.53,Reserva Particular do Patrimônio Natural · Federal,-11.20871,-61.673,-11.20393,-61.66836
conservacao,0000.29.5033,RESERVA PARTICULAR DO PATRIMÔNIO NATURAL NOVA VIDA I,reserva particular do patrimonio natural nova vida i,BA,39.77,Reserva Particular do Patrimônio Natural · Estadual,-13.88254,-43.83156,-13.87106,-43.82544
conservacao,0000.29.5034,RESERVA PARTICULAR DO PATRIMÔNIO NATURAL NOVA VIDA II,reserva particular do patrimonio natural nova vida ii,BA,10.12,Reserva Particular do Patrimônio Natural · Estadual,-13.88893,-43.83419,-13.8822,-43.82816
conservacao,0000.00.3078,RESERVA PARTICULAR DO PATRIMÔNIO NATURAL O BOSQUE,reserva particular do patrimonio natural o bosque,RS,6.79,Reserva Particular do Patrimônio Natural · Federal,-29.36643,-50.89423,-29.36299,-50.88758
conservacao,0000.00.3512,RESERVA PARTICULAR DO PATRIMÔNIO NATURAL OÁSIS ARARIPE,reserva particular do patrimonio natural oasis araripe,CE,50.01,Reserva Particular do Patrimônio Natural · Federal,-7.2363,-39.47606,-7.2311,-39.46514
conservacao,0000.00.4460,RESERVA PARTICULAR DO PATRIMÔNIO NATURAL OÁSIS ARARIPE II,reserva particular do patrimonio natural oasis araripe ii,CE,52.43,Reserva Particular do Patrimônio Natural · Federal,-7.23153,-39.47657,-7.22186,-39.46903
conservacao,0000.23.4873,RESERVA PARTICULAR DO PATRIMÔNIO NATURAL OÁSIS BATURITÉ,reserva particular do patrimonio natural oasis baturite,CE,14.58,Reserva Particular do Patrimônio Natural · Estadual,-4.23935,-38.95675,-4.22883,-38.95207
conservacao,0000.00.3101,RESERVA PARTICULAR DO PATRIMÔNIO NATURAL ODIR ZANELATTO,reserva particular do patrimonio natural odir zanelatto,SC,212.19,Reserva Particular do Patrimônio Natural · Federal,-26.5562,-49.94677,-26.53471,-49.92473
conservacao,0000.32.2348,RESERVA PARTICULAR DO PATRIMÔNIO NATURAL OIUTREM,reserva particular do patrimonio natural oiutrem,ES,59.41,Reserva Particular do Patrimônio Natural · Estadual,-20.55261,-40.80347,-20.54373,-40.79477
conservacao,0000.00.3675,RESERVA PARTICULAR DO PATRIMÔNIO NATURAL OLHO D' ÁGUA DO TRONCO,reserva particular do patrimonio natural olho d' agua do tronco,CE,48.61,Reserva Particular do Patrimônio Natural · Federal,-5.44704,-40.88639,-5.44276,-40.87366
conservacao,0000.27.3880,RESERVA PARTICULAR DO PATRIMÔNIO NATURAL OLHO D'ÁGUA,reserva particular do patrimonio natural olho d'agua,AL,38.52,Reserva Particular do Patrimônio Natural · Estadual,-9.79526,-35.97881,-9.78425,-35.97098
conservacao,0000.32.2358,RESERVA PARTICULAR DO PATRIMÔNIO NATURAL OLHO D'ÁGUA,reserva particular do patrimonio natural olho d'agua,ES,15.53,Reserva Particular do Patrimônio Natural · Estadual,-19.95791,-40.59874,-19.95303,-40.59347
conservacao,0000.35.4217,RESERVA PARTICULAR DO PATRIMÔNIO NATURAL OLHO D'ÁGUA,reserva particular do patrimonio natural olho d'agua,SP,19.92,Reserva Particular do Patrimônio Natural · Estadual,-22.82088,-44.36384,-22.81333,-44.36081
conservacao,0000.33.2303,RESERVA PARTICULAR DO PATRIMÔNIO NATURAL OLHO DÁGUA,reserva particular do patrimonio natural olho dagua,RJ,7.34,Reserva Particular do Patrimônio Natural · Estadual,-22.22323,-42.75864,-22.21877,-42.75553
conservacao,0000.00.2145,RESERVA PARTICULAR DO PATRIMÔNIO NATURAL OLHO-DE-FOGO-RENDADO,reserva particular do patrimonio natural olho-de-fogo-rendado,BA,103.81,Reserva Particular do Patrimônio Natural · Federal,-12.51933,-38.46206,-12.50831,-38.44965
conservacao,0000.00.4519,RESERVA PARTICULAR DO PATRIMÔNIO NATURAL OLIVEIRA AMANTE,reserva particular do patrimonio natural oliveira amante,RJ,18.88,Reserva Particular do Patrimônio Natural · Federal,-22.55836,-44.27414,-22.54862,-44.26818
conservacao,0000.32.3263,RESERVA PARTICULAR DO PATRIMÔNIO NATURAL OLÍVIO DALEPRANE,reserva particular do patrimonio natural olivio daleprane,ES,3.85,Reserva Particular do Patrimônio Natural · Estadual,-19.96132,-40.7358,-19.96016,-40.73191
conservacao,0000.27.4042,RESERVA PARTICULAR DO PATRIMÔNIO NATURAL ORIENTE,reserva particular do patrimonio natural oriente,AL,65.12,Reserva Particular do Patrimônio Natural · Estadual,-9.03432,-35.45999,-8.99842,-35.44639
conservacao,0000.00.2146,RESERVA PARTICULAR DO PATRIMÔNIO NATURAL OSÓRIO REIMÃO,reserva particular do patrimonio natural osorio reimao,PA,8.88,Reserva Particular do Patrimônio Natural · Federal,-2.256,-49.5063,-2.25169,-49.50274
conservacao,0000.27.1610,RESERVA PARTICULAR DO PATRIMÔNIO NATURAL OSVALDO TIMÓTEO,reserva particular do patrimonio natural osvaldo timoteo,AL,22.73,Reserva Particular do Patrimônio Natural · Estadual,-9.03237,-36.03606,-9.02733,-36.02995
conservacao,0000.00.2147,RESERVA PARTICULAR DO PATRIMÔNIO NATURAL OURO VERDE,reserva particular do patrimonio natural ouro verde,BA,214.52,Reserva Particular do Patrimônio Natural · Federal,-13.80392,-39.18853,-13.782,-39.1676
conservacao,0000.00.1232,RESERVA PARTICULAR DO PATRIMÔNIO NATURAL PACULÂNDIA,reserva particular do patrimonio natural paculandia,MS,9128.27,Reserva Particular do Patrimônio Natural · Federal,-19.49882,-57.33105,-19.39233,-57.19691
conservacao,0000.32.2997,RESERVA PARTICULAR DO PATRIMONIO NATURAL PALMARES,reserva particular do patrimonio natural palmares,ES,17.0,Reserva Particular do Patrimônio Natural · Estadual,-20.01374,-40.61741,-20.00874,-40.61326
conservacao,0000.33.2296,RESERVA PARTICULAR DO PATRIMÔNIO NATURAL PANAPANÁ,reserva particular do patrimonio natural panapana,RJ,17.26,Reserva Particular do Patrimônio Natural · Estadual,-22.38291,-42.45088,-22.37811,-42.441
conservacao,0000.00.1281,RESERVA PARTICULAR DO PATRIMÔNIO NATURAL PANELÃO DOS MURIQUES,reserva particular do patrimonio natural panelao dos muriques,MG,39.88,Reserva Particular do Patrimônio Natural · Federal,-20.73072,-42.47812,-20.72427,-42.47126
conservacao,0000.27.5080,RESERVA PARTICULAR DO PATRIMÔNIO NATURAL PAPA MEL,reserva particular do patrimonio natural papa mel,AL,27.49,Reserva Particular do Patrimônio Natural · Estadual,-8.93511,-35.68334,-8.92533,-35.67509
conservacao,0000.00.3679,RESERVA PARTICULAR DO PATRIMÔNIO NATURAL PAPAGAIO-DE-PEITO-ROXO,reserva particular do patrimonio natural papagaio-de-peito-roxo,PR,100.2,Reserva Particular do Patrimônio Natural · Federal,-25.10185,-49.08149,-25.085,-49.06673
conservacao,0000.00.3662,RESERVA PARTICULAR DO PATRIMÔNIO NATURAL PAPAGAIOS-DE-ALTITUDE,reserva particular do patrimonio natural papagaios-de-altitude,SC,36.12,Reserva Particular do Patrimônio Natural · Federal,-27.95079,-49.91861,-27.94138,-49.91049
conservacao,0000.35.2015,RESERVA PARTICULAR DO PATRIMÔNIO NATURAL PARAÍSO,reserva particular do patrimonio natural paraiso,SP,0.0,Reserva Particular do Patrimônio Natural · Estadual,-23.32423,-46.64767,-23.32112,-46.64596
conservacao,0000.35.4336,RESERVA PARTICULAR DO PATRIMÔNIO NATURAL PARAÍSO,reserva particular do patrimonio natural paraiso,SP,429.22,Reserva Particular do Patrimônio Natural · Estadual,-22.08815,-46.76223,-22.04709,-46.71712
conservacao,0000.29.2796,RESERVA PARTICULAR DO PATRIMÔNIO NATURAL PARAÍSO I,reserva particular do patrimonio natural paraiso i,BA,59.16,Reserva Particular do Patrimônio Natural · Estadual,-16.55281,-39.24838,-16.53582,-39.22228
conservacao,0000.00.1301,RESERVA PARTICULAR DO PATRIMÔNIO NATURAL PARQUE ARQUEOLÓGICO DA SERRA DO SANTO ANTÔNIO,reserva particular do patrimonio natural parque arqueologico da serra do santo antonio,MG,8.94,Reserva Particular do Patrimônio Natural · Federal,-21.79229,-44.32818,-21.78924,-44.3249
conservacao,0000.00.3106,RESERVA PARTICULAR DO PATRIMÔNIO NATURAL PARQUE BOTÂNICO DOS KAIAPÓS,reserva particular do patrimonio natural parque botanico dos kaiapos,GO,80.7,Reserva Particular do Patrimônio Natural · Federal,-16.7944,-49.06836,-16.78225,-49.04607
conservacao,0000.31.4701,RESERVA PARTICULAR DO PATRIMÔNIO NATURAL PARQUE CACHOEIRA DO AÇAÍ,reserva particular do patrimonio natural parque cachoeira do acai,MG,4.88,Reserva Particular do Patrimônio Natural · Estadual,-20.57635,-44.36785,-20.57353,-44.36516
conservacao,0000.00.2148,RESERVA PARTICULAR DO PATRIMÔNIO NATURAL PARQUE DAS NASCENTES,reserva particular do patrimonio natural parque das nascentes,SP,63.63,Reserva Particular do Patrimônio Natural · Federal,-22.98815,-46.68759,-22.98028,-46.67852
conservacao,0000.00.2149,RESERVA PARTICULAR DO PATRIMÔNIO NATURAL PARQUE DO CAPETINGA,reserva particular do patrimonio natural parque do capetinga,GO,1582.23,Reserva Particular do Patrimônio Natural · Federal,-14.54638,-47.61351,-14.49387,-47.57018
conservacao,0000.35.4233,RESERVA PARTICULAR DO PATRIMÔNIO NATURAL PARQUE DO ZIZO,reserva particular do patrimonio natural parque do zizo,SP,9.4,Reserva Particular do Patrimônio Natural · Estadual,-24.01496,-47.8179,-24.00955,-47.81271
conservacao,0000.00.1066,RESERVA PARTICULAR DO PATRIMÔNIO NATURAL PARQUE DOS PÁSSAROS,reserva particular do patrimonio natural parque dos passaros,SP,46.33,Reserva Particular do Patrimônio Natural · Federal,-22.99605,-46.68949,-22.98941,-46.68166
conservacao,0000.00.1223,RESERVA PARTICULAR DO PATRIMÔNIO NATURAL PARQUE ECOLÓGICO JOÃO BASSO,reserva particular do patrimonio natural parque ecologico joao basso,MT,3555.35,Reserva Particular do Patrimônio Natural · Federal,-16.59361,-54.9118,-16.53308,-54.84823
conservacao,0000.00.1051,RESERVA PARTICULAR DO PATRIMÔNIO NATURAL PARQUE FLORESTAL SÃO MARCELO,reserva particular do patrimonio natural parque florestal sao marcelo,SP,185.77,Reserva Particular do Patrimônio Natural · Federal,-22.39985,-46.99115,-22.38592,-46.97617
conservacao,0000.31.4711,RESERVA PARTICULAR DO PATRIMÔNIO NATURAL PARQUE LEVANTINA,reserva particular do patrimonio natural parque levantina,MG,2210.78,Reserva Particular do Patrimônio Natural · Estadual,-22.89691,-46.07468,-22.81276,-45.95386
conservacao,0000.00.2665,RESERVA PARTICULAR DO PATRIMÔNIO NATURAL PASSAREDO,reserva particular do patrimonio natural passaredo,CE,3.61,Reserva Particular do Patrimônio Natural · Federal,-4.19493,-38.90056,-4.19318,-38.89779
conservacao,0000.00.1101,RESERVA PARTICULAR DO PATRIMÔNIO NATURAL PASSARIM,reserva particular do patrimonio natural passarim,SC,228.43,Reserva Particular do Patrimônio Natural · Federal,-28.0149,-48.74281,-27.99603,-48.72565
conservacao,0000.00.2716,RESERVA PARTICULAR DO PATRIMÔNIO NATURAL PASSARIM II,reserva particular do patrimonio natural passarim ii,SC,66.71,Reserva Particular do Patrimônio Natural · Federal,-28.02305,-48.74264,-28.01438,-48.73359
conservacao,0000.32.2914,RESERVA PARTICULAR DO PATRIMÔNIO NATURAL PASSOS,reserva particular do patrimonio natural passos,ES,8.16,Reserva Particular do Patrimônio Natural · Estadual,-20.0837,-41.05536,-20.0805,-41.05173
conservacao,0000.33.3906,RESERVA PARTICULAR DO PATRIMÔNIO NATURAL PASTOS DOS BOIS E PEDREGULHOS,reserva particular do patrimonio natural pastos dos bois e pedregulhos,RJ,23.91,Reserva Particular do Patrimônio Natural · Estadual,-22.3136,-43.01742,-22.30362,-43.01048
conservacao,0000.32.2366,RESERVA PARTICULAR DO PATRIMÔNIO NATURAL PAU A PIQUE,reserva particular do patrimonio natural pau a pique,ES,30.5,Reserva Particular do Patrimônio Natural · Estadual,-20.13267,-40.55875,-20.12396,-40.54954
conservacao,0000.29.4241,RESERVA PARTICULAR DO PATRIMÔNIO NATURAL PAU D'ARCO,reserva particular do patrimonio natural pau d'arco,BA,106.85,Reserva Particular do Patrimônio Natural · Estadual,-11.13821,-40.49096,-11.09997,-40.47998
conservacao,0000.00.2670,RESERVA PARTICULAR DO PATRIMÔNIO NATURAL PAU TERRA,reserva particular do patrimonio natural pau terra,GO,6.32,Reserva Particular do Patrimônio Natural · Federal,-15.82817,-48.89299,-15.82477,-48.88842
conservacao,0000.00.4487,RESERVA PARTICULAR DO PATRIMÔNIO NATURAL PAU TERRA II,reserva particular do patrimonio natural pau terra ii,GO,6.07,Reserva Particular do Patrimônio Natural · Federal,-15.82664,-48.89193,-15.82266,-48.88929
conservacao,0000.00.2150,RESERVA PARTICULAR DO PATRIMÔNIO NATURAL PAULINO VELÔSO CAMÊLO,reserva particular do patrimonio natural paulino veloso camelo,CE,120.14,Reserva Particular do Patrimônio Natural · Federal,-3.65072,-41.01376,-3.63831,-41.00109
conservacao,0000.00.1312,RESERVA PARTICULAR DO PATRIMÔNIO NATURAL PÉ DA LAJE,reserva particular do patrimonio natural pe da laje,MG,1.1,Reserva Particular do Patrimônio Natural · Federal,-20.43523,-44.77079,-20.43168,-44.76778
conservacao,0000.31.4798,RESERVA PARTICULAR DO PATRIMÔNIO NATURAL PEDRA BRANCA,reserva particular do patrimonio natural pedra branca,MG,258.86,Reserva Particular do Patrimônio Natural · Estadual,-22.36476,-44.88438,-22.32347,-44.8606
conservacao,0000.33.2951,RESERVA PARTICULAR DO PATRIMÔNIO NATURAL PEDRA BRANCA,reserva particular do patrimonio natural pedra branca,RJ,14.07,Reserva Particular do Patrimônio Natural · Estadual,-22.03025,-42.54584,-22.02679,-42.53967
conservacao,0000.00.2151,RESERVA PARTICULAR DO PATRIMÔNIO NATURAL PEDRA DA ÁGUIA,reserva particular do patrimonio natural pedra da aguia,SC,91.38,Reserva Particular do Patrimônio Natural · Federal,-28.02584,-49.3854,-28.00067,-49.36246
conservacao,0000.32.3454,RESERVA PARTICULAR DO PATRIMÔNIO NATURAL PEDRA DA LAJINHA,reserva particular do patrimonio natural pedra da lajinha,ES,52.31,Reserva Particular do Patrimônio Natural · Estadual,-20.01054,-41.10968,-20.00234,-41.09987
conservacao,0000.35.3424,RESERVA PARTICULAR DO PATRIMÔNIO NATURAL PEDRA DA MINA,reserva particular do patrimonio natural pedra da mina,SP,639.88,Reserva Particular do Patrimônio Natural · Estadual,-22.47492,-44.85178,-22.42641,-44.82103
conservacao,0000.32.3260,RESERVA PARTICULAR DO PATRIMÔNIO NATURAL PEDRA DAS FLORES,reserva particular do patrimonio natural pedra das flores,ES,1.63,Reserva Particular do Patrimônio Natural · Estadual,-20.41703,-41.02881,-20.41556,-41.02503
conservacao,0000.00.1430,RESERVA PARTICULAR DO PATRIMÔNIO NATURAL PEDRA DO SABIÁ,reserva particular do patrimonio natural pedra do sabia,BA,21.75,Reserva Particular do Patrimônio Natural · Federal,-14.32672,-39.08365,-14.32196,-39.07875
conservacao,0000.00.4470,RESERVA PARTICULAR DO PATRIMÔNIO NATURAL PEDRA DO SÃO JOSÉ II,reserva particular do patrimonio natural pedra do sao jose ii,BA,233.22,Reserva Particular do Patrimônio Natural · Federal,-11.96612,-37.7884,-11.94226,-37.75421
conservacao,0000.00.3680,RESERVA PARTICULAR DO PATRIMÔNIO NATURAL PEDRA SOBRE PEDRA,reserva particular do patrimonio natural pedra sobre pedra,PR,6.47,Reserva Particular do Patrimônio Natural · Federal,-25.39418,-49.40199,-25.39106,-49.39749
conservacao,0000.29.4242,RESERVA PARTICULAR DO PATRIMÔNIO NATURAL PEDRA VERDE,reserva particular do patrimonio natural pedra verde,BA,31.57,Reserva Particular do Patrimônio Natural · Estadual,-11.14726,-40.492,-11.13636,-40.47924
conservacao,0000.33.3517,RESERVA PARTICULAR DO PATRIMÔNIO NATURAL PEITO DE POMBA,reserva particular do patrimonio natural peito de pomba,RJ,31.08,Reserva Particular do Patrimônio Natural · Estadual,-22.27861,-42.21015,-22.27215,-42.2037
conservacao,0000.33.4214,RESERVA PARTICULAR DO PATRIMÔNIO NATURAL PELEGRINI,reserva particular do patrimonio natural pelegrini,RJ,3.81,Reserva Particular do Patrimônio Natural · Estadual,-20.90245,-41.90268,-20.89985,-41.90015
conservacao,0000.00.2152,RESERVA PARTICULAR DO PATRIMÔNIO NATURAL PERNA DO PIRATA,reserva particular do patrimonio natural perna do pirata,PR,18.55,Reserva Particular do Patrimônio Natural · Federal,-25.56875,-48.88907,-25.56301,-48.87695
conservacao,0000.33.4093,RESERVA PARTICULAR DO PATRIMÔNIO NATURAL PERTINHO DO CÉU,reserva particular do patrimonio natural pertinho do ceu,RJ,18.94,Reserva Particular do Patrimônio Natural · Estadual,-22.87553,-43.9816,-22.87199,-43.97413
conservacao,0000.51.1923,RESERVA PARTICULAR DO PATRIMÔNIO NATURAL PEUGEOT-ONF-BRASIL,reserva particular do patrimonio natural peugeot-onf-brasil,MT,1760.25,Reserva Particular do Patrimônio Natural · Estadual,-9.84468,-58.25732,-9.80066,-58.2125
conservacao,0000.29.2056,RESERVA PARTICULAR DO PATRIMÔNIO NATURAL PIANISSOLI,reserva particular do patrimonio natural pianissoli,BA,210.18,Reserva Particular do Patrimônio Natural · Estadual,-17.06708,-39.39644,-17.05046,-39.37371
conservacao,0000.00.2123,RESERVA PARTICULAR DO PATRIMÔNIO NATURAL PICO DO BARBADO,reserva particular do patrimonio natural pico do barbado,BA,286.57,Reserva Particular do Patrimônio Natural · Federal,-13.30752,-41.90796,-13.28083,-41.89309
conservacao,0000.31.4792,RESERVA PARTICULAR DO PATRIMÔNIO NATURAL PICO DOS TRÊS ESTADOS,reserva particular do patrimonio natural pico dos tres estados,MG,581.19,Reserva Particular do Patrimônio Natural · Estadual,-22.40646,-44.83946,-22.38179,-44.80382
conservacao,0000.33.3445,RESERVA PARTICULAR DO PATRIMÔNIO NATURAL PILAR,reserva particular do patrimonio natural pilar,RJ,250.49,Reserva Particular do Patrimônio Natural · Estadual,-22.86692,-42.81617,-22.84764,-42.78082
conservacao,0000.00.1057,RESERVA PARTICULAR DO PATRIMÔNIO NATURAL PILÕES,reserva particular do patrimonio natural piloes,RJ,18.34,Reserva Particular do Patrimônio Natural · Federal,-22.41259,-43.09944,-22.40707,-43.09438
conservacao,0000.27.3881,RESERVA PARTICULAR DO PATRIMÔNIO NATURAL PINDOBA,reserva particular do patrimonio natural pindoba,AL,49.28,Reserva Particular do Patrimônio Natural · Estadual,-9.78687,-36.00095,-9.77902,-35.98984
conservacao,0000.00.4531,RESERVA PARTICULAR DO PATRIMÔNIO NATURAL PINHEIRINHO 23,reserva particular do patrimonio natural pinheirinho 23,SC,22.05,Reserva Particular do Patrimônio Natural · Federal,-26.26927,-49.27364,-26.26063,-49.27065
conservacao,0000.50.3045,RESERVA PARTICULAR DO PATRIMÔNIO NATURAL PIONEIRA DO RIO PIQUIRI,reserva particular do patrimonio natural pioneira do rio piquiri,MS,195.88,Reserva Particular do Patrimônio Natural · Estadual,-17.52456,-55.45788,-17.50587,-55.43544
conservacao,0000.00.3092,RESERVA PARTICULAR DO PATRIMÔNIO NATURAL PIRANGY,reserva particular do patrimonio natural pirangy,SE,13.59,Reserva Particular do Patrimônio Natural · Federal,-11.25572,-37.74989,-11.24795,-37.73575
conservacao,0000.27.2682,RESERVA PARTICULAR DO PATRIMÔNIO NATURAL PLANALTO,reserva particular do patrimonio natural planalto,AL,145.64,Reserva Particular do Patrimônio Natural · Estadual,-10.17798,-36.35949,-10.1612,-36.34107
conservacao,0000.00.1272,RESERVA PARTICULAR DO PATRIMÔNIO NATURAL POÇO FUNDO,reserva particular do patrimonio natural poco fundo,MG,427.32,Reserva Particular do Patrimônio Natural · Federal,-20.45147,-43.91151,-20.43289,-43.88105
conservacao,0000.31.4712,RESERVA PARTICULAR DO PATRIMÔNIO NATURAL PODESTRELA,reserva particular do patrimonio natural podestrela,MG,22.54,Reserva Particular do Patrimônio Natural · Estadual,-20.54518,-42.66991,-20.53947,-42.66266
conservacao,0000.50.2754,RESERVA PARTICULAR DO PATRIMÔNIO NATURAL POLEIRO GRANDE,reserva particular do patrimonio natural poleiro grande,MS,16540.32,Reserva Particular do Patrimônio Natural · Estadual,-17.38066,-56.29213,-17.18859,-56.16104
conservacao,0000.00.1121,RESERVA PARTICULAR DO PATRIMÔNIO NATURAL PONTAL DA BARRA,reserva particular do patrimonio natural pontal da barra,RS,64.54,Reserva Particular do Patrimônio Natural · Federal,-31.78847,-52.23867,-31.78031,-52.22907
conservacao,0000.00.1326,RESERVA PARTICULAR DO PATRIMÔNIO NATURAL PONTAL DO JABURU,reserva particular do patrimonio natural pontal do jaburu,GO,542.71,Reserva Particular do Patrimônio Natural · Federal,-13.39014,-50.6381,-13.36638,-50.61383
conservacao,0000.31.4916,RESERVA PARTICULAR DO PATRIMÔNIO NATURAL PONTAL DO MOLEQUE,reserva particular do patrimonio natural pontal do moleque,MG,4.4,Reserva Particular do Patrimônio Natural · Estadual,-21.56166,-44.63474,-21.55891,-44.63158
conservacao,0000.00.3110,RESERVA PARTICULAR DO PATRIMÔNIO NATURAL PONTE DA PEDRA,reserva particular do patrimonio natural ponte da pedra,GO,106.83,Reserva Particular do Patrimônio Natural · Federal,-13.88823,-47.52246,-13.85159,-47.49879
conservacao,0000.50.2753,RESERVA PARTICULAR DO PATRIMÔNIO NATURAL PONTE DE PEDRA,reserva particular do patrimonio natural ponte de pedra,MS,171.8,Reserva Particular do Patrimônio Natural · Estadual,-18.98898,-53.20175,-18.97373,-53.17524
conservacao,0000.33.2641,RESERVA PARTICULAR DO PATRIMÔNIO NATURAL PONTE DO BAIÃO,reserva particular do patrimonio natural ponte do baiao,RJ,248.0,Reserva Particular do Patrimônio Natural · Estadual,-22.4339,-42.09578,-22.39313,-42.07255
conservacao,0000.00.4501,RESERVA PARTICULAR DO PATRIMÔNIO NATURAL PONTÕES BERGEZEL,reserva particular do patrimonio natural pontoes bergezel,ES,2.91,Reserva Particular do Patrimônio Natural · Federal,-20.94132,-41.55995,-20.93914,-41.55685
conservacao,0000.00.3102,RESERVA PARTICULAR DO PATRIMÔNIO NATURAL PORTAL ÁGUA BRANCA,reserva particular do patrimonio natural portal agua branca,SC,201.21,Reserva Particular do Patrimônio Natural · Federal,-27.93583,-49.5525,-27.9137,-49.5312
conservacao,0000.00.2153,RESERVA PARTICULAR DO PATRIMÔNIO NATURAL PORTAL CURUPIRA,reserva particular do patrimonio natural portal curupira,BA,49.36,Reserva Particular do Patrimônio Natural · Federal,-16.60507,-39.11446,-16.59791,-39.10699
conservacao,0000.00.2154,RESERVA PARTICULAR DO PATRIMÔNIO NATURAL PORTAL DAS NASCENTES,reserva particular do patrimonio natural portal das nascentes,SC,15.76,Reserva Particular do Patrimônio Natural · Federal,-28.05423,-49.37843,-28.04965,-49.36963
conservacao,0000.00.2739,RESERVA PARTICULAR DO PATRIMÔNIO NATURAL PORTAL DAS NASCENTES II,reserva particular do patrimonio natural portal das nascentes ii,SC,3.63,Reserva Particular do Patrimônio Natural · Federal,-28.05115,-49.3792,-28.04916,-49.37522
conservacao,0000.50.2756,RESERVA PARTICULAR DO PATRIMÔNIO NATURAL PORTAL DO PANTANAL I,reserva particular do patrimonio natural portal do pantanal i,MS,111.08,Reserva Particular do Patrimônio Natural · Estadual,-20.20126,-56.49362,-20.19061,-56.4804
conservacao,0000.27.5079,RESERVA PARTICULAR DO PATRIMÔNIO NATURAL PORTO ALEGRE,reserva particular do patrimonio natural porto alegre,AL,52.81,Reserva Particular do Patrimônio Natural · Estadual,-8.93806,-35.68607,-8.92192,-35.67473
conservacao,0000.35.3737,RESERVA PARTICULAR DO PATRIMÔNIO NATURAL PORTO DO IFÉ,reserva particular do patrimonio natural porto do ife,SP,53.74,Reserva Particular do Patrimônio Natural · Estadual,-20.19684,-48.74428,-20.1838,-48.73773
conservacao,0000.00.2155,RESERVA PARTICULAR DO PATRIMÔNIO NATURAL PORTO FRANCO,reserva particular do patrimonio natural porto franco,SC,45.05,Reserva Particular do Patrimônio Natural · Federal,-27.19057,-49.07268,-27.18296,-49.06481
conservacao,0000.00.4511,RESERVA PARTICULAR DO PATRIMÔNIO NATURAL POSSE DOS FRANCIOSI,reserva particular do patrimonio natural posse dos franciosi,RS,268.31,Reserva Particular do Patrimônio Natural · Federal,-27.41643,-53.57143,-27.39622,-53.54764
conservacao,0000.35.2325,RESERVA PARTICULAR DO PATRIMÔNIO NATURAL POUSADA CAMPOS DA BOCAINA,reserva particular do patrimonio natural pousada campos da bocaina,SP,3.8,Reserva Particular do Patrimônio Natural · Estadual,-22.72111,-44.62086,-22.71911,-44.61617
conservacao,0000.33.2281,RESERVA PARTICULAR DO PATRIMÔNIO NATURAL POUSO ALTO,reserva particular do patrimonio natural pouso alto,RJ,3.93,Reserva Particular do Patrimônio Natural · Estadual,-22.48245,-43.47856,-22.48025,-43.47592
conservacao,0000.00.3087,RESERVA PARTICULAR DO PATRIMÔNIO NATURAL PRATA,reserva particular do patrimonio natural prata,MA,90.0,Reserva Particular do Patrimônio Natural · Federal,-2.89766,-42.89834,-2.88598,-42.88223
conservacao,0000.00.2156,RESERVA PARTICULAR DO PATRIMÔNIO NATURAL PRATI,reserva particular do patrimonio natural prati,ES,2.99,Reserva Particular do Patrimônio Natural · Federal,-18.58124,-40.5401,-18.57857,-40.53805
conservacao,0000.29.3734,RESERVA PARTICULAR DO PATRIMÔNIO NATURAL PREGUIÇA-DE-COLEIRA,reserva particular do patrimonio natural preguica-de-coleira,BA,7.84,Reserva Particular do Patrimônio Natural · Estadual,-14.25201,-39.05882,-14.24639,-39.05613
conservacao,0000.00.1085,RESERVA PARTICULAR DO PATRIMÔNIO NATURAL PRIMA LUNA,reserva particular do patrimonio natural prima luna,SC,99.99,Reserva Particular do Patrimônio Natural · Federal,-27.26605,-49.02357,-27.25464,-49.01419
conservacao,0000.00.4524,RESERVA PARTICULAR DO PATRIMÔNIO NATURAL PRIMA LUNA I,reserva particular do patrimonio natural prima luna i,SC,69.99,Reserva Particular do Patrimônio Natural · Federal,-27.26554,-49.0148,-27.25504,-49.00592
conservacao,0000.00.2157,RESERVA PARTICULAR DO PATRIMÔNIO NATURAL PRIMAVERA,reserva particular do patrimonio natural primavera,BA,497.92,Reserva Particular do Patrimônio Natural · Federal,-17.17546,-39.33956,-17.14438,-39.31597
conservacao,0000.00.1182,RESERVA PARTICULAR DO PATRIMÔNIO NATURAL PRIMAVERA I,reserva particular do patrimonio natural primavera i,BA,500.2,Reserva Particular do Patrimônio Natural · Federal,-17.17047,-39.32493,-17.13952,-39.30138
conservacao,0000.00.4537,RESERVA PARTICULAR DO PATRIMÔNIO NATURAL PRÓ-MATA,reserva particular do patrimonio natural pro-mata,RS,2397.75,Reserva Particular do Patrimônio Natural · Federal,-29.52903,-50.23917,-29.46223,-50.14967
conservacao,0000.27.3721,RESERVA PARTICULAR DO PATRIMÔNIO NATURAL QUEBRA CARRO,reserva particular do patrimonio natural quebra carro,AL,304.76,Reserva Particular do Patrimônio Natural · Estadual,-9.6497,-36.12736,-9.61423,-36.06688
conservacao,0000.33.2306,RESERVA PARTICULAR DO PATRIMÔNIO NATURAL QUERO-QUERO,reserva particular do patrimonio natural quero-quero,RJ,16.36,Reserva Particular do Patrimônio Natural · Estadual,-22.5384,-42.54598,-22.53232,-42.53896
conservacao,0000.31.5329,RESERVA PARTICULAR DO PATRIMÔNIO NATURAL QUINTA DA MATRICULADA,reserva particular do patrimonio natural quinta da matriculada,MG,36.93,Reserva Particular do Patrimônio Natural · Estadual,-18.37443,-43.5892,-18.36644,-43.58183
conservacao,0000.33.2270,RESERVA PARTICULAR DO PATRIMÔNIO NATURAL RABICHO DA SERRA,reserva particular do patrimonio natural rabicho da serra,RJ,0.0,Reserva Particular do Patrimônio Natural · Estadual,-22.5893,-42.51229,-22.58032,-42.49968
conservacao,0000.33.4097,RESERVA PARTICULAR DO PATRIMÔNIO NATURAL RAIBERT,reserva particular do patrimonio natural raibert,RJ,7.37,Reserva Particular do Patrimônio Natural · Estadual,-22.36552,-42.31835,-22.36242,-42.31335
conservacao,0000.32.2352,RESERVA PARTICULAR DO PATRIMÔNIO NATURAL RANCHO CHAPADÃO,reserva particular do patrimonio natural rancho chapadao,ES,28.62,Reserva Particular do Patrimônio Natural · Estadual,-20.11289,-40.55678,-20.10446,-40.55055
conservacao,0000.32.2917,RESERVA PARTICULAR DO PATRIMÔNIO NATURAL RANCHO CHAPADAO II,reserva particular do patrimonio natural rancho chapadao ii,ES,21.54,Reserva Particular do Patrimônio Natural · Estadual,-20.11245,-40.55925,-20.1056,-40.55335
conservacao,0000.00.4482,RESERVA PARTICULAR DO PATRIMÔNIO NATURAL RANCHO DE LUAR,reserva particular do patrimonio natural rancho de luar,SC,4.56,Reserva Particular do Patrimônio Natural · Federal,-26.40054,-53.53058,-26.39688,-53.52827
conservacao,0000.29.2948,RESERVA PARTICULAR DO PATRIMÔNIO NATURAL RANCHO LETTY,reserva particular do patrimonio natural rancho letty,BA,18.92,Reserva Particular do Patrimônio Natural · Estadual,-16.98177,-39.43907,-16.97467,-39.43426
conservacao,0000.00.1112,RESERVA PARTICULAR DO PATRIMÔNIO NATURAL RANCHO MIRA-SERRA,reserva particular do patrimonio natural rancho mira-serra,RS,17.49,Reserva Particular do Patrimônio Natural · Federal,-29.5054,-50.62663,-29.50114,-50.62175
conservacao,0000.50.2356,RESERVA PARTICULAR DO PATRIMÔNIO NATURAL RANCHO TUCANO,reserva particular do patrimonio natural rancho tucano,MS,29.87,Reserva Particular do Patrimônio Natural · Estadual,-21.10357,-56.38889,-21.09518,-56.37878
conservacao,0000.00.2714,RESERVA PARTICULAR DO PATRIMÔNIO NATURAL RASO DO MANDI,reserva particular do patrimonio natural raso do mandi,SC,54.35,Reserva Particular do Patrimônio Natural · Federal,-26.55546,-49.95959,-26.54761,-49.94704
conservacao,0000.00.3672,RESERVA PARTICULAR DO PATRIMÔNIO NATURAL RASO DO MANDI II,reserva particular do patrimonio natural raso do mandi ii,SC,28.65,Reserva Particular do Patrimônio Natural · Federal,-26.55803,-49.95804,-26.55379,-49.94654
conservacao,0000.00.1192,RESERVA PARTICULAR DO PATRIMÔNIO NATURAL RECANTO DA SERRA NEGRA,reserva particular do patrimonio natural recanto da serra negra,PI,171.63,Reserva Particular do Patrimônio Natural · Federal,-4.07644,-41.7039,-4.06326,-41.68543
conservacao,0000.32.2346,RESERVA PARTICULAR DO PATRIMÔNIO NATURAL RECANTO DAS ANTAS,reserva particular do patrimonio natural recanto das antas,ES,2245.48,Reserva Particular do Patrimônio Natural · Estadual,-19.12461,-40.03224,-19.04711,-39.94858
conservacao,0000.00.4553,RESERVA PARTICULAR DO PATRIMÔNIO NATURAL RECANTO DO ARCO-ÍRIS (NOVO),reserva particular do patrimonio natural recanto do arco-iris (novo),GO,126.24,Reserva Particular do Patrimônio Natural · Federal,-13.85394,-47.49759,-13.83009,-47.48071
conservacao,0000.00.1106,RESERVA PARTICULAR DO PATRIMÔNIO NATURAL RECANTO DO ROBALO,reserva particular do patrimonio natural recanto do robalo,RS,9.86,Reserva Particular do Patrimônio Natural · Federal,-29.3179,-49.73723,-29.3147,-49.73357
conservacao,0000.35.4391,RESERVA PARTICULAR DO PATRIMÔNIO NATURAL RECANTO OLHO D'ÁGUA,reserva particular do patrimonio natural recanto olho d'agua,SP,10.62,Reserva Particular do Patrimônio Natural · Estadual,-22.71027,-48.36953,-22.70763,-48.35796
conservacao,0000.33.2891,RESERVA PARTICULAR DO PATRIMÔNIO NATURAL REFÚGIO DO BUGIO,reserva particular do patrimonio natural refugio do bugio,RJ,23.61,Reserva Particular do Patrimônio Natural · Estadual,-21.99274,-41.99868,-21.98676,-41.99304
conservacao,0000.29.2014,RESERVA PARTICULAR DO PATRIMÔNIO NATURAL REFÚGIO DO GUIGÓ I E II,reserva particular do patrimonio natural refugio do guigo i e ii,BA,92.58,Reserva Particular do Patrimônio Natural · Estadual,-15.15191,-39.04131,-15.14095,-39.02075
conservacao,0000.00.2160,RESERVA PARTICULAR DO PATRIMÔNIO NATURAL REFÚGIO DO MACUCO,reserva particular do patrimonio natural refugio do macuco,SC,31.88,Reserva Particular do Patrimônio Natural · Federal,-26.55275,-49.92481,-26.5447,-49.9181
conservacao,0000.33.4060,RESERVA PARTICULAR DO PATRIMÔNIO NATURAL REFÚGIO ECOLÓGICO FAZENDA GATO DO MATO,reserva particular do patrimonio natural refugio ecologico fazenda gato do mato,RJ,52.16,Reserva Particular do Patrimônio Natural · Estadual,-21.92901,-41.98071,-21.91402,-41.96587
conservacao,0000.00.4552,RESERVA PARTICULAR DO PATRIMÔNIO NATURAL REFÚGIO JAMACAII,reserva particular do patrimonio natural refugio jamacaii,RN,136.68,Reserva Particular do Patrimônio Natural · Federal,-6.86568,-36.63203,-6.85767,-36.60539
conservacao,0000.33.3444,RESERVA PARTICULAR DO PATRIMÔNIO NATURAL REGINA,reserva particular do patrimonio natural regina,RJ,27.13,Reserva Particular do Patrimônio Natural · Estadual,-22.40772,-43.19445,-22.4003,-43.18803
conservacao,0000.33.3583,RESERVA PARTICULAR DO PATRIMÔNIO NATURAL REGINA CLARA,reserva particular do patrimonio natural regina clara,RJ,5.83,Reserva Particular do Patrimônio Natural · Estadual,-22.41804,-43.1864,-22.4149,-43.18421
conservacao,0000.33.4542,RESERVA PARTICULAR DO PATRIMÔNIO NATURAL REGUA V,reserva particular do patrimonio natural regua v,RJ,97.7,Reserva Particular do Patrimônio Natural · Estadual,-22.37937,-42.76949,-22.36515,-42.75034
conservacao,0000.31.4917,RESERVA PARTICULAR DO PATRIMÔNIO NATURAL RELICÁRIO DA SERRA,reserva particular do patrimonio natural relicario da serra,MG,54.01,Reserva Particular do Patrimônio Natural · Estadual,-19.16255,-43.5508,-19.15649,-43.5375
conservacao,0000.32.3522,RESERVA PARTICULAR DO PATRIMÔNIO NATURAL RELUZ,reserva particular do patrimonio natural reluz,ES,2.25,Reserva Particular do Patrimônio Natural · Estadual,-20.39553,-40.78129,-20.39173,-40.78013
conservacao,0000.33.5101,RESERVA PARTICULAR DO PATRIMÔNIO NATURAL REMANSO DO ROCIO,reserva particular do patrimonio natural remanso do rocio,RJ,2.05,Reserva Particular do Patrimônio Natural · Estadual,-22.47644,-43.27623,-22.47369,-43.27438
conservacao,0000.27.4374,RESERVA PARTICULAR DO PATRIMÔNIO NATURAL REMY FERREIRA BARROS,reserva particular do patrimonio natural remy ferreira barros,AL,486.53,Reserva Particular do Patrimônio Natural · Estadual,-9.21154,-35.88477,-9.16858,-35.82325
conservacao,0000.32.2362,RESERVA PARTICULAR DO PATRIMÔNIO NATURAL REMY LUIZ ALVES,reserva particular do patrimonio natural remy luiz alves,ES,3.41,Reserva Particular do Patrimônio Natural · Estadual,-20.45317,-41.54287,-20.44976,-41.54031
conservacao,0000.29.2013,RESERVA PARTICULAR DO PATRIMÔNIO NATURAL RENASCER,reserva particular do patrimonio natural renascer,BA,264.76,Reserva Particular do Patrimônio Natural · Estadual,-16.55922,-39.2227,-16.53925,-39.19148
conservacao,0000.33.2305,RESERVA PARTICULAR DO PATRIMÔNIO NATURAL RESERVA AGULHAS NEGRAS,reserva particular do patrimonio natural reserva agulhas negras,RJ,16.12,Reserva Particular do Patrimônio Natural · Estadual,-22.40206,-44.57101,-22.39853,-44.56486
conservacao,0000.29.5035,RESERVA PARTICULAR DO PATRIMÔNIO NATURAL RESERVA ALIANÇA,reserva particular do patrimonio natural reserva alianca,BA,437.25,Reserva Particular do Patrimônio Natural · Estadual,-13.66481,-40.79397,-13.64147,-40.76777
conservacao,0000.00.1363,RESERVA PARTICULAR DO PATRIMÔNIO NATURAL RESERVA AMBIENTAL DE EDUCAÇÃO E PESQUISA BANANA MENINA,reserva particular do patrimonio natural reserva ambiental de educacao e pesquisa banana menina,GO,65.33,Reserva Particular do Patrimônio Natural · Federal,-17.05601,-49.23673,-17.04777,-49.22816
conservacao,0000.29.2932,RESERVA PARTICULAR DO PATRIMÔNIO NATURAL RESERVA BIANCA,reserva particular do patrimonio natural reserva bianca,BA,18.71,Reserva Particular do Patrimônio Natural · Estadual,-14.06244,-39.13911,-14.05293,-39.12389
conservacao,0000.00.4497,RESERVA PARTICULAR DO PATRIMÔNIO NATURAL RESERVA BOA ESPERANÇA,reserva particular do patrimonio natural reserva boa esperanca,GO,1263.09,Reserva Particular do Patrimônio Natural · Federal,-15.29737,-47.95184,-15.24891,-47.91389
conservacao,0000.29.3403,RESERVA PARTICULAR DO PATRIMÔNIO NATURAL RESERVA BOA VISTA I,reserva particular do patrimonio natural reserva boa vista i,BA,7.26,Reserva Particular do Patrimônio Natural · Estadual,-14.12984,-39.14705,-14.12733,-39.14149
conservacao,0000.00.1329,RESERVA PARTICULAR DO PATRIMÔNIO NATURAL RESERVA BOCA DA MATA,reserva particular do patrimonio natural reserva boca da mata,GO,962.05,Reserva Particular do Patrimônio Natural · Federal,-15.02263,-51.14049,-14.991,-51.10795
conservacao,0000.29.2930,RESERVA PARTICULAR DO PATRIMÔNIO NATURAL RESERVA BOHEMIA,reserva particular do patrimonio natural reserva bohemia,BA,27.07,Reserva Particular do Patrimônio Natural · Estadual,-14.07178,-39.1467,-14.06163,-39.13854
conservacao,0000.00.1098,RESERVA PARTICULAR DO PATRIMÔNIO NATURAL RESERVA BUGERKOPF,reserva particular do patrimonio natural reserva bugerkopf,SC,82.0,Reserva Particular do Patrimônio Natural · Federal,-27.00873,-49.0751,-26.99949,-49.06476
conservacao,0000.00.1198,RESERVA PARTICULAR DO PATRIMÔNIO NATURAL RESERVA CABANOS,reserva particular do patrimonio natural reserva cabanos,PE,145.88,Reserva Particular do Patrimônio Natural · Federal,-8.50559,-36.0168,-8.4935,-36.00471
conservacao,0000.00.2161,RESERVA PARTICULAR DO PATRIMÔNIO NATURAL RESERVA CALAÇA,reserva particular do patrimonio natural reserva calaca,PE,209.11,Reserva Particular do Patrimônio Natural · Federal,-8.72666,-36.22927,-8.69122,-36.21082
conservacao,0000.29.3835,RESERVA PARTICULAR DO PATRIMÔNIO NATURAL RESERVA CANDEAL DO VALE,reserva particular do patrimonio natural reserva candeal do vale,BA,6.23,Reserva Particular do Patrimônio Natural · Estadual,-11.11958,-40.47129,-11.11524,-40.46947
conservacao,0000.00.2162,RESERVA PARTICULAR DO PATRIMÔNIO NATURAL RESERVA CAPITÃO,reserva particular do patrimonio natural reserva capitao,BA,652.55,Reserva Particular do Patrimônio Natural · Federal,-14.33393,-39.08957,-14.30787,-39.0627
conservacao,0000.29.3839,RESERVA PARTICULAR DO PATRIMÔNIO NATURAL RESERVA CASA DO SOL,reserva particular do patrimonio natural reserva casa do sol,BA,3.41,Reserva Particular do Patrimônio Natural · Estadual,-11.11762,-40.47589,-11.11605,-40.4702
conservacao,0000.00.1374,RESERVA PARTICULAR DO PATRIMÔNIO NATURAL RESERVA CÓRREGO DA AURORA,reserva particular do patrimonio natural reserva corrego da aurora,DF,3.2,Reserva Particular do Patrimônio Natural · Federal,-15.77706,-47.76277,-15.77523,-47.76088
conservacao,0000.00.2163,RESERVA PARTICULAR DO PATRIMÔNIO NATURAL RESERVA CÓRREGO VERMELHO,reserva particular do patrimonio natural reserva corrego vermelho,RJ,20.92,Reserva Particular do Patrimônio Natural · Federal,-22.12612,-42.02704,-22.1205,-42.01578
conservacao,0000.27.5091,RESERVA PARTICULAR DO PATRIMÔNIO NATURAL RESERVA DA BARRA,reserva particular do patrimonio natural reserva da barra,AL,13.95,Reserva Particular do Patrimônio Natural · Estadual,-9.81628,-35.87601,-9.8075,-35.87035
conservacao,0000.00.1276,RESERVA PARTICULAR DO PATRIMÔNIO NATURAL RESERVA DA CACHOEIRA,reserva particular do patrimonio natural reserva da cachoeira,MG,71.54,Reserva Particular do Patrimônio Natural · Federal,-19.34915,-43.63175,-19.34051,-43.62264
conservacao,0000.00.2653,RESERVA PARTICULAR DO PATRIMÔNIO NATURAL RESERVA DA CULTURA PERMANENTE,reserva particular do patrimonio natural reserva da cultura permanente,CE,7.62,Reserva Particular do Patrimônio Natural · Federal,-4.4616,-39.02712,-4.45573,-39.02325
conservacao,0000.00.1406,RESERVA PARTICULAR DO PATRIMÔNIO NATURAL RESERVA DA PENINHA,reserva particular do patrimonio natural reserva da peninha,BA,345.86,Reserva Particular do Patrimônio Natural · Federal,-12.7683,-38.8823,-12.74933,-38.86287
conservacao,0000.52.5227,RESERVA PARTICULAR DO PATRIMÔNIO NATURAL RESERVA DA SERRA AZUL,reserva particular do patrimonio natural reserva da serra azul,GO,174.32,Reserva Particular do Patrimônio Natural · Estadual,-13.32974,-49.36345,-13.31204,-49.32618
conservacao,0000.31.4722,RESERVA PARTICULAR DO PATRIMÔNIO NATURAL RESERVA DA SERRA DA PIEDADE,reserva particular do patrimonio natural reserva da serra da piedade,MG,71.83,Reserva Particular do Patrimônio Natural · Estadual,-19.82597,-43.67447,-19.81316,-43.65675
conservacao,0000.00.1103,RESERVA PARTICULAR DO PATRIMÔNIO NATURAL RESERVA DO CAPÃO GRANDE,reserva particular do patrimonio natural reserva do capao grande,RS,8.9,Reserva Particular do Patrimônio Natural · Federal,-30.32061,-51.45253,-30.31758,-51.44901
conservacao,0000.00.1079,RESERVA PARTICULAR DO PATRIMÔNIO NATURAL RESERVA DO CARAGUATÁ I,reserva particular do patrimonio natural reserva do caraguata i,SC,300.28,Reserva Particular do Patrimônio Natural · Federal,-27.4412,-48.85727,-27.42252,-48.83859
conservacao,0000.00.1080,RESERVA PARTICULAR DO PATRIMÔNIO NATURAL RESERVA DO CARAGUATÁ II,reserva particular do patrimonio natural reserva do caraguata ii,SC,479.47,Reserva Particular do Patrimônio Natural · Federal,-27.47783,-48.87994,-27.45422,-48.85633
conservacao,0000.00.1090,RESERVA PARTICULAR DO PATRIMÔNIO NATURAL RESERVA DO CARAGUATÁ III,reserva particular do patrimonio natural reserva do caraguata iii,SC,265.21,Reserva Particular do Patrimônio Natural · Federal,-27.45554,-48.86881,-27.43799,-48.85125
conservacao,0000.35.2795,RESERVA PARTICULAR DO PATRIMÔNIO NATURAL RESERVA DO DADINHO,reserva particular do patrimonio natural reserva do dadinho,SP,11.62,Reserva Particular do Patrimônio Natural · Estadual,-23.1427,-46.50892,-23.13673,-46.50485
conservacao,0000.00.1259,RESERVA PARTICULAR DO PATRIMÔNIO NATURAL RESERVA DO JACOB,reserva particular do patrimonio natural reserva do jacob,MG,429.11,Reserva Particular do Patrimônio Natural · Federal,-19.13406,-47.77602,-19.09202,-47.76022
conservacao,0000.35.3423,RESERVA PARTICULAR DO PATRIMÔNIO NATURAL RESERVA DO JACU,reserva particular do patrimonio natural reserva do jacu,SP,3.58,Reserva Particular do Patrimônio Natural · Estadual,-23.20768,-46.54003,-23.20529,-46.53729
conservacao,0000.35.5253,RESERVA PARTICULAR DO PATRIMÔNIO NATURAL RESERVA DO PINHAL - GLEBA 10,reserva particular do patrimonio natural reserva do pinhal - gleba 10,SP,1.35,Reserva Particular do Patrimônio Natural · Estadual,-23.02155,-46.40847,-23.01975,-46.40655
conservacao,0000.35.5015,RESERVA PARTICULAR DO PATRIMÔNIO NATURAL RESERVA DO PINHAL - GLEBA 2,reserva particular do patrimonio natural reserva do pinhal - gleba 2,SP,1.31,Reserva Particular do Patrimônio Natural · Estadual,-23.02654,-46.409,-23.02383,-46.40813
conservacao,0000.35.4982,RESERVA PARTICULAR DO PATRIMÔNIO NATURAL RESERVA DO PINHAL - GLEBA 3,reserva particular do patrimonio natural reserva do pinhal - gleba 3,SP,1.09,Reserva Particular do Patrimônio Natural · Estadual,-23.02628,-46.41128,-23.02515,-46.41026
conservacao,0000.35.5250,RESERVA PARTICULAR DO PATRIMÔNIO NATURAL RESERVA DO PINHAL - GLEBA 5,reserva particular do patrimonio natural reserva do pinhal - gleba 5,SP,1.56,Reserva Particular do Patrimônio Natural · Estadual,-23.02699,-46.40961,-23.02408,-46.40884
conservacao,0000.00.2164,RESERVA PARTICULAR DO PATRIMÔNIO NATURAL RESERVA DO SOSSEGO I,reserva particular do patrimonio natural reserva do sossego i,RJ,1.2,Reserva Particular do Patrimônio Natural · Federal,-22.41099,-42.34857,-22.40972,-42.34686
conservacao,0000.00.2165,RESERVA PARTICULAR DO PATRIMÔNIO NATURAL RESERVA DO SOSSEGO II,reserva particular do patrimonio natural reserva do sossego ii,RJ,1.11,Reserva Particular do Patrimônio Natural · Federal,-22.4115,-42.34908,-22.41038,-42.34661
conservacao,0000.52.5235,RESERVA PARTICULAR DO PATRIMÔNIO NATURAL RESERVA DO VALE VERDE,reserva particular do patrimonio natural reserva do vale verde,GO,71.16,Reserva Particular do Patrimônio Natural · Estadual,-13.52875,-49.58309,-13.5207,-49.56968
conservacao,0000.00.1454,RESERVA PARTICULAR DO PATRIMÔNIO NATURAL RESERVA DOS ARQUEIROS,reserva particular do patrimonio natural reserva dos arqueiros,AM,24.01,Reserva Particular do Patrimônio Natural · Federal,-1.99706,-60.02967,-1.99213,-60.0246
conservacao,0000.00.1118,RESERVA PARTICULAR DO PATRIMÔNIO NATURAL RESERVA DOS MANANCIAIS,reserva particular do patrimonio natural reserva dos mananciais,RS,10.93,Reserva Particular do Patrimônio Natural · Federal,-30.91474,-54.60914,-30.91139,-54.60522
conservacao,0000.35.3789,RESERVA PARTICULAR DO PATRIMÔNIO NATURAL RESERVA DOS MURIQUIS,reserva particular do patrimonio natural reserva dos muriquis,SP,43.61,Reserva Particular do Patrimônio Natural · Estadual,-22.90755,-45.95768,-22.89885,-45.94491
conservacao,0000.00.1453,RESERVA PARTICULAR DO PATRIMÔNIO NATURAL RESERVA DOS QUATRO ELEMENTOS,reserva particular do patrimonio natural reserva dos quatro elementos,AM,24.01,Reserva Particular do Patrimônio Natural · Federal,-1.99706,-60.02967,-1.99213,-60.0246
conservacao,0000.00.1447,RESERVA PARTICULAR DO PATRIMÔNIO NATURAL RESERVA DR. PHELIPPE DAOU,reserva particular do patrimonio natural reserva dr. phelippe daou,AM,64.83,Reserva Particular do Patrimônio Natural · Federal,-2.02655,-60.03122,-2.01845,-60.02289
conservacao,0000.00.1050,RESERVA PARTICULAR DO PATRIMÔNIO NATURAL RESERVA ECOLÓGICA AMADEU BOTELHO,reserva particular do patrimonio natural reserva ecologica amadeu botelho,SP,141.73,Reserva Particular do Patrimônio Natural · Federal,-22.31437,-48.54199,-22.30221,-48.5289
conservacao,0000.00.1224,RESERVA PARTICULAR DO PATRIMÔNIO NATURAL RESERVA ECOLÓGICA AMÉRICA AMAZÔNICA,reserva particular do patrimonio natural reserva ecologica america amazonica,MT,2051.33,Reserva Particular do Patrimônio Natural · Federal,-7.88569,-58.31444,-7.83941,-58.26817
conservacao,0000.00.1359,RESERVA PARTICULAR DO PATRIMÔNIO NATURAL RESERVA ECOLÓGICA CACHOEIRA DAS ANDORINHAS,reserva particular do patrimonio natural reserva ecologica cachoeira das andorinhas,GO,30.45,Reserva Particular do Patrimônio Natural · Federal,-18.76152,-51.7407,-18.7559,-51.7348
conservacao,0000.29.2933,RESERVA PARTICULAR DO PATRIMÔNIO NATURAL RESERVA ECOLÓGICA CHEFE ROSA.,reserva particular do patrimonio natural reserva ecologica chefe rosa.,BA,37.83,Reserva Particular do Patrimônio Natural · Estadual,-13.97279,-39.18054,-13.96031,-39.17354
conservacao,0000.00.1225,RESERVA PARTICULAR DO PATRIMÔNIO NATURAL RESERVA ECOLÓGICA DA MATA FRIA,reserva particular do patrimonio natural reserva ecologica da mata fria,MT,171.9,Reserva Particular do Patrimônio Natural · Federal,-15.36357,-55.80406,-15.35,-55.79049
conservacao,0000.33.2899,RESERVA PARTICULAR DO PATRIMÔNIO NATURAL RESERVA ECOLÓGICA DE GUAPIAÇU,reserva particular do patrimonio natural reserva ecologica de guapiacu,RJ,301.62,Reserva Particular do Patrimônio Natural · Estadual,-22.46143,-42.78814,-22.43231,-42.76795
conservacao,0000.33.3054,RESERVA PARTICULAR DO PATRIMÔNIO NATURAL RESERVA ECOLÓGICA DE GUAPIAÇU 2,reserva particular do patrimonio natural reserva ecologica de guapiacu 2,RJ,34.42,Reserva Particular do Patrimônio Natural · Estadual,-22.44775,-42.71331,-22.44076,-42.70596
conservacao,0000.33.3598,RESERVA PARTICULAR DO PATRIMÔNIO NATURAL RESERVA ECOLÓGICA DE GUAPIAÇU 3,reserva particular do patrimonio natural reserva ecologica de guapiacu 3,RJ,32.01,Reserva Particular do Patrimônio Natural · Estadual,-22.4416,-42.70322,-22.43244,-42.69216
conservacao,0000.00.1262,RESERVA PARTICULAR DO PATRIMÔNIO NATURAL RESERVA ECOLÓGICA FUNDAÇÃO ROCHA LOURES,reserva particular do patrimonio natural reserva ecologica fundacao rocha loures,MG,298.02,Reserva Particular do Patrimônio Natural · Federal,-16.03651,-46.21317,-16.01885,-46.19491
conservacao,0000.00.1227,RESERVA PARTICULAR DO PATRIMÔNIO NATURAL RESERVA ECOLÓGICA JOSÉ GIMENES SOARES,reserva particular do patrimonio natural reserva ecologica jose gimenes soares,MT,195.28,Reserva Particular do Patrimônio Natural · Federal,-10.7113,-55.91791,-10.69713,-55.90333
conservacao,0000.00.1226,RESERVA PARTICULAR DO PATRIMÔNIO NATURAL RESERVA ECOLÓGICA LOURDES FÉLIX SOARES,reserva particular do patrimonio natural reserva ecologica lourdes felix soares,MT,250.37,Reserva Particular do Patrimônio Natural · Federal,-10.73679,-55.93878,-10.72055,-55.92255
conservacao,0000.00.1203,RESERVA PARTICULAR DO PATRIMÔNIO NATURAL RESERVA ECOLÓGICA MAURÍCIO DANTAS,reserva particular do patrimonio natural reserva ecologica mauricio dantas,PE,1465.3,Reserva Particular do Patrimônio Natural · Federal,-8.33215,-38.21536,-8.29312,-38.17589
conservacao,0000.00.1146,RESERVA PARTICULAR DO PATRIMÔNIO NATURAL RESERVA ECOLÓGICA METODISTA ANA GONZAGA - CEMAG,reserva particular do patrimonio natural reserva ecologica metodista ana gonzaga - cemag,RJ,316.72,Reserva Particular do Patrimônio Natural · Federal,-22.94248,-43.60598,-22.92364,-43.58714
conservacao,0000.33.3641,RESERVA PARTICULAR DO PATRIMÔNIO NATURAL RESERVA ECOLÓGICA RIO BONITO DE LUMIAR,reserva particular do patrimonio natural reserva ecologica rio bonito de lumiar,RJ,158.32,Reserva Particular do Patrimônio Natural · Estadual,-22.40548,-42.42238,-22.38918,-42.40543
conservacao,0000.00.1328,RESERVA PARTICULAR DO PATRIMÔNIO NATURAL RESERVA ECOLÓGICA RIO VERMELHO,reserva particular do patrimonio natural reserva ecologica rio vermelho,GO,1582.39,Reserva Particular do Patrimônio Natural · Federal,-14.98422,-45.14199,-14.94353,-45.10013
conservacao,0000.00.2311,RESERVA PARTICULAR DO PATRIMÔNIO NATURAL RESERVA ECOLÓGICA SEBUÍ,reserva particular do patrimonio natural reserva ecologica sebui,PR,400.35,Reserva Particular do Patrimônio Natural · Federal,-25.29758,-48.23421,-25.27203,-48.20087
conservacao,0000.31.4983,RESERVA PARTICULAR DO PATRIMÔNIO NATURAL RESERVA ECOLÓGICA SERRA DO CABRAL,reserva particular do patrimonio natural reserva ecologica serra do cabral,MG,44.99,Reserva Particular do Patrimônio Natural · Estadual,-18.0665,-44.48588,-18.05778,-44.47281
conservacao,0000.00.1341,RESERVA PARTICULAR DO PATRIMÔNIO NATURAL RESERVA ECOLÓGICA SERRA DOURADA,reserva particular do patrimonio natural reserva ecologica serra dourada,GO,24.59,Reserva Particular do Patrimônio Natural · Federal,-13.54847,-48.65165,-13.54341,-48.64648
conservacao,0000.50.0430,RESERVA PARTICULAR DO PATRIMÔNIO NATURAL RESERVA ECOLÓGICA VALE DO BUGIO,reserva particular do patrimonio natural reserva ecologica vale do bugio,MS,96.69,Reserva Particular do Patrimônio Natural · Estadual,-19.95081,-55.07887,-19.93052,-55.06817
conservacao,0000.00.1230,RESERVA PARTICULAR DO PATRIMÔNIO NATURAL RESERVA ECOLÓGICA VERDE AMAZÔNIA,reserva particular do patrimonio natural reserva ecologica verde amazonia,MT,867.52,Reserva Particular do Patrimônio Natural · Federal,-7.96127,-58.34467,-7.93117,-58.31457
conservacao,0000.00.2073,RESERVA PARTICULAR DO PATRIMÔNIO NATURAL RESERVA FAZENDA BONITO DE CIMA I,reserva particular do patrimonio natural reserva fazenda bonito de cima i,MG,28.96,Reserva Particular do Patrimônio Natural · Federal,-18.51147,-46.96284,-18.5078,-46.95497
conservacao,0000.00.2166,RESERVA PARTICULAR DO PATRIMÔNIO NATURAL RESERVA FAZENDA BONITO DE CIMA II,reserva particular do patrimonio natural reserva fazenda bonito de cima ii,MG,7.0,Reserva Particular do Patrimônio Natural · Federal,-18.51746,-46.96319,-18.51469,-46.95992
conservacao,0000.00.2167,RESERVA PARTICULAR DO PATRIMÔNIO NATURAL RESERVA FAZENDA BONITO DE CIMA III,reserva particular do patrimonio natural reserva fazenda bonito de cima iii,MG,5.93,Reserva Particular do Patrimônio Natural · Federal,-18.51577,-46.96214,-18.51251,-46.95926
conservacao,0000.00.2168,RESERVA PARTICULAR DO PATRIMÔNIO NATURAL RESERVA FAZENDA BONITO DE CIMA IV,reserva particular do patrimonio natural reserva fazenda bonito de cima iv,MG,45.21,Reserva Particular do Patrimônio Natural · Federal,-18.50825,-46.96265,-18.50272,-46.95007
conservacao,0000.00.2169,RESERVA PARTICULAR DO PATRIMÔNIO NATURAL RESERVA FAZENDA BONITO DE CIMA V,reserva particular do patrimonio natural reserva fazenda bonito de cima v,MG,6.54,Reserva Particular do Patrimônio Natural · Federal,-18.51457,-46.95988,-18.51204,-46.95591
conservacao,0000.00.2170,RESERVA PARTICULAR DO PATRIMÔNIO NATURAL RESERVA FAZENDA BONITO DE CIMA VI,reserva particular do patrimonio natural reserva fazenda bonito de cima vi,MG,7.51,Reserva Particular do Patrimônio Natural · Federal,-18.51223,-46.96284,-18.51112,-46.95567
conservacao,0000.00.2171,RESERVA PARTICULAR DO PATRIMÔNIO NATURAL RESERVA FAZENDA BONITO DE CIMA VII,reserva particular do patrimonio natural reserva fazenda bonito de cima vii,MG,136.06,Reserva Particular do Patrimônio Natural · Federal,-18.50534,-46.96138,-18.48982,-46.94887
conservacao,0000.00.2172,RESERVA PARTICULAR DO PATRIMÔNIO NATURAL RESERVA FAZENDA HR - DOURADINHO,reserva particular do patrimonio natural reserva fazenda hr - douradinho,MG,22.5,Reserva Particular do Patrimônio Natural · Federal,-18.68754,-47.0,-18.68147,-46.99189
conservacao,0000.00.2173,RESERVA PARTICULAR DO PATRIMÔNIO NATURAL RESERVA FAZENDA RECANTO DAS ÁGUAS CLARAS,reserva particular do patrimonio natural reserva fazenda recanto das aguas claras,MG,11.55,Reserva Particular do Patrimônio Natural · Federal,-18.7948,-46.93237,-18.79108,-46.92619
conservacao,0000.00.2174,RESERVA PARTICULAR DO PATRIMÔNIO NATURAL RESERVA FAZENDA SÃO BERNARDO I,reserva particular do patrimonio natural reserva fazenda sao bernardo i,MG,19.83,Reserva Particular do Patrimônio Natural · Federal,-18.80179,-47.0852,-18.7961,-47.08014
conservacao,0000.00.2175,RESERVA PARTICULAR DO PATRIMÔNIO NATURAL RESERVA FAZENDA SÃO BERNARDO II,reserva particular do patrimonio natural reserva fazenda sao bernardo ii,MG,42.78,Reserva Particular do Patrimônio Natural · Federal,-18.80548,-47.0913,-18.79901,-47.08241
conservacao,0000.00.2176,RESERVA PARTICULAR DO PATRIMÔNIO NATURAL RESERVA FAZENDA SÃO MIGUEL II,reserva particular do patrimonio natural reserva fazenda sao miguel ii,MG,5.94,Reserva Particular do Patrimônio Natural · Federal,-18.31898,-47.17627,-18.31622,-47.17264
conservacao,0000.00.2177,RESERVA PARTICULAR DO PATRIMÔNIO NATURAL RESERVA FLORESTAL ENGENHEIRO JOÃO FURTADO DE MENDONÇA,reserva particular do patrimonio natural reserva florestal engenheiro joao furtado de mendonca,RJ,77.9,Reserva Particular do Patrimônio Natural · Federal,-21.01031,-41.94545,-21.00129,-41.93584
conservacao,0000.00.1402,RESERVA PARTICULAR DO PATRIMÔNIO NATURAL RESERVA FUGIDOS,reserva particular do patrimonio natural reserva fugidos,BA,445.04,Reserva Particular do Patrimônio Natural · Federal,-13.75705,-39.29699,-13.73552,-39.27486
conservacao,0000.29.3840,RESERVA PARTICULAR DO PATRIMÔNIO NATURAL RESERVA GANESHA,reserva particular do patrimonio natural reserva ganesha,BA,2.28,Reserva Particular do Patrimônio Natural · Estadual,-11.13115,-40.47694,-11.12919,-40.47132
conservacao,0000.33.2584,RESERVA PARTICULAR DO PATRIMÔNIO NATURAL RESERVA GARGARULLO,reserva particular do patrimonio natural reserva gargarullo,RJ,45.73,Reserva Particular do Patrimônio Natural · Estadual,-22.51278,-43.39843,-22.50266,-43.38948
conservacao,0000.29.4133,RESERVA PARTICULAR DO PATRIMÔNIO NATURAL RESERVA GRAVINA,reserva particular do patrimonio natural reserva gravina,BA,80.01,Reserva Particular do Patrimônio Natural · Estadual,-14.10167,-38.99401,-14.08191,-38.98218
conservacao,0000.00.1463,RESERVA PARTICULAR DO PATRIMÔNIO NATURAL RESERVA GULANDIM,reserva particular do patrimonio natural reserva gulandim,AL,40.29,Reserva Particular do Patrimônio Natural · Federal,-9.98265,-36.35181,-9.97619,-36.34522
conservacao,0000.00.4515,RESERVA PARTICULAR DO PATRIMÔNIO NATURAL RESERVA HEINZ BAHR,reserva particular do patrimonio natural reserva heinz bahr,SC,86.55,Reserva Particular do Patrimônio Natural · Federal,-26.21329,-49.2196,-26.19096,-49.21272
conservacao,0000.35.3420,RESERVA PARTICULAR DO PATRIMÔNIO NATURAL RESERVA HINAYANA,reserva particular do patrimonio natural reserva hinayana,SP,3.89,Reserva Particular do Patrimônio Natural · Estadual,-23.70513,-46.18512,-23.70265,-46.18261
conservacao,0000.00.2178,RESERVA PARTICULAR DO PATRIMÔNIO NATURAL RESERVA ITAGUARI,reserva particular do patrimonio natural reserva itaguari,BA,1524.08,Reserva Particular do Patrimônio Natural · Federal,-15.00477,-45.91376,-14.96438,-45.87338
conservacao,0000.00.1349,RESERVA PARTICULAR DO PATRIMÔNIO NATURAL RESERVA ITAPUÃ,reserva particular do patrimonio natural reserva itapua,GO,78.22,Reserva Particular do Patrimônio Natural · Federal,-16.08533,-47.81803,-16.06098,-47.80019
conservacao,0000.52.5228,RESERVA PARTICULAR DO PATRIMÔNIO NATURAL RESERVA J.M.,reserva particular do patrimonio natural reserva j.m.,GO,4.7,Reserva Particular do Patrimônio Natural · Estadual,-14.73892,-49.43461,-14.73703,-49.43227
conservacao,0000.29.3795,RESERVA PARTICULAR DO PATRIMÔNIO NATURAL RESERVA JACURUNA,reserva particular do patrimonio natural reserva jacuruna,BA,13.09,Reserva Particular do Patrimônio Natural · Estadual,-13.03652,-38.87072,-13.03337,-38.86284
conservacao,0000.00.4499,RESERVA PARTICULAR DO PATRIMÔNIO NATURAL RESERVA JAGUATIRICA,reserva particular do patrimonio natural reserva jaguatirica,MG,29.01,Reserva Particular do Patrimônio Natural · Federal,-15.06912,-42.57898,-15.05271,-42.56667
conservacao,0000.00.2179,RESERVA PARTICULAR DO PATRIMÔNIO NATURAL RESERVA JUREMA,reserva particular do patrimonio natural reserva jurema,PE,267.72,Reserva Particular do Patrimônio Natural · Federal,-8.59265,-39.14935,-8.56459,-39.1299
conservacao,0000.29.5028,RESERVA PARTICULAR DO PATRIMÔNIO NATURAL RESERVA LABAREDA I,reserva particular do patrimonio natural reserva labareda i,BA,0.84,Reserva Particular do Patrimônio Natural · Estadual,-14.45012,-39.05723,-14.44859,-39.05587
conservacao,0000.00.2180,RESERVA PARTICULAR DO PATRIMÔNIO NATURAL RESERVA LEÃO DA MONTANHA,reserva particular do patrimonio natural reserva leao da montanha,SC,153.98,Reserva Particular do Patrimônio Natural · Federal,-28.01629,-49.38027,-27.98805,-49.3643
conservacao,0000.29.3837,RESERVA PARTICULAR DO PATRIMÔNIO NATURAL RESERVA LENDAS DO COIÓ,reserva particular do patrimonio natural reserva lendas do coio,BA,27.19,Reserva Particular do Patrimônio Natural · Estadual,-11.12373,-40.47712,-11.11914,-40.46906
conservacao,0000.29.2931,RESERVA PARTICULAR DO PATRIMÔNIO NATURAL RESERVA LUKAVEC,reserva particular do patrimonio natural reserva lukavec,BA,58.08,Reserva Particular do Patrimônio Natural · Estadual,-14.07417,-39.15753,-14.06556,-39.14588
conservacao,0000.00.2181,RESERVA PARTICULAR DO PATRIMÔNIO NATURAL RESERVA MARAGATO,reserva particular do patrimonio natural reserva maragato,RS,41.75,Reserva Particular do Patrimônio Natural · Federal,-28.24777,-52.46236,-28.2363,-52.4556
conservacao,0000.00.1373,RESERVA PARTICULAR DO PATRIMÔNIO NATURAL RESERVA MARIA VELHA,reserva particular do patrimonio natural reserva maria velha,DF,64.55,Reserva Particular do Patrimônio Natural · Federal,-15.51342,-47.51731,-15.50522,-47.50886
conservacao,0000.00.2182,RESERVA PARTICULAR DO PATRIMÔNIO NATURAL RESERVA MARIA VICENTINI LOPES,reserva particular do patrimonio natural reserva maria vicentini lopes,BA,391.87,Reserva Particular do Patrimônio Natural · Federal,-15.91465,-39.00875,-15.88991,-38.9728
conservacao,0000.29.2929,RESERVA PARTICULAR DO PATRIMÔNIO NATURAL RESERVA MARIANA,reserva particular do patrimonio natural reserva mariana,BA,186.57,Reserva Particular do Patrimônio Natural · Estadual,-14.07071,-39.13125,-14.05158,-39.11383
conservacao,0000.00.3666,RESERVA PARTICULAR DO PATRIMÔNIO NATURAL RESERVA MATO GROSSO,reserva particular do patrimonio natural reserva mato grosso,BA,37.11,Reserva Particular do Patrimônio Natural · Federal,-13.60599,-39.18531,-13.59469,-39.17852
conservacao,0000.33.2274,RESERVA PARTICULAR DO PATRIMÔNIO NATURAL RESERVA MATO GROSSO II,reserva particular do patrimonio natural reserva mato grosso ii,RJ,53.23,Reserva Particular do Patrimônio Natural · Estadual,-22.89027,-42.67728,-22.88556,-42.66213
conservacao,0000.29.2853,RESERVA PARTICULAR DO PATRIMÔNIO NATURAL RESERVA MESTRE BONINA,reserva particular do patrimonio natural reserva mestre bonina,BA,6.86,Reserva Particular do Patrimônio Natural · Estadual,-14.90294,-39.12207,-14.89812,-39.11838
conservacao,0000.31.4723,RESERVA PARTICULAR DO PATRIMÔNIO NATURAL RESERVA MONSENHOR DOMINGOS EVANGELISTA,reserva particular do patrimonio natural reserva monsenhor domingos evangelista,MG,59.02,Reserva Particular do Patrimônio Natural · Estadual,-19.8145,-43.67358,-19.80488,-43.65273
conservacao,0000.35.4852,RESERVA PARTICULAR DO PATRIMÔNIO NATURAL RESERVA MURIQUI,reserva particular do patrimonio natural reserva muriqui,SP,15.29,Reserva Particular do Patrimônio Natural · Estadual,-24.01456,-47.55958,-24.01084,-47.55498
conservacao,0000.00.1202,RESERVA PARTICULAR DO PATRIMÔNIO NATURAL RESERVA NATURAL BREJO,reserva particular do patrimonio natural reserva natural brejo,PE,51.53,Reserva Particular do Patrimônio Natural · Federal,-9.00986,-36.79191,-9.00255,-36.78449
conservacao,0000.00.1410,RESERVA PARTICULAR DO PATRIMÔNIO NATURAL RESERVA NATURAL DA SERRA DO TEIMOSO,reserva particular do patrimonio natural reserva natural da serra do teimoso,BA,197.88,Reserva Particular do Patrimônio Natural · Federal,-15.17279,-39.551,-15.15843,-39.53616
conservacao,0000.00.2184,RESERVA PARTICULAR DO PATRIMÔNIO NATURAL RESERVA NATURAL ENGENHEIRO ELIEZER BATISTA,reserva particular do patrimonio natural reserva natural engenheiro eliezer batista,MS,12609.8,Reserva Particular do Patrimônio Natural · Federal,-18.22602,-57.54872,-18.07703,-57.38747
conservacao,0000.00.3081,RESERVA PARTICULAR DO PATRIMÔNIO NATURAL RESERVA NATURAL FRANCISCO BRAZ DE OLIVEIRA,reserva particular do patrimonio natural reserva natural francisco braz de oliveira,CE,4.86,Reserva Particular do Patrimônio Natural · Federal,-5.42345,-40.74098,-5.41978,-40.73826
conservacao,0000.00.1084,RESERVA PARTICULAR DO PATRIMÔNIO NATURAL RESERVA NATURAL MENINO DEUS,reserva particular do patrimonio natural reserva natural menino deus,SC,15.87,Reserva Particular do Patrimônio Natural · Federal,-27.60596,-48.54449,-27.6019,-48.53992
conservacao,0000.00.2185,RESERVA PARTICULAR DO PATRIMÔNIO NATURAL RESERVA NATURAL SÍTIO PALMEIRAS,reserva particular do patrimonio natural reserva natural sitio palmeiras,CE,75.87,Reserva Particular do Patrimônio Natural · Federal,-4.34419,-38.93304,-4.33399,-38.92174
conservacao,0000.00.1144,RESERVA PARTICULAR DO PATRIMÔNIO NATURAL RESERVA NOSSA SENHORA DAS GRAÇAS,reserva particular do patrimonio natural reserva nossa senhora das gracas,RJ,376.42,Reserva Particular do Patrimônio Natural · Federal,-22.79644,-44.24281,-22.77592,-44.22229
conservacao,0000.29.5117,RESERVA PARTICULAR DO PATRIMÔNIO NATURAL RESERVA NOVA ESPERANÇA,reserva particular do patrimonio natural reserva nova esperanca,BA,1634.15,Reserva Particular do Patrimônio Natural · Estadual,-13.71932,-40.80452,-13.67303,-40.74555
conservacao,0000.00.1113,RESERVA PARTICULAR DO PATRIMÔNIO NATURAL RESERVA PARTICULAR PROFESSOR DELMAR HARRY DOS REIS,reserva particular do patrimonio natural reserva particular professor delmar harry dos reis,RS,9.89,Reserva Particular do Patrimônio Natural · Federal,-30.13317,-50.95628,-30.12997,-50.95258
conservacao,0000.00.1168,RESERVA PARTICULAR DO PATRIMÔNIO NATURAL RESERVA PORANGABA,reserva particular do patrimonio natural reserva porangaba,RJ,8.94,Reserva Particular do Patrimônio Natural · Federal,-22.80413,-43.81844,-22.80107,-43.81515
conservacao,0000.00.1229,RESERVA PARTICULAR DO PATRIMÔNIO NATURAL RESERVA RAMA,reserva particular do patrimonio natural reserva rama,MT,394.61,Reserva Particular do Patrimônio Natural · Federal,-13.68689,-52.90244,-13.66668,-52.88155
conservacao,0000.29.3834,RESERVA PARTICULAR DO PATRIMÔNIO NATURAL RESERVA RECANTO DOS PÁSSAROS,reserva particular do patrimonio natural reserva recanto dos passaros,BA,9.01,Reserva Particular do Patrimônio Natural · Estadual,-11.11664,-40.47716,-11.11454,-40.47038
conservacao,0000.00.1078,RESERVA PARTICULAR DO PATRIMÔNIO NATURAL RESERVA RIO DAS FURNAS,reserva particular do patrimonio natural reserva rio das furnas,SC,10.0,Reserva Particular do Patrimônio Natural · Federal,-27.6857,-49.17319,-27.68206,-49.16861
conservacao,0000.00.3099,RESERVA PARTICULAR DO PATRIMÔNIO NATURAL RESERVA RIO DAS FURNAS II,reserva particular do patrimonio natural reserva rio das furnas ii,SC,43.51,Reserva Particular do Patrimônio Natural · Federal,-27.68303,-49.17979,-27.67566,-49.17013
conservacao,0000.00.1065,RESERVA PARTICULAR DO PATRIMÔNIO NATURAL RESERVA RIZZIERI,reserva particular do patrimonio natural reserva rizzieri,SP,221.51,Reserva Particular do Patrimônio Natural · Federal,-23.72706,-45.7281,-23.71126,-45.7123
conservacao,0000.50.2760,RESERVA PARTICULAR DO PATRIMÔNIO NATURAL RESERVA SABIÁ,reserva particular do patrimonio natural reserva sabia,MS,0.0,Reserva Particular do Patrimônio Natural · Estadual,-20.20723,-51.2014,-20.19998,-51.19513
conservacao,0000.00.1338,RESERVA PARTICULAR DO PATRIMÔNIO NATURAL RESERVA SANTA MÔNICA,reserva particular do patrimonio natural reserva santa monica,GO,336.31,Reserva Particular do Patrimônio Natural · Federal,-16.02985,-48.68855,-16.01115,-48.66922
conservacao,0000.00.1460,RESERVA PARTICULAR DO PATRIMÔNIO NATURAL RESERVA SANTA TEREZA,reserva particular do patrimonio natural reserva santa tereza,AL,98.68,Reserva Particular do Patrimônio Natural · Federal,-9.5114,-35.99079,-9.5013,-35.98049
conservacao,0000.29.3404,RESERVA PARTICULAR DO PATRIMÔNIO NATURAL RESERVA SANTO ANDRÉ,reserva particular do patrimonio natural reserva santo andre,BA,25.89,Reserva Particular do Patrimônio Natural · Estadual,-14.13557,-39.14094,-14.12999,-39.13369
conservacao,0000.00.1350,RESERVA PARTICULAR DO PATRIMÔNIO NATURAL RESERVA SANTUÁRIO DE GABRIEL,reserva particular do patrimonio natural reserva santuario de gabriel,GO,210.17,Reserva Particular do Patrimônio Natural · Federal,-15.80097,-49.17274,-15.78619,-49.15747
conservacao,0000.00.1339,RESERVA PARTICULAR DO PATRIMÔNIO NATURAL RESERVA SANTUÁRIO DE VIDA SILVESTRE POUSADA DAS ARARAS,reserva particular do patrimonio natural reserva santuario de vida silvestre pousada das araras,GO,172.71,Reserva Particular do Patrimônio Natural · Federal,-18.45362,-52.01487,-18.44023,-52.00075
conservacao,0000.00.2187,RESERVA PARTICULAR DO PATRIMÔNIO NATURAL RESERVA SÃO JOSÉ,reserva particular do patrimonio natural reserva sao jose,BA,77.46,Reserva Particular do Patrimônio Natural · Federal,-14.97029,-39.11691,-14.96145,-39.10235
conservacao,0000.00.2188,RESERVA PARTICULAR DO PATRIMÔNIO NATURAL RESERVA SERRA DO CARAMANDU,reserva particular do patrimonio natural reserva serra do caramandu,RJ,35.47,Reserva Particular do Patrimônio Natural · Federal,-22.13056,-42.66361,-22.12147,-42.65363
conservacao,0000.29.3836,RESERVA PARTICULAR DO PATRIMÔNIO NATURAL RESERVA SERRA DO LUAR,reserva particular do patrimonio natural reserva serra do luar,BA,9.06,Reserva Particular do Patrimônio Natural · Estadual,-11.11322,-40.47571,-11.10636,-40.46798
conservacao,0000.00.2189,RESERVA PARTICULAR DO PATRIMÔNIO NATURAL RESERVA SIRIEMA,reserva particular do patrimonio natural reserva siriema,PE,291.17,Reserva Particular do Patrimônio Natural · Federal,-8.63791,-39.14967,-8.5961,-39.13022
conservacao,0000.00.1040,RESERVA PARTICULAR DO PATRIMÔNIO NATURAL RESERVA SÍTIO ECOLÓGICO MONTE SANTO,reserva particular do patrimonio natural reserva sitio ecologico monte santo,TO,29.81,Reserva Particular do Patrimônio Natural · Federal,-10.14219,-48.14523,-10.13662,-48.13961
conservacao,0000.00.1455,RESERVA PARTICULAR DO PATRIMÔNIO NATURAL RESERVA SOL NASCENTE,reserva particular do patrimonio natural reserva sol nascente,AM,19.21,Reserva Particular do Patrimônio Natural · Federal,-1.9968,-60.0294,-1.99239,-60.02487
conservacao,0000.29.3838,RESERVA PARTICULAR DO PATRIMÔNIO NATURAL RESERVA TERRA QUE BRILHA,reserva particular do patrimonio natural reserva terra que brilha,BA,1.86,Reserva Particular do Patrimônio Natural · Estadual,-11.11344,-40.47556,-11.11235,-40.47385
conservacao,0000.00.2190,RESERVA PARTICULAR DO PATRIMÔNIO NATURAL RESERVA TERRAVISTA I,reserva particular do patrimonio natural reserva terravista i,BA,227.62,Reserva Particular do Patrimônio Natural · Federal,-16.53103,-39.1335,-16.51199,-39.11038
conservacao,0000.00.2191,RESERVA PARTICULAR DO PATRIMÔNIO NATURAL RESERVA TERRAVISTA II,reserva particular do patrimonio natural reserva terravista ii,BA,144.29,Reserva Particular do Patrimônio Natural · Federal,-16.52322,-39.14771,-16.50572,-39.12654
conservacao,0000.00.2192,RESERVA PARTICULAR DO PATRIMÔNIO NATURAL RESERVA UMBURANA,reserva particular do patrimonio natural reserva umburana,PE,131.13,Reserva Particular do Patrimônio Natural · Federal,-8.60453,-39.12623,-8.5761,-39.11426
conservacao,0000.29.3402,RESERVA PARTICULAR DO PATRIMÔNIO NATURAL RESERVA VITÓRIA PRIMAVERA,reserva particular do patrimonio natural reserva vitoria primavera,BA,8.89,Reserva Particular do Patrimônio Natural · Estadual,-14.14361,-39.14523,-14.13964,-39.1415
conservacao,0000.00.3658,RESERVA PARTICULAR DO PATRIMÔNIO NATURAL RESERVA VOLTA VELHA - PE. PIET VAN DER AART,reserva particular do patrimonio natural reserva volta velha - pe. piet van der aart,SC,285.07,Reserva Particular do Patrimônio Natural · Federal,-26.09579,-48.65651,-26.06691,-48.63013
conservacao,0000.29.3794,RESERVA PARTICULAR DO PATRIMÔNIO NATURAL RESERVA YOGO,reserva particular do patrimonio natural reserva yogo,BA,17.17,Reserva Particular do Patrimônio Natural · Estadual,-13.04258,-38.86668,-13.0359,-38.85781
conservacao,0000.32.2347,RESERVA PARTICULAR DO PATRIMÔNIO NATURAL RESTINGA DE ARACRUZ,reserva particular do patrimonio natural restinga de aracruz,ES,329.24,Reserva Particular do Patrimônio Natural · Estadual,-19.73081,-40.00002,-19.69523,-39.97375
conservacao,0000.00.2193,RESERVA PARTICULAR DO PATRIMÔNIO NATURAL RETIRO TUN,reserva particular do patrimonio natural retiro tun,SC,5.02,Reserva Particular do Patrimônio Natural · Federal,-27.67202,-49.13755,-27.6685,-49.13132
conservacao,0000.29.4047,RESERVA PARTICULAR DO PATRIMÔNIO NATURAL RIACHO DA SERRA,reserva particular do patrimonio natural riacho da serra,BA,32.88,Reserva Particular do Patrimônio Natural · Estadual,-11.47456,-40.48414,-11.46549,-40.47498
conservacao,0000.00.2194,RESERVA PARTICULAR DO PATRIMÔNIO NATURAL RIACHO DAS PEDRAS,reserva particular do patrimonio natural riacho das pedras,BA,397.0,Reserva Particular do Patrimônio Natural · Federal,-17.16127,-39.40053,-17.1328,-39.3509
conservacao,0000.27.3819,RESERVA PARTICULAR DO PATRIMÔNIO NATURAL RIACHO SECO,reserva particular do patrimonio natural riacho seco,AL,149.77,Reserva Particular do Patrimônio Natural · Estadual,-10.1074,-36.23019,-10.08425,-36.21416
conservacao,0000.33.2285,RESERVA PARTICULAR DO PATRIMÔNIO NATURAL RIBEIRA E SOLEDADE,reserva particular do patrimonio natural ribeira e soledade,RJ,6.3,Reserva Particular do Patrimônio Natural · Estadual,-20.93606,-41.82403,-20.93388,-41.82046
conservacao,0000.31.4700,RESERVA PARTICULAR DO PATRIMÔNIO NATURAL RIBEIRÃO DAS ESTRELAS,reserva particular do patrimonio natural ribeirao das estrelas,MG,2.31,Reserva Particular do Patrimônio Natural · Estadual,-21.0929,-45.10628,-21.09103,-45.10437
conservacao,0000.33.3437,RESERVA PARTICULAR DO PATRIMÔNIO NATURAL RICA PAULO DE FRONTIN,reserva particular do patrimonio natural rica paulo de frontin,RJ,46.46,Reserva Particular do Patrimônio Natural · Estadual,-22.54115,-43.66848,-22.53368,-43.65461
conservacao,0000.33.3908,RESERVA PARTICULAR DO PATRIMÔNIO NATURAL RILDO DE OLIVEIRA GOMES I,reserva particular do patrimonio natural rildo de oliveira gomes i,RJ,13.16,Reserva Particular do Patrimônio Natural · Estadual,-22.30148,-42.89312,-22.28609,-42.88746
conservacao,0000.33.2998,RESERVA PARTICULAR DO PATRIMÔNIO NATURAL RILDO DE OLIVEIRA GOMES II,reserva particular do patrimonio natural rildo de oliveira gomes ii,RJ,23.81,Reserva Particular do Patrimônio Natural · Estadual,-22.29039,-42.88446,-22.28122,-42.87591
conservacao,0000.00.2195,RESERVA PARTICULAR DO PATRIMÔNIO NATURAL RINCÃO DAS FLORES,reserva particular do patrimonio natural rincao das flores,RS,15.48,Reserva Particular do Patrimônio Natural · Federal,-30.17564,-51.10205,-30.17054,-51.09565
conservacao,0000.00.4508,RESERVA PARTICULAR DO PATRIMÔNIO NATURAL RIO ALMAS,reserva particular do patrimonio natural rio almas,GO,62.06,Reserva Particular do Patrimônio Natural · Federal,-13.71822,-47.40778,-13.70221,-47.39855
conservacao,0000.00.1380,RESERVA PARTICULAR DO PATRIMÔNIO NATURAL RIO BONITO,reserva particular do patrimonio natural rio bonito,CE,1582.97,Reserva Particular do Patrimônio Natural · Federal,-5.27668,-39.13809,-5.20993,-39.10243
conservacao,0000.00.1403,RESERVA PARTICULAR DO PATRIMÔNIO NATURAL RIO CAPITÃO,reserva particular do patrimonio natural rio capitao,BA,384.9,Reserva Particular do Patrimônio Natural · Federal,-14.37,-39.09968,-14.3356,-39.08563
conservacao,0000.00.4475,RESERVA PARTICULAR DO PATRIMÔNIO NATURAL RIO CLARO,reserva particular do patrimonio natural rio claro,GO,48.29,Reserva Particular do Patrimônio Natural · Federal,-17.95099,-51.72575,-17.94155,-51.71639
conservacao,0000.00.3068,RESERVA PARTICULAR DO PATRIMÔNIO NATURAL RIO DA BARRA,reserva particular do patrimonio natural rio da barra,BA,144.22,Reserva Particular do Patrimônio Natural · Federal,-16.56199,-39.11952,-16.54487,-39.09986
conservacao,0000.29.4243,RESERVA PARTICULAR DO PATRIMÔNIO NATURAL RIO DA ONÇA,reserva particular do patrimonio natural rio da onca,BA,27.05,Reserva Particular do Patrimônio Natural · Estadual,-11.10014,-40.48945,-11.09112,-40.48423
conservacao,0000.00.1102,RESERVA PARTICULAR DO PATRIMÔNIO NATURAL RIO DAS LONTRAS,reserva particular do patrimonio natural rio das lontras,SC,20.0,Reserva Particular do Patrimônio Natural · Federal,-27.63162,-48.88405,-27.62429,-48.87953
conservacao,0000.00.2196,RESERVA PARTICULAR DO PATRIMÔNIO NATURAL RIO DO BRASIL I,reserva particular do patrimonio natural rio do brasil i,BA,88.8,Reserva Particular do Patrimônio Natural · Federal,-16.5556,-39.12937,-16.54139,-39.11831
conservacao,0000.00.2197,RESERVA PARTICULAR DO PATRIMÔNIO NATURAL RIO DO BRASIL II,reserva particular do patrimonio natural rio do brasil ii,BA,400.57,Reserva Particular do Patrimônio Natural · Federal,-16.53844,-39.15156,-16.51139,-39.13177
conservacao,0000.00.2198,RESERVA PARTICULAR DO PATRIMÔNIO NATURAL RIO DO BRASIL III,reserva particular do patrimonio natural rio do brasil iii,BA,357.12,Reserva Particular do Patrimônio Natural · Federal,-16.55222,-39.14109,-16.52451,-39.12225
conservacao,0000.00.2199,RESERVA PARTICULAR DO PATRIMÔNIO NATURAL RIO DO BRASIL IV,reserva particular do patrimonio natural rio do brasil iv,BA,74.68,Reserva Particular do Patrimônio Natural · Federal,-16.53995,-39.12443,-16.52888,-39.11557
conservacao,0000.00.2200,RESERVA PARTICULAR DO PATRIMÔNIO NATURAL RIO DO BRASIL V,reserva particular do patrimonio natural rio do brasil v,BA,54.47,Reserva Particular do Patrimônio Natural · Federal,-16.54702,-39.12503,-16.53901,-39.11221
conservacao,0000.00.1439,RESERVA PARTICULAR DO PATRIMÔNIO NATURAL RIO DOS MONOS,reserva particular do patrimonio natural rio dos monos,BA,8.86,Reserva Particular do Patrimônio Natural · Federal,-14.97319,-40.56538,-14.96626,-40.55966
conservacao,0000.33.5063,RESERVA PARTICULAR DO PATRIMÔNIO NATURAL RIO ESTRELA,reserva particular do patrimonio natural rio estrela,RJ,84.12,Reserva Particular do Patrimônio Natural · Estadual,-22.70893,-43.23132,-22.68091,-43.21406
conservacao,0000.32.2918,RESERVA PARTICULAR DO PATRIMÔNIO NATURAL RIO FUNDO,reserva particular do patrimonio natural rio fundo,ES,15.91,Reserva Particular do Patrimônio Natural · Estadual,-20.46955,-40.75109,-20.46572,-40.74639
conservacao,0000.00.2202,RESERVA PARTICULAR DO PATRIMÔNIO NATURAL RIO JARDIM,reserva particular do patrimonio natural rio jardim,BA,6.95,Reserva Particular do Patrimônio Natural · Federal,-16.35286,-39.03406,-16.34955,-39.02954
conservacao,0000.00.3683,RESERVA PARTICULAR DO PATRIMÔNIO NATURAL RIO VERMELHO,reserva particular do patrimonio natural rio vermelho,SC,76.19,Reserva Particular do Patrimônio Natural · Federal,-27.49707,-48.44434,-27.48794,-48.43276
conservacao,0000.00.4518,RESERVA PARTICULAR DO PATRIMÔNIO NATURAL RIO VERMELHO,reserva particular do patrimonio natural rio vermelho,SP,56.03,Reserva Particular do Patrimônio Natural · Federal,-22.82582,-44.42525,-22.81693,-44.41387
conservacao,0000.00.2203,RESERVA PARTICULAR DO PATRIMÔNIO NATURAL ROGÉRIO MARINHO,reserva particular do patrimonio natural rogerio marinho,RJ,82.9,Reserva Particular do Patrimônio Natural · Federal,-22.45481,-43.1021,-22.44477,-43.08276
conservacao,0000.29.5036,RESERVA PARTICULAR DO PATRIMÔNIO NATURAL ROMÃO GRAMACHO FALCÃO,reserva particular do patrimonio natural romao gramacho falcao,BA,53.85,Reserva Particular do Patrimônio Natural · Estadual,-11.16825,-40.48542,-11.15716,-40.48058
conservacao,0000.00.2204,RESERVA PARTICULAR DO PATRIMÔNIO NATURAL RONCO DO BUGIO,reserva particular do patrimonio natural ronco do bugio,RS,23.07,Reserva Particular do Patrimônio Natural · Federal,-29.67256,-52.22461,-29.66626,-52.21764
conservacao,0000.26.5151,RESERVA PARTICULAR DO PATRIMÔNIO NATURAL RPPN CONTESTADO,reserva particular do patrimonio natural rppn contestado,PE,88.52,Reserva Particular do Patrimônio Natural · Estadual,-8.84495,-35.80169,-8.83416,-35.79039
conservacao,0000.26.3309,RESERVA PARTICULAR DO PATRIMÔNIO NATURAL RPPN DO BENENDITO,reserva particular do patrimonio natural rppn do benendito,PE,18.59,Reserva Particular do Patrimônio Natural · Estadual,-8.29293,-35.58986,-8.28742,-35.58282
conservacao,0000.26.5149,RESERVA PARTICULAR DO PATRIMÔNIO NATURAL RPPN QUIZANGA,reserva particular do patrimonio natural rppn quizanga,PE,717.83,Reserva Particular do Patrimônio Natural · Estadual,-7.96824,-35.08117,-7.92664,-35.0431
conservacao,0000.26.3307,RESERVA PARTICULAR DO PATRIMÔNIO NATURAL RPPN-PEDRA D'ÁNTAS,reserva particular do patrimonio natural rppn-pedra d'antas,PE,328.42,Reserva Particular do Patrimônio Natural · Estadual,-8.71756,-35.86693,-8.68222,-35.84597
conservacao,0000.50.2762,RESERVA PARTICULAR DO PATRIMÔNIO NATURAL RUMO AO OESTE,reserva particular do patrimonio natural rumo ao oeste,MS,954.76,Reserva Particular do Patrimônio Natural · Estadual,-17.80995,-57.69419,-17.73655,-57.66799
conservacao,0000.27.3579,RESERVA PARTICULAR DO PATRIMÔNIO NATURAL SAINT MICHEL 1,reserva particular do patrimonio natural saint michel 1,AL,77.54,Reserva Particular do Patrimônio Natural · Estadual,-9.80963,-35.88404,-9.79578,-35.86437
conservacao,0000.27.3580,RESERVA PARTICULAR DO PATRIMÔNIO NATURAL SAINT MICHEL 2,reserva particular do patrimonio natural saint michel 2,AL,4.69,Reserva Particular do Patrimônio Natural · Estadual,-9.80269,-35.86746,-9.7952,-35.86173
conservacao,0000.27.3582,RESERVA PARTICULAR DO PATRIMÔNIO NATURAL SAINT MICHEL 3,reserva particular do patrimonio natural saint michel 3,AL,2.0,Reserva Particular do Patrimônio Natural · Estadual,-9.80169,-35.86625,-9.79806,-35.86431
conservacao,0000.00.1412,RESERVA PARTICULAR DO PATRIMÔNIO NATURAL SALTO APEPIQUE,reserva particular do patrimonio natural salto apepique,BA,116.75,Reserva Particular do Patrimônio Natural · Federal,-14.60783,-39.13604,-14.59681,-39.12466
conservacao,0000.00.1184,RESERVA PARTICULAR DO PATRIMÔNIO NATURAL SALTO MORATO,reserva particular do patrimonio natural salto morato,PR,818.36,Reserva Particular do Patrimônio Natural · Federal,-25.1851,-48.33144,-25.15587,-48.29743
conservacao,0000.27.3609,RESERVA PARTICULAR DO PATRIMÔNIO NATURAL SALVADOR LYRA,reserva particular do patrimonio natural salvador lyra,AL,44.96,Reserva Particular do Patrimônio Natural · Estadual,-9.7601,-36.0283,-9.74682,-36.01969
conservacao,0000.00.3085,RESERVA PARTICULAR DO PATRIMÔNIO NATURAL SAMUEL NOBRE,reserva particular do patrimonio natural samuel nobre,CE,27.11,Reserva Particular do Patrimônio Natural · Federal,-5.10755,-38.55403,-5.09131,-38.55259
conservacao,0000.29.3431,RESERVA PARTICULAR DO PATRIMÔNIO NATURAL SANTA ANA I,reserva particular do patrimonio natural santa ana i,BA,44.95,Reserva Particular do Patrimônio Natural · Estadual,-14.31986,-39.12181,-14.31111,-39.11088
conservacao,0000.29.3278,RESERVA PARTICULAR DO PATRIMÔNIO NATURAL SANTA ANA II,reserva particular do patrimonio natural santa ana ii,BA,9.98,Reserva Particular do Patrimônio Natural · Estadual,-14.32135,-39.12098,-14.31842,-39.1145
conservacao,0000.50.3046,RESERVA PARTICULAR DO PATRIMÔNIO NATURAL SANTA ANGÉLICA,reserva particular do patrimonio natural santa angelica,MS,2087.81,Reserva Particular do Patrimônio Natural · Estadual,-21.94506,-54.69956,-21.88505,-54.58956
conservacao,0000.29.5037,RESERVA PARTICULAR DO PATRIMÔNIO NATURAL SANTA ANITA I,reserva particular do patrimonio natural santa anita i,BA,675.78,Reserva Particular do Patrimônio Natural · Estadual,-13.70448,-40.84271,-13.66983,-40.81423
conservacao,0000.29.5038,RESERVA PARTICULAR DO PATRIMÔNIO NATURAL SANTA ANITA II,reserva particular do patrimonio natural santa anita ii,BA,840.58,Reserva Particular do Patrimônio Natural · Estadual,-13.74345,-40.85009,-13.69828,-40.81196
conservacao,0000.29.5039,RESERVA PARTICULAR DO PATRIMÔNIO NATURAL SANTA ANITA III,reserva particular do patrimonio natural santa anita iii,BA,265.99,Reserva Particular do Patrimônio Natural · Estadual,-13.76475,-40.82557,-13.73348,-40.79657
conservacao,0000.00.4485,RESERVA PARTICULAR DO PATRIMÔNIO NATURAL SANTA BÁRBARA,reserva particular do patrimonio natural santa barbara,RS,2.0,Reserva Particular do Patrimônio Natural · Federal,-29.078,-51.08251,-29.07628,-51.08007
conservacao,0000.50.2590,RESERVA PARTICULAR DO PATRIMÔNIO NATURAL SANTA CECÍLIA,reserva particular do patrimonio natural santa cecilia,MS,112.11,Reserva Particular do Patrimônio Natural · Estadual,-23.17905,-53.75086,-23.16175,-53.73498
conservacao,0000.50.2751,RESERVA PARTICULAR DO PATRIMÔNIO NATURAL SANTA CECÍLIA II,reserva particular do patrimonio natural santa cecilia ii,MS,8983.97,Reserva Particular do Patrimônio Natural · Estadual,-23.17905,-56.15578,-18.20553,-53.73498
conservacao,0000.00.2205,RESERVA PARTICULAR DO PATRIMÔNIO NATURAL SANTA CLARA,reserva particular do patrimonio natural santa clara,GO,164.45,Reserva Particular do Patrimônio Natural · Federal,-17.14773,-47.32701,-17.13462,-47.31337
conservacao,0000.33.2898,RESERVA PARTICULAR DO PATRIMÔNIO NATURAL SANTA CLARA,reserva particular do patrimonio natural santa clara,RJ,21.13,Reserva Particular do Patrimônio Natural · Estadual,-22.53851,-43.68569,-22.53252,-43.67725
conservacao,0000.27.3882,RESERVA PARTICULAR DO PATRIMÔNIO NATURAL SANTA CRISTINA,reserva particular do patrimonio natural santa cristina,AL,16.01,Reserva Particular do Patrimônio Natural · Estadual,-9.79574,-35.95437,-9.78728,-35.95005
conservacao,0000.00.2206,RESERVA PARTICULAR DO PATRIMÔNIO NATURAL SANTA DULCE DE CIMA,reserva particular do patrimonio natural santa dulce de cima,RJ,92.04,Reserva Particular do Patrimônio Natural · Federal,-22.11849,-42.01572,-22.10137,-42.00712
conservacao,0000.27.2683,RESERVA PARTICULAR DO PATRIMÔNIO NATURAL SANTA FÉ,reserva particular do patrimonio natural santa fe,AL,17.5,Reserva Particular do Patrimônio Natural · Estadual,-9.52362,-36.44761,-9.51699,-36.44258
conservacao,0000.00.1193,RESERVA PARTICULAR DO PATRIMÔNIO NATURAL SANTA MARIA DE TAPUÃ,reserva particular do patrimonio natural santa maria de tapua,PI,287.76,Reserva Particular do Patrimônio Natural · Federal,-4.98051,-42.7205,-4.9632,-42.70324
conservacao,0000.00.2207,RESERVA PARTICULAR DO PATRIMÔNIO NATURAL SANTA MARIA I,reserva particular do patrimonio natural santa maria i,BA,96.57,Reserva Particular do Patrimônio Natural · Federal,-17.07519,-39.40429,-17.06359,-39.38483
conservacao,0000.00.2208,RESERVA PARTICULAR DO PATRIMÔNIO NATURAL SANTA MARIA II,reserva particular do patrimonio natural santa maria ii,BA,158.65,Reserva Particular do Patrimônio Natural · Federal,-17.08261,-39.38927,-17.06969,-39.36221
conservacao,0000.00.2209,RESERVA PARTICULAR DO PATRIMÔNIO NATURAL SANTA MARIA III,reserva particular do patrimonio natural santa maria iii,BA,159.78,Reserva Particular do Patrimônio Natural · Federal,-17.11142,-39.38392,-17.096,-39.36236
conservacao,0000.26.3785,RESERVA PARTICULAR DO PATRIMÔNIO NATURAL SANTO ANTONIO,reserva particular do patrimonio natural santo antonio,PE,109.74,Reserva Particular do Patrimônio Natural · Estadual,-8.0922,-35.61938,-8.0697,-35.60968
conservacao,0000.33.2298,RESERVA PARTICULAR DO PATRIMÔNIO NATURAL SANTO ANTONIO,reserva particular do patrimonio natural santo antonio,RJ,538.75,Reserva Particular do Patrimônio Natural · Estadual,-22.38457,-44.60022,-22.36924,-44.54524
conservacao,0000.33.3902,RESERVA PARTICULAR DO PATRIMÔNIO NATURAL SANTO ANTÔNIO,reserva particular do patrimonio natural santo antonio,RJ,1027.15,Reserva Particular do Patrimônio Natural · Estadual,-22.23862,-41.89807,-22.17783,-41.85714
conservacao,0000.00.1449,RESERVA PARTICULAR DO PATRIMÔNIO NATURAL SANTUÁRIO,reserva particular do patrimonio natural santuario,AM,57.65,Reserva Particular do Patrimônio Natural · Federal,-2.05521,-59.93289,-2.04756,-59.92503
conservacao,0000.00.1247,RESERVA PARTICULAR DO PATRIMÔNIO NATURAL SANTUÁRIO CARAÇA,reserva particular do patrimonio natural santuario caraca,MG,10189.87,Reserva Particular do Patrimônio Natural · Federal,-20.14282,-43.5833,-20.03994,-43.47439
conservacao,0000.00.3112,RESERVA PARTICULAR DO PATRIMÔNIO NATURAL SANTUÁRIO DAS PEDRAS,reserva particular do patrimonio natural santuario das pedras,GO,25.61,Reserva Particular do Patrimônio Natural · Federal,-14.17682,-47.33393,-14.17096,-47.32733
conservacao,0000.00.1354,RESERVA PARTICULAR DO PATRIMÔNIO NATURAL SANTUÁRIO DE VIDA SILVESTRE FLOR DAS ÁGUAS,reserva particular do patrimonio natural santuario de vida silvestre flor das aguas,GO,42.94,Reserva Particular do Patrimônio Natural · Federal,-15.82321,-48.98888,-15.81651,-48.98195
conservacao,0000.00.4530,RESERVA PARTICULAR DO PATRIMÔNIO NATURAL SANTUÁRIO ECOLÓGICO MÃE TERRA,reserva particular do patrimonio natural santuario ecologico mae terra,DF,2.38,Reserva Particular do Patrimônio Natural · Federal,-15.58497,-47.77241,-15.58293,-47.77123
conservacao,0000.00.4472,RESERVA PARTICULAR DO PATRIMÔNIO NATURAL SANTUÁRIO ECOLÓGICO OLHOS D'ÁGUA,reserva particular do patrimonio natural santuario ecologico olhos d'agua,GO,11.98,Reserva Particular do Patrimônio Natural · Federal,-16.01946,-48.62034,-16.0161,-48.61493
conservacao,0000.00.1372,RESERVA PARTICULAR DO PATRIMÔNIO NATURAL SANTUÁRIO ECOLÓGICO SONHEM,reserva particular do patrimonio natural santuario ecologico sonhem,DF,52.94,Reserva Particular do Patrimônio Natural · Federal,-15.58762,-47.837,-15.58009,-47.82946
conservacao,0000.00.2210,RESERVA PARTICULAR DO PATRIMÔNIO NATURAL SANTUÁRIO RÃ-BUGIO I,reserva particular do patrimonio natural santuario ra-bugio i,SC,1.89,Reserva Particular do Patrimônio Natural · Federal,-26.43931,-48.96053,-26.43679,-48.95896
conservacao,0000.00.2211,RESERVA PARTICULAR DO PATRIMÔNIO NATURAL SANTUÁRIO RÃ-BUGIO II,reserva particular do patrimonio natural santuario ra-bugio ii,SC,2.75,Reserva Particular do Patrimônio Natural · Federal,-26.43716,-48.96165,-26.43452,-48.95962
conservacao,0000.31.4959,RESERVA PARTICULAR DO PATRIMÔNIO NATURAL SANTUÁRIO VEREDAS DO SÃO MIGUEL,reserva particular do patrimonio natural santuario veredas do sao miguel,MG,1013.29,Reserva Particular do Patrimônio Natural · Estadual,-16.03806,-46.70849,-16.00491,-46.66411
conservacao,0000.00.3111,RESERVA PARTICULAR DO PATRIMÔNIO NATURAL SÃO BARTOLOMEU,reserva particular do patrimonio natural sao bartolomeu,GO,71.03,Reserva Particular do Patrimônio Natural · Federal,-13.87183,-47.50005,-13.86508,-47.48098
conservacao,0000.33.2273,RESERVA PARTICULAR DO PATRIMÔNIO NATURAL SÃO CARLOS DO MATO DENTRO,reserva particular do patrimonio natural sao carlos do mato dentro,RJ,24.03,Reserva Particular do Patrimônio Natural · Estadual,-22.6575,-43.91272,-22.65105,-43.90566
conservacao,0000.29.5040,RESERVA PARTICULAR DO PATRIMÔNIO NATURAL SÃO CARLOS I,reserva particular do patrimonio natural sao carlos i,BA,68.78,Reserva Particular do Patrimônio Natural · Estadual,-13.18724,-40.52929,-13.17157,-40.52176
conservacao,0000.29.5041,RESERVA PARTICULAR DO PATRIMÔNIO NATURAL SÃO CARLOS II,reserva particular do patrimonio natural sao carlos ii,BA,52.37,Reserva Particular do Patrimônio Natural · Estadual,-13.18015,-40.52929,-13.17157,-40.51763
conservacao,0000.35.3435,RESERVA PARTICULAR DO PATRIMÔNIO NATURAL SÃO ELIAS,reserva particular do patrimonio natural sao elias,SP,3.18,Reserva Particular do Patrimônio Natural · Estadual,-23.02223,-47.51846,-23.01833,-47.51438
conservacao,0000.00.1411,RESERVA PARTICULAR DO PATRIMÔNIO NATURAL SÃO FRANCISCO DA TRIJUNÇÃO,reserva particular do patrimonio natural sao francisco da trijuncao,BA,2109.77,Reserva Particular do Patrimônio Natural · Federal,-14.7963,-46.00725,-14.74945,-45.95911
conservacao,0000.33.5057,RESERVA PARTICULAR DO PATRIMÔNIO NATURAL SÃO GERÔNIMO,reserva particular do patrimonio natural sao geronimo,RJ,3.18,Reserva Particular do Patrimônio Natural · Estadual,-21.89682,-41.9579,-21.89443,-41.95633
conservacao,0000.27.4608,RESERVA PARTICULAR DO PATRIMÔNIO NATURAL SÃO JOSÉ,reserva particular do patrimonio natural sao jose,AL,57.85,Reserva Particular do Patrimônio Natural · Estadual,-9.48382,-37.56474,-9.47593,-37.55819
conservacao,0000.33.2341,RESERVA PARTICULAR DO PATRIMÔNIO NATURAL SÃO JOSÉ,reserva particular do patrimonio natural sao jose,RJ,8.77,Reserva Particular do Patrimônio Natural · Estadual,-22.31336,-42.46661,-22.30654,-42.46263
conservacao,0000.35.2020,RESERVA PARTICULAR DO PATRIMÔNIO NATURAL SÃO JUDAS TADEU,reserva particular do patrimonio natural sao judas tadeu,SP,6.14,Reserva Particular do Patrimônio Natural · Estadual,-23.94689,-47.17114,-23.94185,-47.16817
conservacao,0000.35.4349,RESERVA PARTICULAR DO PATRIMÔNIO NATURAL SÃO LOURENÇO,reserva particular do patrimonio natural sao lourenco,SP,44.42,Reserva Particular do Patrimônio Natural · Estadual,-22.94065,-48.95527,-22.92756,-48.94113
conservacao,0000.31.5309,RESERVA PARTICULAR DO PATRIMÔNIO NATURAL SÃO LOURENÇO DO FUNIL,reserva particular do patrimonio natural sao lourenco do funil,MG,23.91,Reserva Particular do Patrimônio Natural · Estadual,-22.00917,-43.91194,-22.00583,-43.89861
conservacao,0000.23.3947,RESERVA PARTICULAR DO PATRIMÔNIO NATURAL SÃO PEDRO,reserva particular do patrimonio natural sao pedro,CE,8.85,Reserva Particular do Patrimônio Natural · Estadual,-6.68754,-39.97324,-6.68379,-39.9702
conservacao,0000.52.5239,RESERVA PARTICULAR DO PATRIMÔNIO NATURAL SÃO PEDRO,reserva particular do patrimonio natural sao pedro,GO,89.45,Reserva Particular do Patrimônio Natural · Estadual,-19.08817,-50.67837,-19.07421,-50.66758
conservacao,0000.31.4724,RESERVA PARTICULAR DO PATRIMÔNIO NATURAL SÃO PEDRO DO CAMPO BELO,reserva particular do patrimonio natural sao pedro do campo belo,MG,4.97,Reserva Particular do Patrimônio Natural · Estadual,-21.4722,-43.12287,-21.46905,-43.11947
conservacao,0000.00.1114,RESERVA PARTICULAR DO PATRIMÔNIO NATURAL SAPUCAIA,reserva particular do patrimonio natural sapucaia,BA,18.29,Reserva Particular do Patrimônio Natural · Federal,-14.26312,-39.1834,-14.25876,-39.1789
conservacao,0000.00.1304,RESERVA PARTICULAR DO PATRIMÔNIO NATURAL SARANDI,reserva particular do patrimonio natural sarandi,MG,3.48,Reserva Particular do Patrimônio Natural · Federal,-16.99111,-43.96585,-16.9892,-43.96387
conservacao,0000.52.5229,RESERVA PARTICULAR DO PATRIMÔNIO NATURAL SAUDADE,reserva particular do patrimonio natural saudade,GO,85.82,Reserva Particular do Patrimônio Natural · Estadual,-18.88913,-50.64891,-18.87836,-50.63377
conservacao,0000.00.2079,RESERVA PARTICULAR DO PATRIMÔNIO NATURAL SEGREDO DA SERRA DOS PIRENEUS,reserva particular do patrimonio natural segredo da serra dos pireneus,GO,3.63,Reserva Particular do Patrimônio Natural · Federal,-15.821,-48.8912,-15.81779,-48.88723
conservacao,0000.00.1299,RESERVA PARTICULAR DO PATRIMÔNIO NATURAL SEGREDO DAS ÁGUAS,reserva particular do patrimonio natural segredo das aguas,MG,77.58,Reserva Particular do Patrimônio Natural · Federal,-17.68584,-41.66828,-17.67666,-41.65911
conservacao,0000.00.4489,RESERVA PARTICULAR DO PATRIMÔNIO NATURAL SEGREDOS DO CERRADO,reserva particular do patrimonio natural segredos do cerrado,GO,7.41,Reserva Particular do Patrimônio Natural · Federal,-15.83872,-48.90234,-15.83435,-48.89478
conservacao,0000.52.5242,RESERVA PARTICULAR DO PATRIMÔNIO NATURAL SEMENTE DO AMOR,reserva particular do patrimonio natural semente do amor,GO,1.53,Reserva Particular do Patrimônio Natural · Estadual,-14.53205,-47.03605,-14.53076,-47.03371
conservacao,0000.27.5089,RESERVA PARTICULAR DO PATRIMÔNIO NATURAL SENADOR CARLOS LYRA,reserva particular do patrimonio natural senador carlos lyra,AL,395.71,Reserva Particular do Patrimônio Natural · Estadual,-9.40266,-35.7388,-9.36657,-35.71662
conservacao,0000.31.4716,RESERVA PARTICULAR DO PATRIMÔNIO NATURAL SENHORA DO PORTO,reserva particular do patrimonio natural senhora do porto,MG,68.73,Reserva Particular do Patrimônio Natural · Estadual,-18.97868,-42.99377,-18.96718,-42.97957
conservacao,0000.00.2212,RESERVA PARTICULAR DO PATRIMÔNIO NATURAL SER NATIVO,reserva particular do patrimonio natural ser nativo,RN,151.67,Reserva Particular do Patrimônio Natural · Federal,-6.41924,-36.57572,-6.4067,-36.56305
conservacao,0000.27.4041,RESERVA PARTICULAR DO PATRIMÔNIO NATURAL SERENO,reserva particular do patrimonio natural sereno,AL,165.88,Reserva Particular do Patrimônio Natural · Estadual,-9.10502,-35.3919,-9.08131,-35.3659
conservacao,0000.00.1131,RESERVA PARTICULAR DO PATRIMÔNIO NATURAL SERINGAL ASSUNÇÃO,reserva particular do patrimonio natural seringal assuncao,RO,590.43,Reserva Particular do Patrimônio Natural · Federal,-8.14035,-63.03715,-8.11609,-63.01161
conservacao,0000.00.4502,RESERVA PARTICULAR DO PATRIMÔNIO NATURAL SERRA BONITA III,reserva particular do patrimonio natural serra bonita iii,BA,158.53,Reserva Particular do Patrimônio Natural · Federal,-15.38686,-39.60305,-15.37309,-39.58651
conservacao,0000.00.4523,RESERVA PARTICULAR DO PATRIMÔNIO NATURAL SERRA BONITA IV,reserva particular do patrimonio natural serra bonita iv,BA,51.18,Reserva Particular do Patrimônio Natural · Federal,-15.42249,-39.56978,-15.41188,-39.56253
conservacao,0000.00.4500,RESERVA PARTICULAR DO PATRIMÔNIO NATURAL SERRA BONITA IX,reserva particular do patrimonio natural serra bonita ix,BA,11.77,Reserva Particular do Patrimônio Natural · Federal,-15.3781,-39.57384,-15.37525,-39.56739
conservacao,0000.00.4486,RESERVA PARTICULAR DO PATRIMÔNIO NATURAL SERRA BONITA V,reserva particular do patrimonio natural serra bonita v,BA,10.2,Reserva Particular do Patrimônio Natural · Federal,-15.41268,-39.56902,-15.41027,-39.56325
conservacao,0000.00.4544,RESERVA PARTICULAR DO PATRIMÔNIO NATURAL SERRA BONITA VI,reserva particular do patrimonio natural serra bonita vi,BA,49.38,Reserva Particular do Patrimônio Natural · Federal,-15.42799,-39.55839,-15.41989,-39.54907
conservacao,0000.00.4549,RESERVA PARTICULAR DO PATRIMÔNIO NATURAL SERRA BONITA VIII,reserva particular do patrimonio natural serra bonita viii,BA,26.01,Reserva Particular do Patrimônio Natural · Federal,-15.44467,-39.58121,-15.43535,-39.57767
conservacao,0000.27.5081,RESERVA PARTICULAR DO PATRIMÔNIO NATURAL SERRA D'ÁGUA,reserva particular do patrimonio natural serra d'agua,AL,194.31,Reserva Particular do Patrimônio Natural · Estadual,-9.12582,-35.58219,-9.08335,-35.56592
conservacao,0000.35.3876,RESERVA PARTICULAR DO PATRIMÔNIO NATURAL SERRA DA BOCAINA,reserva particular do patrimonio natural serra da bocaina,SP,19.9,Reserva Particular do Patrimônio Natural · Estadual,-22.67213,-44.60547,-22.66674,-44.59952
conservacao,0000.00.1378,RESERVA PARTICULAR DO PATRIMÔNIO NATURAL SERRA DAS ALMAS,reserva particular do patrimonio natural serra das almas,CE,5843.36,Reserva Particular do Patrimônio Natural · Federal,-5.18187,-40.94382,-5.09603,-40.8516
conservacao,0000.00.3070,RESERVA PARTICULAR DO PATRIMÔNIO NATURAL SERRA DAS ALMAS DE RIO DE CONTAS,reserva particular do patrimonio natural serra das almas de rio de contas,BA,263.15,Reserva Particular do Patrimônio Natural · Federal,-13.55644,-41.88887,-13.53703,-41.8693
conservacao,0000.00.4536,RESERVA PARTICULAR DO PATRIMÔNIO NATURAL SERRA DE MIGUEL PEREIRA,reserva particular do patrimonio natural serra de miguel pereira,RJ,4.7,Reserva Particular do Patrimônio Natural · Federal,-22.47581,-43.46468,-22.47328,-43.4606
conservacao,0000.00.2213,RESERVA PARTICULAR DO PATRIMÔNIO NATURAL SERRA DO CONTENTE,reserva particular do patrimonio natural serra do contente,PE,9.1,Reserva Particular do Patrimônio Natural · Federal,-8.26444,-35.55456,-8.25836,-35.55159
conservacao,0000.31.4730,RESERVA PARTICULAR DO PATRIMÔNIO NATURAL SERRA DO FACÃO,reserva particular do patrimonio natural serra do facao,MG,27.81,Reserva Particular do Patrimônio Natural · Estadual,-19.78697,-44.66664,-19.78075,-44.66009
conservacao,0000.35.2318,RESERVA PARTICULAR DO PATRIMÔNIO NATURAL SERRA DO ITATINS,reserva particular do patrimonio natural serra do itatins,SP,74.92,Reserva Particular do Patrimônio Natural · Estadual,-24.43038,-47.44709,-24.41748,-47.43694
conservacao,0000.00.2214,RESERVA PARTICULAR DO PATRIMÔNIO NATURAL SERRA DO LUCINDO,reserva particular do patrimonio natural serra do lucindo,SC,317.38,Reserva Particular do Patrimônio Natural · Federal,-26.45568,-50.51877,-26.43641,-50.49294
conservacao,0000.00.1167,RESERVA PARTICULAR DO PATRIMÔNIO NATURAL SERRA GRANDE,reserva particular do patrimonio natural serra grande,RJ,109.19,Reserva Particular do Patrimônio Natural · Federal,-22.45325,-42.33196,-22.43348,-42.31581
conservacao,0000.31.5300,RESERVA PARTICULAR DO PATRIMÔNIO NATURAL SERRINHA,reserva particular do patrimonio natural serrinha,MG,5.87,Reserva Particular do Patrimônio Natural · Estadual,-22.02944,-43.90482,-22.02302,-43.90056
conservacao,0000.35.3418,RESERVA PARTICULAR DO PATRIMÔNIO NATURAL SERRINHA,reserva particular do patrimonio natural serrinha,SP,245.2,Reserva Particular do Patrimônio Natural · Estadual,-22.47823,-44.83443,-22.43161,-44.81389
conservacao,0000.26.3786,RESERVA PARTICULAR DO PATRIMÔNIO NATURAL SERRO AZUL,reserva particular do patrimonio natural serro azul,PE,0.0,Reserva Particular do Patrimônio Natural · Estadual,-8.4819,-35.99614,-8.47077,-35.98587
conservacao,0000.33.2289,RESERVA PARTICULAR DO PATRIMÔNIO NATURAL SETE FLECHAS,reserva particular do patrimonio natural sete flechas,RJ,7.08,Reserva Particular do Patrimônio Natural · Estadual,-22.52736,-43.66916,-22.52435,-43.66588
conservacao,4409.33.4963,RESERVA PARTICULAR DO PATRIMÔNIO NATURAL SIMAR,reserva particular do patrimonio natural simar,RJ,57.11,Reserva Particular do Patrimônio Natural · Municipal,-22.83951,-44.18274,-22.83226,-44.17029
conservacao,0000.32.2363,RESERVA PARTICULAR DO PATRIMÔNIO NATURAL SIMONE,reserva particular do patrimonio natural simone,ES,20.6,Reserva Particular do Patrimônio Natural · Estadual,-20.00932,-41.20954,-20.00108,-41.20529
conservacao,0000.00.4476,RESERVA PARTICULAR DO PATRIMÔNIO NATURAL SIMPLICIDADE,reserva particular do patrimonio natural simplicidade,GO,4.06,Reserva Particular do Patrimônio Natural · Federal,-15.81393,-48.89041,-15.80925,-48.88641
conservacao,0000.29.5042,RESERVA PARTICULAR DO PATRIMÔNIO NATURAL SIRIEMA,reserva particular do patrimonio natural siriema,BA,50.86,Reserva Particular do Patrimônio Natural · Estadual,-14.1346,-43.88968,-14.12507,-43.88237
conservacao,0000.00.1379,RESERVA PARTICULAR DO PATRIMÔNIO NATURAL SÍTIO AMEIXAS - POÇO VELHO,reserva particular do patrimonio natural sitio ameixas - poco velho,CE,459.59,Reserva Particular do Patrimônio Natural · Federal,-3.11534,-39.55047,-3.09344,-39.52859
conservacao,0000.00.1153,RESERVA PARTICULAR DO PATRIMÔNIO NATURAL SÍTIO ANGABA,reserva particular do patrimonio natural sitio angaba,RJ,28.81,Reserva Particular do Patrimônio Natural · Federal,-22.80281,-43.83453,-22.79732,-43.82861
conservacao,0000.00.1165,RESERVA PARTICULAR DO PATRIMÔNIO NATURAL SÍTIO AZUL,reserva particular do patrimonio natural sitio azul,RJ,5.19,Reserva Particular do Patrimônio Natural · Federal,-22.35123,-42.48448,-22.34836,-42.47987
conservacao,0000.27.4108,RESERVA PARTICULAR DO PATRIMÔNIO NATURAL SÍTIO BICA,reserva particular do patrimonio natural sitio bica,AL,1.23,Reserva Particular do Patrimônio Natural · Estadual,-9.12619,-35.2818,-9.12473,-35.2803
conservacao,0227.33.3486,RESERVA PARTICULAR DO PATRIMÔNIO NATURAL SÍTIO CACIQUE,reserva particular do patrimonio natural sitio cacique,RJ,14.5,Reserva Particular do Patrimônio Natural · Municipal,-22.65317,-43.58977,-22.64809,-43.5847
conservacao,0000.00.3657,RESERVA PARTICULAR DO PATRIMÔNIO NATURAL SITIO CAETE,reserva particular do patrimonio natural sitio caete,SP,7.05,Reserva Particular do Patrimônio Natural · Federal,-23.13479,-46.35738,-23.13133,-46.35403
conservacao,0000.00.1048,RESERVA PARTICULAR DO PATRIMÔNIO NATURAL SÍTIO CAPUAVINHA,reserva particular do patrimonio natural sitio capuavinha,SP,4.97,Reserva Particular do Patrimônio Natural · Federal,-23.31907,-46.57097,-23.31679,-46.5685
conservacao,0000.00.1313,RESERVA PARTICULAR DO PATRIMÔNIO NATURAL SÍTIO CERRO DAS ACÁCIAS,reserva particular do patrimonio natural sitio cerro das acacias,MG,0.99,Reserva Particular do Patrimônio Natural · Federal,-21.55572,-43.02868,-21.5547,-43.02759
conservacao,0000.00.1047,RESERVA PARTICULAR DO PATRIMÔNIO NATURAL SÍTIO CURUCUTU,reserva particular do patrimonio natural sitio curucutu,SP,10.82,Reserva Particular do Patrimônio Natural · Federal,-23.89223,-46.62298,-23.88887,-46.61932
conservacao,0000.33.2293,RESERVA PARTICULAR DO PATRIMÔNIO NATURAL SÍTIO DA LUZ,reserva particular do patrimonio natural sitio da luz,RJ,41.13,Reserva Particular do Patrimônio Natural · Estadual,-22.44403,-42.22936,-22.43629,-42.21957
conservacao,0000.33.2300,RESERVA PARTICULAR DO PATRIMÔNIO NATURAL SÍTIO DA LUZ,reserva particular do patrimonio natural sitio da luz,RJ,14.26,Reserva Particular do Patrimônio Natural · Estadual,-22.31619,-42.37152,-22.31202,-42.36541
conservacao,0000.35.3884,RESERVA PARTICULAR DO PATRIMÔNIO NATURAL SÍTIO DAS PEDRAS,reserva particular do patrimonio natural sitio das pedras,SP,1.9,Reserva Particular do Patrimônio Natural · Estadual,-23.15528,-47.1351,-23.15318,-47.13299
conservacao,0000.00.1046,RESERVA PARTICULAR DO PATRIMÔNIO NATURAL SÍTIO DO CANTONEIRO,reserva particular do patrimonio natural sitio do cantoneiro,SP,8.64,Reserva Particular do Patrimônio Natural · Federal,-23.00397,-45.86066,-23.00096,-45.85741
conservacao,0000.00.1289,RESERVA PARTICULAR DO PATRIMÔNIO NATURAL SÍTIO ESTRELA DA SERRA,reserva particular do patrimonio natural sitio estrela da serra,MG,162.15,Reserva Particular do Patrimônio Natural · Federal,-21.93145,-44.07594,-21.91801,-44.0625
conservacao,0000.00.1365,RESERVA PARTICULAR DO PATRIMÔNIO NATURAL SÍTIO ESTRELA DALVA,reserva particular do patrimonio natural sitio estrela dalva,GO,5.0,Reserva Particular do Patrimônio Natural · Federal,-16.08853,-47.93362,-16.08624,-47.93125
conservacao,0000.00.1176,RESERVA PARTICULAR DO PATRIMÔNIO NATURAL SÍTIO FIM DA PICADA,reserva particular do patrimonio natural sitio fim da picada,RJ,697.44,Reserva Particular do Patrimônio Natural · Federal,-22.80128,-44.20983,-22.77334,-44.18189
conservacao,0000.29.3552,RESERVA PARTICULAR DO PATRIMÔNIO NATURAL SÍTIO GRANDE,reserva particular do patrimonio natural sitio grande,BA,53.41,Reserva Particular do Patrimônio Natural · Estadual,-12.44651,-45.16404,-12.43501,-45.1515
conservacao,0000.00.1175,RESERVA PARTICULAR DO PATRIMÔNIO NATURAL SÍTIO GRANJA SÃO JORGE,reserva particular do patrimonio natural sitio granja sao jorge,RJ,13.41,Reserva Particular do Patrimônio Natural · Federal,-22.93505,-43.55303,-22.93117,-43.54915
conservacao,0000.00.1307,RESERVA PARTICULAR DO PATRIMÔNIO NATURAL SÍTIO GRIMPAS,reserva particular do patrimonio natural sitio grimpas,MG,186.95,Reserva Particular do Patrimônio Natural · Federal,-20.13289,-44.09048,-20.11895,-44.07572
conservacao,0000.35.2720,RESERVA PARTICULAR DO PATRIMÔNIO NATURAL SITIO KON TIKI,reserva particular do patrimonio natural sitio kon tiki,SP,11.89,Reserva Particular do Patrimônio Natural · Estadual,-21.74414,-47.42996,-21.73947,-47.42277
conservacao,0000.00.3663,RESERVA PARTICULAR DO PATRIMÔNIO NATURAL SÍTIO LAGOA,reserva particular do patrimonio natural sitio lagoa,CE,70.06,Reserva Particular do Patrimônio Natural · Federal,-4.20764,-38.97549,-4.19861,-38.96378
conservacao,0000.35.2875,RESERVA PARTICULAR DO PATRIMÔNIO NATURAL SÍTIO MANACA,reserva particular do patrimonio natural sitio manaca,SP,25.1,Reserva Particular do Patrimônio Natural · Estadual,-22.68271,-45.26858,-22.6782,-45.26086
conservacao,0000.33.2307,RESERVA PARTICULAR DO PATRIMÔNIO NATURAL SÍTIO MONTE ALEGRE 1B,reserva particular do patrimonio natural sitio monte alegre 1b,RJ,4.33,Reserva Particular do Patrimônio Natural · Estadual,-22.46542,-43.448,-22.4619,-43.44616
conservacao,0000.00.1451,RESERVA PARTICULAR DO PATRIMÔNIO NATURAL SÍTIO MORADA DO SOL,reserva particular do patrimonio natural sitio morada do sol,AM,41.89,Reserva Particular do Patrimônio Natural · Federal,-2.04033,-59.657,-2.03381,-59.65031
conservacao,0000.00.4492,RESERVA PARTICULAR DO PATRIMÔNIO NATURAL SÍTIO PAIQUERÊ,reserva particular do patrimonio natural sitio paiquere,RJ,183.95,Reserva Particular do Patrimônio Natural · Federal,-22.60916,-43.4389,-22.59482,-43.42456
conservacao,0000.33.2893,RESERVA PARTICULAR DO PATRIMÔNIO NATURAL SÍTIO PALMEIRAS,reserva particular do patrimonio natural sitio palmeiras,RJ,2.93,Reserva Particular do Patrimônio Natural · Estadual,-20.91866,-41.88624,-20.91711,-41.88336
conservacao,0000.33.2999,RESERVA PARTICULAR DO PATRIMÔNIO NATURAL SÍTIO PICADA,reserva particular do patrimonio natural sitio picada,RJ,24.94,Reserva Particular do Patrimônio Natural · Estadual,-22.53824,-43.62878,-22.53386,-43.62038
conservacao,0000.00.1308,RESERVA PARTICULAR DO PATRIMÔNIO NATURAL SÍTIO PIRILAMPO,reserva particular do patrimonio natural sitio pirilampo,MG,2.0,Reserva Particular do Patrimônio Natural · Federal,-21.15974,-44.93873,-21.15742,-44.93396
conservacao,0000.00.1052,RESERVA PARTICULAR DO PATRIMÔNIO NATURAL SÍTIO PITHON,reserva particular do patrimonio natural sitio pithon,SP,25.82,Reserva Particular do Patrimônio Natural · Federal,-23.43628,-47.07823,-23.43108,-47.0726
conservacao,0000.00.1173,RESERVA PARTICULAR DO PATRIMÔNIO NATURAL SÍTIO PORANGA,reserva particular do patrimonio natural sitio poranga,RJ,33.78,Reserva Particular do Patrimônio Natural · Federal,-22.80564,-43.82974,-22.7997,-43.82333
conservacao,0000.00.1111,RESERVA PARTICULAR DO PATRIMÔNIO NATURAL SÍTIO PORTO DA CAPELA,reserva particular do patrimonio natural sitio porto da capela,RS,13.86,Reserva Particular do Patrimônio Natural · Federal,-30.02213,-51.51148,-30.01835,-51.5071
conservacao,0000.00.1076,RESERVA PARTICULAR DO PATRIMÔNIO NATURAL SÍTIO PRIMAVERA,reserva particular do patrimonio natural sitio primavera,SP,19.18,Reserva Particular do Patrimônio Natural · Federal,-23.32386,-45.15317,-23.31939,-45.14832
conservacao,0000.00.1290,RESERVA PARTICULAR DO PATRIMÔNIO NATURAL SÍTIO RAIO SOLAR,reserva particular do patrimonio natural sitio raio solar,MG,28.34,Reserva Particular do Patrimônio Natural · Federal,-22.81305,-46.22831,-22.8054,-46.21929
conservacao,0000.00.1172,RESERVA PARTICULAR DO PATRIMÔNIO NATURAL SÍTIO SANTA FÉ,reserva particular do patrimonio natural sitio santa fe,RJ,14.21,Reserva Particular do Patrimônio Natural · Federal,-22.53637,-42.585,-22.53252,-42.58085
conservacao,0000.00.1310,RESERVA PARTICULAR DO PATRIMÔNIO NATURAL SÍTIO SÃO DOMINGOS/AGARTHA,reserva particular do patrimonio natural sitio sao domingos/agartha,MG,1.51,Reserva Particular do Patrimônio Natural · Federal,-20.64332,-41.98525,-20.64208,-41.98393
conservacao,0000.35.4072,RESERVA PARTICULAR DO PATRIMÔNIO NATURAL SÍTIO SÃO JOAQUIM I,reserva particular do patrimonio natural sitio sao joaquim i,SP,12.64,Reserva Particular do Patrimônio Natural · Estadual,-22.68685,-45.66377,-22.68058,-45.65913
conservacao,0000.33.3259,RESERVA PARTICULAR DO PATRIMÔNIO NATURAL SÍTIO SÃO PEDRO,reserva particular do patrimonio natural sitio sao pedro,RJ,1.94,Reserva Particular do Patrimônio Natural · Estadual,-22.43172,-43.58005,-22.42991,-43.5763
conservacao,0000.33.2301,RESERVA PARTICULAR DO PATRIMÔNIO NATURAL SÍTIO SERRA NEGRA,reserva particular do patrimonio natural sitio serra negra,RJ,19.1,Reserva Particular do Patrimônio Natural · Estadual,-22.37764,-42.83553,-22.36781,-42.83018
conservacao,0000.35.3648,RESERVA PARTICULAR DO PATRIMÔNIO NATURAL SÍTIO SOLAR DA MONTANHA,reserva particular do patrimonio natural sitio solar da montanha,SP,1.19,Reserva Particular do Patrimônio Natural · Estadual,-23.22069,-46.54942,-23.21862,-46.54775
conservacao,0000.35.4335,RESERVA PARTICULAR DO PATRIMÔNIO NATURAL SÍTIO TAGUAÍBA II,reserva particular do patrimonio natural sitio taguaiba ii,SP,167.93,Reserva Particular do Patrimônio Natural · Estadual,-24.133,-46.89248,-24.11818,-46.87849
conservacao,0000.33.5065,RESERVA PARTICULAR DO PATRIMÔNIO NATURAL SITIO TALISMÃ,reserva particular do patrimonio natural sitio talisma,RJ,7.87,Reserva Particular do Patrimônio Natural · Estadual,-20.87906,-41.8757,-20.8743,-41.87245
conservacao,0000.00.4463,RESERVA PARTICULAR DO PATRIMÔNIO NATURAL SOL E LUZ,reserva particular do patrimonio natural sol e luz,GO,49.2,Reserva Particular do Patrimônio Natural · Federal,-13.93916,-47.61464,-13.93231,-47.60113
conservacao,0000.00.4521,RESERVA PARTICULAR DO PATRIMÔNIO NATURAL SOLAR DAS BORBOLETAS,reserva particular do patrimonio natural solar das borboletas,RS,1.39,Reserva Particular do Patrimônio Natural · Federal,-29.62873,-53.7291,-29.62727,-53.72804
conservacao,0000.33.2272,RESERVA PARTICULAR DO PATRIMÔNIO NATURAL SOLEDADE,reserva particular do patrimonio natural soledade,RJ,6.33,Reserva Particular do Patrimônio Natural · Estadual,-22.22585,-42.57261,-22.22375,-42.56885
conservacao,0000.00.1355,RESERVA PARTICULAR DO PATRIMÔNIO NATURAL SOLUAR,reserva particular do patrimonio natural soluar,GO,43.95,Reserva Particular do Patrimônio Natural · Federal,-13.75523,-47.40409,-13.74612,-47.39296
conservacao,0000.00.2216,RESERVA PARTICULAR DO PATRIMÔNIO NATURAL SONHADA,reserva particular do patrimonio natural sonhada,TO,886.98,Reserva Particular do Patrimônio Natural · Federal,-9.80852,-50.04998,-9.77436,-50.01017
conservacao,0000.52.5230,RESERVA PARTICULAR DO PATRIMÔNIO NATURAL SORRISO METÁLICO,reserva particular do patrimonio natural sorriso metalico,GO,57.71,Reserva Particular do Patrimônio Natural · Estadual,-17.44988,-48.23852,-17.43733,-48.23363
conservacao,0000.27.4607,RESERVA PARTICULAR DO PATRIMÔNIO NATURAL SOS CAATINGA,reserva particular do patrimonio natural sos caatinga,AL,4.53,Reserva Particular do Patrimônio Natural · Estadual,-9.54894,-37.54583,-9.5473,-37.5381
conservacao,0000.29.3464,RESERVA PARTICULAR DO PATRIMÔNIO NATURAL STANISLAS PRYL/MICO-LEÃO-DA-CARA-DOURADA,reserva particular do patrimonio natural stanislas pryl/mico-leao-da-cara-dourada,BA,418.5,Reserva Particular do Patrimônio Natural · Estadual,-15.26253,-39.12953,-15.21325,-39.1009
conservacao,0000.31.4733,RESERVA PARTICULAR DO PATRIMÔNIO NATURAL TABAROA,reserva particular do patrimonio natural tabaroa,MG,22.54,Reserva Particular do Patrimônio Natural · Estadual,-21.08976,-44.11228,-21.0819,-44.10284
conservacao,0000.31.4920,RESERVA PARTICULAR DO PATRIMÔNIO NATURAL TABOCAS,reserva particular do patrimonio natural tabocas,MG,1185.02,Reserva Particular do Patrimônio Natural · Estadual,-16.55795,-45.11478,-16.47693,-45.07782
conservacao,0000.00.2217,RESERVA PARTICULAR DO PATRIMÔNIO NATURAL TAIPA DO RIO ITAJAÍ,reserva particular do patrimonio natural taipa do rio itajai,SC,43.62,Reserva Particular do Patrimônio Natural · Federal,-26.56699,-49.95635,-26.55719,-49.94375
conservacao,0000.00.2218,RESERVA PARTICULAR DO PATRIMÔNIO NATURAL TAIPA RIO DO COURO,reserva particular do patrimonio natural taipa rio do couro,SC,36.32,Reserva Particular do Patrimônio Natural · Federal,-26.54164,-49.92597,-26.53154,-49.92047
conservacao,0000.00.4468,RESERVA PARTICULAR DO PATRIMÔNIO NATURAL TAIPA RIO DO COURO II,reserva particular do patrimonio natural taipa rio do couro ii,SC,98.88,Reserva Particular do Patrimônio Natural · Federal,-26.54114,-49.93715,-26.52521,-49.92617
conservacao,0000.33.2284,RESERVA PARTICULAR DO PATRIMÔNIO NATURAL TAQUARAL,reserva particular do patrimonio natural taquaral,RJ,16.82,Reserva Particular do Patrimônio Natural · Estadual,-22.50674,-42.46665,-22.50111,-42.46009
conservacao,0000.27.5082,RESERVA PARTICULAR DO PATRIMÔNIO NATURAL TARCIZO TOLEDO CARNAÚBA,reserva particular do patrimonio natural tarcizo toledo carnauba,AL,109.66,Reserva Particular do Patrimônio Natural · Estadual,-9.77495,-35.97941,-9.73907,-35.96149
conservacao,0000.00.2219,RESERVA PARTICULAR DO PATRIMÔNIO NATURAL TAYNÁ,reserva particular do patrimonio natural tayna,PR,15.52,Reserva Particular do Patrimônio Natural · Federal,-25.15685,-49.9287,-25.15092,-49.92215
conservacao,0000.29.4244,RESERVA PARTICULAR DO PATRIMÔNIO NATURAL TENDEIRO,reserva particular do patrimonio natural tendeiro,BA,35.56,Reserva Particular do Patrimônio Natural · Estadual,-11.15753,-40.49495,-11.14499,-40.48053
conservacao,0000.00.5262,RESERVA PARTICULAR DO PATRIMÔNIO NATURAL TERRA CRUA I,reserva particular do patrimonio natural terra crua i,GO,173.97,Reserva Particular do Patrimônio Natural · Federal,-13.70741,-47.33119,-13.69366,-47.30846
conservacao,0000.31.4918,RESERVA PARTICULAR DO PATRIMÔNIO NATURAL TERRA DA UNIDADE,reserva particular do patrimonio natural terra da unidade,MG,75.41,Reserva Particular do Patrimônio Natural · Estadual,-18.43035,-43.51565,-18.41684,-43.498
conservacao,0000.00.4503,RESERVA PARTICULAR DO PATRIMÔNIO NATURAL TERRA DE MARIA,reserva particular do patrimonio natural terra de maria,GO,10.9,Reserva Particular do Patrimônio Natural · Federal,-15.81044,-48.8862,-15.80559,-48.88191
conservacao,0000.00.4545,RESERVA PARTICULAR DO PATRIMÔNIO NATURAL TERRA DO SEGREDO,reserva particular do patrimonio natural terra do segredo,GO,39.94,Reserva Particular do Patrimônio Natural · Federal,-14.19071,-47.81735,-14.17897,-47.813
conservacao,0000.31.4377,RESERVA PARTICULAR DO PATRIMÔNIO NATURAL TERRA DO SOL,reserva particular do patrimonio natural terra do sol,MG,172.2,Reserva Particular do Patrimônio Natural · Estadual,-18.45065,-43.50623,-18.42814,-43.48552
conservacao,0000.33.2892,RESERVA PARTICULAR DO PATRIMÔNIO NATURAL TERRA DO SOL E DA LUA,reserva particular do patrimonio natural terra do sol e da lua,RJ,10.77,Reserva Particular do Patrimônio Natural · Estadual,-22.37477,-42.48693,-22.3708,-42.48163
conservacao,0000.00.2220,RESERVA PARTICULAR DO PATRIMÔNIO NATURAL TERRA DOS SABIÁS,reserva particular do patrimonio natural terra dos sabias,MG,40.2,Reserva Particular do Patrimônio Natural · Federal,-22.22763,-46.00628,-22.21953,-45.99186
conservacao,0000.33.4096,RESERVA PARTICULAR DO PATRIMÔNIO NATURAL TERRAS FRIAS,reserva particular do patrimonio natural terras frias,RJ,3.56,Reserva Particular do Patrimônio Natural · Estadual,-21.9517,-41.95665,-21.94891,-41.95423
conservacao,0000.29.4664,RESERVA PARTICULAR DO PATRIMÔNIO NATURAL TIÊ-SANGUE,reserva particular do patrimonio natural tie-sangue,BA,17.15,Reserva Particular do Patrimônio Natural · Estadual,-14.25501,-39.04603,-14.25111,-39.03924
conservacao,0000.29.5043,RESERVA PARTICULAR DO PATRIMÔNIO NATURAL TIO MUNDICO,reserva particular do patrimonio natural tio mundico,BA,34.13,Reserva Particular do Patrimônio Natural · Estadual,-13.30551,-38.96996,-13.29653,-38.96568
conservacao,0000.27.1608,RESERVA PARTICULAR DO PATRIMÔNIO NATURAL TOBOGÃ,reserva particular do patrimonio natural toboga,AL,1.0,Reserva Particular do Patrimônio Natural · Estadual,-9.60125,-35.77355,-9.60024,-35.77185
conservacao,0000.32.2367,RESERVA PARTICULAR DO PATRIMÔNIO NATURAL TOCA DA ONÇA,reserva particular do patrimonio natural toca da onca,ES,206.69,Reserva Particular do Patrimônio Natural · Estadual,-20.40972,-41.4871,-20.38736,-41.46591
conservacao,0000.33.5056,RESERVA PARTICULAR DO PATRIMÔNIO NATURAL TOCA DA ONÇA,reserva particular do patrimonio natural toca da onca,RJ,220.96,Reserva Particular do Patrimônio Natural · Estadual,-22.40175,-43.22359,-22.38182,-43.20513
conservacao,0000.29.3472,RESERVA PARTICULAR DO PATRIMÔNIO NATURAL TOCA DOS OSSOS,reserva particular do patrimonio natural toca dos ossos,BA,20.33,Reserva Particular do Patrimônio Natural · Estadual,-10.9326,-41.058,-10.9284,-41.05027
conservacao,0000.31.2529,RESERVA PARTICULAR DO PATRIMÔNIO NATURAL TOCA FURADA,reserva particular do patrimonio natural toca furada,MG,0.56,Reserva Particular do Patrimônio Natural · Estadual,-21.71532,-44.98137,-21.7142,-44.9806
conservacao,0000.27.2678,RESERVA PARTICULAR DO PATRIMÔNIO NATURAL TOCAIA,reserva particular do patrimonio natural tocaia,AL,21.72,Reserva Particular do Patrimônio Natural · Estadual,-9.38715,-37.25818,-9.38172,-37.25195
conservacao,0000.00.1070,RESERVA PARTICULAR DO PATRIMÔNIO NATURAL TOQUE TOQUE PEQUENO,reserva particular do patrimonio natural toque toque pequeno,SP,2.68,Reserva Particular do Patrimônio Natural · Federal,-23.81418,-45.53008,-23.8125,-45.52826
conservacao,0000.35.4850,RESERVA PARTICULAR DO PATRIMÔNIO NATURAL TRANSBAÚ I,reserva particular do patrimonio natural transbau i,SP,1.94,Reserva Particular do Patrimônio Natural · Estadual,-22.67024,-45.68477,-22.66832,-45.68299
conservacao,0000.35.3646,RESERVA PARTICULAR DO PATRIMÔNIO NATURAL TRÁPAGA,reserva particular do patrimonio natural trapaga,SP,70.28,Reserva Particular do Patrimônio Natural · Estadual,-24.05789,-47.98395,-24.04632,-47.9739
conservacao,0000.26.3744,RESERVA PARTICULAR DO PATRIMÔNIO NATURAL TRAPICHE,reserva particular do patrimonio natural trapiche,PE,767.62,Reserva Particular do Patrimônio Natural · Estadual,-8.60206,-35.08195,-8.55544,-35.04603
conservacao,0000.00.4512,RESERVA PARTICULAR DO PATRIMÔNIO NATURAL TRAVESSIA,reserva particular do patrimonio natural travessia,SP,255.69,Reserva Particular do Patrimônio Natural · Federal,-22.47314,-44.92992,-22.45216,-44.90848
conservacao,0000.29.3292,RESERVA PARTICULAR DO PATRIMÔNIO NATURAL TRÊS MORENAS,reserva particular do patrimonio natural tres morenas,BA,35.47,Reserva Particular do Patrimônio Natural · Estadual,-16.48785,-39.16202,-16.47558,-39.15386
conservacao,0000.00.2221,RESERVA PARTICULAR DO PATRIMÔNIO NATURAL TRÊS MORROS,reserva particular do patrimonio natural tres morros,RJ,508.03,Reserva Particular do Patrimônio Natural · Federal,-22.55682,-42.05167,-22.53284,-42.0144
conservacao,0000.00.2222,RESERVA PARTICULAR DO PATRIMÔNIO NATURAL TRÊS PONTÕES,reserva particular do patrimonio natural tres pontoes,ES,11.28,Reserva Particular do Patrimônio Natural · Federal,-20.07572,-41.05441,-20.0684,-41.04692
conservacao,0000.00.2223,RESERVA PARTICULAR DO PATRIMÔNIO NATURAL TRIÂNGULO,reserva particular do patrimonio natural triangulo,BA,56.83,Reserva Particular do Patrimônio Natural · Federal,-17.13578,-39.32817,-17.1246,-39.32068
conservacao,0000.00.2224,RESERVA PARTICULAR DO PATRIMÔNIO NATURAL TRILHA COROADOS - FB,reserva particular do patrimonio natural trilha coroados - fb,SP,51.92,Reserva Particular do Patrimônio Natural · Federal,-22.15837,-49.53239,-22.15102,-49.52447
conservacao,0000.35.4400,RESERVA PARTICULAR DO PATRIMÔNIO NATURAL TRILHAS DO CERRADO,reserva particular do patrimonio natural trilhas do cerrado,SP,5.3,Reserva Particular do Patrimônio Natural · Estadual,-21.29268,-48.52055,-21.28909,-48.51781
conservacao,0000.00.2225,RESERVA PARTICULAR DO PATRIMÔNIO NATURAL TUIM,reserva particular do patrimonio natural tuim,BA,96.45,Reserva Particular do Patrimônio Natural · Federal,-13.77818,-39.32843,-13.76507,-39.31575
conservacao,0000.29.5044,RESERVA PARTICULAR DO PATRIMÔNIO NATURAL TUIUIU,reserva particular do patrimonio natural tuiuiu,BA,174.96,Reserva Particular do Patrimônio Natural · Estadual,-13.3435,-40.42067,-13.32958,-40.40125
conservacao,0000.31.4399,RESERVA PARTICULAR DO PATRIMÔNIO NATURAL TUKI,reserva particular do patrimonio natural tuki,MG,4.64,Reserva Particular do Patrimônio Natural · Estadual,-21.76314,-44.95066,-21.76029,-44.94637
conservacao,0000.31.4725,RESERVA PARTICULAR DO PATRIMÔNIO NATURAL UNIDADE AVANÇADA DE MEIO AMBIENTE SÍTIO CÓRREGO SECO,reserva particular do patrimonio natural unidade avancada de meio ambiente sitio corrego seco,MG,13.24,Reserva Particular do Patrimônio Natural · Estadual,-21.26521,-44.48486,-21.25994,-44.48104
conservacao,0000.00.1251,RESERVA PARTICULAR DO PATRIMÔNIO NATURAL UNIDADE DE CONSERVAÇÃO DE GALHEIROS,reserva particular do patrimonio natural unidade de conservacao de galheiros,MG,1456.25,Reserva Particular do Patrimônio Natural · Federal,-19.2319,-47.17135,-19.193,-47.1304
conservacao,0000.00.3669,RESERVA PARTICULAR DO PATRIMÔNIO NATURAL UNIVERSIDADE DE PASSO FUNDO,reserva particular do patrimonio natural universidade de passo fundo,RS,32.23,Reserva Particular do Patrimônio Natural · Federal,-28.22646,-52.40458,-28.21094,-52.38742
conservacao,0000.00.1188,RESERVA PARTICULAR DO PATRIMÔNIO NATURAL URÚ,reserva particular do patrimonio natural uru,PR,131.09,Reserva Particular do Patrimônio Natural · Federal,-25.81858,-49.69426,-25.80743,-49.6771
conservacao,0000.00.2226,RESERVA PARTICULAR DO PATRIMÔNIO NATURAL USINA MAURICIO,reserva particular do patrimonio natural usina mauricio,MG,301.61,Reserva Particular do Patrimônio Natural · Federal,-21.45946,-42.82628,-21.44172,-42.80731
conservacao,0000.32.3610,RESERVA PARTICULAR DO PATRIMÔNIO NATURAL VALE DAS ÁGUAS,reserva particular do patrimonio natural vale das aguas,ES,4.92,Reserva Particular do Patrimônio Natural · Estadual,-20.65155,-40.96358,-20.64891,-40.95958
conservacao,0000.00.1130,RESERVA PARTICULAR DO PATRIMÔNIO NATURAL VALE DAS ANTAS,reserva particular do patrimonio natural vale das antas,RO,62.46,Reserva Particular do Patrimônio Natural · Federal,-10.91907,-62.3727,-10.91117,-62.36435
conservacao,0000.00.2227,RESERVA PARTICULAR DO PATRIMÔNIO NATURAL VALE DAS ARAPONGAS - RESGATE II,reserva particular do patrimonio natural vale das arapongas - resgate ii,MG,38.82,Reserva Particular do Patrimônio Natural · Federal,-20.50023,-42.05956,-20.4927,-42.05153
conservacao,0000.00.4527,RESERVA PARTICULAR DO PATRIMÔNIO NATURAL VALE DAS ARARAS,reserva particular do patrimonio natural vale das araras,GO,54.65,Reserva Particular do Patrimônio Natural · Federal,-13.83487,-47.45369,-13.81965,-47.44646
conservacao,0000.00.4533,RESERVA PARTICULAR DO PATRIMÔNIO NATURAL VALE DAS COPAÍBAS,reserva particular do patrimonio natural vale das copaibas,GO,9.47,Reserva Particular do Patrimônio Natural · Federal,-15.889,-48.98198,-15.88657,-48.97488
conservacao,0000.00.2228,RESERVA PARTICULAR DO PATRIMÔNIO NATURAL VALE DAS COPAIBEIRAS,reserva particular do patrimonio natural vale das copaibeiras,DF,3.88,Reserva Particular do Patrimônio Natural · Federal,-15.72229,-47.75395,-15.72009,-47.75121
conservacao,0000.00.2229,RESERVA PARTICULAR DO PATRIMÔNIO NATURAL VALE DAS PEDRAS,reserva particular do patrimonio natural vale das pedras,SC,32.76,Reserva Particular do Patrimônio Natural · Federal,-27.6197,-49.35219,-27.61261,-49.34472
conservacao,0000.29.3206,RESERVA PARTICULAR DO PATRIMÔNIO NATURAL VALE DO CANTASSURÍ,reserva particular do patrimonio natural vale do cantassuri,BA,4.55,Reserva Particular do Patrimônio Natural · Estadual,-14.28552,-39.00208,-14.28152,-39.00028
conservacao,0000.00.1180,RESERVA PARTICULAR DO PATRIMÔNIO NATURAL VALE DO CORISCO,reserva particular do patrimonio natural vale do corisco,PR,251.54,Reserva Particular do Patrimônio Natural · Federal,-24.22097,-49.36978,-24.20479,-49.35209
conservacao,0000.00.2230,RESERVA PARTICULAR DO PATRIMÔNIO NATURAL VALE DO CORISCO,reserva particular do patrimonio natural vale do corisco,SP,251.51,Reserva Particular do Patrimônio Natural · Federal,-24.21861,-49.36643,-24.20243,-49.34874
conservacao,0000.00.2231,RESERVA PARTICULAR DO PATRIMÔNIO NATURAL VALE DO LUAR,reserva particular do patrimonio natural vale do luar,RJ,55.04,Reserva Particular do Patrimônio Natural · Federal,-22.28247,-42.30978,-22.274,-42.29692
conservacao,0000.33.2299,RESERVA PARTICULAR DO PATRIMÔNIO NATURAL VALE DO PARAÍSO,reserva particular do patrimonio natural vale do paraiso,RJ,84.95,Reserva Particular do Patrimônio Natural · Estadual,-22.39288,-42.42314,-22.3791,-42.3997
conservacao,0000.00.2232,RESERVA PARTICULAR DO PATRIMÔNIO NATURAL VALE DO PARANÃ,reserva particular do patrimonio natural vale do parana,GO,61.94,Reserva Particular do Patrimônio Natural · Federal,-15.48076,-47.35934,-15.47352,-47.34642
conservacao,0000.32.2360,RESERVA PARTICULAR DO PATRIMÔNIO NATURAL VALE DO SOL,reserva particular do patrimonio natural vale do sol,ES,70.07,Reserva Particular do Patrimônio Natural · Estadual,-19.95458,-40.5413,-19.94254,-40.52587
conservacao,0000.50.2327,RESERVA PARTICULAR DO PATRIMÔNIO NATURAL VALE DO SOL II,reserva particular do patrimonio natural vale do sol ii,MS,499.95,Reserva Particular do Patrimônio Natural · Estadual,-21.04198,-53.74742,-21.01746,-53.7222
conservacao,0000.00.2233,RESERVA PARTICULAR DO PATRIMÔNIO NATURAL VALE DO SOSSEGO,reserva particular do patrimonio natural vale do sossego,RJ,47.8,Reserva Particular do Patrimônio Natural · Federal,-22.56378,-43.73386,-22.55426,-43.72392
conservacao,0000.00.1351,RESERVA PARTICULAR DO PATRIMÔNIO NATURAL VALE DOS SONHOS,reserva particular do patrimonio natural vale dos sonhos,GO,59.71,Reserva Particular do Patrimônio Natural · Federal,-14.19439,-47.81027,-14.18649,-47.80216
conservacao,0000.31.4748,RESERVA PARTICULAR DO PATRIMÔNIO NATURAL VALE VERDE,reserva particular do patrimonio natural vale verde,MG,25.99,Reserva Particular do Patrimônio Natural · Estadual,-20.45725,-43.75146,-20.45175,-43.73835
conservacao,0000.35.3419,RESERVA PARTICULAR DO PATRIMÔNIO NATURAL VALE VERDEJANTE,reserva particular do patrimonio natural vale verdejante,SP,6.37,Reserva Particular do Patrimônio Natural · Estadual,-21.16714,-49.7482,-21.16457,-49.7461
conservacao,0000.33.3439,RESERVA PARTICULAR DO PATRIMÔNIO NATURAL VALÉRIO CARDOSO FURTADO,reserva particular do patrimonio natural valerio cardoso furtado,RJ,23.81,Reserva Particular do Patrimônio Natural · Estadual,-20.94188,-42.09015,-20.93788,-42.07895
conservacao,0000.00.1368,RESERVA PARTICULAR DO PATRIMÔNIO NATURAL VARANDA DA SERRA,reserva particular do patrimonio natural varanda da serra,GO,1.43,Reserva Particular do Patrimônio Natural · Federal,-13.82359,-47.46304,-13.82182,-47.46207
conservacao,0000.31.4775,RESERVA PARTICULAR DO PATRIMÔNIO NATURAL VARGEM FORMOSA,reserva particular do patrimonio natural vargem formosa,MG,62.77,Reserva Particular do Patrimônio Natural · Estadual,-19.21311,-43.91237,-19.20287,-43.90004
conservacao,0000.33.4215,RESERVA PARTICULAR DO PATRIMÔNIO NATURAL VELHO MOINHO,reserva particular do patrimonio natural velho moinho,RJ,4.54,Reserva Particular do Patrimônio Natural · Estadual,-20.89312,-41.89431,-20.89034,-41.89172
conservacao,0000.33.2276,RESERVA PARTICULAR DO PATRIMÔNIO NATURAL VERBICARO,reserva particular do patrimonio natural verbicaro,RJ,11.61,Reserva Particular do Patrimônio Natural · Estadual,-21.9593,-41.99734,-21.95405,-41.99305
conservacao,0000.00.2234,RESERVA PARTICULAR DO PATRIMÔNIO NATURAL VEREDAS DO PRATUDINHO,reserva particular do patrimonio natural veredas do pratudinho,BA,2238.01,Reserva Particular do Patrimônio Natural · Federal,-14.53034,-45.97458,-14.43451,-45.90945
conservacao,0000.35.4849,RESERVA PARTICULAR DO PATRIMÔNIO NATURAL VIDA EM ABUNDÂNCIA,reserva particular do patrimonio natural vida em abundancia,SP,1.95,Reserva Particular do Patrimônio Natural · Estadual,-22.67098,-45.68471,-22.66939,-45.68295
conservacao,0000.00.1286,RESERVA PARTICULAR DO PATRIMÔNIO NATURAL VILA AMANDA,reserva particular do patrimonio natural vila amanda,MG,34.33,Reserva Particular do Patrimônio Natural · Federal,-19.28927,-44.3781,-19.28188,-44.3695
conservacao,0000.27.1611,RESERVA PARTICULAR DO PATRIMÔNIO NATURAL VILA D'ÁGUA,reserva particular do patrimonio natural vila d'agua,AL,45.7,Reserva Particular do Patrimônio Natural · Estadual,-9.27864,-35.90082,-9.25919,-35.89358
conservacao,0000.00.3685,RESERVA PARTICULAR DO PATRIMÔNIO NATURAL VILAR,reserva particular do patrimonio natural vilar,PR,100.06,Reserva Particular do Patrimônio Natural · Federal,-24.5899,-49.62462,-24.57229,-49.61786
conservacao,0000.00.2235,RESERVA PARTICULAR DO PATRIMÔNIO NATURAL VILLA SÃO ROMÃO,reserva particular do patrimonio natural villa sao romao,RJ,53.91,Reserva Particular do Patrimônio Natural · Federal,-22.34501,-42.22903,-22.33573,-42.21732
conservacao,0000.00.2236,RESERVA PARTICULAR DO PATRIMÔNIO NATURAL VISTA BONITA,reserva particular do patrimonio natural vista bonita,SP,1062.36,Reserva Particular do Patrimônio Natural · Federal,-22.55257,-51.85108,-22.48405,-51.7508
conservacao,0000.00.1360,RESERVA PARTICULAR DO PATRIMÔNIO NATURAL VITA PARQUE,reserva particular do patrimonio natural vita parque,GO,144.99,Reserva Particular do Patrimônio Natural · Federal,-14.09755,-47.54241,-14.08527,-47.52983
conservacao,0000.31.4393,RESERVA PARTICULAR DO PATRIMÔNIO NATURAL VIVENDAS DE TARUAÇU,reserva particular do patrimonio natural vivendas de taruacu,MG,60.13,Reserva Particular do Patrimônio Natural · Estadual,-21.59531,-42.94849,-21.58533,-42.93695
conservacao,0000.31.4765,RESERVA PARTICULAR DO PATRIMÔNIO NATURAL VIVERT RESERVA DA MATA,reserva particular do patrimonio natural vivert reserva da mata,MG,37.72,Reserva Particular do Patrimônio Natural · Estadual,-21.16253,-44.90895,-21.15357,-44.89791
conservacao,0000.00.3083,RESERVA PARTICULAR DO PATRIMÔNIO NATURAL VÓ BELAR,reserva particular do patrimonio natural vo belar,CE,14.99,Reserva Particular do Patrimônio Natural · Federal,-3.61415,-40.43262,-3.60769,-40.42917
conservacao,0000.00.3069,RESERVA PARTICULAR DO PATRIMÔNIO NATURAL VOLTA DO RIO,reserva particular do patrimonio natural volta do rio,BA,102.45,Reserva Particular do Patrimônio Natural · Federal,-13.54185,-41.92092,-13.52899,-41.90422
conservacao,0000.00.2237,RESERVA PARTICULAR DO PATRIMÔNIO NATURAL VOTURUNA,reserva particular do patrimonio natural voturuna,SP,58.04,Reserva Particular do Patrimônio Natural · Federal,-23.43838,-47.02103,-23.4306,-47.01259
conservacao,0000.00.1071,RESERVA PARTICULAR DO PATRIMÔNIO NATURAL VOTURUNA II,reserva particular do patrimonio natural voturuna ii,SP,58.04,Reserva Particular do Patrimônio Natural · Federal,-23.44155,-47.01495,-23.43377,-47.00651
conservacao,0000.00.1072,RESERVA PARTICULAR DO PATRIMÔNIO NATURAL VOTURUNA V,reserva particular do patrimonio natural voturuna v,SP,56.45,Reserva Particular do Patrimônio Natural · Federal,-23.43842,-47.02808,-23.43074,-47.01976
conservacao,0000.32.2351,RESERVA PARTICULAR DO PATRIMÔNIO NATURAL VOVÓ DINDINHA,reserva particular do patrimonio natural vovo dindinha,ES,14.55,Reserva Particular do Patrimônio Natural · Estadual,-20.11926,-41.10397,-20.11466,-41.09941
conservacao,0000.35.4074,RESERVA PARTICULAR DO PATRIMÔNIO NATURAL VUTURUSSU,reserva particular do patrimonio natural vuturussu,SP,161.32,Reserva Particular do Patrimônio Natural · Estadual,-23.45211,-46.87709,-23.43109,-46.85339
conservacao,0000.33.2271,RESERVA PARTICULAR DO PATRIMÔNIO NATURAL WOODSTOCK,reserva particular do patrimonio natural woodstock,RJ,30.35,Reserva Particular do Patrimônio Natural · Estadual,-22.23129,-42.58183,-22.22531,-42.57207
conservacao,0000.33.2291,RESERVA PARTICULAR DO PATRIMÔNIO NATURAL XODÓ,reserva particular do patrimonio natural xodo,RJ,6.94,Reserva Particular do Patrimônio Natural · Estadual,-20.91096,-41.88353,-20.90821,-41.8793
conservacao,0000.50.1665,RESERVA PARTICULAR DO PATRIMÔNIO NATURAL XODÓ DO VÔ RUY,reserva particular do patrimonio natural xodo do vo ruy,MS,487.78,Reserva Particular do Patrimônio Natural · Estadual,-21.84728,-56.02078,-21.7976,-55.99472
conservacao,0000.33.5058,RESERVA PARTICULAR DO PATRIMÔNIO NATURAL XODÓ II,reserva particular do patrimonio natural xodo ii,RJ,3.28,Reserva Particular do Patrimônio Natural · Estadual,-20.90874,-41.88515,-20.90444,-41.88091
conservacao,0000.32.2353,RESERVA PARTICULAR DO PATRIMÔNIO NATURAL YARA BRUNINI,reserva particular do patrimonio natural yara brunini,ES,2.23,Reserva Particular do Patrimônio Natural · Estadual,-20.85561,-40.7606,-20.85371,-40.75869
conservacao,0000.26.5152,RESERVA PARTICULAR DO PATRIMÔNIO RPPN - PEDRA D'ANTAS II,reserva particular do patrimonio rppn - pedra d'antas ii,PE,73.36,Reserva Particular do Patrimônio Natural · Estadual,-8.71976,-35.86504,-8.70684,-35.84648
conservacao,0000.50.4033,RESERVA PARTICULAR DOPATRIMONIO NATURAL GAVIÃO DE PENACHO,reserva particular dopatrimonio natural gaviao de penacho,MS,77.71,Reserva Particular do Patrimônio Natural · Estadual,-19.95289,-55.07319,-19.92564,-55.05841
conservacao,0000.00.5171,RESERVA PARTICULAR PATRIMÔNIO NATURAL PARQUE DO MICO,reserva particular patrimonio natural parque do mico,RJ,149.89,Reserva Particular do Patrimônio Natural · Federal,-22.5123,-42.32052,-22.49196,-42.30134
conservacao,0000.35.2019,RPPN MAHAYANA,rppn mahayana,SP,0.0,Reserva Particular do Patrimônio Natural · Estadual,-23.70218,-46.18958,-23.69843,-46.18283
conservacao,0000.35.3425,RPPN MARINA DO CONDE,rppn marina do conde,SP,0.0,Reserva Particular do Patrimônio Natural · Estadual,-23.87533,-46.15214,-23.87077,-46.14712
conservacao,0000.35.3422,RPPN SANTA RITA DE CASSIA,rppn santa rita de cassia,SP,0.0,Reserva Particular do Patrimônio Natural · Estadual,-22.47867,-44.83283,-22.43142,-44.81018
conservacao,0000.35.2017,RPPN TOCA DA PACA,rppn toca da paca,SP,187.35,Reserva Particular do Patrimônio Natural · Estadual,-21.46869,-48.08576,-21.44935,-48.06959
indigena,101,Acapuri de Cima,acapuri de cima,AM,18393.94,Regularizada · Kokama,-2.67663,-66.90375,-2.53752,-66.76062
indigena,201,Acimã,acima,AM,40686.03,Regularizada · Apurinã,-7.94576,-66.30929,-7.7447,-66.03717
indigena,601,Aconã,acona,AL,267.79,Regularizada · Tingui-Botó,-10.07313,-36.94513,-10.03408,-36.91001
indigena,401,Água Preta/Inari,agua preta/inari,AM,139763.67,Regularizada · Apurinã,-7.68574,-67.51466,-7.26967,-66.78444
indigena,501,Águas Belas,aguas belas,BA,1189.06,Regularizada · Pataxó,-16.93666,-39.31006,-16.90462,-39.24241
indigena,72801,Águas Claras,aguas claras,SC,165.42,Regularizada · Guarani Mbya,-27.38102,-48.95042,-27.36467,-48.92799
indigena,73813,Aldeia Cerroy,aldeia cerroy,MS,30.54,Encaminhada RI · Guaraní,-21.48318,-55.81122,-21.47628,-55.80462
indigena,73806,Aldeia Escola Floresta,aldeia escola floresta,MG,121.0,Regularizada · Maxakali,-17.91452,-41.39557,-17.89342,-41.38594
indigena,73793,Aldeia Katurama,aldeia katurama,MG,346.12,"Regularizada · Pataxó, Pataxo Há-Há-Há",-20.05857,-44.23058,-20.05298,-44.22044
indigena,701,Aldeia Kondá,aldeia konda,SC,2300.0,Encaminhada RI · Kaingang,-27.24705,-52.58924,-27.19194,-52.53823
indigena,801,Aldeia Limão Verde,aldeia limao verde,MS,668.08,Regularizada · Guarani Kaiowá,-23.19515,-55.2184,-23.15445,-55.18495
indigena,73839,Aldeia Pó Mág,aldeia po mag,RS,11.75,Regularizada · Kaingang,-29.67616,-51.73038,-29.67206,-51.7256
indigena,73841,Aldeia Por Fi Ga,aldeia por fi ga,RS,10.68,Regularizada · Kaingang,-29.77508,-51.1006,-29.767,-51.09608
indigena,901,Aldeia Velha,aldeia velha,BA,1997.55,Regularizada · Pataxó,-16.48305,-39.13423,-16.44251,-39.06864
indigena,73812,Aldeias Santa Maria e Nova Bacaba (Baixo Rio Jatapu),aldeias santa maria e nova bacaba (baixo rio jatapu),AM,0.0,Delimitada · Hixkaryána,-1.83732,-59.56178,-0.56527,-58.15307
indigena,1001,Alto Rio Guamá,alto rio guama,PA,279897.7,"Regularizada · Timbira,Tembé",-2.88381,-47.01442,-1.76485,-46.41781
indigena,1101,Alto Rio Negro,alto rio negro,AM,7999381.17,"Regularizada · Arapáso,Karapanã,Barasána,Baré,Wanana",-1.08572,-70.06501,2.23533,-67.01822
indigena,1201,Alto Rio Purus,alto rio purus,AC,263129.81,"Regularizada · Kaxinawá,Kulina Páno",-9.55091,-70.46791,-9.06703,-69.69638
indigena,1301,Alto Sepatini,alto sepatini,AM,26095.7,Regularizada · Apurinã,-8.08179,-66.49582,-7.94994,-66.19256
indigena,1401,Alto Tarauacá,alto tarauaca,AC,142619.11,Regularizada · Isolados,-9.83371,-72.1531,-9.37425,-71.65661
indigena,1501,Alto Turiaçu,alto turiacu,MA,530524.74,Regularizada · Ka´apor,-3.23009,-46.68099,-2.49481,-45.83561
indigena,1601,Amambai,amambai,MS,2429.55,Regularizada · Guarani Kaiowá,-23.10242,-55.22764,-23.04369,-55.15424
indigena,1701,Amanayé,amanaye,PA,162856.81,Encaminhada RI · Amanayé,-4.13949,-48.90542,-3.67702,-48.45965
indigena,72901,Amaral/Tekoá Kuriy,amaral/tekoa kuriy,SC,501.36,Encaminhada RI · Guarani Mbya,-27.39293,-48.7738,-27.368,-48.74951
indigena,71701,Amba Porã,amba pora,SP,7204.0,Declarada · Guarani Mbya,-24.17264,-47.41996,-24.07562,-47.29018
indigena,1801,Anambé,anambe,PA,7882.83,Regularizada · Anambé,-2.90956,-49.36511,-2.82037,-49.25905
indigena,1901,Ananás,ananas,RR,1769.42,Regularizada · Makuxí,3.85199,-61.4473,3.95637,-61.40231
indigena,51601,Anaro,anaro,RR,30473.95,Regularizada · Wapixana,3.77654,-61.04263,4.0432,-60.87313
indigena,2001,Andirá-Marau,andira-marau,"AM, PA",788528.38,Regularizada · Sateré-Mawé,-4.33637,-57.34134,-3.14974,-56.50084
indigena,2101,Aningal,aningal,RR,7627.04,Regularizada · Makuxí,3.4174,-61.45923,3.4926,-61.3439
indigena,2201,Anta,anta,RR,3173.82,Regularizada · Wapixana,3.31252,-61.17538,3.41628,-61.11953
indigena,68301,Apiaká do Pontal e Isolados,apiaka do pontal e isolados,MT,982324.0,"Declarada · Isolados,Apiaká",-9.16695,-58.56302,-7.34532,-57.66527
indigena,2301,Apiaka/Kayabi,apiaka/kayabi,MT,109245.38,"Regularizada · Apiaká,Kaiabi",-11.1214,-57.59288,-10.75321,-57.22526
indigena,2401,Apinayé,apinaye,TO,141904.21,Regularizada · Apinayé,-6.3865,-47.90509,-5.9309,-47.39799
indigena,2501,Apipica,apipica,AM,652.76,Regularizada · Múra,-3.38391,-59.36859,-3.34551,-59.32196
indigena,2601,Apucarana,apucarana,PR,5574.94,Regularizada · Kaingang,-23.85363,-50.97085,-23.74332,-50.87601
indigena,52601,Apurinã do Igarapé Mucuim,apurina do igarape mucuim,AM,73350.61,Regularizada · Apurinã,-7.71537,-66.15976,-7.41619,-65.88276
indigena,2701,Apurinã do Igarapé São João,apurina do igarape sao joao,AM,18232.42,Regularizada · Apurinã,-5.67789,-63.20301,-5.45227,-63.06941
indigena,2801,Apurinã Igarapé Tauamirim,apurina igarape tauamirim,AM,96456.51,Regularizada · Apurinã,-5.89457,-63.14419,-5.45754,-62.84985
indigena,2901,Apurinã Km 124 BR-317,apurina km 124 br-317,AM,42197.61,Regularizada · Apurinã,-9.38977,-67.38072,-9.23593,-67.04711
indigena,73744,Apykai,apykai,MS,1058.16,Delimitada · Guarani Kaiowá e Guaraní,-22.29084,-54.91556,-22.2542,-54.86112
indigena,3002,Apyterewa,apyterewa,PA,773470.03,Regularizada · Parakanã,-6.03225,-52.68958,-5.22953,-51.38117
indigena,3101,Araçá,araca,RR,50018.3,Regularizada · Wapixana,3.52001,-61.25724,3.73616,-60.96363
indigena,62101,Aracá-Padauiri (Baixo Rio Negro),araca-padauiri (baixo rio negro),AM,3388299.23,Delimitada · Baré e Makuráp e Tukano,-0.82004,-64.85059,1.01853,-62.45759
indigena,3201,Arara,arara,PA,274010.02,Regularizada · Arara do Pará,-4.00136,-53.50238,-3.51857,-52.65323
indigena,60001,Arara da Volta Grande do Xingu,arara da volta grande do xingu,PA,25524.59,Regularizada · Arara do Pará,-3.69255,-51.77258,-3.49823,-51.57183
indigena,3401,Arara do Igarapé Humaitá,arara do igarape humaita,AC,87571.7,Regularizada · Arara do Acre,-8.58625,-72.57903,-8.27654,-72.20647
indigena,51801,Arara do Rio Amônia,arara do rio amonia,AC,20534.22,Regularizada · Arara do Acre,-9.17338,-72.95101,-8.98716,-72.80254
indigena,3301,Arara do Rio Branco,arara do rio branco,MT,114842.47,Regularizada · Arara do Acre,-9.99863,-59.78329,-9.54656,-59.39807
indigena,3501,Araribá,arariba,SP,1930.34,"Regularizada · Terena,Guarani Kaiowá",-22.31274,-49.38392,-22.23349,-49.3223
indigena,3601,Arariboia,arariboia,MA,413288.05,Regularizada · Guajá,-5.38941,-46.80122,-4.78235,-46.0104
indigena,3701,Arary,arary,AM,40548.57,Regularizada · Múra,-4.89645,-60.13274,-4.61383,-59.91642
indigena,3801,Araweté Igarapé Ipixuna,arawete igarape ipixuna,PA,940900.8,Regularizada · Araweté,-5.50874,-52.91313,-4.13631,-52.00853
indigena,3901,Areões,areoes,MT,218515.0,Regularizada · Xavante,-14.68636,-52.33968,-14.0908,-51.68905
indigena,4201,Aripuanã,aripuana,MT,750649.27,Regularizada · Cinta Larga,-11.13017,-60.46376,-10.00039,-59.46649
indigena,4301,Ariramba,ariramba,AM,10357.53,Regularizada · Múra,-6.19606,-62.34288,-6.05652,-62.17075
indigena,4401,Arroio-Korá,arroio-kora,MS,7175.77,Homologada · Guarani Kaiowá,-23.78306,-55.34421,-23.64356,-55.21641
indigena,4501,Atikum,atikum,PE,16290.19,Regularizada · Atikum,-8.35635,-38.91925,-8.22215,-38.74056
indigena,4602,Avá-Canoeiro,ava-canoeiro,GO,31427.29,Regularizada · Ava-Canoeiro,-13.9584,-48.33543,-13.71587,-48.14079
indigena,4701,Avá-Guarani do Ocoí,ava-guarani do ocoi,PR,231.89,Regularizada · Guarani Kaiowá,-25.26516,-54.33268,-25.22129,-54.29736
indigena,4801,Awa,awa,MA,116582.92,Regularizada · Guajá,-3.63308,-46.61006,-3.04617,-46.28094
indigena,4901,Bacurizinho,bacurizinho,MA,82432.49,Regularizada · Guajá,-6.01567,-45.98988,-5.76928,-45.5793
indigena,4902,Bacurizinho,bacurizinho,MA,134040.0,Declarada · Guajá,-6.12814,-46.02844,-5.73014,-45.5793
indigena,5001,Badjonkore,badjonkore,PA,221981.64,Regularizada · Kayapó,-9.19484,-52.28845,-8.59959,-51.75292
indigena,5101,Baía dos Guató,baia dos guato,MT,19216.96,Homologada · Guató,-17.07125,-56.63507,-16.88745,-56.45643
indigena,73810,Baixo Marmelos,baixo marmelos,AM,263263.0,Delimitada · Mundurukú e Múra e Tenharim e Torá,-7.23721,-61.9343,-6.12198,-61.31598
indigena,5201,Bakairi,bakairi,MT,61405.46,Regularizada · Bakairí,-14.41632,-54.81631,-14.17945,-54.43427
indigena,5301,Balaio,balaio,AM,257281.46,"Regularizada · Tukano,Tariana,Desána",0.09827,-66.91245,0.70827,-66.25584
indigena,5402,Banawá,banawa,AM,192659.67,Regularizada · Banawa,-7.12497,-65.11245,-6.49177,-64.68451
indigena,5501,Barão de Antonina,barao de antonina,PR,3750.72,Regularizada · Kaingang,-23.69945,-50.92378,-23.62902,-50.82724
indigena,5601,Barata Livramento,barata livramento,RR,12883.27,"Regularizada · Makuxí,Wapixana",3.23557,-61.12998,3.40025,-61.00452
indigena,5701,Barra,barra,BA,62.3,"Regularizada · Kiriri,Atikum",-12.17376,-43.26087,-12.168,-43.2421
indigena,5801,Barra Velha,barra velha,BA,8627.46,Regularizada · Pataxó,-16.90627,-39.3888,-16.80989,-39.14208
indigena,5802,Barra Velha do Monte Pascoal,barra velha do monte pascoal,BA,52748.0,Delimitada · Pataxó,-16.9469,-39.52478,-16.74456,-39.11595
indigena,73756,Barragem Norte,barragem norte,SC,860.73,Regularizada · Xokléng,-26.90769,-49.73417,-26.85551,-49.6659
indigena,5901,Barreira da Missão,barreira da missao,AM,1772.42,"Regularizada · Kambéba,Kokama",-3.44441,-64.65767,-3.38853,-64.61219
indigena,58801,Barreirinha,barreirinha,PA,2373.8,Regularizada · Amanayé,-3.32503,-48.44144,-3.25429,-48.38121
indigena,52201,Barro Alto,barro alto,AM,1937.17,Regularizada · Kokama,-2.83362,-67.71283,-2.69958,-67.64476
indigena,52401,Batelão,batelao,MT,117050.0,Declarada · Kaiabi,-11.37489,-56.8501,-10.90112,-56.3825
indigena,6001,Batovi,batovi,MT,5158.98,Regularizada · Wauja,-12.99918,-53.98214,-12.89019,-53.88724
indigena,6101,Baú,bau,PA,1540930.16,Regularizada · Kayapó,-8.18339,-55.05774,-6.42238,-53.86517
indigena,6201,Betania,betania,AM,122769.03,Regularizada · Tikúna,-3.34868,-68.31232,-2.84575,-67.8199
indigena,58502,Boa Vista - AM,boa vista - am,AM,337.36,Regularizada · Múra,-3.24076,-59.39442,-3.21245,-59.35595
indigena,58601,Boa Vista - PR,boa vista - pr,PR,7336.33,Declarada · Kaingang,-25.26779,-52.4174,-25.15658,-52.29898
indigena,6301,Boa Vista Sertão do Promirim,boa vista sertao do promirim,SP,906.39,Regularizada · Guaraní,-23.37121,-45.01078,-23.33558,-44.95969
indigena,6302,Boa Vista Sertão do Promirim,boa vista sertao do promirim,SP,5420.0,Delimitada · Guaraní,-23.39012,-45.04533,-23.31056,-44.95066
indigena,6401,Boca do Acre,boca do acre,AM,26240.42,Regularizada · Apurinã,-9.12092,-67.35065,-9.01088,-66.8745
indigena,6501,Bom Intento,bom intento,AM,1613.04,Regularizada · Tikúna,-4.37189,-70.02468,-4.32128,-69.984
indigena,6601,Bom Jesus,bom jesus,RR,859.13,Regularizada · Makuxí,3.43072,-59.86384,3.47128,-59.82421
indigena,6701,Boqueirão,boqueirao,RR,16354.08,"Regularizada · Makuxí,Wapixana",3.17086,-61.36795,3.33523,-61.22629
indigena,62501,Bragança-Marituba,braganca-marituba,PA,13515.0,Declarada · Mundurukú,-3.09354,-55.13012,-3.01284,-54.92426
indigena,6901,Brejo do Burgo,brejo do burgo,BA,17924.85,Regularizada · Pankararé,-9.41111,-38.64478,-9.27331,-38.44832
indigena,7001,Buriti,buriti,MS,2090.17,Regularizada · Terena,-20.88659,-55.20901,-20.83298,-55.16214
indigena,7002,Buriti,buriti,MS,17200.0,Declarada · Terena,-20.9933,-55.22673,-20.79976,-55.10339
indigena,7101,Buritizinho,buritizinho,MS,9.74,Regularizada · Guarani Kaiowá,-20.9416,-54.97741,-20.93771,-54.97297
indigena,7201,Caarapó,caarapo,MS,3594.42,Regularizada · Guarani Kaiowá,-22.61805,-55.00856,-22.57705,-54.91867
indigena,7301,Cabeceira do Rio Acre,cabeceira do rio acre,AC,78512.58,Regularizada · Yaminawa,-11.04519,-70.18961,-10.73556,-69.75246
indigena,7401,Cacau do Tarauaca,cacau do tarauaca,AM,28367.29,Regularizada · Kulina Páno,-7.54613,-69.98511,-7.3089,-69.82436
indigena,7501,Cachoeira dos Inácios,cachoeira dos inacios,SC,80.0,Regularizada · Guarani Mbya,-28.1858,-48.80993,-28.17871,-48.78924
indigena,7601,Cachoeira Seca,cachoeira seca,PA,733688.25,Regularizada · Arara do Pará,-4.77422,-54.82699,-3.90833,-53.25939
indigena,7701,Cachoeirinha,cachoeirinha,MS,2658.16,Regularizada · Terena,-20.21694,-56.30339,-20.15346,-56.23739
indigena,7702,Cachoeirinha,cachoeirinha,MS,36288.0,Declarada · Terena,-20.2444,-56.33729,-19.95084,-56.09201
indigena,7801,Cacique Doble,cacique doble,RS,4426.28,"Regularizada · Guaraní,Kaingang",-27.88208,-51.68214,-27.78671,-51.59087
indigena,58701,Cacique Fontoura,cacique fontoura,MT,32304.72,Regularizada · Karajá,-11.48078,-50.90794,-11.24497,-50.6795
indigena,7901,Caiçara/Ilha de São Pedro,caicara/ilha de sao pedro,SE,4316.78,Regularizada · Xocó,-9.8522,-37.42891,-9.78075,-37.34213
indigena,59301,Caieiras Velha II,caieiras velha ii,ES,57.39,"Regularizada · Guarani Mbya,Tupiniquim",-19.95409,-40.17235,-19.94442,-40.16427
indigena,8101,Caititu,caititu,AM,308062.62,Regularizada · Apurinã,-8.36884,-65.00642,-7.27499,-64.55113
indigena,8201,Cajueiro,cajueiro,RR,4303.85,Regularizada · Makuxí,3.72912,-61.35063,3.79472,-61.25999
indigena,8301,Cajuhiri Atravessado,cajuhiri atravessado,AM,12455.72,"Regularizada · Kambéba,Miránha,Tikúna",-4.07107,-63.42641,-3.91234,-63.31197
indigena,8401,Camadeni,camadeni,AM,150930.55,Regularizada · Jamamadí,-7.41761,-67.34988,-7.00209,-66.82001
indigena,8501,Camicua,camicua,AM,58519.6,Regularizada · Apurinã,-8.75304,-67.73457,-8.48096,-67.38197
indigena,8601,Campinas/Katukina,campinas/katukina,AC,32623.64,Regularizada · Katukina,-7.93072,-72.26336,-7.67687,-72.08092
indigena,72301,Campo Bonito,campo bonito,RS,76.39,Regularizada · Guarani Mbya,-29.3712,-49.80443,-29.35592,-49.78856
indigena,8701,Cana Brava/Guajajara,cana brava/guajajara,MA,137329.54,Regularizada · Tenetehara,-5.9207,-45.82422,-5.35162,-45.27632
indigena,8801,Canauanim,canauanim,RR,11182.44,"Regularizada · Makuxí,Wapixana",2.71646,-60.57379,2.82623,-60.41858
indigena,72701,Canelinha,canelinha,SC,207.76,Regularizada · Guarani Mbya,-27.3084,-48.74812,-27.28731,-48.73496
indigena,8901,Cantagalo,cantagalo,RS,283.68,Regularizada · Guarani Mbya,-30.20106,-51.03399,-30.1764,-51.01346
indigena,9001,Capivara,capivara,AM,27496.0,Delimitada · Múra,-3.77239,-59.56099,-3.54202,-59.31141
indigena,9101,Capivari,capivari,RS,43.32,Regularizada · Guarani Mbya,-30.36421,-50.36092,-30.35363,-50.34992
indigena,9201,Capoto/Jarina,capoto/jarina,MT,634915.23,Regularizada · Kayapó,-10.79357,-53.50191,-9.66068,-52.74236
indigena,9301,Caramuru/Paraguassu,caramuru/paraguassu,BA,54105.0,Regularizada · Pataxo Há-Há-Há,-15.59194,-39.76808,-15.13732,-39.60169
indigena,9401,Carretão I,carretao i,GO,1666.45,Regularizada · Tapuia,-15.13417,-50.06047,-15.08127,-50.0185
indigena,9501,Carretão II,carretao ii,GO,77.5,Regularizada · Tapuia,-15.05966,-50.02789,-15.05129,-50.00877
indigena,9601,Carreteiro,carreteiro,RS,602.98,Regularizada · Kaingang,-28.20765,-52.03083,-28.18126,-51.99794
indigena,9701,Caru,caru,MA,172667.38,Regularizada · Tenetehara,-3.93465,-46.70167,-3.53843,-45.98998
indigena,9801,Catipari/Mamoria,catipari/mamoria,AM,115044.35,Regularizada · Apurinã,-7.70596,-67.00743,-7.31427,-66.48635
indigena,60701,Caxixó,caxixo,MG,5411.0,Delimitada · Kaxixó,-19.38262,-45.11741,-19.29367,-45.02649
indigena,67701,Cerco Grande,cerco grande,PR,1390.0,Delimitada · Guaraní,-25.33364,-48.32798,-25.2943,-48.26615
indigena,9901,Cerrito,cerrito,MS,1950.98,Regularizada · Guarani Nhandeva,-23.61982,-54.30775,-23.56114,-54.26678
indigena,10001,Chão Preto,chao preto,MT,12741.85,Regularizada · Xavante,-14.65599,-53.34921,-14.54024,-53.12102
indigena,10101,Coata-Laranjal,coata-laranjal,AM,1153210.11,Regularizada · Mundurukú,-5.30312,-59.65854,-3.90579,-58.5993
indigena,59401,Cobra Grande,cobra grande,PA,8906.0,Declarada · Arapiun,-2.35876,-55.22819,-2.26738,-55.08332
indigena,10202,Comboios,comboios,ES,3872.14,"Regularizada · Guaraní,Tupiniquim",-19.83094,-40.08604,-19.69484,-39.93164
indigena,65101,Comexatibá,comexatiba,BA,28077.0,Declarada · Pataxó,-17.21621,-39.39184,-16.9304,-39.14931
indigena,10301,Coroa Vermelha,coroa vermelha,BA,1493.99,Regularizada · Pataxó,-16.3756,-39.0706,-16.32373,-39.00614
indigena,10401,Córrego João Pereira,corrego joao pereira,CE,3162.39,Regularizada · Tremembé,-3.13147,-40.01182,-3.0787,-39.92701
indigena,59601,Cué Cué/ Marabitanas,cue cue/ marabitanas,AM,808645.0,Declarada · Baré,-0.11108,-67.33144,1.22755,-66.23647
indigena,10601,Cuia,cuia,AM,1322.39,Regularizada · Múra,-3.53974,-59.22669,-3.48611,-59.18974
indigena,10701,Cuiu-Cuiu,cuiu-cuiu,AM,36450.98,Regularizada · Miránha,-2.53038,-65.13367,-2.26477,-64.87912
indigena,10801,Cunhã-Sapucaia,cunha-sapucaia,AM,471450.54,Regularizada · Múra,-4.89784,-60.91691,-4.16357,-59.93931
indigena,73816,Curara,curara,AM,872691.0,Delimitada · Múra,-6.96017,-61.27573,-5.50461,-60.45498
indigena,73808,Curriã,curria,AM,59282.0,Delimitada · Apurinã,-7.89987,-65.79288,-7.57824,-65.46085
indigena,10901,Deni,deni,AM,1531303.5,Regularizada · Dení,-7.30209,-68.67373,-6.05097,-66.35496
indigena,11001,Diahui,diahui,AM,47354.6,Regularizada · Diahói,-8.17626,-62.38059,-7.77008,-62.1638
indigena,71601,Djaiko-Aty,djaiko-aty,SP,1216.0,Declarada · Guarani Nhandeva,-24.21387,-47.37208,-24.18287,-47.3031
indigena,11101,Dourados,dourados,MS,3474.6,"Regularizada · Guarani Nhandeva,Terena",-22.20189,-54.88483,-22.14588,-54.78291
indigena,67101,Dourados-Amambaipeguá I,dourados-amambaipegua i,MS,55600.0,Delimitada · Guaraní,-23.05027,-55.1283,-22.51989,-54.81304
indigena,11201,Enawenê-Nawê,enawene-nawe,MT,742088.68,Regularizada · Enawenê-Nawê,-12.68387,-59.93858,-11.68664,-58.44912
indigena,11301,Entre Serras,entre serras,PE,7550.09,Regularizada · Pankararú,-9.1725,-38.26622,-9.04603,-38.11934
indigena,11401,Erikpatsá,erikpatsa,MT,79934.8,Regularizada · Rikbaktsa,-11.47262,-58.3825,-10.95303,-58.12516
indigena,11501,Escondido,escondido,MT,168938.47,Regularizada · Rikbaktsa,-9.67581,-58.89114,-9.18844,-58.38377
indigena,11601,Espírito Santo,espirito santo,AM,33849.09,Regularizada · Kokama,-2.86172,-67.19036,-2.6212,-66.96719
indigena,11801,Estação Parecis,estacao parecis,MT,2170.0,Homologada · Paresí,-14.15588,-56.96335,-14.11199,-56.89001
indigena,11901,Estivadinho,estivadinho,MT,2031.94,Regularizada · Paresí,-14.61497,-58.677,-14.56663,-58.61051
indigena,72401,Estrada do Mar,estrada do mar,RS,45.0,Regularizada · Guarani Mbya,-29.87489,-50.15776,-29.85786,-50.14876
indigena,12001,Estrela da Paz,estrela da paz,AM,12876.49,Regularizada · Tikúna,-2.91834,-66.92726,-2.76483,-66.80931
indigena,12101,Évare I,evare i,AM,548177.6,Regularizada · Tikúna,-4.32345,-69.90791,-3.2278,-69.13979
indigena,12201,Évare II,evare ii,AM,176205.72,Regularizada · Tikúna,-4.15405,-69.50551,-3.47343,-69.04433
indigena,12301,Faxinal,faxinal,PR,2043.89,Regularizada · Kaingang,-24.67494,-51.30523,-24.62075,-51.24973
indigena,12401,Fazenda Bahiana,fazenda bahiana,BA,304.56,Regularizada · Pataxó,-13.97559,-39.21216,-13.95571,-39.18955
indigena,73711,Fazenda Boa Vista - MG,fazenda boa vista - mg,MG,101.0,Regularizada · Xucuru - Kariri,-21.9528,-46.33778,-21.93694,-46.32667
indigena,12501,Fazenda Canto,fazenda canto,AL,276.55,Regularizada · Xucuru - Kariri,-9.40642,-36.59521,-9.3817,-36.57466
indigena,62201,Fazenda Cristo Rei,fazenda cristo rei,PE,0.0,Encaminhada RI · Pankararú,-9.29464,-38.23821,-9.23584,-38.15888
indigena,12701,Fazenda Guarani,fazenda guarani,MG,3269.71,"Regularizada · Pataxó,Krenák",-19.07123,-43.15719,-19.00681,-43.08474
indigena,73717,Fazenda Jenipapeiro,fazenda jenipapeiro,BA,1505.13,Encaminhada RI · Atikum,-11.06486,-44.77644,-10.99438,-44.72845
indigena,73769,Fazenda Mabel (Gavião/Akrãtikatêjê),fazenda mabel (gaviao/akratikateje),PA,3600.03,Encaminhada RI · Gavião Krikatejê,-4.98891,-49.0191,-4.93641,-48.92828
indigena,73836,Fazenda Peró,fazenda pero,PE,7.2,Regularizada · Fulni-ô,-9.16963,-37.13586,-9.16042,-37.10951
indigena,69801,Fazenda Remanso,fazenda remanso,BA,336.95,Regularizada · Tuxá,-12.35697,-43.35671,-12.34004,-43.2885
indigena,73742,Fazenda Sempre Verde,fazenda sempre verde,BA,1000.0,Regularizada · Pankararú,-12.19051,-43.31398,-12.16724,-43.22802
indigena,69901,Fazenda Sítio,fazenda sitio,BA,409.88,Regularizada · Tuxá,-10.65287,-38.74072,-10.60882,-38.71709
indigena,12801,Figueiras,figueiras,MT,9858.93,Regularizada · Paresí,-14.84031,-58.71328,-14.71274,-58.59774
indigena,12901,Fortaleza do Castanho,fortaleza do castanho,AM,2756.16,Regularizada · Múra,-3.78414,-60.56654,-3.71983,-60.49537
indigena,13001,Fortaleza do Patauá,fortaleza do pataua,AM,743.58,Regularizada · Apurinã,-3.16035,-60.75824,-3.13122,-60.72233
indigena,13101,Fulni-ô,fulni-o,PE,11505.71,Regularizada · Fulni-ô,-9.1709,-37.1689,-9.05623,-37.0528
indigena,13201,Funil,funil,TO,15703.8,Regularizada · Xerente,-9.68698,-48.40305,-9.57686,-48.23195
indigena,13301,Galibi,galibi,AP,6689.19,Regularizada · Galibi do Oiapoque,3.9141,-51.77762,4.00537,-51.68429
indigena,13401,Gavião,gaviao,AM,8611.85,Regularizada · Múra,-3.48002,-59.53658,-3.36733,-59.43306
indigena,73815,Gaviãozinho,gaviaozinho,AM,206701.79,Delimitada · Kanamarí e Kulina Madijá,-6.58417,-69.20117,-6.25593,-68.62294
indigena,13501,Geralda Toco Preto,geralda toco preto,MA,18506.21,Regularizada · Timbira,-5.10821,-45.78075,-4.92541,-45.62957
indigena,19402,Geripancó,geripanco,AL,200.0,Regularizada · Jeripancó,-9.23713,-38.04458,-9.22086,-38.01358
indigena,13601,Governador,governador,MA,41643.76,"Regularizada · Tenetehara,Gavião Pukobiê",-5.62732,-46.74832,-5.35573,-46.54916
indigena,13701,Guaimbé,guaimbe,MS,716.93,Regularizada · Guarani Kaiowá,-22.87325,-55.21952,-22.83625,-55.18664
indigena,13801,Guajahã,guajaha,AM,5036.84,Regularizada · Apurinã,-7.77413,-66.89592,-7.67195,-66.81683
indigena,73785,Guajanaíra,guajanaira,PA,1368.08,Encaminhada RI · Guajajara,-4.93837,-50.00091,-4.89951,-49.96405
indigena,52801,Guanabara,guanabara,AM,15600.0,Declarada · Kokama,-4.74387,-69.92838,-4.40505,-69.79366
indigena,14001,Guarani Araponga,guarani araponga,RJ,213.2,Regularizada · Guaraní,-23.31698,-44.78774,-23.30442,-44.76256
indigena,14101,Guarani Barra do Ouro,guarani barra do ouro,RS,2268.6,Regularizada · Guaraní,-29.71693,-50.33575,-29.61954,-50.25605
indigena,14201,Guarani da Barragem,guarani da barragem,SP,26.3,Regularizada · Guarani Kaiowá,-23.87128,-46.65363,-23.86591,-46.64682
indigena,14301,Guarani de Águas Brancas,guarani de aguas brancas,RS,230.0,Declarada · Guaraní,-30.77134,-51.63858,-30.751,-51.60501
indigena,14601,Guarani de Araçai,guarani de aracai,SC,2721.0,Declarada · Guaraní,-26.89231,-53.14996,-26.84518,-53.0672
indigena,14401,Guarani de Bracui,guarani de bracui,RJ,2127.87,Regularizada · Guaraní,-22.912,-44.41184,-22.85231,-44.34674
indigena,14501,Guarani do Aguapeu,guarani do aguapeu,SP,4372.26,Regularizada · Guaraní,-24.09051,-46.69078,-24.00697,-46.60772
indigena,38101,Guarani do Ribeirão Silveira,guarani do ribeirao silveira,SP,948.4,Regularizada · Guaraní,-23.74547,-45.82006,-23.70648,-45.7788
indigena,14701,Guarani Votouro,guarani votouro,RS,717.38,Regularizada · Guaraní,-27.51773,-52.70675,-27.4859,-52.65809
indigena,14801,Guarita,guarita,RS,23406.87,"Regularizada · Guaraní,Kaingang",-27.59529,-53.74264,-27.34134,-53.55096
indigena,14901,Guasuti,guasuti,MS,958.8,Regularizada · Guarani Kaiowá,-23.09275,-55.51658,-23.04607,-55.48759
indigena,15001,Guató,guato,MS,10984.79,Regularizada · Guató,-17.71772,-57.79314,-17.5311,-57.66918
indigena,71401,Guaviraty,guaviraty,SP,1248.0,Declarada · Guarani Mbya,-24.84893,-47.80404,-24.79623,-47.7482
indigena,15101,Guyraroká,guyraroka,MS,11440.0,Declarada · Guarani Kaiowá,-22.59113,-54.68368,-22.46977,-54.56654
indigena,65701,Hãm Yîxux,ham yixux,MG,522.72,Regularizada · Maxakali,-17.65583,-41.68824,-17.62678,-41.6527
indigena,50401,Herarekã Xetá,herareka xeta,PR,2686.0,Delimitada · Xetá,-23.46742,-53.45627,-23.39714,-53.39757
indigena,15201,Hi Merimã,hi merima,AM,677840.32,Regularizada · Himarimã,-7.46547,-66.27519,-6.55807,-65.00791
indigena,15301,Ibirama,ibirama,SC,14084.89,"Regularizada · Xokléng,Guaraní,Kaingang",-26.87286,-49.8008,-26.7528,-49.61641
indigena,15302,Ibirama-La Klãnô,ibirama-la klano,SC,37108.0,"Declarada · Xokléng,Guaraní,Kaingang",-26.89068,-49.93117,-26.67982,-49.61717
indigena,15501,Icatu,icatu,SP,300.96,"Regularizada · Terena,Kaingang",-21.57693,-50.32696,-21.55375,-50.30444
indigena,15601,Igarapé Capana,igarape capana,AM,122555.66,Regularizada · Jamamadí,-9.05859,-68.43612,-8.6729,-67.88701
indigena,15701,Igarapé do Caucho,igarape do caucho,AC,12317.89,Regularizada · Kaxinawá,-8.33718,-70.76374,-8.21196,-70.62341
indigena,15801,Igarapé Grande,igarape grande,AM,1539.68,Regularizada · Kambéba,-3.24239,-64.89457,-3.20131,-64.85892
indigena,16101,Igarapé Lage,igarape lage,RO,107321.18,Regularizada · Pakaa Nova,-10.63108,-65.294,-10.42443,-64.77504
indigena,16201,Igarapé Lourdes,igarape lourdes,RO,185533.58,Regularizada · Gavião de Rondônia,-10.84887,-61.86424,-10.16982,-61.46177
indigena,16301,Igarapé Ribeirão,igarape ribeirao,RO,47863.32,Regularizada · Pakaa Nova,-10.3696,-65.23111,-10.17776,-64.97262
indigena,67601,Igarapé Taboca do Alto Tarauacá,igarape taboca do alto tarauaca,AC,287.0,Em Estudo · Isolados,-9.44713,-71.90629,-9.4311,-71.87984
indigena,73702,Iguatemipegua I,iguatemipegua i,MS,41571.0,Delimitada · Guarani Kaiowá,-23.61137,-54.81183,-23.28715,-54.61006
indigena,16501,Ilha da Cotinga,ilha da cotinga,PR,1701.2,Regularizada · Guaraní,-25.54782,-48.4881,-25.50038,-48.40453
indigena,16601,Ilha do Camaleão,ilha do camaleao,AM,236.78,Regularizada · Tikúna,-3.67873,-61.51131,-3.66745,-61.48395
indigena,67501,Ilhas da Tapera/São Félix/Porto,ilhas da tapera/sao felix/porto,PE,0.0,Encaminhada RI · Truká,-8.62318,-39.5954,-8.58844,-39.55274
indigena,16803,Imbiriba,imbiriba,BA,408.34,Regularizada · Pataxó,-16.66489,-39.17473,-16.64063,-39.14621
indigena,16901,Inauini/Teuini,inauini/teuini,AM,468996.3,Regularizada · Jamamadí,-8.24983,-68.81219,-7.58514,-67.54617
indigena,17001,Inawebohona,inawebohona,TO,377113.57,"Regularizada · Javaé,Karajá",-11.1671,-50.3836,-10.19782,-49.93646
indigena,17101,Inhacorá,inhacora,RS,2843.38,Regularizada · Kaingang,-27.89402,-53.92067,-27.81011,-53.85807
indigena,17201,Ipixuna,ipixuna,AM,215362.11,Regularizada · Diahói,-7.21305,-62.48946,-6.38757,-61.90439
indigena,17301,Irantxe,irantxe,MT,45555.95,Regularizada · Irántxe,-12.97093,-58.07261,-12.72034,-57.84899
indigena,17401,Irapuá,irapua,RS,222.0,Declarada · Guaraní,-30.34593,-53.2133,-30.32924,-53.18299
indigena,17501,Itaitinga,itaitinga,AM,135.88,Regularizada · Múra,-3.5734,-59.207,-3.5548,-59.18739
indigena,73701,Itãnury Pupykary (antiga Baixo Seruini),itanury pupykary (antiga baixo seruini),AM,176335.0,Delimitada · Apurinã,-7.9944,-67.05722,-7.62458,-66.07736
indigena,17601,Itaóca,itaoca,SP,533.0,Declarada · Guarani Mbya,-24.10265,-46.71597,-24.06993,-46.68667
indigena,45103,Itixi Mitari,itixi mitari,AM,182134.77,Regularizada · Apurinã,-4.87384,-63.03111,-4.5535,-62.16312
indigena,72601,Ituna/Itatá (restrição de uso),ituna/itata (restricao de uso),PA,142402.0,Em Estudo · Isolados,-4.36707,-52.23216,-3.86576,-51.73927
indigena,17701,Ivai,ivai,PR,7306.35,Regularizada · Kaingang,-24.64189,-51.64579,-24.53458,-51.52772
indigena,17801,Jabuti,jabuti,RR,14210.7,"Regularizada · Makuxí,Wapixana",3.15754,-60.39815,3.2504,-60.19387
indigena,17901,Jacamim,jacamim,RR,193493.57,"Regularizada · Jaricuna,Wapixana",1.689,-60.04622,2.2965,-59.64978
indigena,18001,Jacaré de São Domingos,jacare de sao domingos,PB,5032.24,Regularizada · Potiguara,-6.77027,-35.13348,-6.6914,-35.03755
indigena,65901,Jacareúba/Katauixi (restrição uso),jacareuba/katauixi (restricao uso),AM,647386.0,Em Estudo · Isolados,-8.99677,-64.72956,-7.65736,-64.09347
indigena,18101,Jaguapiré,jaguapire,MS,2342.02,Regularizada · Guarani Kaiowá,-23.74926,-54.99095,-23.69559,-54.91567
indigena,18201,Jaguari,jaguari,MS,404.71,Regularizada · Guarani Kaiowá,-23.07245,-54.92835,-23.03839,-54.90889
indigena,18301,Jaminaua/Envira,jaminaua/envira,AC,80618.18,Regularizada · Kulina Madijá,-9.70906,-71.24462,-9.27871,-70.92447
indigena,18401,Jaminawa Arara do Rio Bagé,jaminawa arara do rio bage,AC,28926.11,"Regularizada · Yaminawa,Arara do Acre",-8.91853,-72.31667,-8.7668,-72.06904
indigena,18501,Jaminawa do Igarapé Preto,jaminawa do igarape preto,AC,25651.62,Regularizada · Yaminawa,-8.10492,-73.02784,-7.96351,-72.8111
indigena,18601,Japuira,japuira,MT,152509.88,Regularizada · Rikbaktsa,-11.00975,-58.4168,-10.41855,-58.0474
indigena,18701,Jaquiri,jaquiri,AM,1819.98,Regularizada · Kambéba,-3.10424,-64.89511,-3.06111,-64.8515
indigena,18801,Jaraguá,jaragua,SP,1.76,Regularizada · Guaraní,-23.46542,-46.75482,-23.46316,-46.75328
indigena,18802,Jaraguá,jaragua,SP,532.0,Declarada · Guaraní,-23.47675,-46.78525,-23.44282,-46.75114
indigena,18901,Jarara,jarara,MS,479.07,Homologada · Guarani Kaiowá,-22.93941,-54.62407,-22.9097,-54.59252
indigena,19001,Jarawara/Jamamadi/Kanamati,jarawara/jamamadi/kanamati,AM,390233.05,"Regularizada · Yaminawa,Jamamadí,Kanamarí",-7.46484,-65.86071,-6.79449,-64.89971
indigena,19101,Jarudore,jarudore,MT,4706.0,Regularizada · Boróro,-16.25071,-54.34945,-16.11895,-54.28917
indigena,25601,Jatayvari,jatayvari,MS,8800.0,Declarada · Guarani Kaiowá,-22.41474,-55.36766,-22.30974,-55.2466
indigena,19201,Jatuarana,jatuarana,AM,5251.8,Regularizada · Apurinã,-3.1302,-60.95091,-3.03827,-60.87639
indigena,19301,Jauary,jauary,AM,24831.0,Delimitada · Múra,-3.49757,-59.18971,-3.33063,-58.90064
indigena,19501,Juininha,juininha,MT,70537.52,Regularizada · Paresí,-14.66116,-59.30897,-14.27646,-59.03623
indigena,19601,Juma,juma,AM,38351.15,Regularizada · Juma,-7.43919,-64.09883,-7.22723,-63.83803
indigena,19701,Jumina,jumina,AP,41601.27,"Regularizada · Karipuna,Galibi do Oiapoque",3.87306,-51.71456,4.24565,-51.46954
indigena,67401,Jurubaxi-téa,jurubaxi-tea,AM,1208155.0,"Declarada · Desána,Kuripako,Tikúna,Tariana,Arapáso,Piratapuya,Nadëb,Baniwa,Baré,Tukano",-1.51976,-65.85559,-0.4275,-64.53503
indigena,62001,Juruna do Km 17,juruna do km 17,PA,2292.0,Encaminhada RI · Yudjá,-3.07678,-52.16524,-2.59589,-52.10784
indigena,72001,Ka´aguy Hovy,ka aguy hovy,SP,1950.0,Declarada · Guaraní,-24.70169,-47.54798,-24.64032,-47.42271
indigena,71501,Ka´aguy Mirim,ka aguy mirim,SP,1190.0,Declarada · Guarani Mbya,-24.29308,-47.33581,-24.26061,-47.28405
indigena,20001,Kadiwéu,kadiweu,MS,538535.78,"Regularizada · Terena,Kadiwéu",-21.05287,-57.84758,-20.18212,-56.84786
indigena,20101,Kaingang de Iraí,kaingang de irai,RS,279.8,Regularizada · Kaingang,-27.20218,-53.2521,-27.18142,-53.23058
indigena,20201,Kambiwá,kambiwa,PE,31495.31,Regularizada · Kambiwá,-8.77678,-37.99099,-8.55294,-37.74565
indigena,20301,Kampa do Igarapé Primavera,kampa do igarape primavera,AC,21987.23,Regularizada · Ashaninka,-8.71864,-71.841,-8.55281,-71.62829
indigena,20401,Kampa do Rio Amônia,kampa do rio amonia,AC,87205.4,Regularizada · Ashaninka,-9.41223,-73.21247,-9.12452,-72.80262
indigena,20501,Kampa e Isolados do Rio Envira,kampa e isolados do rio envira,AC,232795.04,Regularizada · Ashaninka,-10.00002,-72.18035,-9.52281,-71.37921
indigena,20601,Kanamari do Rio Juruá,kanamari do rio jurua,AM,596433.64,Regularizada · Kanamarí,-7.19066,-69.7364,-6.60773,-68.23488
indigena,20701,Kanela,kanela,MA,125212.16,Regularizada · Kanela,-6.27641,-45.27643,-5.86419,-44.93719
indigena,73857,Kanela do Araguaia,kanela do araguaia,MT,136026.77,Encaminhada RI · Kanela,-11.26423,-51.27788,-10.82823,-50.95855
indigena,20702,Kanela Memortumré,kanela memortumre,MA,100221.0,Delimitada · Kanela,-6.4316,-45.4533,-5.77833,-44.91117
indigena,20801,Kantaruré,kantarure,BA,1811.87,Regularizada · Kantaruré,-9.18793,-38.41662,-9.14032,-38.36477
indigena,20901,Kapinawá,kapinawa,PE,12403.09,Regularizada · Kapinawá,-8.66966,-37.46198,-8.57049,-37.25033
indigena,64501,Kapôt Nhinore,kapot nhinore,"MT, PA",362243.0,Delimitada · Kayapó,-10.10317,-52.93247,-9.15653,-51.82783
indigena,21001,Karajá de Aruanã I,karaja de aruana i,GO,14.26,Regularizada · Karajá,-14.91859,-51.08347,-14.91054,-51.08125
indigena,21101,Karajá de Aruanã II,karaja de aruana ii,MT,893.27,Regularizada · Karajá,-14.92333,-51.12208,-14.89483,-51.08483
indigena,21201,Karajá de Aruanã III,karaja de aruana iii,GO,705.17,Regularizada · Karajá,-14.89963,-51.09078,-14.84701,-51.06526
indigena,21301,Karajá Santana do Araguaia,karaja santana do araguaia,PA,1485.61,Regularizada · Karajá,-8.90691,-49.79805,-8.85171,-49.74457
indigena,21401,Karapotó,karapoto,AL,1242.52,Regularizada · Karapotó,-10.03824,-36.64912,-9.98408,-36.59992
indigena,21501,Kararaô,kararao,PA,330837.54,Regularizada · Kayapó,-4.42751,-53.36354,-3.81804,-52.58922
indigena,21601,Karipuna,karipuna,RO,152929.86,Regularizada · Karipuna,-10.27852,-64.74054,-9.57783,-64.29414
indigena,73774,Kariri de Serra Grande,kariri de serra grande,PI,2114.68,Encaminhada RI · Kariri,-8.70988,-41.3849,-8.66244,-41.32126
indigena,21701,Kariri-Xocó,kariri-xoco,AL,699.36,Regularizada · Kariri - Xocó,-10.17691,-36.84177,-10.1308,-36.81566
indigena,21702,Kariri-Xocó,kariri-xoco,AL,4694.88,Homologada · Kariri - Xocó,-10.19088,-36.88034,-10.10545,-36.79258
indigena,21801,Karitiana,karitiana,RO,89682.14,Regularizada · Karitiana,-9.44138,-64.222,-9.22374,-63.87206
indigena,21901,Katukina/Kaxinawá,katukina/kaxinawa,AC,23474.04,"Regularizada · Kaxinawá,Katukina",-8.15989,-70.49432,-7.97864,-70.31455
indigena,61401,Kawahiva do Rio Pardo,kawahiva do rio pardo,MT,411844.0,Declarada · Isolados,-9.33386,-60.42144,-8.7966,-59.41817
indigena,22001,Kaxarari,kaxarari,"AM, RO",145889.98,Regularizada · Kaxarari,-9.57872,-66.53839,-9.15951,-66.09841
indigena,22101,Kaxinawá Ashaninka do Rio Breu,kaxinawa ashaninka do rio breu,AC,31277.86,"Regularizada · Kaxinawá,Ashaninka",-9.693,-72.55549,-9.42486,-72.19329
indigena,22201,Kaxinawá Colônia Vinte e Sete,kaxinawa colonia vinte e sete,AC,105.17,Regularizada · Kaxinawá,-8.10869,-70.78961,-8.09448,-70.77785
indigena,22301,Kaxinawá da Praia do Carapanã,kaxinawa da praia do carapana,AC,60698.72,Regularizada · Kaxinawá,-8.57385,-71.54598,-8.27111,-71.18708
indigena,22401,Kaxinawá do Baixo Rio Jordão,kaxinawa do baixo rio jordao,AC,8726.5,Regularizada · Kaxinawá,-9.3656,-72.08217,-9.21459,-71.95953
indigena,22501,Kaxinawá do Rio Humaitá,kaxinawa do rio humaita,AC,127383.56,Regularizada · Kaxinawá,-9.56652,-71.68741,-8.90548,-71.34849
indigena,22601,Kaxinawá do Rio Jordão,kaxinawa do rio jordao,AC,87293.8,Regularizada · Kaxinawá,-9.81102,-72.25856,-9.26145,-72.00953
indigena,22701,Kaxinawá Nova Olinda,kaxinawa nova olinda,AC,27533.4,Regularizada · Kaxinawá,-9.25335,-70.82291,-9.02454,-70.5928
indigena,22801,Kaxinawá Seringal Independência,kaxinawa seringal independencia,AC,11584.13,Encaminhada RI · Kaxinawá,-9.35684,-72.00577,-9.26485,-71.83535
indigena,68101,Kaxuyana-Tunayana,kaxuyana-tunayana,PA,2184120.0,Homologada · Kaxuyana,-1.87498,-58.00359,0.8161,-56.47094
indigena,22902,Kayabi,kayabi,"MT, PA",1053257.68,Regularizada · Kaiabi,-9.22181,-57.95472,-7.88923,-56.66668
indigena,23001,Kayapó,kayapo,PA,3284004.97,Regularizada · Kayapó,-8.69289,-53.13042,-6.8792,-50.83348
indigena,23101,Kiriri,kiriri,BA,12299.87,Regularizada · Kiriri,-10.71655,-38.69172,-10.59717,-38.57113
indigena,73799,Kiriri de Caldas,kiriri de caldas,MG,38.89,Encaminhada RI · Kiriri,-21.89647,-46.41464,-21.8894,-46.40717
indigena,23201,Koatinemo,koatinemo,PA,387834.25,Regularizada · Asurini do Xingu,-4.91504,-52.60716,-3.72442,-51.96248
indigena,62301,Krahó-Kanela,kraho-kanela,TO,7612.77,Regularizada · Krahô-Kanela,-11.05673,-49.97731,-10.9745,-49.80767
indigena,23301,Kraolandia,kraolandia,TO,302533.4,Regularizada · Krahô,-8.77457,-47.76577,-7.922,-47.13645
indigena,23401,Krenak,krenak,MG,4039.82,Regularizada · Krenák,-19.25484,-41.3501,-19.1888,-41.25676
indigena,23402,Krenak de Sete Salões,krenak de sete saloes,MG,16959.92,Delimitada · Krenák,-19.3918,-41.46071,-19.21088,-41.25278
indigena,65801,Krenrehé,krenrehe,MT,5973.72,Regularizada · Krenák,-11.0897,-51.5401,-11.02268,-51.39842
indigena,73718,Krenyê,krenye,MA,8035.68,"Regularizada · Timbira,Krenyê",-6.10845,-44.82008,-5.93226,-44.72407
indigena,23501,Krikati,krikati,MA,144775.79,Regularizada · Krikati,-6.07996,-47.17255,-5.65842,-46.72192
indigena,23601,Krukutu,krukutu,SP,25.88,Regularizada · Guaraní,-23.86667,-46.62344,-23.85996,-46.61766
indigena,23701,Kulina do Medio Jurua,kulina do medio jurua,"AM, AC",730143.0,Regularizada · Kulina Páno,-7.8099,-71.22245,-6.79518,-70.01537
indigena,23801,Kulina do Rio Envira,kulina do rio envira,AC,84364.61,"Regularizada · Kaxinawá,Kulina Páno",-9.66823,-71.60173,-9.24258,-71.16057
indigena,73795,Kulina do Rio Uerê (Matatibem),kulina do rio uere (matatibem),AM,274526.72,Delimitada · Kulina Madijá,-5.92183,-67.36592,-5.06877,-66.83668
indigena,23901,Kulina Igarapé do Pau,kulina igarape do pau,AC,45590.94,Regularizada · Kulina Páno,-9.44182,-71.18145,-9.16451,-70.85044
indigena,24001,Kumaru do Lago Ualá,kumaru do lago uala,AM,80035.88,Regularizada · Kulina Páno,-3.1747,-65.92035,-2.73366,-65.6735
indigena,38902,Kuruáya,kuruaya,PA,166784.25,Regularizada · Kuruáya,-6.04049,-54.79676,-5.43292,-54.37445
indigena,24101,Kwazá do Rio São Pedro,kwaza do rio sao pedro,RO,16799.88,"Regularizada · Kwazá,Aikanã",-12.4223,-61.47116,-12.31222,-61.32259
indigena,24201,Lago Aiapua,lago aiapua,AM,24866.09,Regularizada · Múra,-4.4741,-62.22758,-4.28288,-62.05721
indigena,24301,Lago Capanã,lago capana,AM,6321.6,Regularizada · Múra,-6.07522,-62.2895,-6.00035,-61.98514
indigena,24401,Lago do Beruri,lago do beruri,AM,4080.37,Regularizada · Tikúna,-3.83636,-61.31998,-3.76747,-61.21946
indigena,52701,Lago do Correio,lago do correio,AM,13209.78,"Regularizada · Kokama,Tikúna",-3.03752,-69.10412,-2.87336,-69.00319
indigena,24501,Lago do Limão,lago do limao,AM,8210.0,Declarada · Múra,-4.32871,-59.97562,-4.2111,-59.86894
indigena,27401,Lago do Marinheiro,lago do marinheiro,AM,3586.29,Regularizada · Múra,-3.63985,-60.02917,-3.55449,-59.9672
indigena,24701,Lago Jauari,lago jauari,AM,12023.08,Regularizada · Múra,-6.24778,-62.03319,-6.14236,-61.88843
indigena,24901,Lagoa  Encantada,lagoa  encantada,CE,1731.0,Homologada · Kanindé,-4.00722,-38.30101,-3.95782,-38.24722
indigena,24801,Lagoa Comprida,lagoa comprida,MA,13198.27,Regularizada · Tenetehara,-5.39984,-45.8098,-5.26325,-45.6698
indigena,25001,Lagoa dos Brincos,lagoa dos brincos,MT,1845.06,Regularizada · Negarotê,-13.2951,-60.21449,-13.23079,-60.15281
indigena,25101,Lalima,lalima,MS,3000.21,"Regularizada · Terena,Kinikinau",-20.61908,-56.31396,-20.54303,-56.24754
indigena,25301,Laranjinha,laranjinha,PR,284.24,"Regularizada · Guaraní,Kaingang",-23.29273,-50.41962,-23.2739,-50.39867
indigena,56801,Las Casas,las casas,PA,21344.7,Regularizada · Kayapó,-7.96254,-49.99655,-7.7842,-49.83159
indigena,25401,Lauro Sodré,lauro sodre,AM,9478.62,Regularizada · Tikúna,-4.57017,-69.94197,-4.399,-69.8481
indigena,25501,Ligeiro,ligeiro,RS,4565.8,Regularizada · Kaingang,-28.00269,-51.99492,-27.90474,-51.90823
indigena,25701,Limão Verde,limao verde,MS,5377.28,Regularizada · Terena,-20.374,-55.73548,-20.2995,-55.64206
indigena,25901,Macarrão,macarrao,AM,44267.91,Regularizada · Tikúna,-3.0363,-67.27849,-2.81052,-67.00204
indigena,26001,Mãe Maria,mae maria,PA,62488.45,Regularizada · Gavião Parkatejê,-5.33042,-49.02732,-4.97782,-48.80328
indigena,26101,Malacacheta,malacacheta,RR,28631.83,Regularizada · Wapixana,2.44274,-60.54094,2.73754,-60.40482
indigena,26201,Mamoadate,mamoadate,AC,313646.87,"Regularizada · Machineri,Yaminawa",-10.99904,-70.61761,-10.4072,-69.80891
indigena,26301,Mangueira,mangueira,RR,4063.74,Regularizada · Makuxí,3.23356,-61.47179,3.30991,-61.34351
indigena,26401,Mangueirinha,mangueirinha,PR,16375.76,"Regularizada · Guaraní,Kaingang",-26.00395,-52.41454,-25.74454,-52.21671
indigena,26501,Manoa/Pium,manoa/pium,RR,43336.73,"Regularizada · Makuxí,Wapixana",2.84208,-60.22118,3.08427,-59.94676
indigena,17302,Manoki,manoki,MT,250539.83,Homologada · Irántxe,-12.98302,-58.07261,-12.34137,-57.38429
indigena,26601,Mapari,mapari,AM,157246.23,Regularizada · Kaixana,-2.34332,-67.68452,-1.88585,-66.91073
indigena,26701,Maraã Urubaxi,maraa urubaxi,AM,94405.07,"Regularizada · Makú,Kanamarí",-1.8144,-65.69838,-1.49524,-65.29508
indigena,65401,Maracaxi,maracaxi,PA,720.0,Declarada · Tembé,-2.36306,-47.98712,-2.33173,-47.95102
indigena,26801,Maraitá,maraita,AM,53038.06,Regularizada · Tikúna,-3.34281,-68.47954,-3.07823,-68.22988
indigena,26901,Maraiwatsede,maraiwatsede,MT,165241.23,Regularizada · Xavante,-11.97009,-51.9845,-11.51448,-51.39441
indigena,27001,Marajai,marajai,AM,1196.35,Regularizada · Matsés,-3.2143,-64.8487,-3.17202,-64.8054
indigena,27101,Maranduba,maranduba,"TO, PA",375.15,Regularizada · Karajá,-8.88613,-49.71333,-8.85367,-49.68243
indigena,27201,Marechal Rondon,marechal rondon,MT,98500.0,Regularizada · Xavante,-14.19686,-54.11322,-13.70706,-53.82789
indigena,55101,Maró,maro,PA,42373.0,Declarada · Arapiun,-2.88185,-55.97494,-2.67321,-55.64745
indigena,27501,Marrecas,marrecas,PR,16838.57,Regularizada · Kaingang,-25.14473,-51.49588,-24.97264,-51.31341
indigena,27601,Massacara,massacara,BA,8020.08,Regularizada · Kaimbé,-10.48707,-38.83273,-10.38456,-38.73731
indigena,27701,Massaco,massaco,RO,421895.08,Regularizada · Isolados,-12.88091,-63.09658,-12.26015,-62.17291
indigena,27901,Mata da Cafurna,mata da cafurna,AL,117.6,Regularizada · Xucuru - Kariri,-9.38449,-36.63917,-9.37186,-36.62826
indigena,28001,Mata Medonha,mata medonha,BA,549.62,Regularizada · Pataxó,-16.16661,-39.02667,-16.13735,-38.99645
indigena,28101,Matintin,matintin,AM,21760.7,Regularizada · Tikúna,-2.99551,-68.52692,-2.77905,-68.39512
indigena,68601,Mato Castelhano,mato castelhano,RS,3567.0,Delimitada · Kaingang,-28.34522,-52.20985,-28.27965,-52.11966
indigena,53801,Mato Preto,mato preto,RS,4230.0,Delimitada · Guaraní,-27.84601,-52.2661,-27.78368,-52.17348
indigena,28201,Mawetek,mawetek,AM,115492.88,Regularizada · Kanamarí,-6.77392,-70.63218,-6.46407,-69.95563
indigena,28301,Maxacali,maxacali,MG,5305.67,Regularizada · Maxakali,-16.90938,-40.63386,-16.84119,-40.52802
indigena,28401,Mbiguaçu,mbiguacu,SC,59.2,"Regularizada · Guarani Nhandeva,Guarani Mbya",-27.46583,-48.65443,-27.45944,-48.6386
indigena,28501,Médio Rio Negro I,medio rio negro i,AM,1776139.0,"Regularizada · Tukano,Makú,Tariana,Baré,Baniwa",-1.36812,-69.15276,0.1162,-65.44655
indigena,28601,Médio Rio Negro II,medio rio negro ii,AM,316194.99,"Regularizada · Tukano,Makú,Tariana,Desána,Baré,Baniwa",-0.37444,-66.87176,0.0002,-65.40376
indigena,28701,Menkragnoti,menkragnoti,"PA, MT",4914254.82,Regularizada · Kayapó,-9.84359,-54.68547,-7.16731,-52.00387
indigena,28801,Menkü,menku,MT,47094.86,Regularizada · Mynky,-12.31602,-58.5294,-12.04412,-58.31066
indigena,28901,Meria,meria,AM,585.49,Regularizada · Miránha,-3.24287,-64.85984,-3.20136,-64.8467
indigena,29001,Merure,merure,MT,82301.14,Regularizada · Boróro,-15.74466,-53.22253,-15.38505,-52.85014
indigena,29101,Miguel/Josefa,miguel/josefa,AM,1628.81,Regularizada · Múra,-3.83268,-59.17618,-3.78736,-59.12714
indigena,29201,Miratu,miratu,AM,13198.79,Regularizada · Miránha,-3.08585,-65.30893,-2.97806,-65.15735
indigena,29301,Monte Caseros,monte caseros,RS,1112.41,Regularizada · Kaingang,-28.38133,-51.73088,-28.33735,-51.68472
indigena,29401,Morro Alto,morro alto,SC,893.0,Declarada · Guarani Mbya,-26.32526,-48.68281,-26.28049,-48.64703
indigena,29501,Morro Branco,morro branco,MA,48.98,Regularizada · Tenetehara,-5.8262,-46.13338,-5.81839,-46.12561
indigena,73001,Morro da Palha,morro da palha,SC,240.33,Encaminhada RI · Guarani Mbya,-27.34807,-48.67221,-27.33071,-48.65435
indigena,29601,Morro dos Cavalos,morro dos cavalos,SC,1983.49,Regularizada · Guaraní,-27.82425,-48.68041,-27.75719,-48.61727
indigena,29701,Moskow,moskow,RR,14213.0,Regularizada · Wapixana,2.65937,-60.23497,2.84276,-60.10094
indigena,73709,Muã Mimatxi (Fazenda Modelo Diniz),mua mimatxi (fazenda modelo diniz),MG,0.0,Regularizada · Pataxó,-20.47682,-45.05639,-20.46723,-45.03653
indigena,66001,Mundo Verde/Cachoeirinha,mundo verde/cachoeirinha,MG,606.19,Regularizada · Maxakali,-17.57481,-41.28487,-17.5451,-41.25289
indigena,29801,Munduruku,munduruku,PA,2381795.78,Regularizada · Mundurukú,-8.67012,-58.47407,-6.13052,-56.66667
indigena,58001,Munduruku-Taquara,munduruku-taquara,PA,25323.0,Declarada · Mundurukú,-3.36074,-55.16369,-3.14332,-54.92871
indigena,30001,Muriru,muriru,RR,5555.94,Regularizada · Wapixana,2.53023,-60.25842,2.59265,-60.15943
indigena,30101,Murutinga/Tracaja,murutinga/tracaja,AM,13286.0,Declarada · Múra,-3.49338,-59.27851,-3.28484,-59.11146
indigena,30201,Nambikwara,nambikwara,MT,1011961.49,Regularizada · Nambikwára,-13.83373,-60.01664,-12.21188,-58.84628
indigena,30301,Ñande Ru Marangatu,nande ru marangatu,MS,9317.22,Homologada · Guarani Kaiowá,-22.28725,-56.11053,-22.19545,-55.96582
indigena,30401,Natal/Felicidade,natal/felicidade,AM,313.34,Regularizada · Múra,-3.58418,-59.23586,-3.5553,-59.19779
indigena,56601,Nawa,nawa,AC,65159.27,Delimitada · Nawa,-7.73624,-73.67133,-7.43478,-73.33025
indigena,30501,Nhamundá/Mapuera,nhamunda/mapuera,"AM, PA",1049520.0,"Regularizada · Hixkaryána,Wai Wai",-1.49991,-58.71541,-0.00334,-57.63501
indigena,30601,Nioaque,nioaque,MS,3029.35,Regularizada · Terena,-21.18269,-55.78229,-21.13349,-55.69837
indigena,30701,Nonoai,nonoai,RS,19830.0,"Declarada · Guaraní,Kaingang",-27.43357,-53.07595,-27.30611,-52.77846
indigena,30801,Nonoai/Rio da Várzea,nonoai/rio da varzea,RS,16415.44,Regularizada · Kaingang,-27.49353,-53.153,-27.35143,-52.93607
indigena,30901,Nossa Senhora de Fátima,nossa senhora de fatima,MS,88.89,Regularizada · Terena,-20.37314,-56.1426,-20.36123,-56.12901
indigena,31001,Nova Esperança do Rio Jandiatuba,nova esperanca do rio jandiatuba,AM,20003.93,Regularizada · Tikúna,-3.67767,-68.8745,-3.47578,-68.6128
indigena,31101,Nova Jacundá,nova jacunda,PA,424.61,Regularizada · Guarani Mbya,-4.76142,-48.97305,-4.70757,-48.95077
indigena,31201,Nove de Janeiro,nove de janeiro,AM,228777.1,Regularizada · Diahói,-7.75965,-62.94523,-7.12364,-62.33498
indigena,31301,Nukini,nukini,AC,27263.52,Regularizada · Nukiní,-7.45655,-73.67099,-7.27542,-73.27657
indigena,31401,Ofayé-Xavante,ofaye-xavante,MS,1937.62,Declarada · Ofayé,-21.29391,-52.18499,-21.23726,-52.14552
indigena,31402,Ofayé-Xavante,ofaye-xavante,MS,484.0,Regularizada · Ofayé,-21.26215,-52.14691,-21.24047,-52.11819
indigena,31501,Ouro,ouro,RR,13572.97,Regularizada · Makuxí,3.39951,-60.75087,3.56368,-60.59619
indigena,31601,Pacaas Novas,pacaas novas,RO,279906.38,Regularizada · Pakaa Nova,-11.7224,-65.36048,-10.9901,-64.8383
indigena,31701,Pacheca,pacheca,RS,1852.2,Regularizada · Guaraní,-31.2051,-51.81971,-31.1409,-51.75747
indigena,31901,Padre,padre,AM,797.51,Regularizada · Múra,-3.76505,-59.19917,-3.72393,-59.17041
indigena,71901,Pakurity,pakurity,SP,5730.0,Declarada · Guarani Mbya,-25.14343,-48.02224,-25.00555,-47.93572
indigena,32002,Palmas,palmas,"PR, SC",3800.88,Regularizada · Kaingang,-26.57361,-52.11942,-26.49013,-52.02947
indigena,64801,Panambi - Lagoa Rica,panambi - lagoa rica,MS,12196.0,Delimitada · Guarani Kaiowá,-22.07137,-54.68318,-21.90175,-54.53379
indigena,32101,Panambizinho,panambizinho,MS,1272.8,Regularizada · Guarani Kaiowá,-22.14402,-54.69207,-22.11065,-54.6464
indigena,32201,Panará,panara,"PA, MT",499740.01,Regularizada · Panará,-9.89161,-54.49751,-8.80727,-53.8415
indigena,71001,Pankará da Serra do Arapuá,pankara da serra do arapua,PE,15114.0,Declarada · Pankará,-8.49438,-38.78549,-8.34116,-38.64428
indigena,32301,Pankararé,pankarare,BA,29597.33,Regularizada · Pankararé,-9.55244,-38.68262,-9.36306,-38.44832
indigena,32401,Pankararu,pankararu,PE,8377.28,Regularizada · Pankararú,-9.19805,-38.25642,-9.09365,-38.15046
indigena,32601,Paquiçamba,paquicamba,PA,4384.27,Regularizada · Yudjá,-3.51756,-51.84194,-3.44045,-51.76194
indigena,32602,Paquiçamba,paquicamba,PA,15733.0,Declarada · Yudjá,-3.54329,-51.86345,-3.34923,-51.68571
indigena,32701,Parabubure,parabubure,MT,224447.34,Regularizada · Xavante,-14.61865,-53.46608,-14.10668,-52.84714
indigena,32801,Paracuhuba,paracuhuba,AM,927.54,Regularizada · Múra,-3.56446,-59.09483,-3.54112,-59.05246
indigena,32901,Parakanã,parakana,PA,351697.41,Regularizada · Parakanã,-5.19676,-50.43784,-4.41124,-49.76743
indigena,33001,Paraná do Arauató,parana do arauato,AM,5915.44,Regularizada · Múra,-3.25246,-58.70948,-3.17566,-58.60377
indigena,33101,Parana do Boa Boa,parana do boa boa,AM,240545.85,Regularizada · Makú,-1.88294,-67.49728,-1.45809,-66.77963
indigena,33201,Parana do Paricá,parana do parica,AM,7866.32,Regularizada · Kanamarí,-1.93629,-65.88652,-1.82501,-65.78849
indigena,33301,Parati-Mirim,parati-mirim,RJ,79.2,Regularizada · Guaraní,-23.26006,-44.65938,-23.24839,-44.64675
indigena,33401,Paresi,paresi,MT,563586.53,Regularizada · Paresí,-14.66599,-59.1084,-14.00035,-58.08173
indigena,33501,Parque do Araguaia,parque do araguaia,TO,1358499.48,"Regularizada · Tapirapé,Javaé,Karajá,Ava-Canoeiro",-12.85293,-50.73858,-10.46489,-49.88353
indigena,33601,Parque do Aripuanã,parque do aripuana,"MT, RO",1603245.98,Regularizada · Cinta Larga,-12.59967,-60.53725,-10.7202,-59.21624
indigena,33701,Parque do Tumucumaque,parque do tumucumaque,"AP, PA",3071067.88,"Regularizada · Wayana,Apalaí",0.53751,-56.43465,2.63235,-54.4875
indigena,33801,Parque do Xingu,parque do xingu,"MT, PA",2642003.94,"Regularizada · Wauja, Trumái, Yawalapití, Mehináku, Aweti, Yudjá, Kisêdjê, Ikpeng, Matipú, Kuikuro, Nahukuá, Tapayuna, Kaiabi, Kamayrurá, Kalapalo",-13.00241,-54.01092,-10.60047,-52.53943
indigena,65301,Passo Grande do Rio Forquilha,passo grande do rio forquilha,RS,1916.0,Declarada · Kaingang,-27.89218,-51.81255,-27.83599,-51.73221
indigena,33901,Patauá,pataua,AM,615.88,Regularizada · Múra,-3.46146,-59.31695,-3.42503,-59.28233
indigena,34101,Paukalirajausu,paukalirajausu,MT,8400.0,Delimitada · Nambikwára,-14.85331,-59.69819,-14.67688,-59.59189
indigena,34201,Paumari do Cuniua,paumari do cuniua,AM,42828.05,Regularizada · Paumarí,-6.17867,-65.06608,-5.93086,-64.76195
indigena,34302,Paumari do Lago Manissuã,paumari do lago manissua,AM,22970.07,Regularizada · Paumarí,-5.89504,-64.68295,-5.71003,-64.48966
indigena,34402,Paumari do Lago Marahã,paumari do lago maraha,AM,118766.89,Regularizada · Apurinã,-7.79674,-65.47665,-7.38882,-65.00795
indigena,34501,Paumari do Lago Paricá,paumari do lago parica,AM,15792.11,Regularizada · Paumarí,-5.98542,-64.78876,-5.87573,-64.64081
indigena,34601,Paumari do Rio Ituxi,paumari do rio ituxi,AM,7572.41,Regularizada · Paumarí,-7.4257,-65.04711,-7.30838,-64.92053
indigena,71801,Peguaoty,peguaoty,SP,6230.0,Declarada · Guarani Mbya,-24.24311,-48.09421,-24.15194,-47.96058
indigena,34701,Peneri/Tacaquiri,peneri/tacaquiri,AM,189870.96,Regularizada · Apurinã,-8.49414,-67.30616,-7.78934,-66.87203
indigena,34801,Pequizal,pequizal,MT,9886.82,Regularizada · Nambikwára,-14.31489,-59.9328,-14.2053,-59.78314
indigena,55201,Pequizal do Naruvôtu,pequizal do naruvotu,MT,27878.5,Regularizada · Naravute,-13.00275,-53.00315,-12.79617,-52.72326
indigena,34901,Perigara,perigara,MT,10740.41,Regularizada · Boróro,-16.93027,-56.25265,-16.8043,-56.10533
indigena,35001,Peruíbe,peruibe,SP,480.47,Regularizada · Guaraní,-24.19241,-46.99994,-24.17768,-46.97019
indigena,35101,Piaçaguera,piacaguera,SP,2773.8,Regularizada · Guarani Nhandeva,-24.27124,-46.97662,-24.19206,-46.90066
indigena,35201,Pilad Rebuá,pilad rebua,MS,208.37,Regularizada · Terena,-20.26436,-56.37107,-20.24436,-56.35274
indigena,35301,Pimentel Barbosa,pimentel barbosa,MT,328966.44,Regularizada · Xavante,-13.78231,-52.04167,-13.12643,-51.18677
indigena,35401,Pinatuba,pinatuba,AM,29564.94,Regularizada · Múra,-5.81888,-60.82544,-5.5068,-60.67669
indigena,73703,Pindó Poty (Lami),pindo poty (lami),RS,71.88,Delimitada · Guaraní,-30.23507,-51.10848,-30.21904,-51.09891
indigena,44301,Pindoty,pindoty,SC,3294.0,Declarada · Guarani Mbya,-26.45746,-48.7453,-26.37188,-48.62594
indigena,71201,Pindoty/Araçá-Mirim,pindoty/araca-mirim,SP,1030.0,Declarada · Guarani Mbya,-24.77059,-47.87599,-24.74187,-47.82443
indigena,35501,Pinhal,pinhal,SC,880.08,Regularizada · Kaingang,-27.16392,-52.47859,-27.13023,-52.42904
indigena,35601,Pinhalzinho,pinhalzinho,PR,593.37,Regularizada · Guaraní,-23.56847,-50.09409,-23.55173,-50.04688
indigena,62801,Pipipã,pipipa,PE,63322.0,Delimitada · Aimore,-8.71628,-38.18405,-8.44255,-37.85339
indigena,35701,Pirahã,piraha,AM,346910.57,"Regularizada · Múra,Pirahã",-7.85777,-62.41849,-6.46328,-61.67971
indigena,35801,Pirai,pirai,SC,3017.0,Declarada · Guarani Mbya,-26.522,-48.87763,-26.43809,-48.78787
indigena,35901,Pirajuí,pirajui,MS,2118.23,Regularizada · Guarani Nhandeva,-23.98945,-55.30945,-23.92574,-55.262
indigena,36001,Pirakua,pirakua,MS,2384.06,Regularizada · Guarani Kaiowá,-22.03732,-56.07772,-21.96488,-56.01472
indigena,36101,Pirineus de Souza,pirineus de souza,MT,28212.27,Regularizada · Nambikwára,-12.85452,-60.047,-12.67063,-59.80878
indigena,66901,Piripkura ( restrição de uso ),piripkura ( restricao de uso ),MT,242500.0,Em Estudo · Isolados,-9.94451,-61.33889,-9.4674,-60.67638
indigena,73708,Pirititi,pirititi,RR,40095.0,Em Estudo · Isolados,-0.2359,-60.62333,0.35877,-60.30079
indigena,36201,Pitaguary,pitaguary,CE,1727.87,Homologada · Pitaguari,-3.97276,-38.65525,-3.90361,-38.60939
indigena,36301,Pium,pium,RR,4607.61,Regularizada · Wapixana,3.36197,-61.13834,3.43797,-61.07169
indigena,53201,Ponciano,ponciano,AM,4329.0,Declarada · Múra,-3.56857,-59.48287,-3.45782,-59.4286
indigena,36401,Ponta da Serra,ponta da serra,RR,15597.06,Regularizada · Makuxí,3.54026,-60.95388,3.67743,-60.79655
indigena,36501,Ponte de Pedra,ponte de pedra,MT,17000.0,Declarada · Paresí,-13.64815,-57.45332,-13.4971,-57.26938
indigena,36601,Porquinhos,porquinhos,MA,79520.25,Regularizada · Kanela,-6.22613,-45.81136,-5.96502,-45.47243
indigena,36602,Porquinhos dos Canela-Apãnjekra,porquinhos dos canela-apanjekra,MA,301000.0,Delimitada · Kanela,-6.5985,-45.87852,-5.94967,-45.27016
indigena,59001,Portal do Encantado,portal do encantado,MT,43057.0,Declarada · Chiquitáno,-16.2749,-59.60854,-16.02612,-59.3613
indigena,57101,Porto Limoeiro,porto limoeiro,AM,4587.72,Regularizada · Tikúna,-3.12971,-68.9632,-2.9932,-68.91872
indigena,36701,Porto Lindo,porto lindo,MS,1648.89,Regularizada · Guarani Nhandeva,-23.80929,-54.61572,-23.76597,-54.55295
indigena,36801,Porto Praia,porto praia,AM,4769.86,Regularizada · Tikúna,-2.92909,-65.15919,-2.85112,-65.07688
indigena,36901,Potiguara,potiguara,PB,21238.49,Regularizada · Potiguara,-6.78397,-35.0949,-6.59427,-34.92897
indigena,37001,Potiguara de Monte-Mor,potiguara de monte-mor,PB,7530.6,Homologada · Potiguara,-6.81174,-35.13397,-6.7332,-34.95911
indigena,37101,Potrero Guaçu,potrero guacu,MS,4025.0,Declarada · Guarani Nhandeva,-23.97559,-55.4195,-23.9195,-55.32066
indigena,37201,Poyanawa,poyanawa,AC,24499.09,Regularizada · Poyanáwa,-7.68837,-73.18596,-7.44099,-72.93345
indigena,37301,Praia do Índio,praia do indio,PA,31.5,Encaminhada RI · Mundurukú,-4.28528,-56.03124,-4.27937,-56.02301
indigena,37401,Praia do Mangue,praia do mangue,PA,31.84,Encaminhada RI · Mundurukú,-4.2609,-55.97807,-4.25101,-55.96958
indigena,53401,Prosperidade,prosperidade,AM,5572.86,Regularizada · Kokama,-2.73423,-67.52646,-2.61783,-67.4325
indigena,37501,Queimadas,queimadas,PR,3077.76,Regularizada · Kaingang,-24.2833,-50.99905,-24.20539,-50.9297
indigena,37601,Quixaba,quixaba,BA,28.17,Encaminhada RI · Xucuru - Kariri,-9.22793,-38.30637,-9.22133,-38.29881
indigena,37701,Raimundão,raimundao,RR,4276.81,"Regularizada · Makuxí,Wapixana",2.85454,-61.36236,2.91345,-61.27731
indigena,37801,Rancho Jacaré,rancho jacare,MS,777.53,Regularizada · Guarani Kaiowá,-22.8632,-55.14021,-22.83829,-55.09407
indigena,37901,Raposa Serra do Sol,raposa serra do sol,RR,1747464.78,"Regularizada · Taulipáng,Makuxí,Ingarikó,Wapixana",3.37367,-61.13364,5.26962,-59.51576
indigena,38001,Recreio/São Félix,recreio/sao felix,AM,251.05,Regularizada · Múra,-3.55474,-59.20885,-3.53974,-59.18919
indigena,73789,Reserva Indígena Avá Canoeiro,reserva indigena ava canoeiro,GO,0.0,Encaminhada RI · Ava-Canoeiro,-13.94658,-48.30505,-13.75554,-48.16041
indigena,38102,Ribeirão Silveira,ribeirao silveira,SP,8468.93,Declarada · Guaraní,-23.75644,-45.86004,-23.66902,-45.75357
indigena,38201,Rio Apaporis,rio apaporis,AM,106960.34,"Regularizada · Tukano,Makú,Desána,Tuyúca",-1.37605,-69.42658,-0.95197,-69.04914
indigena,38301,Rio Areia,rio areia,PR,1352.38,Regularizada · Guaraní,-25.78757,-51.26997,-25.73982,-51.20992
indigena,38501,Rio Biá,rio bia,AM,1185791.71,Regularizada · Katukina,-5.73832,-68.39494,-3.85178,-67.13257
indigena,38601,Rio Branco,rio branco,RO,236137.11,"Regularizada · Tupaiu,Makuráp",-12.47279,-62.96742,-11.8309,-62.32209
indigena,38701,Rio Branco Itanhaém,rio branco itanhaem,SP,2856.1,Regularizada · Guaraní,-24.02906,-46.70128,-23.97386,-46.61931
indigena,39001,Rio das Cobras,rio das cobras,PR,18681.98,"Regularizada · Guaraní,Kaingang",-25.35365,-52.84357,-25.22611,-52.55816
indigena,39101,Rio dos Índios,rio dos indios,RS,711.7,Regularizada · Kaingang,-27.19809,-53.42943,-27.16589,-53.39109
indigena,39201,Rio dos Pardos,rio dos pardos,SC,758.26,Regularizada · Xokléng,-26.49447,-50.99893,-26.4617,-50.96328
indigena,39301,Rio Formoso,rio formoso,MT,19749.47,Regularizada · Paresí,-14.65644,-58.15639,-14.38937,-58.0145
indigena,39402,Rio Gregório,rio gregorio,AC,187125.22,"Regularizada · Katukina,Yawanawá",-8.67167,-72.00741,-8.05562,-71.52101
indigena,39501,Rio Guaporé,rio guapore,RO,115788.08,Regularizada · Makuráp,-12.15499,-64.96088,-11.78045,-64.46668
indigena,39601,Rio Jumas,rio jumas,AM,9462.7,Regularizada · Múra,-3.91155,-59.94029,-3.7887,-59.82895
indigena,39701,Rio Manicoré,rio manicore,AM,19481.87,Regularizada · Múra,-6.25158,-61.62162,-6.10993,-61.42604
indigena,39801,Rio Mequens,rio mequens,RO,107553.01,Regularizada · Sakurabiat,-12.82776,-61.9199,-12.46055,-61.54598
indigena,40001,Rio Negro Ocaia,rio negro ocaia,RO,104063.81,Regularizada · Pakaa Nova,-11.19205,-64.85109,-10.95104,-64.3705
indigena,40002,Rio Negro Ocaia,rio negro ocaia,RO,235070.0,Declarada · Pakaa Nova,-11.258,-65.052,-10.86823,-64.26609
indigena,40101,Rio Omerê,rio omere,RO,26177.19,"Regularizada · Akuntsú,Kanoé",-12.89885,-61.18812,-12.73762,-61.00429
indigena,40201,Rio Paru DEste,rio paru deste,PA,1195785.79,"Regularizada · Wayana,Apalaí",-0.03996,-55.22129,1.36797,-53.81867
indigena,40301,Rio Pindaré,rio pindare,MA,15002.91,Regularizada · Tenetehara,-3.69772,-45.64291,-3.55517,-45.39524
indigena,40401,Rio Téa,rio tea,AM,411865.32,"Regularizada · Tukano,Makú,Piratapuya,Desána,Baré",-0.94963,-66.91589,-0.29925,-65.1361
indigena,40501,Rio Urubu,rio urubu,AM,27354.91,Regularizada · Múra,-3.21,-59.0712,-2.99366,-58.80084
indigena,53501,Riozinho,riozinho,AM,362495.0,"Declarada · Kokama,Tikúna",-4.07711,-67.23019,-3.00006,-66.76895
indigena,72501,Riozinho - RS,riozinho - rs,RS,24.44,Regularizada · Guarani Mbya,-29.63081,-50.40929,-29.6254,-50.40187
indigena,51301,Riozinho do Alto Envira,riozinho do alto envira,AC,260972.03,Homologada · Isolados,-10.00002,-71.67727,-9.4473,-70.69904
indigena,62701,Riozinho do Iaco (anteriormente chamada de Manchineri do Seringal Guanabara),riozinho do iaco (anteriormente chamada de manchineri do seringal guanabara),AC,199284.56,Delimitada · Machineri,-10.56757,-70.30781,-10.11023,-69.52222
indigena,40601,Rodeador,rodeador,MA,2319.45,Regularizada · Tenetehara,-5.73264,-45.26193,-5.67451,-45.19602
indigena,40701,Roosevelt,roosevelt,"RO, MT",230826.3,Regularizada · Cinta Larga,-11.53897,-60.81944,-10.68098,-60.39702
indigena,40801,Sagarana,sagarana,RO,18120.06,Regularizada · Pakaa Nova,-12.01709,-65.04095,-11.82987,-64.88444
indigena,40901,Sai-Cinza,sai-cinza,PA,125552.08,Regularizada · Mundurukú,-6.67402,-58.28333,-6.21819,-57.70266
indigena,41001,Salto Grande do Jacuí,salto grande do jacui,RS,234.96,Regularizada · Guaraní,-29.07119,-53.24685,-29.05257,-53.22024
indigena,67801,Sambaqui,sambaqui,PR,2795.0,Declarada · Guaraní,-25.6639,-48.51414,-25.57967,-48.42969
indigena,41101,Sangradouro/Volta Grande,sangradouro/volta grande,MT,100280.4,"Regularizada · Xavante,Boróro",-15.74336,-54.00771,-15.17258,-53.72355
indigena,53601,Santa Cruz da Nova Aliança,santa cruz da nova alianca,AM,5969.22,Regularizada · Kokama,-2.87584,-67.75934,-2.68059,-67.64505
indigena,41201,Santa Inez,santa inez,RR,29698.04,Regularizada · Makuxí,4.06425,-61.45615,4.28159,-61.27782
indigena,41301,Santana,santana,MT,35470.75,Regularizada · Bakairí,-14.27379,-55.57202,-14.02304,-55.25895
indigena,58301,São Domingos - MT,sao domingos - mt,MT,5704.81,Regularizada · Karajá,-11.31756,-50.76677,-11.23368,-50.65902
indigena,58201,São Domingos do Jacapari e Estação,sao domingos do jacapari e estacao,AM,134781.75,Regularizada · Kokama,-3.06561,-67.58301,-2.56146,-67.17789
indigena,41501,São Francisco do Canimari,sao francisco do canimari,AM,3331.22,Regularizada · Tikúna,-3.42902,-68.35603,-3.33835,-68.30653
indigena,41601,São Jeronimo,sao jeronimo,PR,1339.34,"Regularizada · Xetá,Guaraní,Kaingang",-23.76506,-50.78011,-23.71881,-50.73569
indigena,41701,São Leopoldo,sao leopoldo,AM,69270.54,Regularizada · Tikúna,-4.74796,-69.90402,-4.36855,-69.58503
indigena,58101,São Marcos - MT,sao marcos - mt,MT,188478.26,Regularizada · Xavante,-15.4733,-53.01978,-14.86291,-52.45929
indigena,58401,São Marcos - RR,sao marcos - rr,RR,654110.1,"Regularizada · Makuxí,Wapixana",3.02691,-61.51477,4.53964,-60.2876
indigena,41801,São Pedro,sao pedro,AM,726.18,Regularizada · Múra,-3.74446,-59.26561,-3.71459,-59.22218
indigena,41901,São Pedro do Sepatini,sao pedro do sepatini,AM,27644.25,Regularizada · Apurinã,-7.97861,-65.9491,-7.77091,-65.67026
indigena,42001,São Sebastião,sao sebastiao,AM,61058.54,"Regularizada · Kokama,Kaixana",-2.89823,-67.73406,-2.50052,-67.46886
indigena,51501,Sapotal,sapotal,AM,1264.47,Regularizada · Kokama,-4.28019,-69.54314,-4.22652,-69.49677
indigena,42101,Sararé,sarare,MT,67419.52,Regularizada · Nambikwára,-14.98341,-59.64587,-14.6279,-59.3178
indigena,58901,Sarauá,saraua,PA,18610.32,Regularizada · Amanayé,-3.14779,-48.16176,-3.02228,-47.90453
indigena,42201,Sassoró,sassoro,MS,1922.64,Regularizada · Guarani Kaiowá,-23.61395,-54.80162,-23.57048,-54.73229
indigena,73727,Sawré Bap in (Apompu),sawre bap in (apompu),PA,150330.0,Declarada · Mundurukú,-4.94275,-56.8871,-4.36092,-56.1701
indigena,56701,Sawré Muybu (Pimental),sawre muybu (pimental),PA,178173.0,Declarada · Mundurukú,-5.24213,-56.83368,-4.68466,-56.3375
indigena,42301,Sepoti,sepoti,AM,251348.98,Regularizada · Tenharim,-7.58363,-61.82201,-6.42351,-61.41456
indigena,42401,Serra da Moça,serra da moca,RR,11626.79,Regularizada · Wapixana,3.19706,-60.74897,3.32741,-60.61187
indigena,42501,Serra do Itatins,serra do itatins,SP,1212.47,Regularizada · Guaraní,-24.3656,-47.1449,-24.3317,-47.07561
indigena,42601,Serra Morena,serra morena,MT,147836.15,Regularizada · Cinta Larga,-11.2757,-59.54944,-10.73944,-59.21596
indigena,42701,Serrinha,serrinha,RS,11752.76,Declarada · Kaingang,-27.70855,-52.96851,-27.60688,-52.76012
indigena,42801,Seruini/Mariene,seruini/mariene,AM,144971.37,Regularizada · Apurinã,-8.47664,-67.00598,-7.89957,-66.63091
indigena,42901,Sete Cerros,sete cerros,MS,8584.72,"Homologada · Guarani Nhandeva,Guarani Kaiowá",-23.629,-55.53935,-23.53834,-55.39444
indigena,43001,Sete de Setembro,sete de setembro,"RO, MT",248146.93,Regularizada · Suruí de Rondônia,-11.24968,-61.43121,-10.73743,-60.92219
indigena,43101,Setemã,setema,AM,49772.96,Regularizada · Múra,-5.14292,-60.22355,-4.82892,-59.91391
indigena,69001,Sissaíma,sissaima,AM,8780.0,Declarada · Múra,-3.50387,-59.49772,-3.34097,-59.38757
indigena,55001,Sombrerito,sombrerito,MS,12608.0,Declarada · Guarani Nhandeva,-23.87138,-54.80875,-23.73348,-54.68369
indigena,43201,Sororó,sororo,PA,26257.9,Regularizada · Suruí do Pará,-6.01134,-48.78831,-5.85724,-48.58452
indigena,43301,Sucuba,sucuba,RR,5983.03,Regularizada · Makuxí,2.91175,-61.22299,3.01963,-61.09724
indigena,43401,Sucuriy,sucuriy,MS,535.1,Regularizada · Guarani Kaiowá,-21.66199,-55.12826,-21.64283,-55.09466
indigena,53901,Sururuá,sururua,AM,36125.0,Declarada · Kokama,-4.61262,-69.65035,-4.34035,-69.43469
indigena,73714,Taba dos Anacé,taba dos anace,CE,543.0,Encaminhada RI · Anacé,-3.71969,-38.74794,-3.68953,-38.7072
indigena,43501,Tabalascada,tabalascada,RR,13014.74,Regularizada · Wapixana,2.60366,-60.6321,2.7584,-60.51862
indigena,43601,Tabocal,tabocal,AM,906.15,Regularizada · Múra,-3.74973,-60.42947,-3.71241,-60.38162
indigena,43701,Tadarimana,tadarimana,MT,9785.0,Regularizada · Boróro,-16.57537,-54.57806,-16.47984,-54.43089
indigena,73301,Taego Ãwa,taego awa,TO,28510.0,Declarada · Ava-Canoeiro,-12.04359,-49.89784,-11.84575,-49.69961
indigena,43801,Taihantesu,taihantesu,MT,5362.33,Regularizada · Wasusu,-14.15734,-59.58982,-14.06333,-59.50739
indigena,43901,Takuaraty/Yvykuarusu,takuaraty/yvykuarusu,MS,2609.09,Homologada · Guarani Kaiowá,-23.79083,-55.19892,-23.73455,-55.12904
indigena,73720,Takuari,takuari,SP,2190.0,Encaminhada RI · Guaraní,-24.56917,-48.25243,-24.5095,-48.1882
indigena,66301,Tanaru ( restrição de uso ),tanaru ( restricao de uso ),RO,8070.0,Em Estudo · Isolados,-12.69645,-61.43581,-12.57791,-61.32637
indigena,54601,Tapeba,tapeba,CE,5294.0,Declarada · Tapeba,-3.79584,-38.74533,-3.67184,-38.61148
indigena,44001,Tapirapé/Karajá,tapirape/karaja,MT,66166.3,"Regularizada · Tapirapé,Karajá",-10.80329,-50.80699,-10.50084,-50.53314
indigena,71301,Tapyi/Rio Branquinho,tapyi/rio branquinho,SP,1154.0,Declarada · Guarani Mbya,-24.9406,-48.04727,-24.89886,-48.00463
indigena,44101,Taquaperi,taquaperi,MS,1776.96,Regularizada · Guarani Kaiowá,-23.25454,-55.46085,-23.18786,-55.41382
indigena,44201,Taquara,taquara,MS,9700.0,Declarada · Guarani Kaiowá,-22.8274,-54.65975,-22.66467,-54.58118
indigena,59101,Tarumã,taruma,SC,2172.0,Declarada · Guarani Mbya,-26.48918,-48.74743,-26.44195,-48.67164
indigena,44401,Taunay/Ipegue,taunay/ipegue,MS,6461.35,Regularizada · Terena,-20.28838,-56.13147,-20.2185,-56.01607
indigena,44402,Taunay/Ipegue,taunay/ipegue,MS,33900.0,Declarada · Terena,-20.34593,-56.16702,-20.14106,-55.93937
indigena,73807,Tekoá Guavirá,tekoa guavira,RS,27.9,Regularizada · Guaraní,-29.63244,-50.3847,-29.62537,-50.37839
indigena,73755,Tekoa Gwyra Pepo,tekoa gwyra pepo,SP,330.06,Regularizada · Guarani Mbya,-23.96362,-47.56576,-23.94026,-47.54638
indigena,44501,Tekohá Añetete,tekoha anetete,PR,1774.71,Regularizada · Guaraní,-25.03507,-54.10825,-24.99265,-54.02727
indigena,70101,Tekoha Guasú Guavirá,tekoha guasu guavira,PR,24028.0,Delimitada · Guarani Nhandeva,-24.14918,-54.31483,-23.98206,-53.96467
indigena,65601,Tekoha Itamarã,tekoha itamara,PR,242.0,"Regularizada · Guarani Nhandeva,Guarani Mbya",-25.01302,-54.06962,-24.99198,-54.03125
indigena,66101,Tekoha Jevy (Rio Pequeno),tekoha jevy (rio pequeno),RJ,2370.0,Delimitada · Guaraní,-23.14138,-44.79626,-23.09635,-44.70911
indigena,44601,Tembé,tembe,PA,1075.19,Regularizada · Tembé,-2.70306,-48.28804,-2.66649,-48.25634
indigena,44701,Tenharim do Igarapé Preto,tenharim do igarape preto,AM,87413.15,Regularizada · Tenharim,-8.66602,-61.40499,-8.29039,-61.02873
indigena,44801,Tenharim Marmelos,tenharim marmelos,AM,497521.75,Regularizada · Tenharim,-8.88236,-62.164,-7.81154,-61.58977
indigena,62901,Tenharim Marmelos (Gleba B),tenharim marmelos (gleba b),AM,474741.6,Regularizada · Tenharim,-7.81168,-62.23372,-6.56297,-61.54072
indigena,23602,Tenondé Porã,tenonde pora,SP,15969.0,Declarada · Guaraní,-24.038,-46.7169,-23.84137,-46.51622
indigena,44901,Terena Gleba Iriri,terena gleba iriri,MT,30588.81,Regularizada · Terena,-9.78148,-53.9839,-9.65379,-53.62682
indigena,45001,Tereza Cristina,tereza cristina,MT,30060.0,Regularizada · Boróro,-16.67815,-55.238,-16.479,-54.94705
indigena,45201,Tibagy/Mococa,tibagy/mococa,PR,859.91,Regularizada · Kaingang,-24.02879,-50.7758,-24.00492,-50.72638
indigena,45301,Tikúna de Feijoal,tikuna de feijoal,AM,40948.8,"Regularizada · Kokama,Tikúna",-4.48246,-69.56128,-4.18716,-69.31831
indigena,46801,Tikuna de Santo Antonio,tikuna de santo antonio,AM,1065.27,Regularizada · Tikúna,-4.42211,-70.01131,-4.37803,-69.97557
indigena,45402,Tingui Botó,tingui boto,AL,535.0,Regularizada · Tingui-Botó,-9.93765,-36.73231,-9.89348,-36.7045
indigena,45501,Tirecatinga,tirecatinga,MT,130575.2,Regularizada · Halotesu,-13.3616,-58.60464,-12.80008,-58.26892
indigena,45601,Toldo Chimbangue,toldo chimbangue,SC,988.66,Regularizada · Kaingang,-27.18602,-52.54355,-27.14243,-52.50609
indigena,45701,Toldo Chimbangue II,toldo chimbangue ii,SC,954.07,Regularizada · Kaingang,-27.14447,-52.554,-27.12202,-52.48846
indigena,45801,Toldo Imbu,toldo imbu,SC,1960.69,Homologada · Kaingang,-26.6065,-52.3837,-26.54819,-52.33677
indigena,35502,Toldo Pinhal,toldo pinhal,SC,4846.0,Declarada · Kaingang,-27.17724,-52.52319,-27.10279,-52.40493
indigena,45901,Torá,tora,AM,54960.99,"Regularizada · Torá,Apurinã",-6.45883,-61.82804,-6.18706,-61.50882
indigena,70601,Tremembé da Barra do Mundaú,tremembe da barra do mundau,CE,3511.41,Regularizada · Tremembé,-3.21171,-39.4696,-3.15519,-39.37927
indigena,46001,Tremembé de Almofala,tremembe de almofala,CE,4900.0,Delimitada · Tremembé,-3.0122,-39.87668,-2.93101,-39.76786
indigena,64601,Tremembé de Queimadas,tremembe de queimadas,CE,767.0,Homologada · Tremembé,-3.11464,-40.04579,-3.07858,-40.00758
indigena,46101,Trincheira,trincheira,AM,1624.6,Regularizada · Múra,-3.74327,-59.30863,-3.69168,-59.22437
indigena,46201,Trincheira Bacaja,trincheira bacaja,PA,1650939.26,"Regularizada · Araweté,Asurini do Xingu",-5.46306,-52.01124,-3.77148,-50.99886
indigena,46301,Trocará,trocara,PA,21722.51,Regularizada · Asurini do Tocantins,-3.67686,-49.83249,-3.46881,-49.60681
indigena,46302,Trocará - Doação,trocara - doacao,PA,14.05,Regularizada · Asurini do Tocantins,-3.64983,-49.82752,-3.64418,-49.82278
indigena,46401,Trombetas/Mapuera,trombetas/mapuera,"RR, AM, PA",3970898.04,"Regularizada · Katuena,Xereu,Wai Wai,Tunayana,Sikiyana,Hixkaryána,Isolados,Karafawyana,Katuena,Waimiri Atroari",-1.36554,-59.98889,0.93884,-57.1445
indigena,46501,Truaru,truaru,RR,5652.84,"Regularizada · Makuxí,Wapixana",3.19626,-61.02572,3.26916,-60.92345
indigena,46601,Truká,truka,PE,1592.9,Regularizada · Truká,-8.54575,-39.45179,-8.49932,-39.39071
indigena,46602,Truká - Ilha da Assunção,truka - ilha da assuncao,PE,5769.0,Declarada · Truká,-8.57947,-39.47012,-8.49685,-39.29101
indigena,46701,Tubarão Latunde,tubarao latunde,RO,116613.37,"Regularizada · Laiana,Aikanã",-12.83583,-60.81161,-12.44512,-60.44839
indigena,46901,Tukuna Porto Espiritual,tukuna porto espiritual,AM,2839.35,Regularizada · Tikúna,-4.53387,-69.85649,-4.39925,-69.78701
indigena,47001,Tukuna Umariaçu,tukuna umariacu,AM,4855.0,Regularizada · Tikúna,-4.29368,-69.94526,-4.23245,-69.82557
indigena,59201,Tumbalalá,tumbalala,BA,44978.0,Delimitada · Tumbalalá,-8.82802,-39.48299,-8.5318,-39.26412
indigena,47101,Tumiã,tumia,AM,124357.42,Regularizada · Apurinã,-8.30109,-66.78196,-7.72821,-66.35312
indigena,47201,Tupã-Supé,tupa-supe,AM,8589.51,Regularizada · Tikúna,-3.19354,-65.08605,-3.0776,-64.96318
indigena,68901,Tupinambá de Belmonte,tupinamba de belmonte,BA,9521.0,Delimitada · Tupinambá,-16.0056,-39.25042,-15.87185,-39.10519
indigena,55501,Tupinambá de Olivença,tupinamba de olivenca,BA,47376.0,Declarada · Tupinambá,-15.2071,-39.29705,-14.90827,-38.9954
indigena,8003,Tupiniquim,tupiniquim,ES,14282.8,Regularizada · Tupiniquim,-19.95248,-40.25117,-19.81465,-40.10302
indigena,47301,Turé/Mariquita,ture/mariquita,PA,146.98,Regularizada · Tembé,-2.30237,-48.34358,-2.27975,-48.33249
indigena,47401,Turé/Mariquita II,ture/mariquita ii,PA,593.56,Encaminhada RI · Tembé,-2.29816,-48.3645,-2.26825,-48.33848
indigena,63901,Tuwa Apekuokawera,tuwa apekuokawera,PA,11764.0,Delimitada · Suruí de Rondônia,-6.00544,-48.89535,-5.85038,-48.74443
indigena,15401,Tuxá de Ibotirama,tuxa de ibotirama,BA,2019.71,Regularizada · Tuxá,-12.09467,-43.29097,-12.05257,-43.22321
indigena,12601,Tuxá de Inajá,tuxa de inaja,PE,140.0,Encaminhada RI · Tuxá,-8.78444,-37.70736,-8.76289,-37.68407
indigena,73798,Tuxá Setsor Bragagá,tuxa setsor bragaga,MG,6525.26,Encaminhada RI · Tuxá,-16.80004,-45.25171,-16.69383,-45.17616
indigena,47601,Uaçá,uaca,AP,470164.06,Regularizada · Karipuna,3.10111,-51.78266,4.01818,-51.20084
indigena,47701,Uati-Paraná,uati-parana,AM,127199.06,Regularizada · Tikúna,-2.60005,-67.63561,-2.2198,-67.10133
indigena,47801,Ubawawe,ubawawe,MT,52234.48,Regularizada · Xavante,-14.70718,-53.64255,-14.40415,-53.3499
indigena,47901,Uirapuru,uirapuru,MT,21680.0,Homologada · Paresí,-14.51018,-59.41243,-14.25615,-59.19481
indigena,48001,Umutina,umutina,MT,28120.0,Regularizada · Umutina,-15.11129,-57.18028,-14.91145,-56.92665
indigena,48101,Uneiuxi,uneiuxi,AM,403182.81,"Regularizada · Tukano,Makú",-1.59764,-67.4717,-1.01819,-66.07096
indigena,48102,Uneiuxi - Reestudo,uneiuxi - reestudo,AM,554730.41,Regularizada · Makú e Tukano,-1.77053,-67.4717,-1.01819,-66.07089
indigena,48201,Uru-Eu-Wau-Wau,uru-eu-wau-wau,RO,1867117.8,Regularizada · Uru-Eu-Wau-Wau,-11.83824,-64.46591,-10.39383,-62.53612
indigena,48301,Urubu Branco,urubu branco,MT,167533.33,Regularizada · Tapirapé,-11.01787,-51.38002,-10.43949,-51.10014
indigena,48401,Urucu/Juruá,urucu/jurua,MA,12697.04,Regularizada · Tenetehara,-5.44377,-46.00126,-5.30325,-45.84077
indigena,62401,Utaria Wyhyna/Iròdu Iràna,utaria wyhyna/irodu irana,TO,177466.0,"Declarada · Javaé,Karajá",-10.46671,-50.48466,-9.84185,-49.95155
indigena,48501,Utiariti,utiariti,MT,412304.2,Regularizada · Paresí,-14.00042,-58.65493,-12.93032,-57.98799
indigena,73745,Uty-Xunati,uty-xunati,RO,897.16,Encaminhada RI · Terena,-12.42763,-60.03135,-12.38324,-59.99519
indigena,48601,Vale do Guaporé,vale do guapore,MT,242593.0,Regularizada · Nambikwára,-14.34186,-60.32148,-13.11337,-59.51262
indigena,48701,Vale do Javari,vale do javari,AM,8544482.27,"Regularizada · Matsés,Matís,Kulina Páno",-7.20153,-73.72519,-4.34847,-69.39637
indigena,73856,Valparaíso (RI),valparaiso (ri),AM,64093.02,Encaminhada RI · Apurinã,-8.71082,-67.36024,-8.565,-67.175
indigena,48801,Vanuire,vanuire,SP,708.93,Regularizada · Kaingang,-21.82768,-50.40003,-21.78856,-50.35066
indigena,48901,Vargem Alegre,vargem alegre,BA,981.08,Regularizada · Pankararú,-13.41856,-43.80505,-13.39054,-43.75652
indigena,49001,Varzinha,varzinha,RS,776.28,Regularizada · Guarani Mbya,-29.73762,-50.26821,-29.70235,-50.22277
indigena,49101,Ventarra,ventarra,RS,772.95,Regularizada · Kaingang,-27.8161,-52.29148,-27.77655,-52.26336
indigena,73796,Vera Tupã?i,vera tupa?i,PR,4.84,Regularizada · Guaraní,-24.02718,-52.27708,-24.02522,-52.27159
indigena,54101,Vista Alegre,vista alegre,AM,13206.0,Declarada · Múra,-3.78414,-60.55722,-3.63315,-60.41549
indigena,49201,Votouro,votouro,RS,3341.1,Regularizada · Kaingang,-27.49182,-52.67161,-27.42705,-52.61014
indigena,54001,Votouro/Kandóia,votouro/kandoia,RS,5977.0,Delimitada · Kaingang,-27.49998,-52.73381,-27.38193,-52.60101
indigena,49301,Vui-Uata-In,vui-uata-in,AM,121198.6,Regularizada · Tikúna,-3.7767,-68.62533,-3.38018,-68.17617
indigena,49401,Waiãpi,waiapi,AP,607017.24,Regularizada · Waiãpy,0.62837,-53.23778,1.8445,-52.40618
indigena,49501,Waimiri-Atroari,waimiri-atroari,"RR, AM",2585911.57,Regularizada · Waimiri Atroari,-1.93019,-61.52042,0.4102,-59.7568
indigena,49601,WaiWái,waiwai,RR,405698.01,Regularizada · Mawayána,1.07363,-59.97507,1.76651,-59.27198
indigena,73770,Wassu Cocal,wassu cocal,AL,2744.66,Regularizada · Wassú,-9.07771,-35.74471,-9.01594,-35.67981
indigena,49701,Wassu-Cocal,wassu-cocal,AL,9098.0,Delimitada · Wassú,-9.10669,-35.77737,-8.99339,-35.64973
indigena,49801,Wawi,wawi,MT,150329.19,Regularizada · Kisêdjê,-12.02046,-53.23504,-11.4268,-52.87167
indigena,73601,Wedezé,wedeze,MT,145881.0,Delimitada · Xavante,-13.83754,-51.59657,-13.24359,-51.06681
indigena,49901,Xacriabá,xacriaba,MG,46415.92,Regularizada · Xacriabá,-14.98953,-44.4451,-14.76366,-44.13442
indigena,49902,Xacriabá,xacriaba,MG,43357.0,Delimitada · Xacriabá,-15.06611,-44.50308,-14.86526,-43.98458
indigena,50001,Xakriabá Rancharia,xakriaba rancharia,MG,6798.38,Regularizada · Xacriabá,-14.97264,-44.18964,-14.88407,-44.06709
indigena,50101,Xambioá,xambioa,TO,3326.35,"Regularizada · Guaraní,Karajá",-7.18182,-49.18748,-7.09768,-49.12643
indigena,50201,Xapecó,xapeco,SC,15623.96,"Regularizada · Guaraní,Kaingang",-26.8091,-52.64713,-26.65393,-52.39514
indigena,64901,Xapecó (Pinhalzinho-Canhadão),xapeco (pinhalzinho-canhadao),SC,660.0,"Declarada · Guaraní,Kaingang",-26.67843,-52.44929,-26.64017,-52.39283
indigena,50301,Xerente,xerente,TO,167542.11,Regularizada · Xerente,-9.78588,-48.37479,-9.28983,-47.89706
indigena,50501,Xikrin do Rio Catete,xikrin do rio catete,PA,439150.55,Regularizada · Kayapó,-6.72274,-51.175,-5.95384,-50.46827
indigena,50601,Xipaya,xipaya,PA,178723.02,"Regularizada · Xipáya,Kuruáya",-5.71631,-54.91585,-5.14017,-54.4273
indigena,50801,Xukuru,xukuru,PE,27555.06,Regularizada · Xucuru,-8.39531,-36.90065,-8.25292,-36.63318
indigena,70201,Xukuru de Cimbres,xukuru de cimbres,PE,1166.18,Regularizada · Xucuru,-8.45697,-36.84562,-8.40235,-36.81315
indigena,50701,Xukuru-Kariri,xukuru-kariri,AL,7020.44,Declarada · Xucuru - Kariri,-9.44875,-36.69104,-9.34685,-36.56773
indigena,50901,Yanomami,yanomami,"RR, AM",9664975.48,Regularizada · Yanomámi,-0.32322,-66.47694,4.29144,-61.33291
indigena,73713,Ygua Porã (Amâncio),ygua pora (amancio),SC,1392.0,Delimitada · Guaraní,-27.37937,-48.81745,-27.32336,-48.76034
indigena,73722,Ypoi/Triunfo,ypoi/triunfo,MS,19756.0,Declarada · Guarani Nhandeva,-23.81684,-55.53445,-23.59796,-55.33738
indigena,36702,Yvy-katu,yvy-katu,MS,9494.16,Declarada · Guarani Nhandeva,-23.81411,-54.617,-23.7264,-54.45298
indigena,64001,Yvyporã Laranjinha,yvypora laranjinha,PR,1238.0,Declarada · Guarani Nhandeva,-23.32595,-50.49244,-23.29027,-50.4465
indigena,51001,Zoe,zoe,PA,668565.63,Regularizada · Zo´é,-0.85034,-56.17468,0.39589,-55.42244
indigena,51101,Zoró,zoro,MT,355789.55,Regularizada · Zoró,-10.96054,-61.15028,-10.20873,-60.51192
indigena,51201,Zuruahã,zuruaha,AM,239069.74,Regularizada · Zuruahã,-7.16263,-66.7367,-6.59162,-66.08516
